Candidate_ID,Dataset,Parent_region,Parent_code,iTree_label,Normalized_name,Eligible,Geometry_layer_id,Geometry_feature_id,Stable_geometry_key,Geometry_status,QA_point_lon,QA_point_lat,Notes,Source_URL
ITC-0001,USA,Alabama,AL,Autauga,Autauga,YES,US-CENSUS-FIPS,01001,US-FIPS:01001,STABLE_ID + LOCAL_QA_POLYGON,-86.65124474634567,32.5079695,,https://www.census.gov/geographies/reference-files/time-series/geo/gazetteer-files.2024.html
ITC-0002,USA,Alabama,AL,Baldwin,Baldwin,YES,US-CENSUS-FIPS,01003,US-FIPS:01003,STABLE_ID + LOCAL_QA_POLYGON,-87.782749887228,30.769864,,https://www.census.gov/geographies/reference-files/time-series/geo/gazetteer-files.2024.html
ITC-0003,USA,Alabama,AL,Barbour,Barbour,YES,US-CENSUS-FIPS,01005,US-FIPS:01005,STABLE_ID + LOCAL_QA_POLYGON,-85.392962945474,31.88288509684475,,https://www.census.gov/geographies/reference-files/time-series/geo/gazetteer-files.2024.html
ITC-0004,USA,Alabama,AL,Bibb,Bibb,YES,US-CENSUS-FIPS,01007,US-FIPS:01007,STABLE_ID + LOCAL_QA_POLYGON,-87.09673188496146,33.03733,,https://www.census.gov/geographies/reference-files/time-series/geo/gazetteer-files.2024.html
ITC-0005,USA,Alabama,AL,Blount,Blount,YES,US-CENSUS-FIPS,01009,US-FIPS:01009,STABLE_ID + LOCAL_QA_POLYGON,-86.53379950729655,34.012739499999995,,https://www.census.gov/geographies/reference-files/time-series/geo/gazetteer-files.2024.html
ITC-0006,USA,Alabama,AL,Bullock,Bullock,YES,US-CENSUS-FIPS,01011,US-FIPS:01011,STABLE_ID + LOCAL_QA_POLYGON,-85.71304691071865,32.090338,,https://www.census.gov/geographies/reference-files/time-series/geo/gazetteer-files.2024.html
ITC-0007,USA,Alabama,AL,Butler,Butler,YES,US-CENSUS-FIPS,01013,US-FIPS:01013,STABLE_ID + LOCAL_QA_POLYGON,-86.6759029213981,31.741678,,https://www.census.gov/geographies/reference-files/time-series/geo/gazetteer-files.2024.html
ITC-0008,USA,Alabama,AL,Calhoun,Calhoun,YES,US-CENSUS-FIPS,01015,US-FIPS:01015,STABLE_ID + LOCAL_QA_POLYGON,-85.84516982869762,33.762087,,https://www.census.gov/geographies/reference-files/time-series/geo/gazetteer-files.2024.html
ITC-0009,USA,Alabama,AL,Chambers,Chambers,YES,US-CENSUS-FIPS,01017,US-FIPS:01017,STABLE_ID + LOCAL_QA_POLYGON,-85.39619906535378,32.94154378189515,,https://www.census.gov/geographies/reference-files/time-series/geo/gazetteer-files.2024.html
ITC-0010,USA,Alabama,AL,Cherokee,Cherokee,YES,US-CENSUS-FIPS,01019,US-FIPS:01019,STABLE_ID + LOCAL_QA_POLYGON,-85.64771081735447,34.2340205,,https://www.census.gov/geographies/reference-files/time-series/geo/gazetteer-files.2024.html
ITC-0011,USA,Alabama,AL,Chilton,Chilton,YES,US-CENSUS-FIPS,01021,US-FIPS:01021,STABLE_ID + LOCAL_QA_POLYGON,-86.66473982050877,32.865173999999996,,https://www.census.gov/geographies/reference-files/time-series/geo/gazetteer-files.2024.html
ITC-0012,USA,Alabama,AL,Choctaw,Choctaw,YES,US-CENSUS-FIPS,01023,US-FIPS:01023,STABLE_ID + LOCAL_QA_POLYGON,-88.28598937615229,32.004780499999995,,https://www.census.gov/geographies/reference-files/time-series/geo/gazetteer-files.2024.html
ITC-0013,USA,Alabama,AL,Clarke,Clarke,YES,US-CENSUS-FIPS,01025,US-FIPS:01025,STABLE_ID + LOCAL_QA_POLYGON,-87.81447264501193,31.588840499999996,,https://www.census.gov/geographies/reference-files/time-series/geo/gazetteer-files.2024.html
ITC-0014,USA,Alabama,AL,Clay,Clay,YES,US-CENSUS-FIPS,01027,US-FIPS:01027,STABLE_ID + LOCAL_QA_POLYGON,-85.8154922891006,33.294925,,https://www.census.gov/geographies/reference-files/time-series/geo/gazetteer-files.2024.html
ITC-0015,USA,Alabama,AL,Cleburne,Cleburne,YES,US-CENSUS-FIPS,01029,US-FIPS:01029,STABLE_ID + LOCAL_QA_POLYGON,-85.49398602473148,33.71096484852965,,https://www.census.gov/geographies/reference-files/time-series/geo/gazetteer-files.2024.html
ITC-0016,USA,Alabama,AL,Coffee,Coffee,YES,US-CENSUS-FIPS,01031,US-FIPS:01031,STABLE_ID + LOCAL_QA_POLYGON,-85.99291283518588,31.3979085,,https://www.census.gov/geographies/reference-files/time-series/geo/gazetteer-files.2024.html
ITC-0017,USA,Alabama,AL,Colbert,Colbert,YES,US-CENSUS-FIPS,01033,US-FIPS:01033,STABLE_ID + LOCAL_QA_POLYGON,-87.5956113322837,34.736368,,https://www.census.gov/geographies/reference-files/time-series/geo/gazetteer-files.2024.html
ITC-0018,USA,Alabama,AL,Conecuh,Conecuh,YES,US-CENSUS-FIPS,01035,US-FIPS:01035,STABLE_ID + LOCAL_QA_POLYGON,-86.95081071650884,31.468219499999996,,https://www.census.gov/geographies/reference-files/time-series/geo/gazetteer-files.2024.html
ITC-0019,USA,Alabama,AL,Coosa,Coosa,YES,US-CENSUS-FIPS,01037,US-FIPS:01037,STABLE_ID + LOCAL_QA_POLYGON,-86.26107856768564,32.925998,,https://www.census.gov/geographies/reference-files/time-series/geo/gazetteer-files.2024.html
ITC-0020,USA,Alabama,AL,Covington,Covington,YES,US-CENSUS-FIPS,01039,US-FIPS:01039,STABLE_ID + LOCAL_QA_POLYGON,-86.44710106580914,31.256542,,https://www.census.gov/geographies/reference-files/time-series/geo/gazetteer-files.2024.html
ITC-0021,USA,Alabama,AL,Crenshaw,Crenshaw,YES,US-CENSUS-FIPS,01041,US-FIPS:01041,STABLE_ID + LOCAL_QA_POLYGON,-86.29664992567476,31.731918,,https://www.census.gov/geographies/reference-files/time-series/geo/gazetteer-files.2024.html
ITC-0022,USA,Alabama,AL,Cullman,Cullman,YES,US-CENSUS-FIPS,01043,US-FIPS:01043,STABLE_ID + LOCAL_QA_POLYGON,-86.90431958690516,34.086045999999996,,https://www.census.gov/geographies/reference-files/time-series/geo/gazetteer-files.2024.html
ITC-0023,USA,Alabama,AL,Dale,Dale,YES,US-CENSUS-FIPS,01045,US-FIPS:01045,STABLE_ID + LOCAL_QA_POLYGON,-85.60378155087177,31.410138999999997,,https://www.census.gov/geographies/reference-files/time-series/geo/gazetteer-files.2024.html
ITC-0024,USA,Alabama,AL,Dallas,Dallas,YES,US-CENSUS-FIPS,01047,US-FIPS:01047,STABLE_ID + LOCAL_QA_POLYGON,-87.12715010621592,32.386049,,https://www.census.gov/geographies/reference-files/time-series/geo/gazetteer-files.2024.html
ITC-0025,USA,Alabama,AL,DeKalb,DeKalb,YES,US-CENSUS-FIPS,01049,US-FIPS:01049,STABLE_ID + LOCAL_QA_POLYGON,-85.72075012508802,34.53325039946585,,https://www.census.gov/geographies/reference-files/time-series/geo/gazetteer-files.2024.html
ITC-0026,USA,Alabama,AL,Elmore,Elmore,YES,US-CENSUS-FIPS,01051,US-FIPS:01051,STABLE_ID + LOCAL_QA_POLYGON,-86.151811125,32.586203499999996,,https://www.census.gov/geographies/reference-files/time-series/geo/gazetteer-files.2024.html
ITC-0027,USA,Alabama,AL,Escambia,Escambia,YES,US-CENSUS-FIPS,01053,US-FIPS:01053,STABLE_ID + LOCAL_QA_POLYGON,-87.1580302973108,31.126807499999998,,https://www.census.gov/geographies/reference-files/time-series/geo/gazetteer-files.2024.html
ITC-0028,USA,Alabama,AL,Etowah,Etowah,YES,US-CENSUS-FIPS,01055,US-FIPS:01055,STABLE_ID + LOCAL_QA_POLYGON,-86.04280695885595,34.01927499999999,,https://www.census.gov/geographies/reference-files/time-series/geo/gazetteer-files.2024.html
ITC-0029,USA,Alabama,AL,Fayette,Fayette,YES,US-CENSUS-FIPS,01057,US-FIPS:01057,STABLE_ID + LOCAL_QA_POLYGON,-87.73821432051281,33.709759,,https://www.census.gov/geographies/reference-files/time-series/geo/gazetteer-files.2024.html
ITC-0030,USA,Alabama,AL,Franklin,Franklin,YES,US-CENSUS-FIPS,01059,US-FIPS:01059,STABLE_ID + LOCAL_QA_POLYGON,-87.84411404318926,34.4502079886497,,https://www.census.gov/geographies/reference-files/time-series/geo/gazetteer-files.2024.html
ITC-0031,USA,Alabama,AL,Geneva,Geneva,YES,US-CENSUS-FIPS,01061,US-FIPS:01061,STABLE_ID + LOCAL_QA_POLYGON,-85.83912545658467,31.107742000000002,,https://www.census.gov/geographies/reference-files/time-series/geo/gazetteer-files.2024.html
ITC-0032,USA,Alabama,AL,Greene,Greene,YES,US-CENSUS-FIPS,01063,US-FIPS:01063,STABLE_ID + LOCAL_QA_POLYGON,-88.0002385576793,32.8356765,,https://www.census.gov/geographies/reference-files/time-series/geo/gazetteer-files.2024.html
ITC-0033,USA,Alabama,AL,Hale,Hale,YES,US-CENSUS-FIPS,01065,US-FIPS:01065,STABLE_ID + LOCAL_QA_POLYGON,-87.63818307581217,32.744139000000004,,https://www.census.gov/geographies/reference-files/time-series/geo/gazetteer-files.2024.html
ITC-0034,USA,Alabama,AL,Henry,Henry,YES,US-CENSUS-FIPS,01067,US-FIPS:01067,STABLE_ID + LOCAL_QA_POLYGON,-85.22858981481367,31.5428355,,https://www.census.gov/geographies/reference-files/time-series/geo/gazetteer-files.2024.html
ITC-0035,USA,Alabama,AL,Houston,Houston,YES,US-CENSUS-FIPS,01069,US-FIPS:01069,STABLE_ID + LOCAL_QA_POLYGON,-85.280614368188,31.1557764055526,,https://www.census.gov/geographies/reference-files/time-series/geo/gazetteer-files.2024.html
ITC-0036,USA,Alabama,AL,Jackson,Jackson,YES,US-CENSUS-FIPS,01071,US-FIPS:01071,STABLE_ID + LOCAL_QA_POLYGON,-86.03235877217878,34.726545,,https://www.census.gov/geographies/reference-files/time-series/geo/gazetteer-files.2024.html
ITC-0037,USA,Alabama,AL,Jefferson,Jefferson,YES,US-CENSUS-FIPS,01073,US-FIPS:01073,STABLE_ID + LOCAL_QA_POLYGON,-86.8615642269063,33.5426395,,https://www.census.gov/geographies/reference-files/time-series/geo/gazetteer-files.2024.html
ITC-0038,USA,Alabama,AL,Lamar,Lamar,YES,US-CENSUS-FIPS,01075,US-FIPS:01075,STABLE_ID + LOCAL_QA_POLYGON,-88.09674425473816,33.788676499999994,,https://www.census.gov/geographies/reference-files/time-series/geo/gazetteer-files.2024.html
ITC-0039,USA,Alabama,AL,Lauderdale,Lauderdale,YES,US-CENSUS-FIPS,01077,US-FIPS:01077,STABLE_ID + LOCAL_QA_POLYGON,-87.58493240086482,34.870954,,https://www.census.gov/geographies/reference-files/time-series/geo/gazetteer-files.2024.html
ITC-0040,USA,Alabama,AL,Lawrence,Lawrence,YES,US-CENSUS-FIPS,01079,US-FIPS:01079,STABLE_ID + LOCAL_QA_POLYGON,-87.31814814140458,34.552961499999995,,https://www.census.gov/geographies/reference-files/time-series/geo/gazetteer-files.2024.html
ITC-0041,USA,Alabama,AL,Lee,Lee,YES,US-CENSUS-FIPS,01081,US-FIPS:01081,STABLE_ID + LOCAL_QA_POLYGON,-85.36179995018034,32.575561,,https://www.census.gov/geographies/reference-files/time-series/geo/gazetteer-files.2024.html
ITC-0042,USA,Alabama,AL,Limestone,Limestone,YES,US-CENSUS-FIPS,01083,US-FIPS:01083,STABLE_ID + LOCAL_QA_POLYGON,-87.03211068405805,34.775605,,https://www.census.gov/geographies/reference-files/time-series/geo/gazetteer-files.2024.html
ITC-0043,USA,Alabama,AL,Lowndes,Lowndes,YES,US-CENSUS-FIPS,01085,US-FIPS:01085,STABLE_ID + LOCAL_QA_POLYGON,-86.65805540798618,32.1846755,,https://www.census.gov/geographies/reference-files/time-series/geo/gazetteer-files.2024.html
ITC-0044,USA,Alabama,AL,Macon,Macon,YES,US-CENSUS-FIPS,01087,US-FIPS:01087,STABLE_ID + LOCAL_QA_POLYGON,-85.72761172876554,32.413693499999994,,https://www.census.gov/geographies/reference-files/time-series/geo/gazetteer-files.2024.html
ITC-0045,USA,Alabama,AL,Madison,Madison,YES,US-CENSUS-FIPS,01089,US-FIPS:01089,STABLE_ID + LOCAL_QA_POLYGON,-86.5722229980747,34.733839,,https://www.census.gov/geographies/reference-files/time-series/geo/gazetteer-files.2024.html
ITC-0046,USA,Alabama,AL,Marengo,Marengo,YES,US-CENSUS-FIPS,01091,US-FIPS:01091,STABLE_ID + LOCAL_QA_POLYGON,-87.76125818734027,32.2686465,,https://www.census.gov/geographies/reference-files/time-series/geo/gazetteer-files.2024.html
ITC-0047,USA,Alabama,AL,Marion,Marion,YES,US-CENSUS-FIPS,01093,US-FIPS:01093,STABLE_ID + LOCAL_QA_POLYGON,-87.91820629506007,34.118427999999994,,https://www.census.gov/geographies/reference-files/time-series/geo/gazetteer-files.2024.html
ITC-0048,USA,Alabama,AL,Marshall,Marshall,YES,US-CENSUS-FIPS,01095,US-FIPS:01095,STABLE_ID + LOCAL_QA_POLYGON,-86.345507948667,34.3556915,,https://www.census.gov/geographies/reference-files/time-series/geo/gazetteer-files.2024.html
ITC-0049,USA,Alabama,AL,Mobile,Mobile,YES,US-CENSUS-FIPS,01097,US-FIPS:01097,STABLE_ID + LOCAL_QA_POLYGON,-88.21563074190766,30.7439115,,https://www.census.gov/geographies/reference-files/time-series/geo/gazetteer-files.2024.html
ITC-0050,USA,Alabama,AL,Monroe,Monroe,YES,US-CENSUS-FIPS,01099,US-FIPS:01099,STABLE_ID + LOCAL_QA_POLYGON,-87.38231383061472,31.528927499999998,,https://www.census.gov/geographies/reference-files/time-series/geo/gazetteer-files.2024.html
ITC-0051,USA,Alabama,AL,Montgomery,Montgomery,YES,US-CENSUS-FIPS,01101,US-FIPS:01101,STABLE_ID + LOCAL_QA_POLYGON,-86.20367217191799,32.222525000000005,,https://www.census.gov/geographies/reference-files/time-series/geo/gazetteer-files.2024.html
ITC-0052,USA,Alabama,AL,Morgan,Morgan,YES,US-CENSUS-FIPS,01103,US-FIPS:01103,STABLE_ID + LOCAL_QA_POLYGON,-86.83511783435392,34.483604,,https://www.census.gov/geographies/reference-files/time-series/geo/gazetteer-files.2024.html
ITC-0053,USA,Alabama,AL,Perry,Perry,YES,US-CENSUS-FIPS,01105,US-FIPS:01105,STABLE_ID + LOCAL_QA_POLYGON,-87.28848868475241,32.5913215,,https://www.census.gov/geographies/reference-files/time-series/geo/gazetteer-files.2024.html
ITC-0054,USA,Alabama,AL,Pickens,Pickens,YES,US-CENSUS-FIPS,01107,US-FIPS:01107,STABLE_ID + LOCAL_QA_POLYGON,-88.07250674851511,33.268689279510454,,https://www.census.gov/geographies/reference-files/time-series/geo/gazetteer-files.2024.html
ITC-0055,USA,Alabama,AL,Pike,Pike,YES,US-CENSUS-FIPS,01109,US-FIPS:01109,STABLE_ID + LOCAL_QA_POLYGON,-85.92787040315494,31.8393435,,https://www.census.gov/geographies/reference-files/time-series/geo/gazetteer-files.2024.html
ITC-0056,USA,Alabama,AL,Randolph,Randolph,YES,US-CENSUS-FIPS,01111,US-FIPS:01111,STABLE_ID + LOCAL_QA_POLYGON,-85.45891736499054,33.287884,,https://www.census.gov/geographies/reference-files/time-series/geo/gazetteer-files.2024.html
ITC-0057,USA,Alabama,AL,Russell,Russell,YES,US-CENSUS-FIPS,01113,US-FIPS:01113,STABLE_ID + LOCAL_QA_POLYGON,-85.18141255196858,32.291796500000004,,https://www.census.gov/geographies/reference-files/time-series/geo/gazetteer-files.2024.html
ITC-0058,USA,Alabama,AL,Shelby,Shelby,YES,US-CENSUS-FIPS,01117,US-FIPS:01117,STABLE_ID + LOCAL_QA_POLYGON,-86.67997715004898,33.282078,,https://www.census.gov/geographies/reference-files/time-series/geo/gazetteer-files.2024.html
ITC-0059,USA,Alabama,AL,St. Clair,St. Clair,YES,US-CENSUS-FIPS,01115,US-FIPS:01115,STABLE_ID + LOCAL_QA_POLYGON,-86.36449313218223,33.691113,,https://www.census.gov/geographies/reference-files/time-series/geo/gazetteer-files.2024.html
ITC-0060,USA,Alabama,AL,Sumter,Sumter,YES,US-CENSUS-FIPS,01119,US-FIPS:01119,STABLE_ID + LOCAL_QA_POLYGON,-88.21748484865854,32.649725000000004,,https://www.census.gov/geographies/reference-files/time-series/geo/gazetteer-files.2024.html
ITC-0061,USA,Alabama,AL,Talladega,Talladega,YES,US-CENSUS-FIPS,01121,US-FIPS:01121,STABLE_ID + LOCAL_QA_POLYGON,-86.14689808902261,33.3997775,,https://www.census.gov/geographies/reference-files/time-series/geo/gazetteer-files.2024.html
ITC-0062,USA,Alabama,AL,Tallapoosa,Tallapoosa,YES,US-CENSUS-FIPS,01123,US-FIPS:01123,STABLE_ID + LOCAL_QA_POLYGON,-85.79766116827025,32.800362,,https://www.census.gov/geographies/reference-files/time-series/geo/gazetteer-files.2024.html
ITC-0063,USA,Alabama,AL,Tuscaloosa,Tuscaloosa,YES,US-CENSUS-FIPS,01125,US-FIPS:01125,STABLE_ID + LOCAL_QA_POLYGON,-87.50009304161904,33.3137995,,https://www.census.gov/geographies/reference-files/time-series/geo/gazetteer-files.2024.html
ITC-0064,USA,Alabama,AL,Walker,Walker,YES,US-CENSUS-FIPS,01127,US-FIPS:01127,STABLE_ID + LOCAL_QA_POLYGON,-87.27658699987302,33.7599355,,https://www.census.gov/geographies/reference-files/time-series/geo/gazetteer-files.2024.html
ITC-0065,USA,Alabama,AL,Washington,Washington,YES,US-CENSUS-FIPS,01129,US-FIPS:01129,STABLE_ID + LOCAL_QA_POLYGON,-88.18788835501887,31.4067535,,https://www.census.gov/geographies/reference-files/time-series/geo/gazetteer-files.2024.html
ITC-0066,USA,Alabama,AL,Wilcox,Wilcox,YES,US-CENSUS-FIPS,01131,US-FIPS:01131,STABLE_ID + LOCAL_QA_POLYGON,-87.40075203012492,32.048161,,https://www.census.gov/geographies/reference-files/time-series/geo/gazetteer-files.2024.html
ITC-0067,USA,Alabama,AL,Winston,Winston,YES,US-CENSUS-FIPS,01133,US-FIPS:01133,STABLE_ID + LOCAL_QA_POLYGON,-87.37345580204948,34.1566585,,https://www.census.gov/geographies/reference-files/time-series/geo/gazetteer-files.2024.html
ITC-0068,USA,Alaska,AK,Aleutians East,Aleutians East,YES,US-CENSUS-FIPS,02013,US-FIPS:02013,STABLE_ID + LOCAL_QA_POLYGON,-161.37158311698053,55.636979,,https://www.census.gov/geographies/reference-files/time-series/geo/gazetteer-files.2024.html
ITC-0069,USA,Alaska,AK,Aleutians West,Aleutians West,YES,US-CENSUS-FIPS,02016,US-FIPS:02016,STABLE_ID + LOCAL_QA_POLYGON,-173.46079550024498,52.090333,,https://www.census.gov/geographies/reference-files/time-series/geo/gazetteer-files.2024.html
ITC-0070,USA,Alaska,AK,Anchorage,Anchorage,YES,US-CENSUS-FIPS,02020,US-FIPS:02020,STABLE_ID + LOCAL_QA_POLYGON,-149.20475662111758,61.10627027773795,,https://www.census.gov/geographies/reference-files/time-series/geo/gazetteer-files.2024.html
ITC-0071,USA,Alaska,AK,Bethel,Bethel,YES,US-CENSUS-FIPS,02050,US-FIPS:02050,STABLE_ID + LOCAL_QA_POLYGON,-160.87518246663748,60.417358724001545,,https://www.census.gov/geographies/reference-files/time-series/geo/gazetteer-files.2024.html
ITC-0072,USA,Alaska,AK,Bristol Bay,Bristol Bay,YES,US-CENSUS-FIPS,02060,US-FIPS:02060,STABLE_ID + LOCAL_QA_POLYGON,-156.69101275934858,58.7571964958184,,https://www.census.gov/geographies/reference-files/time-series/geo/gazetteer-files.2024.html
ITC-0073,USA,Alaska,AK,Denali,Denali,YES,US-CENSUS-FIPS,02068,US-FIPS:02068,STABLE_ID + LOCAL_QA_POLYGON,-149.91769507239462,63.56656099999999,,https://www.census.gov/geographies/reference-files/time-series/geo/gazetteer-files.2024.html
ITC-0074,USA,Alaska,AK,Dillingham,Dillingham,YES,US-CENSUS-FIPS,02070,US-FIPS:02070,STABLE_ID + LOCAL_QA_POLYGON,-158.1030075808975,59.6895465,,https://www.census.gov/geographies/reference-files/time-series/geo/gazetteer-files.2024.html
ITC-0075,USA,Alaska,AK,Fairbanks North Star,Fairbanks North Star,YES,US-CENSUS-FIPS,02090,US-FIPS:02090,STABLE_ID + LOCAL_QA_POLYGON,-146.36410683158388,64.85625199999998,,https://www.census.gov/geographies/reference-files/time-series/geo/gazetteer-files.2024.html
ITC-0076,USA,Alaska,AK,Haines,Haines,YES,US-CENSUS-FIPS,02100,US-FIPS:02100,STABLE_ID + LOCAL_QA_POLYGON,-134.9432563822383,59.1604885,,https://www.census.gov/geographies/reference-files/time-series/geo/gazetteer-files.2024.html
ITC-0077,USA,Alaska,AK,Hoonah-Angoon,Hoonah-Angoon,YES,US-CENSUS-FIPS,02105,US-FIPS:02105,STABLE_ID + LOCAL_QA_POLYGON,-137.12760224916866,58.734236499999994,,https://www.census.gov/geographies/reference-files/time-series/geo/gazetteer-files.2024.html
ITC-0078,USA,Alaska,AK,Juneau,Juneau,YES,US-CENSUS-FIPS,02110,US-FIPS:02110,STABLE_ID + LOCAL_QA_POLYGON,-134.11051332531656,58.384235131355,,https://www.census.gov/geographies/reference-files/time-series/geo/gazetteer-files.2024.html
ITC-0079,USA,Alaska,AK,Kenai Peninsula,Kenai Peninsula,YES,US-CENSUS-FIPS,02122,US-FIPS:02122,STABLE_ID + LOCAL_QA_POLYGON,-150.52463003960577,60.0937955,,https://www.census.gov/geographies/reference-files/time-series/geo/gazetteer-files.2024.html
ITC-0080,USA,Alaska,AK,Ketchikan Gateway,Ketchikan Gateway,YES,US-CENSUS-FIPS,02130,US-FIPS:02130,STABLE_ID + LOCAL_QA_POLYGON,-131.31844182158207,55.5622065503881,,https://www.census.gov/geographies/reference-files/time-series/geo/gazetteer-files.2024.html
ITC-0081,USA,Alaska,AK,Kodiak Island,Kodiak Island,YES,US-CENSUS-FIPS,02150,US-FIPS:02150,STABLE_ID + LOCAL_QA_POLYGON,-153.18914058614064,57.36949280290505,,https://www.census.gov/geographies/reference-files/time-series/geo/gazetteer-files.2024.html
ITC-0082,USA,Alaska,AK,Lake and Peninsula,Lake and Peninsula,YES,US-CENSUS-FIPS,02164,US-FIPS:02164,STABLE_ID + LOCAL_QA_POLYGON,-156.271041975002,58.268413499999994,,https://www.census.gov/geographies/reference-files/time-series/geo/gazetteer-files.2024.html
ITC-0083,USA,Alaska,AK,Matanuska-Susitna,Matanuska-Susitna,YES,US-CENSUS-FIPS,02170,US-FIPS:02170,STABLE_ID + LOCAL_QA_POLYGON,-149.71376252761797,62.3361605,,https://www.census.gov/geographies/reference-files/time-series/geo/gazetteer-files.2024.html
ITC-0084,USA,Alaska,AK,Nome,Nome,YES,US-CENSUS-FIPS,02180,US-FIPS:02180,STABLE_ID + LOCAL_QA_POLYGON,-163.92245030000709,64.79540649999998,,https://www.census.gov/geographies/reference-files/time-series/geo/gazetteer-files.2024.html
ITC-0085,USA,Alaska,AK,North Slope,North Slope,YES,US-CENSUS-FIPS,02185,US-FIPS:02185,STABLE_ID + LOCAL_QA_POLYGON,-152.20374088818832,69.6778720607548,,https://www.census.gov/geographies/reference-files/time-series/geo/gazetteer-files.2024.html
ITC-0086,USA,Alaska,AK,Northwest Arctic,Northwest Arctic,YES,US-CENSUS-FIPS,02188,US-FIPS:02188,STABLE_ID + LOCAL_QA_POLYGON,-157.96224091992792,66.8682618272262,,https://www.census.gov/geographies/reference-files/time-series/geo/gazetteer-files.2024.html
ITC-0087,USA,Alaska,AK,Petersburg,Petersburg,YES,US-CENSUS-FIPS,02195,US-FIPS:02195,STABLE_ID + LOCAL_QA_POLYGON,-132.5370429682697,57.06501577444125,,https://www.census.gov/geographies/reference-files/time-series/geo/gazetteer-files.2024.html
ITC-0088,USA,Alaska,AK,Prince of Wales-Outer Ketchikan,Prince of Wales-Outer Ketchikan,YES,US-CENSUS-FIPS,02201,US-FIPS:02201,HISTORICAL_FIPS_ID; ARCHIVED_POLYGON_REQUIRED,,,Historical Alaska county-equivalent; final climate extraction must use the matching archived polygon.,https://www.census.gov/geographies/reference-files/time-series/geo/gazetteer-files.2024.html
ITC-0089,USA,Alaska,AK,Princes of Wales-Hyder,Prince of Wales-Hyder,YES,US-CENSUS-FIPS,02198,US-FIPS:02198,STABLE_ID + LOCAL_QA_POLYGON,-132.86549070725175,55.52339405279585,,https://www.census.gov/geographies/reference-files/time-series/geo/gazetteer-files.2024.html
ITC-0090,USA,Alaska,AK,Sitka,Sitka,YES,US-CENSUS-FIPS,02220,US-FIPS:02220,STABLE_ID + LOCAL_QA_POLYGON,-135.03950759072706,56.871726499999994,,https://www.census.gov/geographies/reference-files/time-series/geo/gazetteer-files.2024.html
ITC-0091,USA,Alaska,AK,Skagway,Skagway,YES,US-CENSUS-FIPS,02230,US-FIPS:02230,STABLE_ID + LOCAL_QA_POLYGON,-135.33606192806343,59.5935535,,https://www.census.gov/geographies/reference-files/time-series/geo/gazetteer-files.2024.html
ITC-0092,USA,Alaska,AK,Skagway-Hoonah-Angoon,Skagway-Hoonah-Angoon,YES,US-CENSUS-FIPS,02232,US-FIPS:02232,HISTORICAL_FIPS_ID; ARCHIVED_POLYGON_REQUIRED,,,Historical Alaska county-equivalent; final climate extraction must use the matching archived polygon.,https://www.census.gov/geographies/reference-files/time-series/geo/gazetteer-files.2024.html
ITC-0093,USA,Alaska,AK,Southeast Fairbanks,Southeast Fairbanks,YES,US-CENSUS-FIPS,02240,US-FIPS:02240,STABLE_ID + LOCAL_QA_POLYGON,-143.98808279421277,63.832292499999994,,https://www.census.gov/geographies/reference-files/time-series/geo/gazetteer-files.2024.html
ITC-0094,USA,Alaska,AK,Valdez-Cordova,Valdez-Cordova,YES,US-CENSUS-FIPS,02261,US-FIPS:02261,STABLE_ID + LOCAL_QA_POLYGON,-143.97297825486328,61.57688449999999,,https://www.census.gov/geographies/reference-files/time-series/geo/gazetteer-files.2024.html
ITC-0095,USA,Alaska,AK,Wade Hampton,Wade Hampton,YES,US-CENSUS-FIPS,02270,US-FIPS:02270,STABLE_ID + LOCAL_QA_POLYGON,-163.31640519697152,62.092619,,https://www.census.gov/geographies/reference-files/time-series/geo/gazetteer-files.2024.html
ITC-0096,USA,Alaska,AK,Wrangell,Wrangell,YES,US-CENSUS-FIPS,02275,US-FIPS:02275,STABLE_ID + LOCAL_QA_POLYGON,-131.67750024232794,56.270947051849944,,https://www.census.gov/geographies/reference-files/time-series/geo/gazetteer-files.2024.html
ITC-0097,USA,Alaska,AK,Wrangell-Petersburg,Wrangell-Petersburg,YES,US-CENSUS-FIPS,02280,US-FIPS:02280,HISTORICAL_FIPS_ID; ARCHIVED_POLYGON_REQUIRED,,,Historical Alaska county-equivalent; final climate extraction must use the matching archived polygon.,https://www.census.gov/geographies/reference-files/time-series/geo/gazetteer-files.2024.html
ITC-0098,USA,Alaska,AK,Yakutat,Yakutat,YES,US-CENSUS-FIPS,02282,US-FIPS:02282,STABLE_ID + LOCAL_QA_POLYGON,-138.9848137359088,59.67510635960405,,https://www.census.gov/geographies/reference-files/time-series/geo/gazetteer-files.2024.html
ITC-0099,USA,Alaska,AK,Yukon-Koyukuk,Yukon-Koyukuk,YES,US-CENSUS-FIPS,02290,US-FIPS:02290,STABLE_ID + LOCAL_QA_POLYGON,-153.54732500911604,65.2265025,,https://www.census.gov/geographies/reference-files/time-series/geo/gazetteer-files.2024.html
ITC-0100,USA,Arizona,AZ,Apache,Apache,YES,US-CENSUS-FIPS,04001,US-FIPS:04001,STABLE_ID + LOCAL_QA_POLYGON,-109.44489370890523,35.226504050390844,,https://www.census.gov/geographies/reference-files/time-series/geo/gazetteer-files.2024.html
ITC-0101,USA,Arizona,AZ,Cochise,Cochise,YES,US-CENSUS-FIPS,04003,US-FIPS:04003,STABLE_ID + LOCAL_QA_POLYGON,-109.74973445947774,31.887952,,https://www.census.gov/geographies/reference-files/time-series/geo/gazetteer-files.2024.html
ITC-0102,USA,Arizona,AZ,Coconino,Coconino,YES,US-CENSUS-FIPS,04005,US-FIPS:04005,STABLE_ID + LOCAL_QA_POLYGON,-112.04241727430338,35.596621,,https://www.census.gov/geographies/reference-files/time-series/geo/gazetteer-files.2024.html
ITC-0103,USA,Arizona,AZ,Gila,Gila,YES,US-CENSUS-FIPS,04007,US-FIPS:04007,STABLE_ID + LOCAL_QA_POLYGON,-110.68141512869893,33.741626,,https://www.census.gov/geographies/reference-files/time-series/geo/gazetteer-files.2024.html
ITC-0104,USA,Arizona,AZ,Graham,Graham,YES,US-CENSUS-FIPS,04009,US-FIPS:04009,STABLE_ID + LOCAL_QA_POLYGON,-109.96296160192324,33.0508765,,https://www.census.gov/geographies/reference-files/time-series/geo/gazetteer-files.2024.html
ITC-0105,USA,Arizona,AZ,Greenlee,Greenlee,YES,US-CENSUS-FIPS,04011,US-FIPS:04011,STABLE_ID + LOCAL_QA_POLYGON,-109.27132422091695,33.10014718790035,,https://www.census.gov/geographies/reference-files/time-series/geo/gazetteer-files.2024.html
ITC-0106,USA,Arizona,AZ,La Paz,La Paz,YES,US-CENSUS-FIPS,04012,US-FIPS:04012,STABLE_ID + LOCAL_QA_POLYGON,-113.93262189386915,33.6731048695463,,https://www.census.gov/geographies/reference-files/time-series/geo/gazetteer-files.2024.html
ITC-0107,USA,Arizona,AZ,Maricopa,Maricopa,YES,US-CENSUS-FIPS,04013,US-FIPS:04013,STABLE_ID + LOCAL_QA_POLYGON,-112.76813585785501,33.275549999999996,,https://www.census.gov/geographies/reference-files/time-series/geo/gazetteer-files.2024.html
ITC-0108,USA,Arizona,AZ,Mohave,Mohave,YES,US-CENSUS-FIPS,04015,US-FIPS:04015,STABLE_ID + LOCAL_QA_POLYGON,-113.9939947039175,35.6041895,,https://www.census.gov/geographies/reference-files/time-series/geo/gazetteer-files.2024.html
ITC-0109,USA,Arizona,AZ,Navajo,Navajo,YES,US-CENSUS-FIPS,04017,US-FIPS:04017,STABLE_ID + LOCAL_QA_POLYGON,-110.29721786489026,35.273132000000004,,https://www.census.gov/geographies/reference-files/time-series/geo/gazetteer-files.2024.html
ITC-0110,USA,Arizona,AZ,Pima,Pima,YES,US-CENSUS-FIPS,04019,US-FIPS:04019,STABLE_ID + LOCAL_QA_POLYGON,-111.78079365770611,31.968145,,https://www.census.gov/geographies/reference-files/time-series/geo/gazetteer-files.2024.html
ITC-0111,USA,Arizona,AZ,Pinal,Pinal,YES,US-CENSUS-FIPS,04021,US-FIPS:04021,STABLE_ID + LOCAL_QA_POLYGON,-111.32613048533396,32.966910999999996,,https://www.census.gov/geographies/reference-files/time-series/geo/gazetteer-files.2024.html
ITC-0112,USA,Arizona,AZ,Santa Cruz,Santa Cruz,YES,US-CENSUS-FIPS,04023,US-FIPS:04023,STABLE_ID + LOCAL_QA_POLYGON,-110.81202807686687,31.533203999999998,,https://www.census.gov/geographies/reference-files/time-series/geo/gazetteer-files.2024.html
ITC-0113,USA,Arizona,AZ,Yavapai,Yavapai,YES,US-CENSUS-FIPS,04025,US-FIPS:04025,STABLE_ID + LOCAL_QA_POLYGON,-112.44269919761217,34.679382000000004,,https://www.census.gov/geographies/reference-files/time-series/geo/gazetteer-files.2024.html
ITC-0114,USA,Arizona,AZ,Yuma,Yuma,YES,US-CENSUS-FIPS,04027,US-FIPS:04027,STABLE_ID + LOCAL_QA_POLYGON,-113.93643292562439,32.7533805,,https://www.census.gov/geographies/reference-files/time-series/geo/gazetteer-files.2024.html
ITC-0115,USA,Arkansas,AR,Arkansas,Arkansas,YES,US-CENSUS-FIPS,05001,US-FIPS:05001,STABLE_ID + LOCAL_QA_POLYGON,-91.38774826867414,34.2532255,,https://www.census.gov/geographies/reference-files/time-series/geo/gazetteer-files.2024.html
ITC-0116,USA,Arkansas,AR,Ashley,Ashley,YES,US-CENSUS-FIPS,05003,US-FIPS:05003,STABLE_ID + LOCAL_QA_POLYGON,-91.79582227156807,33.20245799999999,,https://www.census.gov/geographies/reference-files/time-series/geo/gazetteer-files.2024.html
ITC-0117,USA,Arkansas,AR,Baxter,Baxter,YES,US-CENSUS-FIPS,05005,US-FIPS:05005,STABLE_ID + LOCAL_QA_POLYGON,-92.31723664481748,36.233098999999996,,https://www.census.gov/geographies/reference-files/time-series/geo/gazetteer-files.2024.html
ITC-0118,USA,Arkansas,AR,Benton,Benton,YES,US-CENSUS-FIPS,05007,US-FIPS:05007,STABLE_ID + LOCAL_QA_POLYGON,-94.22756779979373,36.2991629763623,,https://www.census.gov/geographies/reference-files/time-series/geo/gazetteer-files.2024.html
ITC-0119,USA,Arkansas,AR,Boone,Boone,YES,US-CENSUS-FIPS,05009,US-FIPS:05009,STABLE_ID + LOCAL_QA_POLYGON,-93.09341417325422,36.306310999999994,,https://www.census.gov/geographies/reference-files/time-series/geo/gazetteer-files.2024.html
ITC-0120,USA,Arkansas,AR,Bradley,Bradley,YES,US-CENSUS-FIPS,05011,US-FIPS:05011,STABLE_ID + LOCAL_QA_POLYGON,-92.16624655466472,33.4347915,,https://www.census.gov/geographies/reference-files/time-series/geo/gazetteer-files.2024.html
ITC-0121,USA,Arkansas,AR,Calhoun,Calhoun,YES,US-CENSUS-FIPS,05013,US-FIPS:05013,STABLE_ID + LOCAL_QA_POLYGON,-92.54771229093048,33.536086,,https://www.census.gov/geographies/reference-files/time-series/geo/gazetteer-files.2024.html
ITC-0122,USA,Arkansas,AR,Carroll,Carroll,YES,US-CENSUS-FIPS,05015,US-FIPS:05015,STABLE_ID + LOCAL_QA_POLYGON,-93.55640997135995,36.310554999999994,,https://www.census.gov/geographies/reference-files/time-series/geo/gazetteer-files.2024.html
ITC-0123,USA,Arkansas,AR,Chicot,Chicot,YES,US-CENSUS-FIPS,05017,US-FIPS:05017,STABLE_ID + LOCAL_QA_POLYGON,-91.29448406950954,33.2843605,,https://www.census.gov/geographies/reference-files/time-series/geo/gazetteer-files.2024.html
ITC-0124,USA,Arkansas,AR,Clark,Clark,YES,US-CENSUS-FIPS,05019,US-FIPS:05019,STABLE_ID + LOCAL_QA_POLYGON,-93.16196315183093,34.05409,,https://www.census.gov/geographies/reference-files/time-series/geo/gazetteer-files.2024.html
ITC-0125,USA,Arkansas,AR,Clay,Clay,YES,US-CENSUS-FIPS,05021,US-FIPS:05021,STABLE_ID + LOCAL_QA_POLYGON,-90.41335090932091,36.349816,,https://www.census.gov/geographies/reference-files/time-series/geo/gazetteer-files.2024.html
ITC-0126,USA,Arkansas,AR,Cleburne,Cleburne,YES,US-CENSUS-FIPS,05023,US-FIPS:05023,STABLE_ID + LOCAL_QA_POLYGON,-92.02122652939546,35.536018,,https://www.census.gov/geographies/reference-files/time-series/geo/gazetteer-files.2024.html
ITC-0127,USA,Arkansas,AR,Cleveland,Cleveland,YES,US-CENSUS-FIPS,05025,US-FIPS:05025,STABLE_ID + LOCAL_QA_POLYGON,-92.18459599744027,33.884406,,https://www.census.gov/geographies/reference-files/time-series/geo/gazetteer-files.2024.html
ITC-0128,USA,Arkansas,AR,Columbia,Columbia,YES,US-CENSUS-FIPS,05027,US-FIPS:05027,STABLE_ID + LOCAL_QA_POLYGON,-93.23269400524902,33.2397285,,https://www.census.gov/geographies/reference-files/time-series/geo/gazetteer-files.2024.html
ITC-0129,USA,Arkansas,AR,Conway,Conway,YES,US-CENSUS-FIPS,05029,US-FIPS:05029,STABLE_ID + LOCAL_QA_POLYGON,-92.67640700580236,35.267117999999996,,https://www.census.gov/geographies/reference-files/time-series/geo/gazetteer-files.2024.html
ITC-0130,USA,Arkansas,AR,Craighead,Craighead,YES,US-CENSUS-FIPS,05031,US-FIPS:05031,STABLE_ID + LOCAL_QA_POLYGON,-90.6603300662943,35.842746500000004,,https://www.census.gov/geographies/reference-files/time-series/geo/gazetteer-files.2024.html
ITC-0131,USA,Arkansas,AR,Crawford,Crawford,YES,US-CENSUS-FIPS,05033,US-FIPS:05033,STABLE_ID + LOCAL_QA_POLYGON,-94.24192130716713,35.5654435,,https://www.census.gov/geographies/reference-files/time-series/geo/gazetteer-files.2024.html
ITC-0132,USA,Arkansas,AR,Crittenden,Crittenden,YES,US-CENSUS-FIPS,05035,US-FIPS:05035,STABLE_ID + LOCAL_QA_POLYGON,-90.23331200157727,35.1368405,,https://www.census.gov/geographies/reference-files/time-series/geo/gazetteer-files.2024.html
ITC-0133,USA,Arkansas,AR,Cross,Cross,YES,US-CENSUS-FIPS,05037,US-FIPS:05037,STABLE_ID + LOCAL_QA_POLYGON,-90.77210856453465,35.3027445,,https://www.census.gov/geographies/reference-files/time-series/geo/gazetteer-files.2024.html
ITC-0134,USA,Arkansas,AR,Dallas,Dallas,YES,US-CENSUS-FIPS,05039,US-FIPS:05039,STABLE_ID + LOCAL_QA_POLYGON,-92.71738412670456,33.9759745,,https://www.census.gov/geographies/reference-files/time-series/geo/gazetteer-files.2024.html
ITC-0135,USA,Arkansas,AR,Desha,Desha,YES,US-CENSUS-FIPS,05041,US-FIPS:05041,STABLE_ID + LOCAL_QA_POLYGON,-91.30256625974185,33.817047,,https://www.census.gov/geographies/reference-files/time-series/geo/gazetteer-files.2024.html
ITC-0136,USA,Arkansas,AR,Drew,Drew,YES,US-CENSUS-FIPS,05043,US-FIPS:05043,STABLE_ID + LOCAL_QA_POLYGON,-91.71461492051947,33.582596499999994,,https://www.census.gov/geographies/reference-files/time-series/geo/gazetteer-files.2024.html
ITC-0137,USA,Arkansas,AR,Faulkner,Faulkner,YES,US-CENSUS-FIPS,05045,US-FIPS:05045,STABLE_ID + LOCAL_QA_POLYGON,-92.33366553432232,35.1074095,,https://www.census.gov/geographies/reference-files/time-series/geo/gazetteer-files.2024.html
ITC-0138,USA,Arkansas,AR,Franklin,Franklin,YES,US-CENSUS-FIPS,05047,US-FIPS:05047,STABLE_ID + LOCAL_QA_POLYGON,-93.87415604456311,35.486821,,https://www.census.gov/geographies/reference-files/time-series/geo/gazetteer-files.2024.html
ITC-0139,USA,Arkansas,AR,Fulton,Fulton,YES,US-CENSUS-FIPS,05049,US-FIPS:05049,STABLE_ID + LOCAL_QA_POLYGON,-91.80372545706001,36.370993,,https://www.census.gov/geographies/reference-files/time-series/geo/gazetteer-files.2024.html
ITC-0140,USA,Arkansas,AR,Garland,Garland,YES,US-CENSUS-FIPS,05051,US-FIPS:05051,STABLE_ID + LOCAL_QA_POLYGON,-93.10602060934507,34.583785500000005,,https://www.census.gov/geographies/reference-files/time-series/geo/gazetteer-files.2024.html
ITC-0141,USA,Arkansas,AR,Grant,Grant,YES,US-CENSUS-FIPS,05053,US-FIPS:05053,STABLE_ID + LOCAL_QA_POLYGON,-92.44209136517262,34.2759635,,https://www.census.gov/geographies/reference-files/time-series/geo/gazetteer-files.2024.html
ITC-0142,USA,Arkansas,AR,Greene,Greene,YES,US-CENSUS-FIPS,05055,US-FIPS:05055,STABLE_ID + LOCAL_QA_POLYGON,-90.52848047887508,36.115887,,https://www.census.gov/geographies/reference-files/time-series/geo/gazetteer-files.2024.html
ITC-0143,USA,Arkansas,AR,Hempstead,Hempstead,YES,US-CENSUS-FIPS,05057,US-FIPS:05057,STABLE_ID + LOCAL_QA_POLYGON,-93.71474536011635,33.7436575,,https://www.census.gov/geographies/reference-files/time-series/geo/gazetteer-files.2024.html
ITC-0144,USA,Arkansas,AR,Hot Spring,Hot Spring,YES,US-CENSUS-FIPS,05059,US-FIPS:05059,STABLE_ID + LOCAL_QA_POLYGON,-93.01347105425603,34.325511999999996,,https://www.census.gov/geographies/reference-files/time-series/geo/gazetteer-files.2024.html
ITC-0145,USA,Arkansas,AR,Howard,Howard,YES,US-CENSUS-FIPS,05061,US-FIPS:05061,STABLE_ID + LOCAL_QA_POLYGON,-93.95371982658418,34.050783499999994,,https://www.census.gov/geographies/reference-files/time-series/geo/gazetteer-files.2024.html
ITC-0146,USA,Arkansas,AR,Independence,Independence,YES,US-CENSUS-FIPS,05063,US-FIPS:05063,STABLE_ID + LOCAL_QA_POLYGON,-91.5821466602246,35.7328785,,https://www.census.gov/geographies/reference-files/time-series/geo/gazetteer-files.2024.html
ITC-0147,USA,Arkansas,AR,Izard,Izard,YES,US-CENSUS-FIPS,05065,US-FIPS:05065,STABLE_ID + LOCAL_QA_POLYGON,-91.89595587132062,36.062776,,https://www.census.gov/geographies/reference-files/time-series/geo/gazetteer-files.2024.html
ITC-0148,USA,Arkansas,AR,Jackson,Jackson,YES,US-CENSUS-FIPS,05067,US-FIPS:05067,STABLE_ID + LOCAL_QA_POLYGON,-91.20366244379395,35.6272035,,https://www.census.gov/geographies/reference-files/time-series/geo/gazetteer-files.2024.html
ITC-0149,USA,Arkansas,AR,Jefferson,Jefferson,YES,US-CENSUS-FIPS,05069,US-FIPS:05069,STABLE_ID + LOCAL_QA_POLYGON,-91.96161466035875,34.26137,,https://www.census.gov/geographies/reference-files/time-series/geo/gazetteer-files.2024.html
ITC-0150,USA,Arkansas,AR,Johnson,Johnson,YES,US-CENSUS-FIPS,05071,US-FIPS:05071,STABLE_ID + LOCAL_QA_POLYGON,-93.46317805155434,35.535376,,https://www.census.gov/geographies/reference-files/time-series/geo/gazetteer-files.2024.html
ITC-0151,USA,Arkansas,AR,Lafayette,Lafayette,YES,US-CENSUS-FIPS,05073,US-FIPS:05073,STABLE_ID + LOCAL_QA_POLYGON,-93.59237286156431,33.24861799999999,,https://www.census.gov/geographies/reference-files/time-series/geo/gazetteer-files.2024.html
ITC-0152,USA,Arkansas,AR,Lawrence,Lawrence,YES,US-CENSUS-FIPS,05075,US-FIPS:05075,STABLE_ID + LOCAL_QA_POLYGON,-91.08694368096975,36.069256499999995,,https://www.census.gov/geographies/reference-files/time-series/geo/gazetteer-files.2024.html
ITC-0153,USA,Arkansas,AR,Lee,Lee,YES,US-CENSUS-FIPS,05077,US-FIPS:05077,STABLE_ID + LOCAL_QA_POLYGON,-90.82276722822468,34.7672495,,https://www.census.gov/geographies/reference-files/time-series/geo/gazetteer-files.2024.html
ITC-0154,USA,Arkansas,AR,Lincoln,Lincoln,YES,US-CENSUS-FIPS,05079,US-FIPS:05079,STABLE_ID + LOCAL_QA_POLYGON,-91.70936420078763,33.9812485,,https://www.census.gov/geographies/reference-files/time-series/geo/gazetteer-files.2024.html
ITC-0155,USA,Arkansas,AR,Little River,Little River,YES,US-CENSUS-FIPS,05081,US-FIPS:05081,STABLE_ID + LOCAL_QA_POLYGON,-94.22639163199332,33.739436,,https://www.census.gov/geographies/reference-files/time-series/geo/gazetteer-files.2024.html
ITC-0156,USA,Arkansas,AR,Logan,Logan,YES,US-CENSUS-FIPS,05083,US-FIPS:05083,STABLE_ID + LOCAL_QA_POLYGON,-93.65413397999299,35.2226045,,https://www.census.gov/geographies/reference-files/time-series/geo/gazetteer-files.2024.html
ITC-0157,USA,Arkansas,AR,Lonoke,Lonoke,YES,US-CENSUS-FIPS,05085,US-FIPS:05085,STABLE_ID + LOCAL_QA_POLYGON,-91.88784670836017,34.7704465,,https://www.census.gov/geographies/reference-files/time-series/geo/gazetteer-files.2024.html
ITC-0158,USA,Arkansas,AR,Madison,Madison,YES,US-CENSUS-FIPS,05087,US-FIPS:05087,STABLE_ID + LOCAL_QA_POLYGON,-93.69716579822186,36.033649999999994,,https://www.census.gov/geographies/reference-files/time-series/geo/gazetteer-files.2024.html
ITC-0159,USA,Arkansas,AR,Marion,Marion,YES,US-CENSUS-FIPS,05089,US-FIPS:05089,STABLE_ID + LOCAL_QA_POLYGON,-92.71216115070041,36.27646,,https://www.census.gov/geographies/reference-files/time-series/geo/gazetteer-files.2024.html
ITC-0160,USA,Arkansas,AR,Miller,Miller,YES,US-CENSUS-FIPS,05091,US-FIPS:05091,STABLE_ID + LOCAL_QA_POLYGON,-93.86940483526305,33.315985999999995,,https://www.census.gov/geographies/reference-files/time-series/geo/gazetteer-files.2024.html
ITC-0161,USA,Arkansas,AR,Mississippi,Mississippi,YES,US-CENSUS-FIPS,05093,US-FIPS:05093,STABLE_ID + LOCAL_QA_POLYGON,-90.12140826865473,35.6930535,,https://www.census.gov/geographies/reference-files/time-series/geo/gazetteer-files.2024.html
ITC-0162,USA,Arkansas,AR,Monroe,Monroe,YES,US-CENSUS-FIPS,05095,US-FIPS:05095,STABLE_ID + LOCAL_QA_POLYGON,-91.21255853668578,34.681329,,https://www.census.gov/geographies/reference-files/time-series/geo/gazetteer-files.2024.html
ITC-0163,USA,Arkansas,AR,Montgomery,Montgomery,YES,US-CENSUS-FIPS,05097,US-FIPS:05097,STABLE_ID + LOCAL_QA_POLYGON,-93.66854383481285,34.5456255,,https://www.census.gov/geographies/reference-files/time-series/geo/gazetteer-files.2024.html
ITC-0164,USA,Arkansas,AR,Nevada,Nevada,YES,US-CENSUS-FIPS,05099,US-FIPS:05099,STABLE_ID + LOCAL_QA_POLYGON,-93.29119361511994,33.708584,,https://www.census.gov/geographies/reference-files/time-series/geo/gazetteer-files.2024.html
ITC-0165,USA,Arkansas,AR,Newton,Newton,YES,US-CENSUS-FIPS,05101,US-FIPS:05101,STABLE_ID + LOCAL_QA_POLYGON,-93.21488292191086,35.9247115,,https://www.census.gov/geographies/reference-files/time-series/geo/gazetteer-files.2024.html
ITC-0166,USA,Arkansas,AR,Ouachita,Ouachita,YES,US-CENSUS-FIPS,05103,US-FIPS:05103,STABLE_ID + LOCAL_QA_POLYGON,-92.91069230850992,33.588932,,https://www.census.gov/geographies/reference-files/time-series/geo/gazetteer-files.2024.html
ITC-0167,USA,Arkansas,AR,Perry,Perry,YES,US-CENSUS-FIPS,05105,US-FIPS:05105,STABLE_ID + LOCAL_QA_POLYGON,-92.88094434055611,34.943332999999996,,https://www.census.gov/geographies/reference-files/time-series/geo/gazetteer-files.2024.html
ITC-0168,USA,Arkansas,AR,Phillips,Phillips,YES,US-CENSUS-FIPS,05107,US-FIPS:05107,STABLE_ID + LOCAL_QA_POLYGON,-90.82493921306512,34.380883,,https://www.census.gov/geographies/reference-files/time-series/geo/gazetteer-files.2024.html
ITC-0169,USA,Arkansas,AR,Pike,Pike,YES,US-CENSUS-FIPS,05109,US-FIPS:05109,STABLE_ID + LOCAL_QA_POLYGON,-93.63315551311553,34.146907999999996,,https://www.census.gov/geographies/reference-files/time-series/geo/gazetteer-files.2024.html
ITC-0170,USA,Arkansas,AR,Poinsett,Poinsett,YES,US-CENSUS-FIPS,05111,US-FIPS:05111,STABLE_ID + LOCAL_QA_POLYGON,-90.662953997839,35.568529999999996,,https://www.census.gov/geographies/reference-files/time-series/geo/gazetteer-files.2024.html
ITC-0171,USA,Arkansas,AR,Polk,Polk,YES,US-CENSUS-FIPS,05113,US-FIPS:05113,STABLE_ID + LOCAL_QA_POLYGON,-94.19857123042038,34.455198210792,,https://www.census.gov/geographies/reference-files/time-series/geo/gazetteer-files.2024.html
ITC-0172,USA,Arkansas,AR,Pope,Pope,YES,US-CENSUS-FIPS,05115,US-FIPS:05115,STABLE_ID + LOCAL_QA_POLYGON,-93.07456905444154,35.408181,,https://www.census.gov/geographies/reference-files/time-series/geo/gazetteer-files.2024.html
ITC-0173,USA,Arkansas,AR,Prairie,Prairie,YES,US-CENSUS-FIPS,05117,US-FIPS:05117,STABLE_ID + LOCAL_QA_POLYGON,-91.5347335784928,34.785512999999995,,https://www.census.gov/geographies/reference-files/time-series/geo/gazetteer-files.2024.html
ITC-0174,USA,Arkansas,AR,Pulaski,Pulaski,YES,US-CENSUS-FIPS,05119,US-FIPS:05119,STABLE_ID + LOCAL_QA_POLYGON,-92.31389817715102,34.755853,,https://www.census.gov/geographies/reference-files/time-series/geo/gazetteer-files.2024.html
ITC-0175,USA,Arkansas,AR,Randolph,Randolph,YES,US-CENSUS-FIPS,05121,US-FIPS:05121,STABLE_ID + LOCAL_QA_POLYGON,-91.00490181878838,36.3125725,,https://www.census.gov/geographies/reference-files/time-series/geo/gazetteer-files.2024.html
ITC-0176,USA,Arkansas,AR,Saline,Saline,YES,US-CENSUS-FIPS,05125,US-FIPS:05125,STABLE_ID + LOCAL_QA_POLYGON,-92.66026684025066,34.634569,,https://www.census.gov/geographies/reference-files/time-series/geo/gazetteer-files.2024.html
ITC-0177,USA,Arkansas,AR,Scott,Scott,YES,US-CENSUS-FIPS,05127,US-FIPS:05127,STABLE_ID + LOCAL_QA_POLYGON,-94.07843093056962,34.88576304034335,,https://www.census.gov/geographies/reference-files/time-series/geo/gazetteer-files.2024.html
ITC-0178,USA,Arkansas,AR,Searcy,Searcy,YES,US-CENSUS-FIPS,05129,US-FIPS:05129,STABLE_ID + LOCAL_QA_POLYGON,-92.67962850487748,35.9164595,,https://www.census.gov/geographies/reference-files/time-series/geo/gazetteer-files.2024.html
ITC-0179,USA,Arkansas,AR,Sebastian,Sebastian,YES,US-CENSUS-FIPS,05131,US-FIPS:05131,STABLE_ID + LOCAL_QA_POLYGON,-94.23425343354836,35.1903855,,https://www.census.gov/geographies/reference-files/time-series/geo/gazetteer-files.2024.html
ITC-0180,USA,Arkansas,AR,Sevier,Sevier,YES,US-CENSUS-FIPS,05133,US-FIPS:05133,STABLE_ID + LOCAL_QA_POLYGON,-94.27007246421235,33.972301,,https://www.census.gov/geographies/reference-files/time-series/geo/gazetteer-files.2024.html
ITC-0181,USA,Arkansas,AR,Sharp,Sharp,YES,US-CENSUS-FIPS,05135,US-FIPS:05135,STABLE_ID + LOCAL_QA_POLYGON,-91.5126591245236,36.196084,,https://www.census.gov/geographies/reference-files/time-series/geo/gazetteer-files.2024.html
ITC-0182,USA,Arkansas,AR,St. Francis,St. Francis,YES,US-CENSUS-FIPS,05123,US-FIPS:05123,STABLE_ID + LOCAL_QA_POLYGON,-90.72366909656074,35.015859,,https://www.census.gov/geographies/reference-files/time-series/geo/gazetteer-files.2024.html
ITC-0183,USA,Arkansas,AR,Stone,Stone,YES,US-CENSUS-FIPS,05137,US-FIPS:05137,STABLE_ID + LOCAL_QA_POLYGON,-92.21915265816537,35.918192,,https://www.census.gov/geographies/reference-files/time-series/geo/gazetteer-files.2024.html
ITC-0184,USA,Arkansas,AR,Union,Union,YES,US-CENSUS-FIPS,05139,US-FIPS:05139,STABLE_ID + LOCAL_QA_POLYGON,-92.58120661093946,33.1987095,,https://www.census.gov/geographies/reference-files/time-series/geo/gazetteer-files.2024.html
ITC-0185,USA,Arkansas,AR,Van Buren,Van Buren,YES,US-CENSUS-FIPS,05141,US-FIPS:05141,STABLE_ID + LOCAL_QA_POLYGON,-92.52849990508108,35.5766495,,https://www.census.gov/geographies/reference-files/time-series/geo/gazetteer-files.2024.html
ITC-0186,USA,Arkansas,AR,Washington,Washington,YES,US-CENSUS-FIPS,05143,US-FIPS:05143,STABLE_ID + LOCAL_QA_POLYGON,-94.240028420898,35.9947375,,https://www.census.gov/geographies/reference-files/time-series/geo/gazetteer-files.2024.html
ITC-0187,USA,Arkansas,AR,White,White,YES,US-CENSUS-FIPS,05145,US-FIPS:05145,STABLE_ID + LOCAL_QA_POLYGON,-91.76262954960197,35.2785765,,https://www.census.gov/geographies/reference-files/time-series/geo/gazetteer-files.2024.html
ITC-0188,USA,Arkansas,AR,Woodruff,Woodruff,YES,US-CENSUS-FIPS,05147,US-FIPS:05147,STABLE_ID + LOCAL_QA_POLYGON,-91.23230457319909,35.1792635,,https://www.census.gov/geographies/reference-files/time-series/geo/gazetteer-files.2024.html
ITC-0189,USA,Arkansas,AR,Yell,Yell,YES,US-CENSUS-FIPS,05149,US-FIPS:05149,STABLE_ID + LOCAL_QA_POLYGON,-93.40525263174641,35.0267915,,https://www.census.gov/geographies/reference-files/time-series/geo/gazetteer-files.2024.html
ITC-0190,USA,California,CA,Alameda,Alameda,YES,US-CENSUS-FIPS,06001,US-FIPS:06001,STABLE_ID + LOCAL_QA_POLYGON,-121.8725102408888,37.68629407270535,,https://www.census.gov/geographies/reference-files/time-series/geo/gazetteer-files.2024.html
ITC-0191,USA,California,CA,Alpine,Alpine,YES,US-CENSUS-FIPS,06003,US-FIPS:06003,STABLE_ID + LOCAL_QA_POLYGON,-119.84486482060811,38.630762,,https://www.census.gov/geographies/reference-files/time-series/geo/gazetteer-files.2024.html
ITC-0192,USA,California,CA,Amador,Amador,YES,US-CENSUS-FIPS,06005,US-FIPS:06005,STABLE_ID + LOCAL_QA_POLYGON,-120.73328270740791,38.463744999999996,,https://www.census.gov/geographies/reference-files/time-series/geo/gazetteer-files.2024.html
ITC-0193,USA,California,CA,Butte,Butte,YES,US-CENSUS-FIPS,06007,US-FIPS:06007,STABLE_ID + LOCAL_QA_POLYGON,-121.5793451765125,39.723457499999995,,https://www.census.gov/geographies/reference-files/time-series/geo/gazetteer-files.2024.html
ITC-0194,USA,California,CA,Calaveras,Calaveras,YES,US-CENSUS-FIPS,06009,US-FIPS:06009,STABLE_ID + LOCAL_QA_POLYGON,-120.66062248707917,38.170415999999996,,https://www.census.gov/geographies/reference-files/time-series/geo/gazetteer-files.2024.html
ITC-0195,USA,California,CA,Colusa,Colusa,YES,US-CENSUS-FIPS,06011,US-FIPS:06011,STABLE_ID + LOCAL_QA_POLYGON,-122.20676152722757,39.16829,,https://www.census.gov/geographies/reference-files/time-series/geo/gazetteer-files.2024.html
ITC-0196,USA,California,CA,Contra Costa,Contra Costa,YES,US-CENSUS-FIPS,06013,US-FIPS:06013,STABLE_ID + LOCAL_QA_POLYGON,-121.97620535852249,37.90938739981935,,https://www.census.gov/geographies/reference-files/time-series/geo/gazetteer-files.2024.html
ITC-0197,USA,California,CA,Del Norte,Del Norte,YES,US-CENSUS-FIPS,06015,US-FIPS:06015,STABLE_ID + LOCAL_QA_POLYGON,-123.90439786390336,41.690803,,https://www.census.gov/geographies/reference-files/time-series/geo/gazetteer-files.2024.html
ITC-0198,USA,California,CA,El Dorado,El Dorado,YES,US-CENSUS-FIPS,06017,US-FIPS:06017,STABLE_ID + LOCAL_QA_POLYGON,-120.52632331920383,38.7834,,https://www.census.gov/geographies/reference-files/time-series/geo/gazetteer-files.2024.html
ITC-0199,USA,California,CA,Fresno,Fresno,YES,US-CENSUS-FIPS,06019,US-FIPS:06019,STABLE_ID + LOCAL_QA_POLYGON,-119.6363069170153,36.746256,,https://www.census.gov/geographies/reference-files/time-series/geo/gazetteer-files.2024.html
ITC-0200,USA,California,CA,Glenn,Glenn,YES,US-CENSUS-FIPS,06021,US-FIPS:06021,STABLE_ID + LOCAL_QA_POLYGON,-122.44070781073631,39.5900345,,https://www.census.gov/geographies/reference-files/time-series/geo/gazetteer-files.2024.html
ITC-0201,USA,California,CA,Humboldt,Humboldt,YES,US-CENSUS-FIPS,06023,US-FIPS:06023,STABLE_ID + LOCAL_QA_POLYGON,-123.89648008871673,40.733616,,https://www.census.gov/geographies/reference-files/time-series/geo/gazetteer-files.2024.html
ITC-0202,USA,California,CA,Imperial,Imperial,YES,US-CENSUS-FIPS,06025,US-FIPS:06025,STABLE_ID + LOCAL_QA_POLYGON,-115.35408884165085,33.025819,,https://www.census.gov/geographies/reference-files/time-series/geo/gazetteer-files.2024.html
ITC-0203,USA,California,CA,Inyo,Inyo,YES,US-CENSUS-FIPS,06027,US-FIPS:06027,STABLE_ID + LOCAL_QA_POLYGON,-117.51407804214332,36.626684,,https://www.census.gov/geographies/reference-files/time-series/geo/gazetteer-files.2024.html
ITC-0204,USA,California,CA,Kern,Kern,YES,US-CENSUS-FIPS,06029,US-FIPS:06029,STABLE_ID + LOCAL_QA_POLYGON,-118.72037770812705,35.3128245,,https://www.census.gov/geographies/reference-files/time-series/geo/gazetteer-files.2024.html
ITC-0205,USA,California,CA,Kings,Kings,YES,US-CENSUS-FIPS,06031,US-FIPS:06031,STABLE_ID + LOCAL_QA_POLYGON,-119.76884019297674,36.143711999999994,,https://www.census.gov/geographies/reference-files/time-series/geo/gazetteer-files.2024.html
ITC-0206,USA,California,CA,Lake,Lake,YES,US-CENSUS-FIPS,06033,US-FIPS:06033,STABLE_ID + LOCAL_QA_POLYGON,-122.79369609525041,39.1234445,,https://www.census.gov/geographies/reference-files/time-series/geo/gazetteer-files.2024.html
ITC-0207,USA,California,CA,Lassen,Lassen,YES,US-CENSUS-FIPS,06035,US-FIPS:06035,STABLE_ID + LOCAL_QA_POLYGON,-120.5287054736965,40.446242999999996,,https://www.census.gov/geographies/reference-files/time-series/geo/gazetteer-files.2024.html
ITC-0208,USA,California,CA,Los Angeles,Los Angeles,YES,US-CENSUS-FIPS,06037,US-FIPS:06037,STABLE_ID + LOCAL_QA_POLYGON,-118.14259367449407,34.2658365,,https://www.census.gov/geographies/reference-files/time-series/geo/gazetteer-files.2024.html
ITC-0209,USA,California,CA,Madera,Madera,YES,US-CENSUS-FIPS,06039,US-FIPS:06039,STABLE_ID + LOCAL_QA_POLYGON,-119.63649973974856,37.268152,,https://www.census.gov/geographies/reference-files/time-series/geo/gazetteer-files.2024.html
ITC-0210,USA,California,CA,Marin,Marin,YES,US-CENSUS-FIPS,06041,US-FIPS:06041,STABLE_ID + LOCAL_QA_POLYGON,-122.73420717411798,38.066215689735145,,https://www.census.gov/geographies/reference-files/time-series/geo/gazetteer-files.2024.html
ITC-0211,USA,California,CA,Mariposa,Mariposa,YES,US-CENSUS-FIPS,06043,US-FIPS:06043,STABLE_ID + LOCAL_QA_POLYGON,-119.95824538241035,37.543434,,https://www.census.gov/geographies/reference-files/time-series/geo/gazetteer-files.2024.html
ITC-0212,USA,California,CA,Mendocino,Mendocino,YES,US-CENSUS-FIPS,06045,US-FIPS:06045,STABLE_ID + LOCAL_QA_POLYGON,-123.43942097311799,39.3927213160233,,https://www.census.gov/geographies/reference-files/time-series/geo/gazetteer-files.2024.html
ITC-0213,USA,California,CA,Merced,Merced,YES,US-CENSUS-FIPS,06047,US-FIPS:06047,STABLE_ID + LOCAL_QA_POLYGON,-120.60741172777317,37.1922995,,https://www.census.gov/geographies/reference-files/time-series/geo/gazetteer-files.2024.html
ITC-0214,USA,California,CA,Modoc,Modoc,YES,US-CENSUS-FIPS,06049,US-FIPS:06049,STABLE_ID + LOCAL_QA_POLYGON,-120.72383602145685,41.5866719841949,,https://www.census.gov/geographies/reference-files/time-series/geo/gazetteer-files.2024.html
ITC-0215,USA,California,CA,Mono,Mono,YES,US-CENSUS-FIPS,06051,US-FIPS:06051,STABLE_ID + LOCAL_QA_POLYGON,-119.02764712574489,38.087331,,https://www.census.gov/geographies/reference-files/time-series/geo/gazetteer-files.2024.html
ITC-0216,USA,California,CA,Monterey,Monterey,YES,US-CENSUS-FIPS,06053,US-FIPS:06053,STABLE_ID + LOCAL_QA_POLYGON,-121.49020696000196,36.3539725918806,,https://www.census.gov/geographies/reference-files/time-series/geo/gazetteer-files.2024.html
ITC-0217,USA,California,CA,Napa,Napa,YES,US-CENSUS-FIPS,06055,US-FIPS:06055,STABLE_ID + LOCAL_QA_POLYGON,-122.32613639781795,38.509322499999996,,https://www.census.gov/geographies/reference-files/time-series/geo/gazetteer-files.2024.html
ITC-0218,USA,California,CA,Nevada,Nevada,YES,US-CENSUS-FIPS,06057,US-FIPS:06057,STABLE_ID + LOCAL_QA_POLYGON,-121.00959912475383,39.265368499999994,,https://www.census.gov/geographies/reference-files/time-series/geo/gazetteer-files.2024.html
ITC-0219,USA,California,CA,Orange,Orange,YES,US-CENSUS-FIPS,06059,US-FIPS:06059,STABLE_ID + LOCAL_QA_POLYGON,-117.72144858257465,33.66757496968485,,https://www.census.gov/geographies/reference-files/time-series/geo/gazetteer-files.2024.html
ITC-0220,USA,California,CA,Placer,Placer,YES,US-CENSUS-FIPS,06061,US-FIPS:06061,STABLE_ID + LOCAL_QA_POLYGON,-120.7432486837545,39.014028999999994,,https://www.census.gov/geographies/reference-files/time-series/geo/gazetteer-files.2024.html
ITC-0221,USA,California,CA,Plumas,Plumas,YES,US-CENSUS-FIPS,06063,US-FIPS:06063,STABLE_ID + LOCAL_QA_POLYGON,-120.80545257828985,40.0231445,,https://www.census.gov/geographies/reference-files/time-series/geo/gazetteer-files.2024.html
ITC-0222,USA,California,CA,Riverside,Riverside,YES,US-CENSUS-FIPS,06065,US-FIPS:06065,STABLE_ID + LOCAL_QA_POLYGON,-116.02026312939715,33.75368949999999,,https://www.census.gov/geographies/reference-files/time-series/geo/gazetteer-files.2024.html
ITC-0223,USA,California,CA,Sacramento,Sacramento,YES,US-CENSUS-FIPS,06067,US-FIPS:06067,STABLE_ID + LOCAL_QA_POLYGON,-121.27560152925072,38.376777499999996,,https://www.census.gov/geographies/reference-files/time-series/geo/gazetteer-files.2024.html
ITC-0224,USA,California,CA,San Benito,San Benito,YES,US-CENSUS-FIPS,06069,US-FIPS:06069,STABLE_ID + LOCAL_QA_POLYGON,-121.03088561364953,36.595052499999994,,https://www.census.gov/geographies/reference-files/time-series/geo/gazetteer-files.2024.html
ITC-0225,USA,California,CA,San Bernardino,San Bernardino,YES,US-CENSUS-FIPS,06071,US-FIPS:06071,STABLE_ID + LOCAL_QA_POLYGON,-116.1108099258065,34.8384125,,https://www.census.gov/geographies/reference-files/time-series/geo/gazetteer-files.2024.html
ITC-0226,USA,California,CA,San Diego,San Diego,YES,US-CENSUS-FIPS,06073,US-FIPS:06073,STABLE_ID + LOCAL_QA_POLYGON,-116.69506111683819,33.023413742339145,,https://www.census.gov/geographies/reference-files/time-series/geo/gazetteer-files.2024.html
ITC-0227,USA,California,CA,San Francisco,San Francisco,YES,US-CENSUS-FIPS,06075,US-FIPS:06075,STABLE_ID + LOCAL_QA_POLYGON,-122.44520706280494,37.75866576743135,,https://www.census.gov/geographies/reference-files/time-series/geo/gazetteer-files.2024.html
ITC-0228,USA,California,CA,San Joaquin,San Joaquin,YES,US-CENSUS-FIPS,06077,US-FIPS:06077,STABLE_ID + LOCAL_QA_POLYGON,-121.24756993968366,37.8916445,,https://www.census.gov/geographies/reference-files/time-series/geo/gazetteer-files.2024.html
ITC-0229,USA,California,CA,San Luis Obispo,San Luis Obispo,YES,US-CENSUS-FIPS,06079,US-FIPS:06079,STABLE_ID + LOCAL_QA_POLYGON,-120.33609896348173,35.3460805,,https://www.census.gov/geographies/reference-files/time-series/geo/gazetteer-files.2024.html
ITC-0230,USA,California,CA,San Mateo,San Mateo,YES,US-CENSUS-FIPS,06081,US-FIPS:06081,STABLE_ID + LOCAL_QA_POLYGON,-122.31205145087438,37.407259499999995,,https://www.census.gov/geographies/reference-files/time-series/geo/gazetteer-files.2024.html
ITC-0231,USA,California,CA,Santa Barbara,Santa Barbara,YES,US-CENSUS-FIPS,06083,US-FIPS:06083,STABLE_ID + LOCAL_QA_POLYGON,-120.0369324697161,34.747660499999995,,https://www.census.gov/geographies/reference-files/time-series/geo/gazetteer-files.2024.html
ITC-0232,USA,California,CA,Santa Clara,Santa Clara,YES,US-CENSUS-FIPS,06085,US-FIPS:06085,STABLE_ID + LOCAL_QA_POLYGON,-121.72096025029089,37.188998,,https://www.census.gov/geographies/reference-files/time-series/geo/gazetteer-files.2024.html
ITC-0233,USA,California,CA,Santa Cruz,Santa Cruz,YES,US-CENSUS-FIPS,06087,US-FIPS:06087,STABLE_ID + LOCAL_QA_POLYGON,-122.03212929321971,37.068426,,https://www.census.gov/geographies/reference-files/time-series/geo/gazetteer-files.2024.html
ITC-0234,USA,California,CA,Shasta,Shasta,YES,US-CENSUS-FIPS,06089,US-FIPS:06089,STABLE_ID + LOCAL_QA_POLYGON,-122.01794256655626,40.73483949999999,,https://www.census.gov/geographies/reference-files/time-series/geo/gazetteer-files.2024.html
ITC-0235,USA,California,CA,Sierra,Sierra,YES,US-CENSUS-FIPS,06091,US-FIPS:06091,STABLE_ID + LOCAL_QA_POLYGON,-120.51052086881933,39.586556437773,,https://www.census.gov/geographies/reference-files/time-series/geo/gazetteer-files.2024.html
ITC-0236,USA,California,CA,Siskiyou,Siskiyou,YES,US-CENSUS-FIPS,06093,US-FIPS:06093,STABLE_ID + LOCAL_QA_POLYGON,-122.54455822815169,41.5016145,,https://www.census.gov/geographies/reference-files/time-series/geo/gazetteer-files.2024.html
ITC-0237,USA,California,CA,Solano,Solano,YES,US-CENSUS-FIPS,06095,US-FIPS:06095,STABLE_ID + LOCAL_QA_POLYGON,-121.9012071090574,38.285107499999995,,https://www.census.gov/geographies/reference-files/time-series/geo/gazetteer-files.2024.html
ITC-0238,USA,California,CA,Sonoma,Sonoma,YES,US-CENSUS-FIPS,06097,US-FIPS:06097,STABLE_ID + LOCAL_QA_POLYGON,-122.85572919299707,38.48080407360815,,https://www.census.gov/geographies/reference-files/time-series/geo/gazetteer-files.2024.html
ITC-0239,USA,California,CA,Stanislaus,Stanislaus,YES,US-CENSUS-FIPS,06099,US-FIPS:06099,STABLE_ID + LOCAL_QA_POLYGON,-120.87146637628342,37.613844,,https://www.census.gov/geographies/reference-files/time-series/geo/gazetteer-files.2024.html
ITC-0240,USA,California,CA,Sutter,Sutter,YES,US-CENSUS-FIPS,06101,US-FIPS:06101,STABLE_ID + LOCAL_QA_POLYGON,-121.70820573355381,39.019505499999994,,https://www.census.gov/geographies/reference-files/time-series/geo/gazetteer-files.2024.html
ITC-0241,USA,California,CA,Tehama,Tehama,YES,US-CENSUS-FIPS,06103,US-FIPS:06103,STABLE_ID + LOCAL_QA_POLYGON,-122.21216382568988,40.125723,,https://www.census.gov/geographies/reference-files/time-series/geo/gazetteer-files.2024.html
ITC-0242,USA,California,CA,Trinity,Trinity,YES,US-CENSUS-FIPS,06105,US-FIPS:06105,STABLE_ID + LOCAL_QA_POLYGON,-123.14348628603392,40.670944500000004,,https://www.census.gov/geographies/reference-files/time-series/geo/gazetteer-files.2024.html
ITC-0243,USA,California,CA,Tulare,Tulare,YES,US-CENSUS-FIPS,06107,US-FIPS:06107,STABLE_ID + LOCAL_QA_POLYGON,-118.82341345117763,36.2659345,,https://www.census.gov/geographies/reference-files/time-series/geo/gazetteer-files.2024.html
ITC-0244,USA,California,CA,Tuolumne,Tuolumne,YES,US-CENSUS-FIPS,06109,US-FIPS:06109,STABLE_ID + LOCAL_QA_POLYGON,-119.88327717584534,38.0327735,,https://www.census.gov/geographies/reference-files/time-series/geo/gazetteer-files.2024.html
ITC-0245,USA,California,CA,Ventura,Ventura,YES,US-CENSUS-FIPS,06111,US-FIPS:06111,STABLE_ID + LOCAL_QA_POLYGON,-119.08332277353648,34.47000799999999,,https://www.census.gov/geographies/reference-files/time-series/geo/gazetteer-files.2024.html
ITC-0246,USA,California,CA,Yolo,Yolo,YES,US-CENSUS-FIPS,06113,US-FIPS:06113,STABLE_ID + LOCAL_QA_POLYGON,-121.85560520371678,38.62015699999999,,https://www.census.gov/geographies/reference-files/time-series/geo/gazetteer-files.2024.html
ITC-0247,USA,California,CA,Yuba,Yuba,YES,US-CENSUS-FIPS,06115,US-FIPS:06115,STABLE_ID + LOCAL_QA_POLYGON,-121.43812629755828,39.2790105,,https://www.census.gov/geographies/reference-files/time-series/geo/gazetteer-files.2024.html
ITC-0248,USA,Colorado,CO,Adams,Adams,YES,US-CENSUS-FIPS,08001,US-FIPS:08001,STABLE_ID + LOCAL_QA_POLYGON,-104.16303899096661,39.869881,,https://www.census.gov/geographies/reference-files/time-series/geo/gazetteer-files.2024.html
ITC-0249,USA,Colorado,CO,Alamosa,Alamosa,YES,US-CENSUS-FIPS,08003,US-FIPS:08003,STABLE_ID + LOCAL_QA_POLYGON,-105.7767155323411,37.548811,,https://www.census.gov/geographies/reference-files/time-series/geo/gazetteer-files.2024.html
ITC-0250,USA,Colorado,CO,Arapahoe,Arapahoe,YES,US-CENSUS-FIPS,08005,US-FIPS:08005,STABLE_ID + LOCAL_QA_POLYGON,-104.28308938284064,39.65222849999999,,https://www.census.gov/geographies/reference-files/time-series/geo/gazetteer-files.2024.html
ITC-0251,USA,Colorado,CO,Archuleta,Archuleta,YES,US-CENSUS-FIPS,08007,US-FIPS:08007,STABLE_ID + LOCAL_QA_POLYGON,-107.05175331881722,37.2049555,,https://www.census.gov/geographies/reference-files/time-series/geo/gazetteer-files.2024.html
ITC-0252,USA,Colorado,CO,Baca,Baca,YES,US-CENSUS-FIPS,08009,US-FIPS:08009,STABLE_ID + LOCAL_QA_POLYGON,-102.56272616011017,37.3310515,,https://www.census.gov/geographies/reference-files/time-series/geo/gazetteer-files.2024.html
ITC-0253,USA,Colorado,CO,Bent,Bent,YES,US-CENSUS-FIPS,08011,US-FIPS:08011,STABLE_ID + LOCAL_QA_POLYGON,-103.06984342333473,37.8922285,,https://www.census.gov/geographies/reference-files/time-series/geo/gazetteer-files.2024.html
ITC-0254,USA,Colorado,CO,Boulder,Boulder,YES,US-CENSUS-FIPS,08013,US-FIPS:08013,STABLE_ID + LOCAL_QA_POLYGON,-105.34485746350211,40.0879455,,https://www.census.gov/geographies/reference-files/time-series/geo/gazetteer-files.2024.html
ITC-0255,USA,Colorado,CO,Broomfield,Broomfield,YES,US-CENSUS-FIPS,08014,US-FIPS:08014,STABLE_ID + LOCAL_QA_POLYGON,-105.0361140673609,39.96577549999999,,https://www.census.gov/geographies/reference-files/time-series/geo/gazetteer-files.2024.html
ITC-0256,USA,Colorado,CO,Chaffee,Chaffee,YES,US-CENSUS-FIPS,08015,US-FIPS:08015,STABLE_ID + LOCAL_QA_POLYGON,-106.18275448183707,38.740660500000004,,https://www.census.gov/geographies/reference-files/time-series/geo/gazetteer-files.2024.html
ITC-0257,USA,Colorado,CO,Cheyenne,Cheyenne,YES,US-CENSUS-FIPS,08017,US-FIPS:08017,STABLE_ID + LOCAL_QA_POLYGON,-102.60463592285303,38.8243175,,https://www.census.gov/geographies/reference-files/time-series/geo/gazetteer-files.2024.html
ITC-0258,USA,Colorado,CO,Clear Creek,Clear Creek,YES,US-CENSUS-FIPS,08019,US-FIPS:08019,STABLE_ID + LOCAL_QA_POLYGON,-105.66000913485104,39.7090305,,https://www.census.gov/geographies/reference-files/time-series/geo/gazetteer-files.2024.html
ITC-0259,USA,Colorado,CO,Conejos,Conejos,YES,US-CENSUS-FIPS,08021,US-FIPS:08021,STABLE_ID + LOCAL_QA_POLYGON,-106.17076596407428,37.198244,,https://www.census.gov/geographies/reference-files/time-series/geo/gazetteer-files.2024.html
ITC-0260,USA,Colorado,CO,Costilla,Costilla,YES,US-CENSUS-FIPS,08023,US-FIPS:08023,STABLE_ID + LOCAL_QA_POLYGON,-105.4559704036271,37.3265145,,https://www.census.gov/geographies/reference-files/time-series/geo/gazetteer-files.2024.html
ITC-0261,USA,Colorado,CO,Crowley,Crowley,YES,US-CENSUS-FIPS,08025,US-FIPS:08025,STABLE_ID + LOCAL_QA_POLYGON,-103.77823627114444,38.3003595,,https://www.census.gov/geographies/reference-files/time-series/geo/gazetteer-files.2024.html
ITC-0262,USA,Colorado,CO,Custer,Custer,YES,US-CENSUS-FIPS,08027,US-FIPS:08027,STABLE_ID + LOCAL_QA_POLYGON,-105.34412439201206,38.0770325,,https://www.census.gov/geographies/reference-files/time-series/geo/gazetteer-files.2024.html
ITC-0263,USA,Colorado,CO,Delta,Delta,YES,US-CENSUS-FIPS,08029,US-FIPS:08029,STABLE_ID + LOCAL_QA_POLYGON,-107.80287541270044,38.945094999999995,,https://www.census.gov/geographies/reference-files/time-series/geo/gazetteer-files.2024.html
ITC-0264,USA,Colorado,CO,Denver,Denver,YES,US-CENSUS-FIPS,08031,US-FIPS:08031,STABLE_ID + LOCAL_QA_POLYGON,-104.95489411447235,39.7643585,,https://www.census.gov/geographies/reference-files/time-series/geo/gazetteer-files.2024.html
ITC-0265,USA,Colorado,CO,Dolores,Dolores,YES,US-CENSUS-FIPS,08033,US-FIPS:08033,STABLE_ID + LOCAL_QA_POLYGON,-108.50603208178285,37.691233,,https://www.census.gov/geographies/reference-files/time-series/geo/gazetteer-files.2024.html
ITC-0266,USA,Colorado,CO,Douglas,Douglas,YES,US-CENSUS-FIPS,08035,US-FIPS:08035,STABLE_ID + LOCAL_QA_POLYGON,-104.92003062169431,39.348546999999996,,https://www.census.gov/geographies/reference-files/time-series/geo/gazetteer-files.2024.html
ITC-0267,USA,Colorado,CO,Eagle,Eagle,YES,US-CENSUS-FIPS,08037,US-FIPS:08037,STABLE_ID + LOCAL_QA_POLYGON,-106.64584059735337,39.636945499999996,,https://www.census.gov/geographies/reference-files/time-series/geo/gazetteer-files.2024.html
ITC-0268,USA,Colorado,CO,El Paso,El Paso,YES,US-CENSUS-FIPS,08041,US-FIPS:08041,STABLE_ID + LOCAL_QA_POLYGON,-104.56283532758906,38.829010499999995,,https://www.census.gov/geographies/reference-files/time-series/geo/gazetteer-files.2024.html
ITC-0269,USA,Colorado,CO,Elbert,Elbert,YES,US-CENSUS-FIPS,08039,US-FIPS:08039,STABLE_ID + LOCAL_QA_POLYGON,-104.18902016918719,39.173255,,https://www.census.gov/geographies/reference-files/time-series/geo/gazetteer-files.2024.html
ITC-0270,USA,Colorado,CO,Fremont,Fremont,YES,US-CENSUS-FIPS,08043,US-FIPS:08043,STABLE_ID + LOCAL_QA_POLYGON,-105.45816712510812,38.474464999999995,,https://www.census.gov/geographies/reference-files/time-series/geo/gazetteer-files.2024.html
ITC-0271,USA,Colorado,CO,Garfield,Garfield,YES,US-CENSUS-FIPS,08045,US-FIPS:08045,STABLE_ID + LOCAL_QA_POLYGON,-107.52614101985745,39.7681535,,https://www.census.gov/geographies/reference-files/time-series/geo/gazetteer-files.2024.html
ITC-0272,USA,Colorado,CO,Gilpin,Gilpin,YES,US-CENSUS-FIPS,08047,US-FIPS:08047,STABLE_ID + LOCAL_QA_POLYGON,-105.51539094787623,39.8424505,,https://www.census.gov/geographies/reference-files/time-series/geo/gazetteer-files.2024.html
ITC-0273,USA,Colorado,CO,Grand,Grand,YES,US-CENSUS-FIPS,08049,US-FIPS:08049,STABLE_ID + LOCAL_QA_POLYGON,-106.13621131862268,40.085027,,https://www.census.gov/geographies/reference-files/time-series/geo/gazetteer-files.2024.html
ITC-0274,USA,Colorado,CO,Gunnison,Gunnison,YES,US-CENSUS-FIPS,08051,US-FIPS:08051,STABLE_ID + LOCAL_QA_POLYGON,-106.97581179032193,38.7005015,,https://www.census.gov/geographies/reference-files/time-series/geo/gazetteer-files.2024.html
ITC-0275,USA,Colorado,CO,Hinsdale,Hinsdale,YES,US-CENSUS-FIPS,08053,US-FIPS:08053,STABLE_ID + LOCAL_QA_POLYGON,-107.29892791667015,37.784218499999994,,https://www.census.gov/geographies/reference-files/time-series/geo/gazetteer-files.2024.html
ITC-0276,USA,Colorado,CO,Huerfano,Huerfano,YES,US-CENSUS-FIPS,08055,US-FIPS:08055,STABLE_ID + LOCAL_QA_POLYGON,-104.90557454566101,37.655199999999994,,https://www.census.gov/geographies/reference-files/time-series/geo/gazetteer-files.2024.html
ITC-0277,USA,Colorado,CO,Jackson,Jackson,YES,US-CENSUS-FIPS,08057,US-FIPS:08057,STABLE_ID + LOCAL_QA_POLYGON,-106.32321017914654,40.664797,,https://www.census.gov/geographies/reference-files/time-series/geo/gazetteer-files.2024.html
ITC-0278,USA,Colorado,CO,Jefferson,Jefferson,YES,US-CENSUS-FIPS,08059,US-FIPS:08059,STABLE_ID + LOCAL_QA_POLYGON,-105.23874616159168,39.5203255,,https://www.census.gov/geographies/reference-files/time-series/geo/gazetteer-files.2024.html
ITC-0279,USA,Colorado,CO,Kiowa,Kiowa,YES,US-CENSUS-FIPS,08061,US-FIPS:08061,STABLE_ID + LOCAL_QA_POLYGON,-102.77550857130515,38.436663499999995,,https://www.census.gov/geographies/reference-files/time-series/geo/gazetteer-files.2024.html
ITC-0280,USA,Colorado,CO,Kit Carson,Kit Carson,YES,US-CENSUS-FIPS,08063,US-FIPS:08063,STABLE_ID + LOCAL_QA_POLYGON,-102.60188283610944,39.338425,,https://www.census.gov/geographies/reference-files/time-series/geo/gazetteer-files.2024.html
ITC-0281,USA,Colorado,CO,La Plata,La Plata,YES,US-CENSUS-FIPS,08067,US-FIPS:08067,STABLE_ID + LOCAL_QA_POLYGON,-107.84699641754358,37.3189925,,https://www.census.gov/geographies/reference-files/time-series/geo/gazetteer-files.2024.html
ITC-0282,USA,Colorado,CO,Lake,Lake,YES,US-CENSUS-FIPS,08065,US-FIPS:08065,STABLE_ID + LOCAL_QA_POLYGON,-106.33563120785254,39.21843749999999,,https://www.census.gov/geographies/reference-files/time-series/geo/gazetteer-files.2024.html
ITC-0283,USA,Colorado,CO,Larimer,Larimer,YES,US-CENSUS-FIPS,08069,US-FIPS:08069,STABLE_ID + LOCAL_QA_POLYGON,-105.44628426355038,40.631653,,https://www.census.gov/geographies/reference-files/time-series/geo/gazetteer-files.2024.html
ITC-0284,USA,Colorado,CO,Las Animas,Las Animas,YES,US-CENSUS-FIPS,08071,US-FIPS:08071,STABLE_ID + LOCAL_QA_POLYGON,-103.92175723068229,37.4051555,,https://www.census.gov/geographies/reference-files/time-series/geo/gazetteer-files.2024.html
ITC-0285,USA,Colorado,CO,Lincoln,Lincoln,YES,US-CENSUS-FIPS,08073,US-FIPS:08073,STABLE_ID + LOCAL_QA_POLYGON,-103.44222476203021,39.06235649999999,,https://www.census.gov/geographies/reference-files/time-series/geo/gazetteer-files.2024.html
ITC-0286,USA,Colorado,CO,Logan,Logan,YES,US-CENSUS-FIPS,08075,US-FIPS:08075,STABLE_ID + LOCAL_QA_POLYGON,-103.11255973096422,40.7256655,,https://www.census.gov/geographies/reference-files/time-series/geo/gazetteer-files.2024.html
ITC-0287,USA,Colorado,CO,Mesa,Mesa,YES,US-CENSUS-FIPS,08077,US-FIPS:08077,STABLE_ID + LOCAL_QA_POLYGON,-108.5843830684318,38.93382149999999,,https://www.census.gov/geographies/reference-files/time-series/geo/gazetteer-files.2024.html
ITC-0288,USA,Colorado,CO,Mineral,Mineral,YES,US-CENSUS-FIPS,08079,US-FIPS:08079,STABLE_ID + LOCAL_QA_POLYGON,-106.91917083337998,37.712748500000004,,https://www.census.gov/geographies/reference-files/time-series/geo/gazetteer-files.2024.html
ITC-0289,USA,Colorado,CO,Moffat,Moffat,YES,US-CENSUS-FIPS,08081,US-FIPS:08081,STABLE_ID + LOCAL_QA_POLYGON,-108.18125970765621,40.6097665,,https://www.census.gov/geographies/reference-files/time-series/geo/gazetteer-files.2024.html
ITC-0290,USA,Colorado,CO,Montezuma,Montezuma,YES,US-CENSUS-FIPS,08083,US-FIPS:08083,STABLE_ID + LOCAL_QA_POLYGON,-108.62881829645782,37.3189925,,https://www.census.gov/geographies/reference-files/time-series/geo/gazetteer-files.2024.html
ITC-0291,USA,Colorado,CO,Montrose,Montrose,YES,US-CENSUS-FIPS,08085,US-FIPS:08085,STABLE_ID + LOCAL_QA_POLYGON,-108.28013321337735,38.382715499999996,,https://www.census.gov/geographies/reference-files/time-series/geo/gazetteer-files.2024.html
ITC-0292,USA,Colorado,CO,Morgan,Morgan,YES,US-CENSUS-FIPS,08087,US-FIPS:08087,STABLE_ID + LOCAL_QA_POLYGON,-103.81083238886264,40.270405999999994,,https://www.census.gov/geographies/reference-files/time-series/geo/gazetteer-files.2024.html
ITC-0293,USA,Colorado,CO,Otero,Otero,YES,US-CENSUS-FIPS,08089,US-FIPS:08089,STABLE_ID + LOCAL_QA_POLYGON,-103.72919452708186,37.9066265,,https://www.census.gov/geographies/reference-files/time-series/geo/gazetteer-files.2024.html
ITC-0294,USA,Colorado,CO,Ouray,Ouray,YES,US-CENSUS-FIPS,08091,US-FIPS:08091,STABLE_ID + LOCAL_QA_POLYGON,-107.72645091850545,38.11247,,https://www.census.gov/geographies/reference-files/time-series/geo/gazetteer-files.2024.html
ITC-0295,USA,Colorado,CO,Park,Park,YES,US-CENSUS-FIPS,08093,US-FIPS:08093,STABLE_ID + LOCAL_QA_POLYGON,-105.7900101478665,39.1307425,,https://www.census.gov/geographies/reference-files/time-series/geo/gazetteer-files.2024.html
ITC-0296,USA,Colorado,CO,Phillips,Phillips,YES,US-CENSUS-FIPS,08095,US-FIPS:08095,STABLE_ID + LOCAL_QA_POLYGON,-102.35855310824388,40.5975843143738,,https://www.census.gov/geographies/reference-files/time-series/geo/gazetteer-files.2024.html
ITC-0297,USA,Colorado,CO,Pitkin,Pitkin,YES,US-CENSUS-FIPS,08097,US-FIPS:08097,STABLE_ID + LOCAL_QA_POLYGON,-106.92992332639486,39.17160749999999,,https://www.census.gov/geographies/reference-files/time-series/geo/gazetteer-files.2024.html
ITC-0298,USA,Colorado,CO,Prowers,Prowers,YES,US-CENSUS-FIPS,08099,US-FIPS:08099,STABLE_ID + LOCAL_QA_POLYGON,-102.3925094396811,37.96300049999999,,https://www.census.gov/geographies/reference-files/time-series/geo/gazetteer-files.2024.html
ITC-0299,USA,Colorado,CO,Pueblo,Pueblo,YES,US-CENSUS-FIPS,08101,US-FIPS:08101,STABLE_ID + LOCAL_QA_POLYGON,-104.5532639627968,38.134750999999994,,https://www.census.gov/geographies/reference-files/time-series/geo/gazetteer-files.2024.html
ITC-0300,USA,Colorado,CO,Rio Blanco,Rio Blanco,YES,US-CENSUS-FIPS,08103,US-FIPS:08103,STABLE_ID + LOCAL_QA_POLYGON,-108.1848709984682,39.96074349999999,,https://www.census.gov/geographies/reference-files/time-series/geo/gazetteer-files.2024.html
ITC-0301,USA,Colorado,CO,Rio Grande,Rio Grande,YES,US-CENSUS-FIPS,08105,US-FIPS:08105,STABLE_ID + LOCAL_QA_POLYGON,-106.37546185398749,37.60463849999999,,https://www.census.gov/geographies/reference-files/time-series/geo/gazetteer-files.2024.html
ITC-0302,USA,Colorado,CO,Routt,Routt,YES,US-CENSUS-FIPS,08107,US-FIPS:08107,STABLE_ID + LOCAL_QA_POLYGON,-107.04370535739741,40.460903,,https://www.census.gov/geographies/reference-files/time-series/geo/gazetteer-files.2024.html
ITC-0303,USA,Colorado,CO,Saguache,Saguache,YES,US-CENSUS-FIPS,08109,US-FIPS:08109,STABLE_ID + LOCAL_QA_POLYGON,-106.33156490874168,38.1024245,,https://www.census.gov/geographies/reference-files/time-series/geo/gazetteer-files.2024.html
ITC-0304,USA,Colorado,CO,San Juan,San Juan,YES,US-CENSUS-FIPS,08111,US-FIPS:08111,STABLE_ID + LOCAL_QA_POLYGON,-107.64650410938258,37.802330999999995,,https://www.census.gov/geographies/reference-files/time-series/geo/gazetteer-files.2024.html
ITC-0305,USA,Colorado,CO,San Miguel,San Miguel,YES,US-CENSUS-FIPS,08113,US-FIPS:08113,STABLE_ID + LOCAL_QA_POLYGON,-108.41213306506958,37.963872499999994,,https://www.census.gov/geographies/reference-files/time-series/geo/gazetteer-files.2024.html
ITC-0306,USA,Colorado,CO,Sedgwick,Sedgwick,YES,US-CENSUS-FIPS,08115,US-FIPS:08115,STABLE_ID + LOCAL_QA_POLYGON,-102.35159331455658,40.838795499999996,,https://www.census.gov/geographies/reference-files/time-series/geo/gazetteer-files.2024.html
ITC-0307,USA,Colorado,CO,Summit,Summit,YES,US-CENSUS-FIPS,08117,US-FIPS:08117,STABLE_ID + LOCAL_QA_POLYGON,-106.0034115420786,39.64143849999999,,https://www.census.gov/geographies/reference-files/time-series/geo/gazetteer-files.2024.html
ITC-0308,USA,Colorado,CO,Teller,Teller,YES,US-CENSUS-FIPS,08119,US-FIPS:08119,STABLE_ID + LOCAL_QA_POLYGON,-105.1785607192183,38.883509,,https://www.census.gov/geographies/reference-files/time-series/geo/gazetteer-files.2024.html
ITC-0309,USA,Colorado,CO,Washington,Washington,YES,US-CENSUS-FIPS,08121,US-FIPS:08121,STABLE_ID + LOCAL_QA_POLYGON,-103.13780994272739,40.002010999999996,,https://www.census.gov/geographies/reference-files/time-series/geo/gazetteer-files.2024.html
ITC-0310,USA,Colorado,CO,Weld,Weld,YES,US-CENSUS-FIPS,08123,US-FIPS:08123,STABLE_ID + LOCAL_QA_POLYGON,-104.54576682243459,40.493101499999995,,https://www.census.gov/geographies/reference-files/time-series/geo/gazetteer-files.2024.html
ITC-0311,USA,Colorado,CO,Yuma,Yuma,YES,US-CENSUS-FIPS,08125,US-FIPS:08125,STABLE_ID + LOCAL_QA_POLYGON,-102.42267245983717,40.03380865540015,,https://www.census.gov/geographies/reference-files/time-series/geo/gazetteer-files.2024.html
ITC-0312,USA,Connecticut,CT,Fairfield,Fairfield,YES,US-CENSUS-FIPS,09001,US-FIPS:09001,STABLE_ID + LOCAL_QA_POLYGON,-73.32480696639914,41.32444649999999,,https://www.census.gov/geographies/reference-files/time-series/geo/gazetteer-files.2024.html
ITC-0313,USA,Connecticut,CT,Hartford,Hartford,YES,US-CENSUS-FIPS,09003,US-FIPS:09003,STABLE_ID + LOCAL_QA_POLYGON,-72.74452701905648,41.7945715,,https://www.census.gov/geographies/reference-files/time-series/geo/gazetteer-files.2024.html
ITC-0314,USA,Connecticut,CT,Litchfield,Litchfield,YES,US-CENSUS-FIPS,09005,US-FIPS:09005,STABLE_ID + LOCAL_QA_POLYGON,-73.25980375096572,41.760088499999995,,https://www.census.gov/geographies/reference-files/time-series/geo/gazetteer-files.2024.html
ITC-0315,USA,Connecticut,CT,Middlesex,Middlesex,YES,US-CENSUS-FIPS,09007,US-FIPS:09007,STABLE_ID + LOCAL_QA_POLYGON,-72.52302628752759,41.455783499999995,,https://www.census.gov/geographies/reference-files/time-series/geo/gazetteer-files.2024.html
ITC-0316,USA,Connecticut,CT,New Haven,New Haven,YES,US-CENSUS-FIPS,09009,US-FIPS:09009,STABLE_ID + LOCAL_QA_POLYGON,-72.90785327326553,41.4066195,,https://www.census.gov/geographies/reference-files/time-series/geo/gazetteer-files.2024.html
ITC-0317,USA,Connecticut,CT,New London,New London,YES,US-CENSUS-FIPS,09011,US-FIPS:09011,STABLE_ID + LOCAL_QA_POLYGON,-72.05607621638157,41.492082048239396,,https://www.census.gov/geographies/reference-files/time-series/geo/gazetteer-files.2024.html
ITC-0318,USA,Connecticut,CT,Tolland,Tolland,YES,US-CENSUS-FIPS,09013,US-FIPS:09013,STABLE_ID + LOCAL_QA_POLYGON,-72.3189743030859,41.8109635,,https://www.census.gov/geographies/reference-files/time-series/geo/gazetteer-files.2024.html
ITC-0319,USA,Connecticut,CT,Windham,Windham,YES,US-CENSUS-FIPS,09015,US-FIPS:09015,STABLE_ID + LOCAL_QA_POLYGON,-71.97909359863229,41.83273375902595,,https://www.census.gov/geographies/reference-files/time-series/geo/gazetteer-files.2024.html
ITC-0320,USA,Delaware,DE,Kent,Kent,YES,US-CENSUS-FIPS,10001,US-FIPS:10001,STABLE_ID + LOCAL_QA_POLYGON,-75.57321140537762,39.0971678413018,,https://www.census.gov/geographies/reference-files/time-series/geo/gazetteer-files.2024.html
ITC-0321,USA,Delaware,DE,New Castle,New Castle,YES,US-CENSUS-FIPS,10003,US-FIPS:10003,STABLE_ID + LOCAL_QA_POLYGON,-75.674398193135,39.56475999999999,,https://www.census.gov/geographies/reference-files/time-series/geo/gazetteer-files.2024.html
ITC-0322,USA,Delaware,DE,Sussex,Sussex,YES,US-CENSUS-FIPS,10005,US-FIPS:10005,STABLE_ID + LOCAL_QA_POLYGON,-75.39324026267931,38.70631246364735,,https://www.census.gov/geographies/reference-files/time-series/geo/gazetteer-files.2024.html
ITC-0323,USA,District of Columbia,DC,District of Columbia,District of Columbia,YES,US-CENSUS-FIPS,11001,US-FIPS:11001,STABLE_ID + LOCAL_QA_POLYGON,-76.98780841355298,38.893566722539,,https://www.census.gov/geographies/reference-files/time-series/geo/gazetteer-files.2024.html
ITC-0324,USA,Florida,FL,Alachua,Alachua,YES,US-CENSUS-FIPS,12001,US-FIPS:12001,STABLE_ID + LOCAL_QA_POLYGON,-82.35528768978975,29.6791125,,https://www.census.gov/geographies/reference-files/time-series/geo/gazetteer-files.2024.html
ITC-0325,USA,Florida,FL,Baker,Baker,YES,US-CENSUS-FIPS,12003,US-FIPS:12003,STABLE_ID + LOCAL_QA_POLYGON,-82.31504654752558,30.3605659042315,,https://www.census.gov/geographies/reference-files/time-series/geo/gazetteer-files.2024.html
ITC-0326,USA,Florida,FL,Bay,Bay,YES,US-CENSUS-FIPS,12005,US-FIPS:12005,STABLE_ID + LOCAL_QA_POLYGON,-85.66618391708323,30.24653777238925,,https://www.census.gov/geographies/reference-files/time-series/geo/gazetteer-files.2024.html
ITC-0327,USA,Florida,FL,Bradford,Bradford,YES,US-CENSUS-FIPS,12007,US-FIPS:12007,STABLE_ID + LOCAL_QA_POLYGON,-82.21516090734357,29.9300025,,https://www.census.gov/geographies/reference-files/time-series/geo/gazetteer-files.2024.html
ITC-0328,USA,Florida,FL,Brevard,Brevard,YES,US-CENSUS-FIPS,12009,US-FIPS:12009,STABLE_ID + LOCAL_QA_POLYGON,-80.73490475182439,28.305034309541647,,https://www.census.gov/geographies/reference-files/time-series/geo/gazetteer-files.2024.html
ITC-0329,USA,Florida,FL,Broward,Broward,YES,US-CENSUS-FIPS,12011,US-FIPS:12011,STABLE_ID + LOCAL_QA_POLYGON,-80.48933601911682,26.156445877274297,,https://www.census.gov/geographies/reference-files/time-series/geo/gazetteer-files.2024.html
ITC-0330,USA,Florida,FL,Calhoun,Calhoun,YES,US-CENSUS-FIPS,12013,US-FIPS:12013,STABLE_ID + LOCAL_QA_POLYGON,-85.20874067917266,30.403228499999997,,https://www.census.gov/geographies/reference-files/time-series/geo/gazetteer-files.2024.html
ITC-0331,USA,Florida,FL,Charlotte,Charlotte,YES,US-CENSUS-FIPS,12015,US-FIPS:12015,STABLE_ID + LOCAL_QA_POLYGON,-81.82839164183275,26.9019183323825,,https://www.census.gov/geographies/reference-files/time-series/geo/gazetteer-files.2024.html
ITC-0332,USA,Florida,FL,Citrus,Citrus,YES,US-CENSUS-FIPS,12017,US-FIPS:12017,STABLE_ID + LOCAL_QA_POLYGON,-82.47819490972893,28.859406999999997,,https://www.census.gov/geographies/reference-files/time-series/geo/gazetteer-files.2024.html
ITC-0333,USA,Florida,FL,Clay,Clay,YES,US-CENSUS-FIPS,12019,US-FIPS:12019,STABLE_ID + LOCAL_QA_POLYGON,-81.82468055755582,29.9562885,,https://www.census.gov/geographies/reference-files/time-series/geo/gazetteer-files.2024.html
ITC-0334,USA,Florida,FL,Collier,Collier,YES,US-CENSUS-FIPS,12021,US-FIPS:12021,STABLE_ID + LOCAL_QA_POLYGON,-81.34547480886533,26.164143911832348,,https://www.census.gov/geographies/reference-files/time-series/geo/gazetteer-files.2024.html
ITC-0335,USA,Florida,FL,Columbia,Columbia,YES,US-CENSUS-FIPS,12023,US-FIPS:12023,STABLE_ID + LOCAL_QA_POLYGON,-82.6262684599021,30.2148115,,https://www.census.gov/geographies/reference-files/time-series/geo/gazetteer-files.2024.html
ITC-0336,USA,Florida,FL,DeSoto,DeSoto,YES,US-CENSUS-FIPS,12027,US-FIPS:12027,STABLE_ID + LOCAL_QA_POLYGON,-81.80992308205794,27.1710085,,https://www.census.gov/geographies/reference-files/time-series/geo/gazetteer-files.2024.html
ITC-0337,USA,Florida,FL,Dixie,Dixie,YES,US-CENSUS-FIPS,12029,US-FIPS:12029,STABLE_ID + LOCAL_QA_POLYGON,-83.17582705885437,29.5568205,,https://www.census.gov/geographies/reference-files/time-series/geo/gazetteer-files.2024.html
ITC-0338,USA,Florida,FL,Duval,Duval,YES,US-CENSUS-FIPS,12031,US-FIPS:12031,STABLE_ID + LOCAL_QA_POLYGON,-81.67835572691712,30.3520074312384,,https://www.census.gov/geographies/reference-files/time-series/geo/gazetteer-files.2024.html
ITC-0339,USA,Florida,FL,Escambia,Escambia,YES,US-CENSUS-FIPS,12033,US-FIPS:12033,STABLE_ID + LOCAL_QA_POLYGON,-87.3276470350703,30.639958,,https://www.census.gov/geographies/reference-files/time-series/geo/gazetteer-files.2024.html
ITC-0340,USA,Florida,FL,Flagler,Flagler,YES,US-CENSUS-FIPS,12035,US-FIPS:12035,STABLE_ID + LOCAL_QA_POLYGON,-81.30932911377235,29.465534999999996,,https://www.census.gov/geographies/reference-files/time-series/geo/gazetteer-files.2024.html
ITC-0341,USA,Florida,FL,Franklin,Franklin,YES,US-CENSUS-FIPS,12037,US-FIPS:12037,STABLE_ID + LOCAL_QA_POLYGON,-84.82715243920343,29.854473499999997,,https://www.census.gov/geographies/reference-files/time-series/geo/gazetteer-files.2024.html
ITC-0342,USA,Florida,FL,Gadsden,Gadsden,YES,US-CENSUS-FIPS,12039,US-FIPS:12039,STABLE_ID + LOCAL_QA_POLYGON,-84.63540284345794,30.549835,,https://www.census.gov/geographies/reference-files/time-series/geo/gazetteer-files.2024.html
ITC-0343,USA,Florida,FL,Gilchrist,Gilchrist,YES,US-CENSUS-FIPS,12041,US-FIPS:12041,STABLE_ID + LOCAL_QA_POLYGON,-82.79786209810595,29.748358999999997,,https://www.census.gov/geographies/reference-files/time-series/geo/gazetteer-files.2024.html
ITC-0344,USA,Florida,FL,Glades,Glades,YES,US-CENSUS-FIPS,12043,US-FIPS:12043,STABLE_ID + LOCAL_QA_POLYGON,-81.22310723759774,26.98981,,https://www.census.gov/geographies/reference-files/time-series/geo/gazetteer-files.2024.html
ITC-0345,USA,Florida,FL,Gulf,Gulf,YES,US-CENSUS-FIPS,12045,US-FIPS:12045,STABLE_ID + LOCAL_QA_POLYGON,-85.20280416448647,29.926803999999997,,https://www.census.gov/geographies/reference-files/time-series/geo/gazetteer-files.2024.html
ITC-0346,USA,Florida,FL,Hamilton,Hamilton,YES,US-CENSUS-FIPS,12047,US-FIPS:12047,STABLE_ID + LOCAL_QA_POLYGON,-82.97155956705039,30.476256499999998,,https://www.census.gov/geographies/reference-files/time-series/geo/gazetteer-files.2024.html
ITC-0347,USA,Florida,FL,Hardee,Hardee,YES,US-CENSUS-FIPS,12049,US-FIPS:12049,STABLE_ID + LOCAL_QA_POLYGON,-81.80945388907081,27.489768499999997,,https://www.census.gov/geographies/reference-files/time-series/geo/gazetteer-files.2024.html
ITC-0348,USA,Florida,FL,Hendry,Hendry,YES,US-CENSUS-FIPS,12051,US-FIPS:12051,STABLE_ID + LOCAL_QA_POLYGON,-81.22529507508418,26.6047895,,https://www.census.gov/geographies/reference-files/time-series/geo/gazetteer-files.2024.html
ITC-0349,USA,Florida,FL,Hernando,Hernando,YES,US-CENSUS-FIPS,12053,US-FIPS:12053,STABLE_ID + LOCAL_QA_POLYGON,-82.41265004067857,28.564583999999996,,https://www.census.gov/geographies/reference-files/time-series/geo/gazetteer-files.2024.html
ITC-0350,USA,Florida,FL,Highlands,Highlands,YES,US-CENSUS-FIPS,12055,US-FIPS:12055,STABLE_ID + LOCAL_QA_POLYGON,-81.3044279047806,27.3356145,,https://www.census.gov/geographies/reference-files/time-series/geo/gazetteer-files.2024.html
ITC-0351,USA,Florida,FL,Hillsborough,Hillsborough,YES,US-CENSUS-FIPS,12057,US-FIPS:12057,STABLE_ID + LOCAL_QA_POLYGON,-82.25843306895669,27.909399069423,,https://www.census.gov/geographies/reference-files/time-series/geo/gazetteer-files.2024.html
ITC-0352,USA,Florida,FL,Holmes,Holmes,YES,US-CENSUS-FIPS,12059,US-FIPS:12059,STABLE_ID + LOCAL_QA_POLYGON,-85.81639268073008,30.850057,,https://www.census.gov/geographies/reference-files/time-series/geo/gazetteer-files.2024.html
ITC-0353,USA,Florida,FL,Indian River,Indian River,YES,US-CENSUS-FIPS,12061,US-FIPS:12061,STABLE_ID + LOCAL_QA_POLYGON,-80.62486264879544,27.716689499999998,,https://www.census.gov/geographies/reference-files/time-series/geo/gazetteer-files.2024.html
ITC-0354,USA,Florida,FL,Jackson,Jackson,YES,US-CENSUS-FIPS,12063,US-FIPS:12063,STABLE_ID + LOCAL_QA_POLYGON,-85.17704845575466,30.7833392759568,,https://www.census.gov/geographies/reference-files/time-series/geo/gazetteer-files.2024.html
ITC-0355,USA,Florida,FL,Jefferson,Jefferson,YES,US-CENSUS-FIPS,12065,US-FIPS:12065,STABLE_ID + LOCAL_QA_POLYGON,-83.93893258847417,30.377716999999997,,https://www.census.gov/geographies/reference-files/time-series/geo/gazetteer-files.2024.html
ITC-0356,USA,Florida,FL,Lafayette,Lafayette,YES,US-CENSUS-FIPS,12067,US-FIPS:12067,STABLE_ID + LOCAL_QA_POLYGON,-83.19774637290567,30.042512,,https://www.census.gov/geographies/reference-files/time-series/geo/gazetteer-files.2024.html
ITC-0357,USA,Florida,FL,Lake,Lake,YES,US-CENSUS-FIPS,12069,US-FIPS:12069,STABLE_ID + LOCAL_QA_POLYGON,-81.68633736559758,28.812727,,https://www.census.gov/geographies/reference-files/time-series/geo/gazetteer-files.2024.html
ITC-0358,USA,Florida,FL,Lee,Lee,YES,US-CENSUS-FIPS,12071,US-FIPS:12071,STABLE_ID + LOCAL_QA_POLYGON,-81.83880940993164,26.544516861745947,,https://www.census.gov/geographies/reference-files/time-series/geo/gazetteer-files.2024.html
ITC-0359,USA,Florida,FL,Leon,Leon,YES,US-CENSUS-FIPS,12073,US-FIPS:12073,STABLE_ID + LOCAL_QA_POLYGON,-84.22184677237227,30.4789595,,https://www.census.gov/geographies/reference-files/time-series/geo/gazetteer-files.2024.html
ITC-0360,USA,Florida,FL,Levy,Levy,YES,US-CENSUS-FIPS,12075,US-FIPS:12075,STABLE_ID + LOCAL_QA_POLYGON,-82.78380049447834,29.292918,,https://www.census.gov/geographies/reference-files/time-series/geo/gazetteer-files.2024.html
ITC-0361,USA,Florida,FL,Liberty,Liberty,YES,US-CENSUS-FIPS,12077,US-FIPS:12077,STABLE_ID + LOCAL_QA_POLYGON,-84.88822718400074,30.293262999999996,,https://www.census.gov/geographies/reference-files/time-series/geo/gazetteer-files.2024.html
ITC-0362,USA,Florida,FL,Madison,Madison,YES,US-CENSUS-FIPS,12079,US-FIPS:12079,STABLE_ID + LOCAL_QA_POLYGON,-83.47364091203991,30.455181,,https://www.census.gov/geographies/reference-files/time-series/geo/gazetteer-files.2024.html
ITC-0363,USA,Florida,FL,Manatee,Manatee,YES,US-CENSUS-FIPS,12081,US-FIPS:12081,STABLE_ID + LOCAL_QA_POLYGON,-82.36952075287766,27.430768,,https://www.census.gov/geographies/reference-files/time-series/geo/gazetteer-files.2024.html
ITC-0364,USA,Florida,FL,Marion,Marion,YES,US-CENSUS-FIPS,12083,US-FIPS:12083,STABLE_ID + LOCAL_QA_POLYGON,-82.02268782118608,29.237447500000002,,https://www.census.gov/geographies/reference-files/time-series/geo/gazetteer-files.2024.html
ITC-0365,USA,Florida,FL,Martin,Martin,YES,US-CENSUS-FIPS,12085,US-FIPS:12085,STABLE_ID + LOCAL_QA_POLYGON,-80.41823432667695,27.09939548800085,,https://www.census.gov/geographies/reference-files/time-series/geo/gazetteer-files.2024.html
ITC-0366,USA,Florida,FL,Miami-Dade,Miami-Dade,YES,US-CENSUS-FIPS,12086,US-FIPS:12086,STABLE_ID + LOCAL_QA_POLYGON,-80.59142148135402,25.549346273246847,,https://www.census.gov/geographies/reference-files/time-series/geo/gazetteer-files.2024.html
ITC-0367,USA,Florida,FL,Monroe,Monroe,YES,US-CENSUS-FIPS,12087,US-FIPS:12087,STABLE_ID + LOCAL_QA_POLYGON,-81.01544485930566,25.4357125,,https://www.census.gov/geographies/reference-files/time-series/geo/gazetteer-files.2024.html
ITC-0368,USA,Florida,FL,Nassau,Nassau,YES,US-CENSUS-FIPS,12089,US-FIPS:12089,STABLE_ID + LOCAL_QA_POLYGON,-81.87532403903644,30.5502795,,https://www.census.gov/geographies/reference-files/time-series/geo/gazetteer-files.2024.html
ITC-0369,USA,Florida,FL,Okaloosa,Okaloosa,YES,US-CENSUS-FIPS,12091,US-FIPS:12091,STABLE_ID + LOCAL_QA_POLYGON,-86.5923171611031,30.6894555,,https://www.census.gov/geographies/reference-files/time-series/geo/gazetteer-files.2024.html
ITC-0370,USA,Florida,FL,Okeechobee,Okeechobee,YES,US-CENSUS-FIPS,12093,US-FIPS:12093,STABLE_ID + LOCAL_QA_POLYGON,-80.8409239786584,27.3010515,,https://www.census.gov/geographies/reference-files/time-series/geo/gazetteer-files.2024.html
ITC-0371,USA,Florida,FL,Orange,Orange,YES,US-CENSUS-FIPS,12095,US-FIPS:12095,STABLE_ID + LOCAL_QA_POLYGON,-81.29507708150749,28.567141,,https://www.census.gov/geographies/reference-files/time-series/geo/gazetteer-files.2024.html
ITC-0372,USA,Florida,FL,Osceola,Osceola,YES,US-CENSUS-FIPS,12097,US-FIPS:12097,STABLE_ID + LOCAL_QA_POLYGON,-81.12514762670956,27.993232,,https://www.census.gov/geographies/reference-files/time-series/geo/gazetteer-files.2024.html
ITC-0373,USA,Florida,FL,Palm Beach,Palm Beach,YES,US-CENSUS-FIPS,12099,US-FIPS:12099,STABLE_ID + LOCAL_QA_POLYGON,-80.4606166143487,26.630930822769898,,https://www.census.gov/geographies/reference-files/time-series/geo/gazetteer-files.2024.html
ITC-0374,USA,Florida,FL,Pasco,Pasco,YES,US-CENSUS-FIPS,12101,US-FIPS:12101,STABLE_ID + LOCAL_QA_POLYGON,-82.3936005855276,28.324862776474948,,https://www.census.gov/geographies/reference-files/time-series/geo/gazetteer-files.2024.html
ITC-0375,USA,Florida,FL,Pinellas,Pinellas,YES,US-CENSUS-FIPS,12103,US-FIPS:12103,STABLE_ID + LOCAL_QA_POLYGON,-82.74131695935816,27.89287390007255,,https://www.census.gov/geographies/reference-files/time-series/geo/gazetteer-files.2024.html
ITC-0376,USA,Florida,FL,Polk,Polk,YES,US-CENSUS-FIPS,12105,US-FIPS:12105,STABLE_ID + LOCAL_QA_POLYGON,-81.73817495580424,28.0026305,,https://www.census.gov/geographies/reference-files/time-series/geo/gazetteer-files.2024.html
ITC-0377,USA,Florida,FL,Putnam,Putnam,YES,US-CENSUS-FIPS,12107,US-FIPS:12107,STABLE_ID + LOCAL_QA_POLYGON,-81.78916087251145,29.586878999999996,,https://www.census.gov/geographies/reference-files/time-series/geo/gazetteer-files.2024.html
ITC-0378,USA,Florida,FL,Santa Rosa,Santa Rosa,YES,US-CENSUS-FIPS,12113,US-FIPS:12113,STABLE_ID + LOCAL_QA_POLYGON,-87.02968809051366,30.666642,,https://www.census.gov/geographies/reference-files/time-series/geo/gazetteer-files.2024.html
ITC-0379,USA,Florida,FL,Sarasota,Sarasota,YES,US-CENSUS-FIPS,12115,US-FIPS:12115,STABLE_ID + LOCAL_QA_POLYGON,-82.27344225879546,27.165183988962646,,https://www.census.gov/geographies/reference-files/time-series/geo/gazetteer-files.2024.html
ITC-0380,USA,Florida,FL,Seminole,Seminole,YES,US-CENSUS-FIPS,12117,US-FIPS:12117,STABLE_ID + LOCAL_QA_POLYGON,-81.23941332357047,28.7448325,,https://www.census.gov/geographies/reference-files/time-series/geo/gazetteer-files.2024.html
ITC-0381,USA,Florida,FL,St. Johns,St. Johns,YES,US-CENSUS-FIPS,12109,US-FIPS:12109,STABLE_ID + LOCAL_QA_POLYGON,-81.44899338626121,29.938795999999996,,https://www.census.gov/geographies/reference-files/time-series/geo/gazetteer-files.2024.html
ITC-0382,USA,Florida,FL,St. Lucie,St. Lucie,YES,US-CENSUS-FIPS,12111,US-FIPS:12111,STABLE_ID + LOCAL_QA_POLYGON,-80.46816378563187,27.394857036003252,,https://www.census.gov/geographies/reference-files/time-series/geo/gazetteer-files.2024.html
ITC-0383,USA,Florida,FL,Sumter,Sumter,YES,US-CENSUS-FIPS,12119,US-FIPS:12119,STABLE_ID + LOCAL_QA_POLYGON,-82.10582167721947,28.633086499999997,,https://www.census.gov/geographies/reference-files/time-series/geo/gazetteer-files.2024.html
ITC-0384,USA,Florida,FL,Suwannee,Suwannee,YES,US-CENSUS-FIPS,12121,US-FIPS:12121,STABLE_ID + LOCAL_QA_POLYGON,-83.01326020039093,30.163201,,https://www.census.gov/geographies/reference-files/time-series/geo/gazetteer-files.2024.html
ITC-0385,USA,Florida,FL,Taylor,Taylor,YES,US-CENSUS-FIPS,12123,US-FIPS:12123,STABLE_ID + LOCAL_QA_POLYGON,-83.60082591512887,29.985511499999998,,https://www.census.gov/geographies/reference-files/time-series/geo/gazetteer-files.2024.html
ITC-0386,USA,Florida,FL,Union,Union,YES,US-CENSUS-FIPS,12125,US-FIPS:12125,STABLE_ID + LOCAL_QA_POLYGON,-82.38591750738964,30.031309999999998,,https://www.census.gov/geographies/reference-files/time-series/geo/gazetteer-files.2024.html
ITC-0387,USA,Florida,FL,Volusia,Volusia,YES,US-CENSUS-FIPS,12127,US-FIPS:12127,STABLE_ID + LOCAL_QA_POLYGON,-81.13768471484374,29.019798,,https://www.census.gov/geographies/reference-files/time-series/geo/gazetteer-files.2024.html
ITC-0388,USA,Florida,FL,Wakulla,Wakulla,YES,US-CENSUS-FIPS,12129,US-FIPS:12129,STABLE_ID + LOCAL_QA_POLYGON,-84.37198537100087,30.135234999999998,,https://www.census.gov/geographies/reference-files/time-series/geo/gazetteer-files.2024.html
ITC-0389,USA,Florida,FL,Walton,Walton,YES,US-CENSUS-FIPS,12131,US-FIPS:12131,STABLE_ID + LOCAL_QA_POLYGON,-86.1527717086052,30.6335275,,https://www.census.gov/geographies/reference-files/time-series/geo/gazetteer-files.2024.html
ITC-0390,USA,Florida,FL,Washington,Washington,YES,US-CENSUS-FIPS,12133,US-FIPS:12133,STABLE_ID + LOCAL_QA_POLYGON,-85.6720073724347,30.611026,,https://www.census.gov/geographies/reference-files/time-series/geo/gazetteer-files.2024.html
ITC-0391,USA,Georgia,GA,Appling,Appling,YES,US-CENSUS-FIPS,13001,US-FIPS:13001,STABLE_ID + LOCAL_QA_POLYGON,-82.32713445124925,31.7214035,,https://www.census.gov/geographies/reference-files/time-series/geo/gazetteer-files.2024.html
ITC-0392,USA,Georgia,GA,Atkinson,Atkinson,YES,US-CENSUS-FIPS,13003,US-FIPS:13003,STABLE_ID + LOCAL_QA_POLYGON,-82.84126582287104,31.301886,,https://www.census.gov/geographies/reference-files/time-series/geo/gazetteer-files.2024.html
ITC-0393,USA,Georgia,GA,Bacon,Bacon,YES,US-CENSUS-FIPS,13005,US-FIPS:13005,STABLE_ID + LOCAL_QA_POLYGON,-82.44630017039273,31.564873,,https://www.census.gov/geographies/reference-files/time-series/geo/gazetteer-files.2024.html
ITC-0394,USA,Georgia,GA,Baker,Baker,YES,US-CENSUS-FIPS,13007,US-FIPS:13007,STABLE_ID + LOCAL_QA_POLYGON,-84.49739201369079,31.266999,,https://www.census.gov/geographies/reference-files/time-series/geo/gazetteer-files.2024.html
ITC-0395,USA,Georgia,GA,Baldwin,Baldwin,YES,US-CENSUS-FIPS,13009,US-FIPS:13009,STABLE_ID + LOCAL_QA_POLYGON,-83.25186778591996,33.0588365,,https://www.census.gov/geographies/reference-files/time-series/geo/gazetteer-files.2024.html
ITC-0396,USA,Georgia,GA,Banks,Banks,YES,US-CENSUS-FIPS,13011,US-FIPS:13011,STABLE_ID + LOCAL_QA_POLYGON,-83.52114781621484,34.345727,,https://www.census.gov/geographies/reference-files/time-series/geo/gazetteer-files.2024.html
ITC-0397,USA,Georgia,GA,Barrow,Barrow,YES,US-CENSUS-FIPS,13013,US-FIPS:13013,STABLE_ID + LOCAL_QA_POLYGON,-83.7101153405589,34.012243999999995,,https://www.census.gov/geographies/reference-files/time-series/geo/gazetteer-files.2024.html
ITC-0398,USA,Georgia,GA,Bartow,Bartow,YES,US-CENSUS-FIPS,13015,US-FIPS:13015,STABLE_ID + LOCAL_QA_POLYGON,-84.83878057366647,34.2368525,,https://www.census.gov/geographies/reference-files/time-series/geo/gazetteer-files.2024.html
ITC-0399,USA,Georgia,GA,Ben Hill,Ben Hill,YES,US-CENSUS-FIPS,13017,US-FIPS:13017,STABLE_ID + LOCAL_QA_POLYGON,-83.16087949145373,31.7515945,,https://www.census.gov/geographies/reference-files/time-series/geo/gazetteer-files.2024.html
ITC-0400,USA,Georgia,GA,Berrien,Berrien,YES,US-CENSUS-FIPS,13019,US-FIPS:13019,STABLE_ID + LOCAL_QA_POLYGON,-83.19329087565,31.250718999999997,,https://www.census.gov/geographies/reference-files/time-series/geo/gazetteer-files.2024.html
ITC-0401,USA,Georgia,GA,Bibb,Bibb,YES,US-CENSUS-FIPS,13021,US-FIPS:13021,STABLE_ID + LOCAL_QA_POLYGON,-83.68480066562333,32.8060465,,https://www.census.gov/geographies/reference-files/time-series/geo/gazetteer-files.2024.html
ITC-0402,USA,Georgia,GA,Bleckley,Bleckley,YES,US-CENSUS-FIPS,13023,US-FIPS:13023,STABLE_ID + LOCAL_QA_POLYGON,-83.34483091705428,32.4284715,,https://www.census.gov/geographies/reference-files/time-series/geo/gazetteer-files.2024.html
ITC-0403,USA,Georgia,GA,Brantley,Brantley,YES,US-CENSUS-FIPS,13025,US-FIPS:13025,STABLE_ID + LOCAL_QA_POLYGON,-82.02001279905,31.187463,,https://www.census.gov/geographies/reference-files/time-series/geo/gazetteer-files.2024.html
ITC-0404,USA,Georgia,GA,Brooks,Brooks,YES,US-CENSUS-FIPS,13027,US-FIPS:13027,STABLE_ID + LOCAL_QA_POLYGON,-83.54545332829622,30.8580745,,https://www.census.gov/geographies/reference-files/time-series/geo/gazetteer-files.2024.html
ITC-0405,USA,Georgia,GA,Bryan,Bryan,YES,US-CENSUS-FIPS,13029,US-FIPS:13029,STABLE_ID + LOCAL_QA_POLYGON,-81.45068831218825,31.9836425,,https://www.census.gov/geographies/reference-files/time-series/geo/gazetteer-files.2024.html
ITC-0406,USA,Georgia,GA,Bulloch,Bulloch,YES,US-CENSUS-FIPS,13031,US-FIPS:13031,STABLE_ID + LOCAL_QA_POLYGON,-81.72851198439619,32.4031085,,https://www.census.gov/geographies/reference-files/time-series/geo/gazetteer-files.2024.html
ITC-0407,USA,Georgia,GA,Burke,Burke,YES,US-CENSUS-FIPS,13033,US-FIPS:13033,STABLE_ID + LOCAL_QA_POLYGON,-81.92451741331897,33.0504177265261,,https://www.census.gov/geographies/reference-files/time-series/geo/gazetteer-files.2024.html
ITC-0408,USA,Georgia,GA,Butts,Butts,YES,US-CENSUS-FIPS,13035,US-FIPS:13035,STABLE_ID + LOCAL_QA_POLYGON,-83.94812934716263,33.314427499999994,,https://www.census.gov/geographies/reference-files/time-series/geo/gazetteer-files.2024.html
ITC-0409,USA,Georgia,GA,Calhoun,Calhoun,YES,US-CENSUS-FIPS,13037,US-FIPS:13037,STABLE_ID + LOCAL_QA_POLYGON,-84.63264090569258,31.537164999999998,,https://www.census.gov/geographies/reference-files/time-series/geo/gazetteer-files.2024.html
ITC-0410,USA,Georgia,GA,Camden,Camden,YES,US-CENSUS-FIPS,13039,US-FIPS:13039,STABLE_ID + LOCAL_QA_POLYGON,-81.65307418696062,30.9377225,,https://www.census.gov/geographies/reference-files/time-series/geo/gazetteer-files.2024.html
ITC-0411,USA,Georgia,GA,Candler,Candler,YES,US-CENSUS-FIPS,13043,US-FIPS:13043,STABLE_ID + LOCAL_QA_POLYGON,-82.06856094088977,32.400294,,https://www.census.gov/geographies/reference-files/time-series/geo/gazetteer-files.2024.html
ITC-0412,USA,Georgia,GA,Carroll,Carroll,YES,US-CENSUS-FIPS,13045,US-FIPS:13045,STABLE_ID + LOCAL_QA_POLYGON,-85.11814790739756,33.622028,,https://www.census.gov/geographies/reference-files/time-series/geo/gazetteer-files.2024.html
ITC-0413,USA,Georgia,GA,Catoosa,Catoosa,YES,US-CENSUS-FIPS,13047,US-FIPS:13047,STABLE_ID + LOCAL_QA_POLYGON,-85.143838,34.8779125,,https://www.census.gov/geographies/reference-files/time-series/geo/gazetteer-files.2024.html
ITC-0414,USA,Georgia,GA,Charlton,Charlton,YES,US-CENSUS-FIPS,13049,US-FIPS:13049,STABLE_ID + LOCAL_QA_POLYGON,-82.10420798205786,30.7126125,,https://www.census.gov/geographies/reference-files/time-series/geo/gazetteer-files.2024.html
ITC-0415,USA,Georgia,GA,Chatham,Chatham,YES,US-CENSUS-FIPS,13051,US-FIPS:13051,STABLE_ID + LOCAL_QA_POLYGON,-81.07380868386238,31.9793025,,https://www.census.gov/geographies/reference-files/time-series/geo/gazetteer-files.2024.html
ITC-0416,USA,Georgia,GA,Chattahoochee,Chattahoochee,YES,US-CENSUS-FIPS,13053,US-FIPS:13053,STABLE_ID + LOCAL_QA_POLYGON,-84.8011837066629,32.377897,,https://www.census.gov/geographies/reference-files/time-series/geo/gazetteer-files.2024.html
ITC-0417,USA,Georgia,GA,Chattooga,Chattooga,YES,US-CENSUS-FIPS,13055,US-FIPS:13055,STABLE_ID + LOCAL_QA_POLYGON,-85.33703919418899,34.437934,,https://www.census.gov/geographies/reference-files/time-series/geo/gazetteer-files.2024.html
ITC-0418,USA,Georgia,GA,Cherokee,Cherokee,YES,US-CENSUS-FIPS,13057,US-FIPS:13057,STABLE_ID + LOCAL_QA_POLYGON,-84.45603007681834,34.2441075,,https://www.census.gov/geographies/reference-files/time-series/geo/gazetteer-files.2024.html
ITC-0419,USA,Georgia,GA,Clarke,Clarke,YES,US-CENSUS-FIPS,13059,US-FIPS:13059,STABLE_ID + LOCAL_QA_POLYGON,-83.39818228874749,33.9445645,,https://www.census.gov/geographies/reference-files/time-series/geo/gazetteer-files.2024.html
ITC-0420,USA,Georgia,GA,Clay,Clay,YES,US-CENSUS-FIPS,13061,US-FIPS:13061,STABLE_ID + LOCAL_QA_POLYGON,-85.00969132106547,31.633217,,https://www.census.gov/geographies/reference-files/time-series/geo/gazetteer-files.2024.html
ITC-0421,USA,Georgia,GA,Clayton,Clayton,YES,US-CENSUS-FIPS,13063,US-FIPS:13063,STABLE_ID + LOCAL_QA_POLYGON,-84.35205388874664,33.500358,,https://www.census.gov/geographies/reference-files/time-series/geo/gazetteer-files.2024.html
ITC-0422,USA,Georgia,GA,Clinch,Clinch,YES,US-CENSUS-FIPS,13065,US-FIPS:13065,STABLE_ID + LOCAL_QA_POLYGON,-82.7310995442719,30.9059115,,https://www.census.gov/geographies/reference-files/time-series/geo/gazetteer-files.2024.html
ITC-0423,USA,Georgia,GA,Cobb,Cobb,YES,US-CENSUS-FIPS,13067,US-FIPS:13067,STABLE_ID + LOCAL_QA_POLYGON,-84.58376652445564,33.914063,,https://www.census.gov/geographies/reference-files/time-series/geo/gazetteer-files.2024.html
ITC-0424,USA,Georgia,GA,Coffee,Coffee,YES,US-CENSUS-FIPS,13069,US-FIPS:13069,STABLE_ID + LOCAL_QA_POLYGON,-82.84360050012384,31.5953925,,https://www.census.gov/geographies/reference-files/time-series/geo/gazetteer-files.2024.html
ITC-0425,USA,Georgia,GA,Colquitt,Colquitt,YES,US-CENSUS-FIPS,13071,US-FIPS:13071,STABLE_ID + LOCAL_QA_POLYGON,-83.77075914821859,31.179872,,https://www.census.gov/geographies/reference-files/time-series/geo/gazetteer-files.2024.html
ITC-0426,USA,Georgia,GA,Columbia,Columbia,YES,US-CENSUS-FIPS,13073,US-FIPS:13073,STABLE_ID + LOCAL_QA_POLYGON,-82.22156389307207,33.527514499999995,,https://www.census.gov/geographies/reference-files/time-series/geo/gazetteer-files.2024.html
ITC-0427,USA,Georgia,GA,Cook,Cook,YES,US-CENSUS-FIPS,13075,US-FIPS:13075,STABLE_ID + LOCAL_QA_POLYGON,-83.42863561305273,31.1883055,,https://www.census.gov/geographies/reference-files/time-series/geo/gazetteer-files.2024.html
ITC-0428,USA,Georgia,GA,Coweta,Coweta,YES,US-CENSUS-FIPS,13077,US-FIPS:13077,STABLE_ID + LOCAL_QA_POLYGON,-84.7800780526784,33.3518185,,https://www.census.gov/geographies/reference-files/time-series/geo/gazetteer-files.2024.html
ITC-0429,USA,Georgia,GA,Crawford,Crawford,YES,US-CENSUS-FIPS,13079,US-FIPS:13079,STABLE_ID + LOCAL_QA_POLYGON,-83.96102776095307,32.693473499999996,,https://www.census.gov/geographies/reference-files/time-series/geo/gazetteer-files.2024.html
ITC-0430,USA,Georgia,GA,Crisp,Crisp,YES,US-CENSUS-FIPS,13081,US-FIPS:13081,STABLE_ID + LOCAL_QA_POLYGON,-83.76609083841898,31.9178465,,https://www.census.gov/geographies/reference-files/time-series/geo/gazetteer-files.2024.html
ITC-0431,USA,Georgia,GA,Dade,Dade,YES,US-CENSUS-FIPS,13083,US-FIPS:13083,STABLE_ID + LOCAL_QA_POLYGON,-85.51153162249551,34.80634683062149,,https://www.census.gov/geographies/reference-files/time-series/geo/gazetteer-files.2024.html
ITC-0432,USA,Georgia,GA,Dawson,Dawson,YES,US-CENSUS-FIPS,13085,US-FIPS:13085,STABLE_ID + LOCAL_QA_POLYGON,-84.22393451893339,34.480926499999995,,https://www.census.gov/geographies/reference-files/time-series/geo/gazetteer-files.2024.html
ITC-0433,USA,Georgia,GA,Decatur,Decatur,YES,US-CENSUS-FIPS,13087,US-FIPS:13087,STABLE_ID + LOCAL_QA_POLYGON,-84.57224347409833,30.882441,,https://www.census.gov/geographies/reference-files/time-series/geo/gazetteer-files.2024.html
ITC-0434,USA,Georgia,GA,DeKalb,DeKalb,YES,US-CENSUS-FIPS,13089,US-FIPS:13089,STABLE_ID + LOCAL_QA_POLYGON,-84.22125116385922,33.795438499999996,,https://www.census.gov/geographies/reference-files/time-series/geo/gazetteer-files.2024.html
ITC-0435,USA,Georgia,GA,Dodge,Dodge,YES,US-CENSUS-FIPS,13091,US-FIPS:13091,STABLE_ID + LOCAL_QA_POLYGON,-83.1499549506118,32.177516999999995,,https://www.census.gov/geographies/reference-files/time-series/geo/gazetteer-files.2024.html
ITC-0436,USA,Georgia,GA,Dooly,Dooly,YES,US-CENSUS-FIPS,13093,US-FIPS:13093,STABLE_ID + LOCAL_QA_POLYGON,-83.82003024069664,32.1602285,,https://www.census.gov/geographies/reference-files/time-series/geo/gazetteer-files.2024.html
ITC-0437,USA,Georgia,GA,Dougherty,Dougherty,YES,US-CENSUS-FIPS,13095,US-FIPS:13095,STABLE_ID + LOCAL_QA_POLYGON,-84.22227346346978,31.542253,,https://www.census.gov/geographies/reference-files/time-series/geo/gazetteer-files.2024.html
ITC-0438,USA,Georgia,GA,Douglas,Douglas,YES,US-CENSUS-FIPS,13097,US-FIPS:13097,STABLE_ID + LOCAL_QA_POLYGON,-84.76803181897965,33.6881085,,https://www.census.gov/geographies/reference-files/time-series/geo/gazetteer-files.2024.html
ITC-0439,USA,Georgia,GA,Early,Early,YES,US-CENSUS-FIPS,13099,US-FIPS:13099,STABLE_ID + LOCAL_QA_POLYGON,-84.86560859361896,31.29554,,https://www.census.gov/geographies/reference-files/time-series/geo/gazetteer-files.2024.html
ITC-0440,USA,Georgia,GA,Echols,Echols,YES,US-CENSUS-FIPS,13101,US-FIPS:13101,STABLE_ID + LOCAL_QA_POLYGON,-82.94616615466671,30.7320925,,https://www.census.gov/geographies/reference-files/time-series/geo/gazetteer-files.2024.html
ITC-0441,USA,Georgia,GA,Effingham,Effingham,YES,US-CENSUS-FIPS,13103,US-FIPS:13103,STABLE_ID + LOCAL_QA_POLYGON,-81.31377808000698,32.34537806228735,,https://www.census.gov/geographies/reference-files/time-series/geo/gazetteer-files.2024.html
ITC-0442,USA,Georgia,GA,Elbert,Elbert,YES,US-CENSUS-FIPS,13105,US-FIPS:13105,STABLE_ID + LOCAL_QA_POLYGON,-82.85849925745919,34.1214255,,https://www.census.gov/geographies/reference-files/time-series/geo/gazetteer-files.2024.html
ITC-0443,USA,Georgia,GA,Emanuel,Emanuel,YES,US-CENSUS-FIPS,13107,US-FIPS:13107,STABLE_ID + LOCAL_QA_POLYGON,-82.3080355383347,32.56557,,https://www.census.gov/geographies/reference-files/time-series/geo/gazetteer-files.2024.html
ITC-0444,USA,Georgia,GA,Evans,Evans,YES,US-CENSUS-FIPS,13109,US-FIPS:13109,STABLE_ID + LOCAL_QA_POLYGON,-81.88964138503522,32.164542499999996,,https://www.census.gov/geographies/reference-files/time-series/geo/gazetteer-files.2024.html
ITC-0445,USA,Georgia,GA,Fannin,Fannin,YES,US-CENSUS-FIPS,13111,US-FIPS:13111,STABLE_ID + LOCAL_QA_POLYGON,-84.19824212652253,34.7910045,,https://www.census.gov/geographies/reference-files/time-series/geo/gazetteer-files.2024.html
ITC-0446,USA,Georgia,GA,Fayette,Fayette,YES,US-CENSUS-FIPS,13113,US-FIPS:13113,STABLE_ID + LOCAL_QA_POLYGON,-84.49967313013454,33.4032725,,https://www.census.gov/geographies/reference-files/time-series/geo/gazetteer-files.2024.html
ITC-0447,USA,Georgia,GA,Floyd,Floyd,YES,US-CENSUS-FIPS,13115,US-FIPS:13115,STABLE_ID + LOCAL_QA_POLYGON,-85.19401368686677,34.335374,,https://www.census.gov/geographies/reference-files/time-series/geo/gazetteer-files.2024.html
ITC-0448,USA,Georgia,GA,Forsyth,Forsyth,YES,US-CENSUS-FIPS,13117,US-FIPS:13117,STABLE_ID + LOCAL_QA_POLYGON,-84.15144723078276,34.192648500000004,,https://www.census.gov/geographies/reference-files/time-series/geo/gazetteer-files.2024.html
ITC-0449,USA,Georgia,GA,Franklin,Franklin,YES,US-CENSUS-FIPS,13119,US-FIPS:13119,STABLE_ID + LOCAL_QA_POLYGON,-83.24303134101356,34.3839885,,https://www.census.gov/geographies/reference-files/time-series/geo/gazetteer-files.2024.html
ITC-0450,USA,Georgia,GA,Fulton,Fulton,YES,US-CENSUS-FIPS,13121,US-FIPS:13121,STABLE_ID + LOCAL_QA_POLYGON,-84.4040436204246,33.844162,,https://www.census.gov/geographies/reference-files/time-series/geo/gazetteer-files.2024.html
ITC-0451,USA,Georgia,GA,Gilmer,Gilmer,YES,US-CENSUS-FIPS,13123,US-FIPS:13123,STABLE_ID + LOCAL_QA_POLYGON,-84.45424571544726,34.706042499999995,,https://www.census.gov/geographies/reference-files/time-series/geo/gazetteer-files.2024.html
ITC-0452,USA,Georgia,GA,Glascock,Glascock,YES,US-CENSUS-FIPS,13125,US-FIPS:13125,STABLE_ID + LOCAL_QA_POLYGON,-82.62367006781491,33.2239125,,https://www.census.gov/geographies/reference-files/time-series/geo/gazetteer-files.2024.html
ITC-0453,USA,Georgia,GA,Glynn,Glynn,YES,US-CENSUS-FIPS,13127,US-FIPS:13127,STABLE_ID + LOCAL_QA_POLYGON,-81.52280369667247,31.2348175,,https://www.census.gov/geographies/reference-files/time-series/geo/gazetteer-files.2024.html
ITC-0454,USA,Georgia,GA,Gordon,Gordon,YES,US-CENSUS-FIPS,13129,US-FIPS:13129,STABLE_ID + LOCAL_QA_POLYGON,-84.87213200786567,34.515237,,https://www.census.gov/geographies/reference-files/time-series/geo/gazetteer-files.2024.html
ITC-0455,USA,Georgia,GA,Grady,Grady,YES,US-CENSUS-FIPS,13131,US-FIPS:13131,STABLE_ID + LOCAL_QA_POLYGON,-84.22888087801013,30.876956999999997,,https://www.census.gov/geographies/reference-files/time-series/geo/gazetteer-files.2024.html
ITC-0456,USA,Georgia,GA,Greene,Greene,YES,US-CENSUS-FIPS,13133,US-FIPS:13133,STABLE_ID + LOCAL_QA_POLYGON,-83.15378001611359,33.558713499999996,,https://www.census.gov/geographies/reference-files/time-series/geo/gazetteer-files.2024.html
ITC-0457,USA,Georgia,GA,Gwinnett,Gwinnett,YES,US-CENSUS-FIPS,13135,US-FIPS:13135,STABLE_ID + LOCAL_QA_POLYGON,-84.04536831739546,33.95999,,https://www.census.gov/geographies/reference-files/time-series/geo/gazetteer-files.2024.html
ITC-0458,USA,Georgia,GA,Habersham,Habersham,YES,US-CENSUS-FIPS,13137,US-FIPS:13137,STABLE_ID + LOCAL_QA_POLYGON,-83.5156890514522,34.630094,,https://www.census.gov/geographies/reference-files/time-series/geo/gazetteer-files.2024.html
ITC-0459,USA,Georgia,GA,Hall,Hall,YES,US-CENSUS-FIPS,13139,US-FIPS:13139,STABLE_ID + LOCAL_QA_POLYGON,-83.78494886421319,34.306124999999994,,https://www.census.gov/geographies/reference-files/time-series/geo/gazetteer-files.2024.html
ITC-0460,USA,Georgia,GA,Hancock,Hancock,YES,US-CENSUS-FIPS,13141,US-FIPS:13141,STABLE_ID + LOCAL_QA_POLYGON,-82.99875970529605,33.259608,,https://www.census.gov/geographies/reference-files/time-series/geo/gazetteer-files.2024.html
ITC-0461,USA,Georgia,GA,Haralson,Haralson,YES,US-CENSUS-FIPS,13143,US-FIPS:13143,STABLE_ID + LOCAL_QA_POLYGON,-85.20602279558388,33.7769555,,https://www.census.gov/geographies/reference-files/time-series/geo/gazetteer-files.2024.html
ITC-0462,USA,Georgia,GA,Harris,Harris,YES,US-CENSUS-FIPS,13145,US-FIPS:13145,STABLE_ID + LOCAL_QA_POLYGON,-84.90122974307963,32.7279185638521,,https://www.census.gov/geographies/reference-files/time-series/geo/gazetteer-files.2024.html
ITC-0463,USA,Georgia,GA,Hart,Hart,YES,US-CENSUS-FIPS,13147,US-FIPS:13147,STABLE_ID + LOCAL_QA_POLYGON,-82.959314971167,34.351900352661445,,https://www.census.gov/geographies/reference-files/time-series/geo/gazetteer-files.2024.html
ITC-0464,USA,Georgia,GA,Heard,Heard,YES,US-CENSUS-FIPS,13149,US-FIPS:13149,STABLE_ID + LOCAL_QA_POLYGON,-85.1125038597429,33.279664999999994,,https://www.census.gov/geographies/reference-files/time-series/geo/gazetteer-files.2024.html
ITC-0465,USA,Georgia,GA,Henry,Henry,YES,US-CENSUS-FIPS,13151,US-FIPS:13151,STABLE_ID + LOCAL_QA_POLYGON,-84.11953008984082,33.472478499999994,,https://www.census.gov/geographies/reference-files/time-series/geo/gazetteer-files.2024.html
ITC-0466,USA,Georgia,GA,Houston,Houston,YES,US-CENSUS-FIPS,13153,US-FIPS:13153,STABLE_ID + LOCAL_QA_POLYGON,-83.64504556171019,32.4879145,,https://www.census.gov/geographies/reference-files/time-series/geo/gazetteer-files.2024.html
ITC-0467,USA,Georgia,GA,Irwin,Irwin,YES,US-CENSUS-FIPS,13155,US-FIPS:13155,STABLE_ID + LOCAL_QA_POLYGON,-83.26805487323847,31.621572999999998,,https://www.census.gov/geographies/reference-files/time-series/geo/gazetteer-files.2024.html
ITC-0468,USA,Georgia,GA,Jackson,Jackson,YES,US-CENSUS-FIPS,13157,US-FIPS:13157,STABLE_ID + LOCAL_QA_POLYGON,-83.5856515445364,34.130811,,https://www.census.gov/geographies/reference-files/time-series/geo/gazetteer-files.2024.html
ITC-0469,USA,Georgia,GA,Jasper,Jasper,YES,US-CENSUS-FIPS,13159,US-FIPS:13159,STABLE_ID + LOCAL_QA_POLYGON,-83.69166242038231,33.331007,,https://www.census.gov/geographies/reference-files/time-series/geo/gazetteer-files.2024.html
ITC-0470,USA,Georgia,GA,Jeff Davis,Jeff Davis,YES,US-CENSUS-FIPS,13161,US-FIPS:13161,STABLE_ID + LOCAL_QA_POLYGON,-82.66576712803578,31.821741,,https://www.census.gov/geographies/reference-files/time-series/geo/gazetteer-files.2024.html
ITC-0471,USA,Georgia,GA,Jefferson,Jefferson,YES,US-CENSUS-FIPS,13163,US-FIPS:13163,STABLE_ID + LOCAL_QA_POLYGON,-82.44484819824748,33.0379875,,https://www.census.gov/geographies/reference-files/time-series/geo/gazetteer-files.2024.html
ITC-0472,USA,Georgia,GA,Jenkins,Jenkins,YES,US-CENSUS-FIPS,13165,US-FIPS:13165,STABLE_ID + LOCAL_QA_POLYGON,-81.97810870983136,32.7716205,,https://www.census.gov/geographies/reference-files/time-series/geo/gazetteer-files.2024.html
ITC-0473,USA,Georgia,GA,Johnson,Johnson,YES,US-CENSUS-FIPS,13167,US-FIPS:13167,STABLE_ID + LOCAL_QA_POLYGON,-82.64216613349913,32.666433,,https://www.census.gov/geographies/reference-files/time-series/geo/gazetteer-files.2024.html
ITC-0474,USA,Georgia,GA,Jones,Jones,YES,US-CENSUS-FIPS,13169,US-FIPS:13169,STABLE_ID + LOCAL_QA_POLYGON,-83.55620464765072,33.0105525,,https://www.census.gov/geographies/reference-files/time-series/geo/gazetteer-files.2024.html
ITC-0475,USA,Georgia,GA,Lamar,Lamar,YES,US-CENSUS-FIPS,13171,US-FIPS:13171,STABLE_ID + LOCAL_QA_POLYGON,-84.14528081770729,33.070656,,https://www.census.gov/geographies/reference-files/time-series/geo/gazetteer-files.2024.html
ITC-0476,USA,Georgia,GA,Lanier,Lanier,YES,US-CENSUS-FIPS,13173,US-FIPS:13173,STABLE_ID + LOCAL_QA_POLYGON,-83.07511343712888,31.010444,,https://www.census.gov/geographies/reference-files/time-series/geo/gazetteer-files.2024.html
ITC-0477,USA,Georgia,GA,Laurens,Laurens,YES,US-CENSUS-FIPS,13175,US-FIPS:13175,STABLE_ID + LOCAL_QA_POLYGON,-82.92224602655057,32.430699499999996,,https://www.census.gov/geographies/reference-files/time-series/geo/gazetteer-files.2024.html
ITC-0478,USA,Georgia,GA,Lee,Lee,YES,US-CENSUS-FIPS,13177,US-FIPS:13177,STABLE_ID + LOCAL_QA_POLYGON,-84.13668211973433,31.767345999999996,,https://www.census.gov/geographies/reference-files/time-series/geo/gazetteer-files.2024.html
ITC-0479,USA,Georgia,GA,Liberty,Liberty,YES,US-CENSUS-FIPS,13179,US-FIPS:13179,STABLE_ID + LOCAL_QA_POLYGON,-81.52438297750336,31.824450999999996,,https://www.census.gov/geographies/reference-files/time-series/geo/gazetteer-files.2024.html
ITC-0480,USA,Georgia,GA,Lincoln,Lincoln,YES,US-CENSUS-FIPS,13181,US-FIPS:13181,STABLE_ID + LOCAL_QA_POLYGON,-82.44975691553708,33.810351999999995,,https://www.census.gov/geographies/reference-files/time-series/geo/gazetteer-files.2024.html
ITC-0481,USA,Georgia,GA,Long,Long,YES,US-CENSUS-FIPS,13183,US-FIPS:13183,STABLE_ID + LOCAL_QA_POLYGON,-81.79704659214367,31.778070999999997,,https://www.census.gov/geographies/reference-files/time-series/geo/gazetteer-files.2024.html
ITC-0482,USA,Georgia,GA,Lowndes,Lowndes,YES,US-CENSUS-FIPS,13185,US-FIPS:13185,STABLE_ID + LOCAL_QA_POLYGON,-83.24597004384738,30.828028,,https://www.census.gov/geographies/reference-files/time-series/geo/gazetteer-files.2024.html
ITC-0483,USA,Georgia,GA,Lumpkin,Lumpkin,YES,US-CENSUS-FIPS,13187,US-FIPS:13187,STABLE_ID + LOCAL_QA_POLYGON,-84.02691731837993,34.580765,,https://www.census.gov/geographies/reference-files/time-series/geo/gazetteer-files.2024.html
ITC-0484,USA,Georgia,GA,Macon,Macon,YES,US-CENSUS-FIPS,13193,US-FIPS:13193,STABLE_ID + LOCAL_QA_POLYGON,-84.05104208230563,32.3478545,,https://www.census.gov/geographies/reference-files/time-series/geo/gazetteer-files.2024.html
ITC-0485,USA,Georgia,GA,Madison,Madison,YES,US-CENSUS-FIPS,13195,US-FIPS:13195,STABLE_ID + LOCAL_QA_POLYGON,-83.2065083905701,34.1364655,,https://www.census.gov/geographies/reference-files/time-series/geo/gazetteer-files.2024.html
ITC-0486,USA,Georgia,GA,Marion,Marion,YES,US-CENSUS-FIPS,13197,US-FIPS:13197,STABLE_ID + LOCAL_QA_POLYGON,-84.52433919138039,32.355148,,https://www.census.gov/geographies/reference-files/time-series/geo/gazetteer-files.2024.html
ITC-0487,USA,Georgia,GA,McDuffie,McDuffie,YES,US-CENSUS-FIPS,13189,US-FIPS:13189,STABLE_ID + LOCAL_QA_POLYGON,-82.4951796693766,33.485091,,https://www.census.gov/geographies/reference-files/time-series/geo/gazetteer-files.2024.html
ITC-0488,USA,Georgia,GA,McIntosh,McIntosh,YES,US-CENSUS-FIPS,13191,US-FIPS:13191,STABLE_ID + LOCAL_QA_POLYGON,-81.4201541796875,31.4936515,,https://www.census.gov/geographies/reference-files/time-series/geo/gazetteer-files.2024.html
ITC-0489,USA,Georgia,GA,Meriwether,Meriwether,YES,US-CENSUS-FIPS,13199,US-FIPS:13199,STABLE_ID + LOCAL_QA_POLYGON,-84.69968169616152,33.039948499999994,,https://www.census.gov/geographies/reference-files/time-series/geo/gazetteer-files.2024.html
ITC-0490,USA,Georgia,GA,Miller,Miller,YES,US-CENSUS-FIPS,13201,US-FIPS:13201,STABLE_ID + LOCAL_QA_POLYGON,-84.73016587544065,31.1627645,,https://www.census.gov/geographies/reference-files/time-series/geo/gazetteer-files.2024.html
ITC-0491,USA,Georgia,GA,Mitchell,Mitchell,YES,US-CENSUS-FIPS,13205,US-FIPS:13205,STABLE_ID + LOCAL_QA_POLYGON,-84.17923102032407,31.261604499999997,,https://www.census.gov/geographies/reference-files/time-series/geo/gazetteer-files.2024.html
ITC-0492,USA,Georgia,GA,Monroe,Monroe,YES,US-CENSUS-FIPS,13207,US-FIPS:13207,STABLE_ID + LOCAL_QA_POLYGON,-83.88261917414131,33.0252735,,https://www.census.gov/geographies/reference-files/time-series/geo/gazetteer-files.2024.html
ITC-0493,USA,Georgia,GA,Montgomery,Montgomery,YES,US-CENSUS-FIPS,13209,US-FIPS:13209,STABLE_ID + LOCAL_QA_POLYGON,-82.53314160517218,32.153319499999995,,https://www.census.gov/geographies/reference-files/time-series/geo/gazetteer-files.2024.html
ITC-0494,USA,Georgia,GA,Morgan,Morgan,YES,US-CENSUS-FIPS,13211,US-FIPS:13211,STABLE_ID + LOCAL_QA_POLYGON,-83.50884398463438,33.62595,,https://www.census.gov/geographies/reference-files/time-series/geo/gazetteer-files.2024.html
ITC-0495,USA,Georgia,GA,Murray,Murray,YES,US-CENSUS-FIPS,13213,US-FIPS:13213,STABLE_ID + LOCAL_QA_POLYGON,-84.74267527740018,34.786469499999995,,https://www.census.gov/geographies/reference-files/time-series/geo/gazetteer-files.2024.html
ITC-0496,USA,Georgia,GA,Muscogee,Muscogee,YES,US-CENSUS-FIPS,13215,US-FIPS:13215,STABLE_ID + LOCAL_QA_POLYGON,-84.863867226407,32.491550000000004,,https://www.census.gov/geographies/reference-files/time-series/geo/gazetteer-files.2024.html
ITC-0497,USA,Georgia,GA,Newton,Newton,YES,US-CENSUS-FIPS,13217,US-FIPS:13217,STABLE_ID + LOCAL_QA_POLYGON,-83.84119951028694,33.556984,,https://www.census.gov/geographies/reference-files/time-series/geo/gazetteer-files.2024.html
ITC-0498,USA,Georgia,GA,Oconee,Oconee,YES,US-CENSUS-FIPS,13219,US-FIPS:13219,STABLE_ID + LOCAL_QA_POLYGON,-83.41597729708073,33.8317105,,https://www.census.gov/geographies/reference-files/time-series/geo/gazetteer-files.2024.html
ITC-0499,USA,Georgia,GA,Oglethorpe,Oglethorpe,YES,US-CENSUS-FIPS,13221,US-FIPS:13221,STABLE_ID + LOCAL_QA_POLYGON,-83.0908223991135,33.8679465,,https://www.census.gov/geographies/reference-files/time-series/geo/gazetteer-files.2024.html
ITC-0500,USA,Georgia,GA,Paulding,Paulding,YES,US-CENSUS-FIPS,13223,US-FIPS:13223,STABLE_ID + LOCAL_QA_POLYGON,-84.88701687397923,33.919611,,https://www.census.gov/geographies/reference-files/time-series/geo/gazetteer-files.2024.html
ITC-0501,USA,Georgia,GA,Peach,Peach,YES,US-CENSUS-FIPS,13225,US-FIPS:13225,STABLE_ID + LOCAL_QA_POLYGON,-83.83262938796751,32.5663325,,https://www.census.gov/geographies/reference-files/time-series/geo/gazetteer-files.2024.html
ITC-0502,USA,Georgia,GA,Pickens,Pickens,YES,US-CENSUS-FIPS,13227,US-FIPS:13227,STABLE_ID + LOCAL_QA_POLYGON,-84.48664286331541,34.4697235,,https://www.census.gov/geographies/reference-files/time-series/geo/gazetteer-files.2024.html
ITC-0503,USA,Georgia,GA,Pierce,Pierce,YES,US-CENSUS-FIPS,13229,US-FIPS:13229,STABLE_ID + LOCAL_QA_POLYGON,-82.22125561188267,31.366890499999997,,https://www.census.gov/geographies/reference-files/time-series/geo/gazetteer-files.2024.html
ITC-0504,USA,Georgia,GA,Pike,Pike,YES,US-CENSUS-FIPS,13231,US-FIPS:13231,STABLE_ID + LOCAL_QA_POLYGON,-84.38320918650714,33.0894225,,https://www.census.gov/geographies/reference-files/time-series/geo/gazetteer-files.2024.html
ITC-0505,USA,Georgia,GA,Polk,Polk,YES,US-CENSUS-FIPS,13233,US-FIPS:13233,STABLE_ID + LOCAL_QA_POLYGON,-85.18243096635419,33.997878,,https://www.census.gov/geographies/reference-files/time-series/geo/gazetteer-files.2024.html
ITC-0506,USA,Georgia,GA,Pulaski,Pulaski,YES,US-CENSUS-FIPS,13235,US-FIPS:13235,STABLE_ID + LOCAL_QA_POLYGON,-83.48439230777029,32.25948699999999,,https://www.census.gov/geographies/reference-files/time-series/geo/gazetteer-files.2024.html
ITC-0507,USA,Georgia,GA,Putnam,Putnam,YES,US-CENSUS-FIPS,13237,US-FIPS:13237,STABLE_ID + LOCAL_QA_POLYGON,-83.34443921129915,33.324306,,https://www.census.gov/geographies/reference-files/time-series/geo/gazetteer-files.2024.html
ITC-0508,USA,Georgia,GA,Quitman,Quitman,YES,US-CENSUS-FIPS,13239,US-FIPS:13239,STABLE_ID + LOCAL_QA_POLYGON,-85.01851872759302,31.881059999999998,,https://www.census.gov/geographies/reference-files/time-series/geo/gazetteer-files.2024.html
ITC-0509,USA,Georgia,GA,Rabun,Rabun,YES,US-CENSUS-FIPS,13241,US-FIPS:13241,STABLE_ID + LOCAL_QA_POLYGON,-83.45334927624255,34.857330159913104,,https://www.census.gov/geographies/reference-files/time-series/geo/gazetteer-files.2024.html
ITC-0510,USA,Georgia,GA,Randolph,Randolph,YES,US-CENSUS-FIPS,13243,US-FIPS:13243,STABLE_ID + LOCAL_QA_POLYGON,-84.78083254022566,31.774420999999997,,https://www.census.gov/geographies/reference-files/time-series/geo/gazetteer-files.2024.html
ITC-0511,USA,Georgia,GA,Richmond,Richmond,YES,US-CENSUS-FIPS,13245,US-FIPS:13245,STABLE_ID + LOCAL_QA_POLYGON,-82.09170646744022,33.385628499999996,,https://www.census.gov/geographies/reference-files/time-series/geo/gazetteer-files.2024.html
ITC-0512,USA,Georgia,GA,Rockdale,Rockdale,YES,US-CENSUS-FIPS,13247,US-FIPS:13247,STABLE_ID + LOCAL_QA_POLYGON,-84.01154649087141,33.657402499999996,,https://www.census.gov/geographies/reference-files/time-series/geo/gazetteer-files.2024.html
ITC-0513,USA,Georgia,GA,Schley,Schley,YES,US-CENSUS-FIPS,13249,US-FIPS:13249,STABLE_ID + LOCAL_QA_POLYGON,-84.31626107923498,32.293197,,https://www.census.gov/geographies/reference-files/time-series/geo/gazetteer-files.2024.html
ITC-0514,USA,Georgia,GA,Screven,Screven,YES,US-CENSUS-FIPS,13251,US-FIPS:13251,STABLE_ID + LOCAL_QA_POLYGON,-81.62707681624208,32.7675544055554,,https://www.census.gov/geographies/reference-files/time-series/geo/gazetteer-files.2024.html
ITC-0515,USA,Georgia,GA,Seminole,Seminole,YES,US-CENSUS-FIPS,13253,US-FIPS:13253,STABLE_ID + LOCAL_QA_POLYGON,-84.85044986544838,30.891708,,https://www.census.gov/geographies/reference-files/time-series/geo/gazetteer-files.2024.html
ITC-0516,USA,Georgia,GA,Spalding,Spalding,YES,US-CENSUS-FIPS,13255,US-FIPS:13255,STABLE_ID + LOCAL_QA_POLYGON,-84.2707632147968,33.2645955,,https://www.census.gov/geographies/reference-files/time-series/geo/gazetteer-files.2024.html
ITC-0517,USA,Georgia,GA,Stephens,Stephens,YES,US-CENSUS-FIPS,13257,US-FIPS:13257,STABLE_ID + LOCAL_QA_POLYGON,-83.27985968367908,34.5710165,,https://www.census.gov/geographies/reference-files/time-series/geo/gazetteer-files.2024.html
ITC-0518,USA,Georgia,GA,Stewart,Stewart,YES,US-CENSUS-FIPS,13259,US-FIPS:13259,STABLE_ID + LOCAL_QA_POLYGON,-84.84931043636894,32.0760975,,https://www.census.gov/geographies/reference-files/time-series/geo/gazetteer-files.2024.html
ITC-0519,USA,Georgia,GA,Sumter,Sumter,YES,US-CENSUS-FIPS,13261,US-FIPS:13261,STABLE_ID + LOCAL_QA_POLYGON,-84.2058224350658,32.052398499999995,,https://www.census.gov/geographies/reference-files/time-series/geo/gazetteer-files.2024.html
ITC-0520,USA,Georgia,GA,Talbot,Talbot,YES,US-CENSUS-FIPS,13263,US-FIPS:13263,STABLE_ID + LOCAL_QA_POLYGON,-84.51898090035948,32.704519,,https://www.census.gov/geographies/reference-files/time-series/geo/gazetteer-files.2024.html
ITC-0521,USA,Georgia,GA,Taliaferro,Taliaferro,YES,US-CENSUS-FIPS,13265,US-FIPS:13265,STABLE_ID + LOCAL_QA_POLYGON,-82.8566232140234,33.586555000000004,,https://www.census.gov/geographies/reference-files/time-series/geo/gazetteer-files.2024.html
ITC-0522,USA,Georgia,GA,Tattnall,Tattnall,YES,US-CENSUS-FIPS,13267,US-FIPS:13267,STABLE_ID + LOCAL_QA_POLYGON,-82.05322050960473,32.0536885,,https://www.census.gov/geographies/reference-files/time-series/geo/gazetteer-files.2024.html
ITC-0523,USA,Georgia,GA,Taylor,Taylor,YES,US-CENSUS-FIPS,13269,US-FIPS:13269,STABLE_ID + LOCAL_QA_POLYGON,-84.2448078719448,32.56006,,https://www.census.gov/geographies/reference-files/time-series/geo/gazetteer-files.2024.html
ITC-0524,USA,Georgia,GA,Telfair,Telfair,YES,US-CENSUS-FIPS,13271,US-FIPS:13271,STABLE_ID + LOCAL_QA_POLYGON,-82.91296289693315,31.965538,,https://www.census.gov/geographies/reference-files/time-series/geo/gazetteer-files.2024.html
ITC-0525,USA,Georgia,GA,Terrell,Terrell,YES,US-CENSUS-FIPS,13273,US-FIPS:13273,STABLE_ID + LOCAL_QA_POLYGON,-84.43171542149102,31.7936265,,https://www.census.gov/geographies/reference-files/time-series/geo/gazetteer-files.2024.html
ITC-0526,USA,Georgia,GA,Thomas,Thomas,YES,US-CENSUS-FIPS,13275,US-FIPS:13275,STABLE_ID + LOCAL_QA_POLYGON,-83.90721365752084,30.8686735,,https://www.census.gov/geographies/reference-files/time-series/geo/gazetteer-files.2024.html
ITC-0527,USA,Georgia,GA,Tift,Tift,YES,US-CENSUS-FIPS,13277,US-FIPS:13277,STABLE_ID + LOCAL_QA_POLYGON,-83.51796932983667,31.4587875,,https://www.census.gov/geographies/reference-files/time-series/geo/gazetteer-files.2024.html
ITC-0528,USA,Georgia,GA,Toombs,Toombs,YES,US-CENSUS-FIPS,13279,US-FIPS:13279,STABLE_ID + LOCAL_QA_POLYGON,-82.32579014016616,32.131681,,https://www.census.gov/geographies/reference-files/time-series/geo/gazetteer-files.2024.html
ITC-0529,USA,Georgia,GA,Towns,Towns,YES,US-CENSUS-FIPS,13281,US-FIPS:13281,STABLE_ID + LOCAL_QA_POLYGON,-83.72415240490668,34.8917915,,https://www.census.gov/geographies/reference-files/time-series/geo/gazetteer-files.2024.html
ITC-0530,USA,Georgia,GA,Treutlen,Treutlen,YES,US-CENSUS-FIPS,13283,US-FIPS:13283,STABLE_ID + LOCAL_QA_POLYGON,-82.54734102969141,32.403105,,https://www.census.gov/geographies/reference-files/time-series/geo/gazetteer-files.2024.html
ITC-0531,USA,Georgia,GA,Troup,Troup,YES,US-CENSUS-FIPS,13285,US-FIPS:13285,STABLE_ID + LOCAL_QA_POLYGON,-85.0417805625151,33.046628999999996,,https://www.census.gov/geographies/reference-files/time-series/geo/gazetteer-files.2024.html
ITC-0532,USA,Georgia,GA,Turner,Turner,YES,US-CENSUS-FIPS,13287,US-FIPS:13287,STABLE_ID + LOCAL_QA_POLYGON,-83.62524743417981,31.710285999999996,,https://www.census.gov/geographies/reference-files/time-series/geo/gazetteer-files.2024.html
ITC-0533,USA,Georgia,GA,Twiggs,Twiggs,YES,US-CENSUS-FIPS,13289,US-FIPS:13289,STABLE_ID + LOCAL_QA_POLYGON,-83.44295283574408,32.674565,,https://www.census.gov/geographies/reference-files/time-series/geo/gazetteer-files.2024.html
ITC-0534,USA,Georgia,GA,Union,Union,YES,US-CENSUS-FIPS,13291,US-FIPS:13291,STABLE_ID + LOCAL_QA_POLYGON,-83.96078522244241,34.815530499999994,,https://www.census.gov/geographies/reference-files/time-series/geo/gazetteer-files.2024.html
ITC-0535,USA,Georgia,GA,Upson,Upson,YES,US-CENSUS-FIPS,13293,US-FIPS:13293,STABLE_ID + LOCAL_QA_POLYGON,-84.29257190401438,32.844445,,https://www.census.gov/geographies/reference-files/time-series/geo/gazetteer-files.2024.html
ITC-0536,USA,Georgia,GA,Walker,Walker,YES,US-CENSUS-FIPS,13295,US-FIPS:13295,STABLE_ID + LOCAL_QA_POLYGON,-85.3261717092598,34.786156,,https://www.census.gov/geographies/reference-files/time-series/geo/gazetteer-files.2024.html
ITC-0537,USA,Georgia,GA,Walton,Walton,YES,US-CENSUS-FIPS,13297,US-FIPS:13297,STABLE_ID + LOCAL_QA_POLYGON,-83.74688585200252,33.762525499999995,,https://www.census.gov/geographies/reference-files/time-series/geo/gazetteer-files.2024.html
ITC-0538,USA,Georgia,GA,Ware,Ware,YES,US-CENSUS-FIPS,13299,US-FIPS:13299,STABLE_ID + LOCAL_QA_POLYGON,-82.36625543588981,31.020089,,https://www.census.gov/geographies/reference-files/time-series/geo/gazetteer-files.2024.html
ITC-0539,USA,Georgia,GA,Warren,Warren,YES,US-CENSUS-FIPS,13301,US-FIPS:13301,STABLE_ID + LOCAL_QA_POLYGON,-82.70175215373018,33.4326575,,https://www.census.gov/geographies/reference-files/time-series/geo/gazetteer-files.2024.html
ITC-0540,USA,Georgia,GA,Washington,Washington,YES,US-CENSUS-FIPS,13303,US-FIPS:13303,STABLE_ID + LOCAL_QA_POLYGON,-82.7988248849633,32.9971025,,https://www.census.gov/geographies/reference-files/time-series/geo/gazetteer-files.2024.html
ITC-0541,USA,Georgia,GA,Wayne,Wayne,YES,US-CENSUS-FIPS,13305,US-FIPS:13305,STABLE_ID + LOCAL_QA_POLYGON,-81.91520821470588,31.578356499999998,,https://www.census.gov/geographies/reference-files/time-series/geo/gazetteer-files.2024.html
ITC-0542,USA,Georgia,GA,Webster,Webster,YES,US-CENSUS-FIPS,13307,US-FIPS:13307,STABLE_ID + LOCAL_QA_POLYGON,-84.53807650255732,32.072176999999996,,https://www.census.gov/geographies/reference-files/time-series/geo/gazetteer-files.2024.html
ITC-0543,USA,Georgia,GA,Wheeler,Wheeler,YES,US-CENSUS-FIPS,13309,US-FIPS:13309,STABLE_ID + LOCAL_QA_POLYGON,-82.7653832462639,32.1159055,,https://www.census.gov/geographies/reference-files/time-series/geo/gazetteer-files.2024.html
ITC-0544,USA,Georgia,GA,White,White,YES,US-CENSUS-FIPS,13311,US-FIPS:13311,STABLE_ID + LOCAL_QA_POLYGON,-83.76691112069,34.6525685,,https://www.census.gov/geographies/reference-files/time-series/geo/gazetteer-files.2024.html
ITC-0545,USA,Georgia,GA,Whitfield,Whitfield,YES,US-CENSUS-FIPS,13313,US-FIPS:13313,STABLE_ID + LOCAL_QA_POLYGON,-84.98794235314685,34.801404,,https://www.census.gov/geographies/reference-files/time-series/geo/gazetteer-files.2024.html
ITC-0546,USA,Georgia,GA,Wilcox,Wilcox,YES,US-CENSUS-FIPS,13315,US-FIPS:13315,STABLE_ID + LOCAL_QA_POLYGON,-83.44999058618401,31.988685999999998,,https://www.census.gov/geographies/reference-files/time-series/geo/gazetteer-files.2024.html
ITC-0547,USA,Georgia,GA,Wilkes,Wilkes,YES,US-CENSUS-FIPS,13317,US-FIPS:13317,STABLE_ID + LOCAL_QA_POLYGON,-82.77817380679159,33.793437499999996,,https://www.census.gov/geographies/reference-files/time-series/geo/gazetteer-files.2024.html
ITC-0548,USA,Georgia,GA,Wilkinson,Wilkinson,YES,US-CENSUS-FIPS,13319,US-FIPS:13319,STABLE_ID + LOCAL_QA_POLYGON,-83.15329663418098,32.796009999999995,,https://www.census.gov/geographies/reference-files/time-series/geo/gazetteer-files.2024.html
ITC-0549,USA,Georgia,GA,Worth,Worth,YES,US-CENSUS-FIPS,13321,US-FIPS:13321,STABLE_ID + LOCAL_QA_POLYGON,-83.8333172807564,31.583795,,https://www.census.gov/geographies/reference-files/time-series/geo/gazetteer-files.2024.html
ITC-0550,USA,Hawaii,HI,Hawaii,Hawaii,YES,US-CENSUS-FIPS,15001,US-FIPS:15001,STABLE_ID + LOCAL_QA_POLYGON,-155.45198122843766,19.5944557774666,,https://www.census.gov/geographies/reference-files/time-series/geo/gazetteer-files.2024.html
ITC-0551,USA,Hawaii,HI,Honolulu,Honolulu,YES,US-CENSUS-FIPS,15003,US-FIPS:15003,STABLE_ID + LOCAL_QA_POLYGON,-158.04072479123363,21.4860431643311,,https://www.census.gov/geographies/reference-files/time-series/geo/gazetteer-files.2024.html
ITC-0552,USA,Hawaii,HI,Kalawao,Kalawao,YES,US-CENSUS-FIPS,15005,US-FIPS:15005,STABLE_ID + LOCAL_QA_POLYGON,-156.9492007556209,21.174155499999998,,https://www.census.gov/geographies/reference-files/time-series/geo/gazetteer-files.2024.html
ITC-0553,USA,Hawaii,HI,Kauai,Kauai,YES,US-CENSUS-FIPS,15007,US-FIPS:15007,STABLE_ID + LOCAL_QA_POLYGON,-159.56186316643823,22.05090400843365,,https://www.census.gov/geographies/reference-files/time-series/geo/gazetteer-files.2024.html
ITC-0554,USA,Hawaii,HI,Maui,Maui,YES,US-CENSUS-FIPS,15009,US-FIPS:15009,STABLE_ID + LOCAL_QA_POLYGON,-156.30884389255155,20.8040895,,https://www.census.gov/geographies/reference-files/time-series/geo/gazetteer-files.2024.html
ITC-0555,USA,Idaho,ID,Ada,Ada,YES,US-CENSUS-FIPS,16001,US-FIPS:16001,STABLE_ID + LOCAL_QA_POLYGON,-116.22433085577772,43.474076499999995,,https://www.census.gov/geographies/reference-files/time-series/geo/gazetteer-files.2024.html
ITC-0556,USA,Idaho,ID,Adams,Adams,YES,US-CENSUS-FIPS,16003,US-FIPS:16003,STABLE_ID + LOCAL_QA_POLYGON,-116.54165913337694,44.855548999999996,,https://www.census.gov/geographies/reference-files/time-series/geo/gazetteer-files.2024.html
ITC-0557,USA,Idaho,ID,Bannock,Bannock,YES,US-CENSUS-FIPS,16005,US-FIPS:16005,STABLE_ID + LOCAL_QA_POLYGON,-112.16303383754914,42.640804,,https://www.census.gov/geographies/reference-files/time-series/geo/gazetteer-files.2024.html
ITC-0558,USA,Idaho,ID,Bear Lake,Bear Lake,YES,US-CENSUS-FIPS,16007,US-FIPS:16007,STABLE_ID + LOCAL_QA_POLYGON,-111.31631095789925,42.3027015,,https://www.census.gov/geographies/reference-files/time-series/geo/gazetteer-files.2024.html
ITC-0559,USA,Idaho,ID,Benewah,Benewah,YES,US-CENSUS-FIPS,16009,US-FIPS:16009,STABLE_ID + LOCAL_QA_POLYGON,-116.68467945720586,47.214398499999994,,https://www.census.gov/geographies/reference-files/time-series/geo/gazetteer-files.2024.html
ITC-0560,USA,Idaho,ID,Bingham,Bingham,YES,US-CENSUS-FIPS,16011,US-FIPS:16011,STABLE_ID + LOCAL_QA_POLYGON,-112.29784744116822,43.2235595,,https://www.census.gov/geographies/reference-files/time-series/geo/gazetteer-files.2024.html
ITC-0561,USA,Idaho,ID,Blaine,Blaine,YES,US-CENSUS-FIPS,16013,US-FIPS:16013,STABLE_ID + LOCAL_QA_POLYGON,-113.87828898570666,43.3048855,,https://www.census.gov/geographies/reference-files/time-series/geo/gazetteer-files.2024.html
ITC-0562,USA,Idaho,ID,Boise,Boise,YES,US-CENSUS-FIPS,16015,US-FIPS:16015,STABLE_ID + LOCAL_QA_POLYGON,-115.77167205549031,43.96852749999999,,https://www.census.gov/geographies/reference-files/time-series/geo/gazetteer-files.2024.html
ITC-0563,USA,Idaho,ID,Bonner,Bonner,YES,US-CENSUS-FIPS,16017,US-FIPS:16017,STABLE_ID + LOCAL_QA_POLYGON,-116.542412069502,48.3637801006812,,https://www.census.gov/geographies/reference-files/time-series/geo/gazetteer-files.2024.html
ITC-0564,USA,Idaho,ID,Bonneville,Bonneville,YES,US-CENSUS-FIPS,16019,US-FIPS:16019,STABLE_ID + LOCAL_QA_POLYGON,-111.433665919969,43.3408905,,https://www.census.gov/geographies/reference-files/time-series/geo/gazetteer-files.2024.html
ITC-0565,USA,Idaho,ID,Boundary,Boundary,YES,US-CENSUS-FIPS,16021,US-FIPS:16021,STABLE_ID + LOCAL_QA_POLYGON,-116.41723123073518,48.77925358951809,,https://www.census.gov/geographies/reference-files/time-series/geo/gazetteer-files.2024.html
ITC-0566,USA,Idaho,ID,Butte,Butte,YES,US-CENSUS-FIPS,16023,US-FIPS:16023,STABLE_ID + LOCAL_QA_POLYGON,-113.08207248546952,43.7585815,,https://www.census.gov/geographies/reference-files/time-series/geo/gazetteer-files.2024.html
ITC-0567,USA,Idaho,ID,Camas,Camas,YES,US-CENSUS-FIPS,16025,US-FIPS:16025,STABLE_ID + LOCAL_QA_POLYGON,-114.83606316828202,43.5286,,https://www.census.gov/geographies/reference-files/time-series/geo/gazetteer-files.2024.html
ITC-0568,USA,Idaho,ID,Canyon,Canyon,YES,US-CENSUS-FIPS,16027,US-FIPS:16027,STABLE_ID + LOCAL_QA_POLYGON,-116.65221353557206,43.584828,,https://www.census.gov/geographies/reference-files/time-series/geo/gazetteer-files.2024.html
ITC-0569,USA,Idaho,ID,Caribou,Caribou,YES,US-CENSUS-FIPS,16029,US-FIPS:16029,STABLE_ID + LOCAL_QA_POLYGON,-111.57879725733554,42.719714499999995,,https://www.census.gov/geographies/reference-files/time-series/geo/gazetteer-files.2024.html
ITC-0570,USA,Idaho,ID,Cassia,Cassia,YES,US-CENSUS-FIPS,16031,US-FIPS:16031,STABLE_ID + LOCAL_QA_POLYGON,-113.6439569602731,42.353461499999995,,https://www.census.gov/geographies/reference-files/time-series/geo/gazetteer-files.2024.html
ITC-0571,USA,Idaho,ID,Clark,Clark,YES,US-CENSUS-FIPS,16033,US-FIPS:16033,STABLE_ID + LOCAL_QA_POLYGON,-112.33313327241358,44.2834285,,https://www.census.gov/geographies/reference-files/time-series/geo/gazetteer-files.2024.html
ITC-0572,USA,Idaho,ID,Clearwater,Clearwater,YES,US-CENSUS-FIPS,16035,US-FIPS:16035,STABLE_ID + LOCAL_QA_POLYGON,-115.61203604423113,46.606797,,https://www.census.gov/geographies/reference-files/time-series/geo/gazetteer-files.2024.html
ITC-0573,USA,Idaho,ID,Custer,Custer,YES,US-CENSUS-FIPS,16037,US-FIPS:16037,STABLE_ID + LOCAL_QA_POLYGON,-114.29335103031556,44.224090000000004,,https://www.census.gov/geographies/reference-files/time-series/geo/gazetteer-files.2024.html
ITC-0574,USA,Idaho,ID,Elmore,Elmore,YES,US-CENSUS-FIPS,16039,US-FIPS:16039,STABLE_ID + LOCAL_QA_POLYGON,-115.52923027729932,43.42447799999999,,https://www.census.gov/geographies/reference-files/time-series/geo/gazetteer-files.2024.html
ITC-0575,USA,Idaho,ID,Franklin,Franklin,YES,US-CENSUS-FIPS,16041,US-FIPS:16041,STABLE_ID + LOCAL_QA_POLYGON,-111.84672751575695,42.213813,,https://www.census.gov/geographies/reference-files/time-series/geo/gazetteer-files.2024.html
ITC-0576,USA,Idaho,ID,Fremont,Fremont,YES,US-CENSUS-FIPS,16043,US-FIPS:16043,STABLE_ID + LOCAL_QA_POLYGON,-111.42057063079966,44.335291,,https://www.census.gov/geographies/reference-files/time-series/geo/gazetteer-files.2024.html
ITC-0577,USA,Idaho,ID,Gem,Gem,YES,US-CENSUS-FIPS,16045,US-FIPS:16045,STABLE_ID + LOCAL_QA_POLYGON,-116.2858312814847,44.156333499999995,,https://www.census.gov/geographies/reference-files/time-series/geo/gazetteer-files.2024.html
ITC-0578,USA,Idaho,ID,Gooding,Gooding,YES,US-CENSUS-FIPS,16047,US-FIPS:16047,STABLE_ID + LOCAL_QA_POLYGON,-114.84049496303446,42.9308365,,https://www.census.gov/geographies/reference-files/time-series/geo/gazetteer-files.2024.html
ITC-0579,USA,Idaho,ID,Idaho,Idaho,YES,US-CENSUS-FIPS,16049,US-FIPS:16049,STABLE_ID + LOCAL_QA_POLYGON,-115.56125892152158,45.887845999999996,,https://www.census.gov/geographies/reference-files/time-series/geo/gazetteer-files.2024.html
ITC-0580,USA,Idaho,ID,Jefferson,Jefferson,YES,US-CENSUS-FIPS,16051,US-FIPS:16051,STABLE_ID + LOCAL_QA_POLYGON,-112.33615838881818,43.8453115,,https://www.census.gov/geographies/reference-files/time-series/geo/gazetteer-files.2024.html
ITC-0581,USA,Idaho,ID,Jerome,Jerome,YES,US-CENSUS-FIPS,16053,US-FIPS:16053,STABLE_ID + LOCAL_QA_POLYGON,-114.27443769074108,42.6651805,,https://www.census.gov/geographies/reference-files/time-series/geo/gazetteer-files.2024.html
ITC-0582,USA,Idaho,ID,Kootenai,Kootenai,YES,US-CENSUS-FIPS,16055,US-FIPS:16055,STABLE_ID + LOCAL_QA_POLYGON,-116.68285990859286,47.679092499999996,,https://www.census.gov/geographies/reference-files/time-series/geo/gazetteer-files.2024.html
ITC-0583,USA,Idaho,ID,Latah,Latah,YES,US-CENSUS-FIPS,16057,US-FIPS:16057,STABLE_ID + LOCAL_QA_POLYGON,-116.68461161945885,46.8497172338039,,https://www.census.gov/geographies/reference-files/time-series/geo/gazetteer-files.2024.html
ITC-0584,USA,Idaho,ID,Lemhi,Lemhi,YES,US-CENSUS-FIPS,16059,US-FIPS:16059,STABLE_ID + LOCAL_QA_POLYGON,-114.0875221003785,44.968808499999994,,https://www.census.gov/geographies/reference-files/time-series/geo/gazetteer-files.2024.html
ITC-0585,USA,Idaho,ID,Lewis,Lewis,YES,US-CENSUS-FIPS,16061,US-FIPS:16061,STABLE_ID + LOCAL_QA_POLYGON,-116.35939565981361,46.229789999999994,,https://www.census.gov/geographies/reference-files/time-series/geo/gazetteer-files.2024.html
ITC-0586,USA,Idaho,ID,Lincoln,Lincoln,YES,US-CENSUS-FIPS,16063,US-FIPS:16063,STABLE_ID + LOCAL_QA_POLYGON,-114.15451892972865,42.990104,,https://www.census.gov/geographies/reference-files/time-series/geo/gazetteer-files.2024.html
ITC-0587,USA,Idaho,ID,Madison,Madison,YES,US-CENSUS-FIPS,16065,US-FIPS:16065,STABLE_ID + LOCAL_QA_POLYGON,-111.69160014536823,43.7818465,,https://www.census.gov/geographies/reference-files/time-series/geo/gazetteer-files.2024.html
ITC-0588,USA,Idaho,ID,Minidoka,Minidoka,YES,US-CENSUS-FIPS,16067,US-FIPS:16067,STABLE_ID + LOCAL_QA_POLYGON,-113.5635215925055,42.867356,,https://www.census.gov/geographies/reference-files/time-series/geo/gazetteer-files.2024.html
ITC-0589,USA,Idaho,ID,Nez Perce,Nez Perce,YES,US-CENSUS-FIPS,16069,US-FIPS:16069,STABLE_ID + LOCAL_QA_POLYGON,-116.82179708876117,46.24440249999999,,https://www.census.gov/geographies/reference-files/time-series/geo/gazetteer-files.2024.html
ITC-0590,USA,Idaho,ID,Oneida,Oneida,YES,US-CENSUS-FIPS,16071,US-FIPS:16071,STABLE_ID + LOCAL_QA_POLYGON,-112.54303795001223,42.249014,,https://www.census.gov/geographies/reference-files/time-series/geo/gazetteer-files.2024.html
ITC-0591,USA,Idaho,ID,Owyhee,Owyhee,YES,US-CENSUS-FIPS,16073,US-FIPS:16073,STABLE_ID + LOCAL_QA_POLYGON,-116.24035358058683,42.838922499999995,,https://www.census.gov/geographies/reference-files/time-series/geo/gazetteer-files.2024.html
ITC-0592,USA,Idaho,ID,Payette,Payette,YES,US-CENSUS-FIPS,16075,US-FIPS:16075,STABLE_ID + LOCAL_QA_POLYGON,-116.83312996700775,43.9763885,,https://www.census.gov/geographies/reference-files/time-series/geo/gazetteer-files.2024.html
ITC-0593,USA,Idaho,ID,Power,Power,YES,US-CENSUS-FIPS,16077,US-FIPS:16077,STABLE_ID + LOCAL_QA_POLYGON,-112.81834536528706,42.725808,,https://www.census.gov/geographies/reference-files/time-series/geo/gazetteer-files.2024.html
ITC-0594,USA,Idaho,ID,Shoshone,Shoshone,YES,US-CENSUS-FIPS,16079,US-FIPS:16079,STABLE_ID + LOCAL_QA_POLYGON,-116.01529802444725,47.50627892117545,,https://www.census.gov/geographies/reference-files/time-series/geo/gazetteer-files.2024.html
ITC-0595,USA,Idaho,ID,Teton,Teton,YES,US-CENSUS-FIPS,16081,US-FIPS:16081,STABLE_ID + LOCAL_QA_POLYGON,-111.22329144805772,43.737030322770146,,https://www.census.gov/geographies/reference-files/time-series/geo/gazetteer-files.2024.html
ITC-0596,USA,Idaho,ID,Twin Falls,Twin Falls,YES,US-CENSUS-FIPS,16083,US-FIPS:16083,STABLE_ID + LOCAL_QA_POLYGON,-114.55350762661227,42.438179500000004,,https://www.census.gov/geographies/reference-files/time-series/geo/gazetteer-files.2024.html
ITC-0597,USA,Idaho,ID,Valley,Valley,YES,US-CENSUS-FIPS,16085,US-FIPS:16085,STABLE_ID + LOCAL_QA_POLYGON,-115.65710537999999,44.68275,,https://www.census.gov/geographies/reference-files/time-series/geo/gazetteer-files.2024.html
ITC-0598,USA,Idaho,ID,Washington,Washington,YES,US-CENSUS-FIPS,16087,US-FIPS:16087,STABLE_ID + LOCAL_QA_POLYGON,-116.8616534681853,44.49752599999999,,https://www.census.gov/geographies/reference-files/time-series/geo/gazetteer-files.2024.html
ITC-0599,USA,Illinois,IL,Adams,Adams,YES,US-CENSUS-FIPS,17001,US-FIPS:17001,STABLE_ID + LOCAL_QA_POLYGON,-91.18662196711415,39.978815999999995,,https://www.census.gov/geographies/reference-files/time-series/geo/gazetteer-files.2024.html
ITC-0600,USA,Illinois,IL,Alexander,Alexander,YES,US-CENSUS-FIPS,17003,US-FIPS:17003,STABLE_ID + LOCAL_QA_POLYGON,-89.34773451756286,37.153561499999995,,https://www.census.gov/geographies/reference-files/time-series/geo/gazetteer-files.2024.html
ITC-0601,USA,Illinois,IL,Bond,Bond,YES,US-CENSUS-FIPS,17005,US-FIPS:17005,STABLE_ID + LOCAL_QA_POLYGON,-89.44668141243817,38.8833645,,https://www.census.gov/geographies/reference-files/time-series/geo/gazetteer-files.2024.html
ITC-0602,USA,Illinois,IL,Boone,Boone,YES,US-CENSUS-FIPS,17007,US-FIPS:17007,STABLE_ID + LOCAL_QA_POLYGON,-88.82296380343023,42.32316,,https://www.census.gov/geographies/reference-files/time-series/geo/gazetteer-files.2024.html
ITC-0603,USA,Illinois,IL,Brown,Brown,YES,US-CENSUS-FIPS,17009,US-FIPS:17009,STABLE_ID + LOCAL_QA_POLYGON,-90.71279736511843,39.9745565,,https://www.census.gov/geographies/reference-files/time-series/geo/gazetteer-files.2024.html
ITC-0604,USA,Illinois,IL,Bureau,Bureau,YES,US-CENSUS-FIPS,17011,US-FIPS:17011,STABLE_ID + LOCAL_QA_POLYGON,-89.51083429655925,41.3671575,,https://www.census.gov/geographies/reference-files/time-series/geo/gazetteer-files.2024.html
ITC-0605,USA,Illinois,IL,Calhoun,Calhoun,YES,US-CENSUS-FIPS,17013,US-FIPS:17013,STABLE_ID + LOCAL_QA_POLYGON,-90.65553597467206,39.1343255,,https://www.census.gov/geographies/reference-files/time-series/geo/gazetteer-files.2024.html
ITC-0606,USA,Illinois,IL,Carroll,Carroll,YES,US-CENSUS-FIPS,17015,US-FIPS:17015,STABLE_ID + LOCAL_QA_POLYGON,-89.92565980851055,42.06343608409045,,https://www.census.gov/geographies/reference-files/time-series/geo/gazetteer-files.2024.html
ITC-0607,USA,Illinois,IL,Cass,Cass,YES,US-CENSUS-FIPS,17017,US-FIPS:17017,STABLE_ID + LOCAL_QA_POLYGON,-90.24727487160297,39.9985405,,https://www.census.gov/geographies/reference-files/time-series/geo/gazetteer-files.2024.html
ITC-0608,USA,Illinois,IL,Champaign,Champaign,YES,US-CENSUS-FIPS,17019,US-FIPS:17019,STABLE_ID + LOCAL_QA_POLYGON,-88.20181481347635,40.138241,,https://www.census.gov/geographies/reference-files/time-series/geo/gazetteer-files.2024.html
ITC-0609,USA,Illinois,IL,Christian,Christian,YES,US-CENSUS-FIPS,17021,US-FIPS:17021,STABLE_ID + LOCAL_QA_POLYGON,-89.27959786681444,39.589135,,https://www.census.gov/geographies/reference-files/time-series/geo/gazetteer-files.2024.html
ITC-0610,USA,Illinois,IL,Clark,Clark,YES,US-CENSUS-FIPS,17023,US-FIPS:17023,STABLE_ID + LOCAL_QA_POLYGON,-87.80292081890525,39.323367623687695,,https://www.census.gov/geographies/reference-files/time-series/geo/gazetteer-files.2024.html
ITC-0611,USA,Illinois,IL,Clay,Clay,YES,US-CENSUS-FIPS,17025,US-FIPS:17025,STABLE_ID + LOCAL_QA_POLYGON,-88.47730587119179,38.7488965,,https://www.census.gov/geographies/reference-files/time-series/geo/gazetteer-files.2024.html
ITC-0612,USA,Illinois,IL,Clinton,Clinton,YES,US-CENSUS-FIPS,17027,US-FIPS:17027,STABLE_ID + LOCAL_QA_POLYGON,-89.42369968996545,38.575162999999996,,https://www.census.gov/geographies/reference-files/time-series/geo/gazetteer-files.2024.html
ITC-0613,USA,Illinois,IL,Coles,Coles,YES,US-CENSUS-FIPS,17029,US-FIPS:17029,STABLE_ID + LOCAL_QA_POLYGON,-88.21704305490877,39.5433745,,https://www.census.gov/geographies/reference-files/time-series/geo/gazetteer-files.2024.html
ITC-0614,USA,Illinois,IL,Cook,Cook,YES,US-CENSUS-FIPS,17031,US-FIPS:17031,STABLE_ID + LOCAL_QA_POLYGON,-87.75380101985354,41.8141830235913,,https://www.census.gov/geographies/reference-files/time-series/geo/gazetteer-files.2024.html
ITC-0615,USA,Illinois,IL,Crawford,Crawford,YES,US-CENSUS-FIPS,17033,US-FIPS:17033,STABLE_ID + LOCAL_QA_POLYGON,-87.75926497396053,39.014810999999995,,https://www.census.gov/geographies/reference-files/time-series/geo/gazetteer-files.2024.html
ITC-0616,USA,Illinois,IL,Cumberland,Cumberland,YES,US-CENSUS-FIPS,17035,US-FIPS:17035,STABLE_ID + LOCAL_QA_POLYGON,-88.24055642981476,39.2747305,,https://www.census.gov/geographies/reference-files/time-series/geo/gazetteer-files.2024.html
ITC-0617,USA,Illinois,IL,De Witt,De Witt,YES,US-CENSUS-FIPS,17039,US-FIPS:17039,STABLE_ID + LOCAL_QA_POLYGON,-88.90764796281664,40.166290000000004,,https://www.census.gov/geographies/reference-files/time-series/geo/gazetteer-files.2024.html
ITC-0618,USA,Illinois,IL,DeKalb,DeKalb,YES,US-CENSUS-FIPS,17037,US-FIPS:17037,STABLE_ID + LOCAL_QA_POLYGON,-88.7714335538947,41.882166999999995,,https://www.census.gov/geographies/reference-files/time-series/geo/gazetteer-files.2024.html
ITC-0619,USA,Illinois,IL,Douglas,Douglas,YES,US-CENSUS-FIPS,17041,US-FIPS:17041,STABLE_ID + LOCAL_QA_POLYGON,-88.22043676473123,39.761022999999994,,https://www.census.gov/geographies/reference-files/time-series/geo/gazetteer-files.2024.html
ITC-0620,USA,Illinois,IL,DuPage,DuPage,YES,US-CENSUS-FIPS,17043,US-FIPS:17043,STABLE_ID + LOCAL_QA_POLYGON,-88.09104575901765,41.8388975,,https://www.census.gov/geographies/reference-files/time-series/geo/gazetteer-files.2024.html
ITC-0621,USA,Illinois,IL,Edgar,Edgar,YES,US-CENSUS-FIPS,17045,US-FIPS:17045,STABLE_ID + LOCAL_QA_POLYGON,-87.74955909326118,39.6754138399427,,https://www.census.gov/geographies/reference-files/time-series/geo/gazetteer-files.2024.html
ITC-0622,USA,Illinois,IL,Edwards,Edwards,YES,US-CENSUS-FIPS,17047,US-FIPS:17047,STABLE_ID + LOCAL_QA_POLYGON,-88.05647597528491,38.4131395,,https://www.census.gov/geographies/reference-files/time-series/geo/gazetteer-files.2024.html
ITC-0623,USA,Illinois,IL,Effingham,Effingham,YES,US-CENSUS-FIPS,17049,US-FIPS:17049,STABLE_ID + LOCAL_QA_POLYGON,-88.58348806186711,39.065174,,https://www.census.gov/geographies/reference-files/time-series/geo/gazetteer-files.2024.html
ITC-0624,USA,Illinois,IL,Fayette,Fayette,YES,US-CENSUS-FIPS,17051,US-FIPS:17051,STABLE_ID + LOCAL_QA_POLYGON,-89.03179088073679,38.9872715,,https://www.census.gov/geographies/reference-files/time-series/geo/gazetteer-files.2024.html
ITC-0625,USA,Illinois,IL,Ford,Ford,YES,US-CENSUS-FIPS,17053,US-FIPS:17053,STABLE_ID + LOCAL_QA_POLYGON,-88.1805030767749,40.7010985,,https://www.census.gov/geographies/reference-files/time-series/geo/gazetteer-files.2024.html
ITC-0626,USA,Illinois,IL,Franklin,Franklin,YES,US-CENSUS-FIPS,17055,US-FIPS:17055,STABLE_ID + LOCAL_QA_POLYGON,-88.92394911306158,37.994535,,https://www.census.gov/geographies/reference-files/time-series/geo/gazetteer-files.2024.html
ITC-0627,USA,Illinois,IL,Fulton,Fulton,YES,US-CENSUS-FIPS,17057,US-FIPS:17057,STABLE_ID + LOCAL_QA_POLYGON,-90.17690595722584,40.44963249999999,,https://www.census.gov/geographies/reference-files/time-series/geo/gazetteer-files.2024.html
ITC-0628,USA,Illinois,IL,Gallatin,Gallatin,YES,US-CENSUS-FIPS,17059,US-FIPS:17059,STABLE_ID + LOCAL_QA_POLYGON,-88.21581743148715,37.744738999999996,,https://www.census.gov/geographies/reference-files/time-series/geo/gazetteer-files.2024.html
ITC-0629,USA,Illinois,IL,Greene,Greene,YES,US-CENSUS-FIPS,17061,US-FIPS:17061,STABLE_ID + LOCAL_QA_POLYGON,-90.38060165629744,39.318545,,https://www.census.gov/geographies/reference-files/time-series/geo/gazetteer-files.2024.html
ITC-0630,USA,Illinois,IL,Grundy,Grundy,YES,US-CENSUS-FIPS,17063,US-FIPS:17063,STABLE_ID + LOCAL_QA_POLYGON,-88.41797227672109,41.285466,,https://www.census.gov/geographies/reference-files/time-series/geo/gazetteer-files.2024.html
ITC-0631,USA,Illinois,IL,Hamilton,Hamilton,YES,US-CENSUS-FIPS,17065,US-FIPS:17065,STABLE_ID + LOCAL_QA_POLYGON,-88.53927077369025,38.0765895,,https://www.census.gov/geographies/reference-files/time-series/geo/gazetteer-files.2024.html
ITC-0632,USA,Illinois,IL,Hancock,Hancock,YES,US-CENSUS-FIPS,17067,US-FIPS:17067,STABLE_ID + LOCAL_QA_POLYGON,-91.14059407085935,40.414683,,https://www.census.gov/geographies/reference-files/time-series/geo/gazetteer-files.2024.html
ITC-0633,USA,Illinois,IL,Hardin,Hardin,YES,US-CENSUS-FIPS,17069,US-FIPS:17069,STABLE_ID + LOCAL_QA_POLYGON,-88.2379114509589,37.501264,,https://www.census.gov/geographies/reference-files/time-series/geo/gazetteer-files.2024.html
ITC-0634,USA,Illinois,IL,Henderson,Henderson,YES,US-CENSUS-FIPS,17071,US-FIPS:17071,STABLE_ID + LOCAL_QA_POLYGON,-90.92058379863195,40.853450499999994,,https://www.census.gov/geographies/reference-files/time-series/geo/gazetteer-files.2024.html
ITC-0635,USA,Illinois,IL,Henry,Henry,YES,US-CENSUS-FIPS,17073,US-FIPS:17073,STABLE_ID + LOCAL_QA_POLYGON,-90.14502533044538,41.366147999999995,,https://www.census.gov/geographies/reference-files/time-series/geo/gazetteer-files.2024.html
ITC-0636,USA,Illinois,IL,Iroquois,Iroquois,YES,US-CENSUS-FIPS,17075,US-FIPS:17075,STABLE_ID + LOCAL_QA_POLYGON,-87.8254843118894,40.7452215,,https://www.census.gov/geographies/reference-files/time-series/geo/gazetteer-files.2024.html
ITC-0637,USA,Illinois,IL,Jackson,Jackson,YES,US-CENSUS-FIPS,17077,US-FIPS:17077,STABLE_ID + LOCAL_QA_POLYGON,-89.40931426883776,37.7557895,,https://www.census.gov/geographies/reference-files/time-series/geo/gazetteer-files.2024.html
ITC-0638,USA,Illinois,IL,Jasper,Jasper,YES,US-CENSUS-FIPS,17079,US-FIPS:17079,STABLE_ID + LOCAL_QA_POLYGON,-88.15444500325486,39.01310649999999,,https://www.census.gov/geographies/reference-files/time-series/geo/gazetteer-files.2024.html
ITC-0639,USA,Illinois,IL,Jefferson,Jefferson,YES,US-CENSUS-FIPS,17081,US-FIPS:17081,STABLE_ID + LOCAL_QA_POLYGON,-88.92352817656649,38.304139,,https://www.census.gov/geographies/reference-files/time-series/geo/gazetteer-files.2024.html
ITC-0640,USA,Illinois,IL,Jersey,Jersey,YES,US-CENSUS-FIPS,17083,US-FIPS:17083,STABLE_ID + LOCAL_QA_POLYGON,-90.37058450864276,39.093954999999994,,https://www.census.gov/geographies/reference-files/time-series/geo/gazetteer-files.2024.html
ITC-0641,USA,Illinois,IL,Jo Daviess,Jo Daviess,YES,US-CENSUS-FIPS,17085,US-FIPS:17085,STABLE_ID + LOCAL_QA_POLYGON,-90.1802432404005,42.346039000000005,,https://www.census.gov/geographies/reference-files/time-series/geo/gazetteer-files.2024.html
ITC-0642,USA,Illinois,IL,Johnson,Johnson,YES,US-CENSUS-FIPS,17087,US-FIPS:17087,STABLE_ID + LOCAL_QA_POLYGON,-88.87731868627462,37.452966,,https://www.census.gov/geographies/reference-files/time-series/geo/gazetteer-files.2024.html
ITC-0643,USA,Illinois,IL,Kane,Kane,YES,US-CENSUS-FIPS,17089,US-FIPS:17089,STABLE_ID + LOCAL_QA_POLYGON,-88.4321766949245,41.936577,,https://www.census.gov/geographies/reference-files/time-series/geo/gazetteer-files.2024.html
ITC-0644,USA,Illinois,IL,Kankakee,Kankakee,YES,US-CENSUS-FIPS,17091,US-FIPS:17091,STABLE_ID + LOCAL_QA_POLYGON,-87.88436791033715,41.144439999999996,,https://www.census.gov/geographies/reference-files/time-series/geo/gazetteer-files.2024.html
ITC-0645,USA,Illinois,IL,Kendall,Kendall,YES,US-CENSUS-FIPS,17093,US-FIPS:17093,STABLE_ID + LOCAL_QA_POLYGON,-88.42891621987056,41.590626,,https://www.census.gov/geographies/reference-files/time-series/geo/gazetteer-files.2024.html
ITC-0646,USA,Illinois,IL,Knox,Knox,YES,US-CENSUS-FIPS,17095,US-FIPS:17095,STABLE_ID + LOCAL_QA_POLYGON,-90.21335278460325,40.9314335,,https://www.census.gov/geographies/reference-files/time-series/geo/gazetteer-files.2024.html
ITC-0647,USA,Illinois,IL,Lake,Lake,YES,US-CENSUS-FIPS,17097,US-FIPS:17097,STABLE_ID + LOCAL_QA_POLYGON,-88.01525124593056,42.3255866576211,,https://www.census.gov/geographies/reference-files/time-series/geo/gazetteer-files.2024.html
ITC-0648,USA,Illinois,IL,LaSalle,LaSalle,YES,US-CENSUS-FIPS,17099,US-FIPS:17099,STABLE_ID + LOCAL_QA_POLYGON,-88.87590701770876,41.274001,,https://www.census.gov/geographies/reference-files/time-series/geo/gazetteer-files.2024.html
ITC-0649,USA,Illinois,IL,Lawrence,Lawrence,YES,US-CENSUS-FIPS,17101,US-FIPS:17101,STABLE_ID + LOCAL_QA_POLYGON,-87.713778243088,38.7054335,,https://www.census.gov/geographies/reference-files/time-series/geo/gazetteer-files.2024.html
ITC-0650,USA,Illinois,IL,Lee,Lee,YES,US-CENSUS-FIPS,17103,US-FIPS:17103,STABLE_ID + LOCAL_QA_POLYGON,-89.2865862308835,41.744653,,https://www.census.gov/geographies/reference-files/time-series/geo/gazetteer-files.2024.html
ITC-0651,USA,Illinois,IL,Livingston,Livingston,YES,US-CENSUS-FIPS,17105,US-FIPS:17105,STABLE_ID + LOCAL_QA_POLYGON,-88.58689290477582,40.8628765,,https://www.census.gov/geographies/reference-files/time-series/geo/gazetteer-files.2024.html
ITC-0652,USA,Illinois,IL,Logan,Logan,YES,US-CENSUS-FIPS,17107,US-FIPS:17107,STABLE_ID + LOCAL_QA_POLYGON,-89.373666076137,40.119907,,https://www.census.gov/geographies/reference-files/time-series/geo/gazetteer-files.2024.html
ITC-0653,USA,Illinois,IL,Macon,Macon,YES,US-CENSUS-FIPS,17115,US-FIPS:17115,STABLE_ID + LOCAL_QA_POLYGON,-88.98172637406523,39.855548,,https://www.census.gov/geographies/reference-files/time-series/geo/gazetteer-files.2024.html
ITC-0654,USA,Illinois,IL,Macoupin,Macoupin,YES,US-CENSUS-FIPS,17117,US-FIPS:17117,STABLE_ID + LOCAL_QA_POLYGON,-89.92501752207326,39.2562225,,https://www.census.gov/geographies/reference-files/time-series/geo/gazetteer-files.2024.html
ITC-0655,USA,Illinois,IL,Madison,Madison,YES,US-CENSUS-FIPS,17119,US-FIPS:17119,STABLE_ID + LOCAL_QA_POLYGON,-89.85587419719764,38.8227885,,https://www.census.gov/geographies/reference-files/time-series/geo/gazetteer-files.2024.html
ITC-0656,USA,Illinois,IL,Marion,Marion,YES,US-CENSUS-FIPS,17121,US-FIPS:17121,STABLE_ID + LOCAL_QA_POLYGON,-88.91871359372959,38.65653,,https://www.census.gov/geographies/reference-files/time-series/geo/gazetteer-files.2024.html
ITC-0657,USA,Illinois,IL,Marshall,Marshall,YES,US-CENSUS-FIPS,17123,US-FIPS:17123,STABLE_ID + LOCAL_QA_POLYGON,-89.34292231537952,41.035858,,https://www.census.gov/geographies/reference-files/time-series/geo/gazetteer-files.2024.html
ITC-0658,USA,Illinois,IL,Mason,Mason,YES,US-CENSUS-FIPS,17125,US-FIPS:17125,STABLE_ID + LOCAL_QA_POLYGON,-89.85877178635515,40.242333,,https://www.census.gov/geographies/reference-files/time-series/geo/gazetteer-files.2024.html
ITC-0659,USA,Illinois,IL,Massac,Massac,YES,US-CENSUS-FIPS,17127,US-FIPS:17127,STABLE_ID + LOCAL_QA_POLYGON,-88.69418449267063,37.20033203525254,,https://www.census.gov/geographies/reference-files/time-series/geo/gazetteer-files.2024.html
ITC-0660,USA,Illinois,IL,McDonough,McDonough,YES,US-CENSUS-FIPS,17109,US-FIPS:17109,STABLE_ID + LOCAL_QA_POLYGON,-90.67759302082086,40.457324,,https://www.census.gov/geographies/reference-files/time-series/geo/gazetteer-files.2024.html
ITC-0661,USA,Illinois,IL,McHenry,McHenry,YES,US-CENSUS-FIPS,17111,US-FIPS:17111,STABLE_ID + LOCAL_QA_POLYGON,-88.45225854122576,42.324771999999996,,https://www.census.gov/geographies/reference-files/time-series/geo/gazetteer-files.2024.html
ITC-0662,USA,Illinois,IL,McLean,McLean,YES,US-CENSUS-FIPS,17113,US-FIPS:17113,STABLE_ID + LOCAL_QA_POLYGON,-88.86311311635683,40.5064175,,https://www.census.gov/geographies/reference-files/time-series/geo/gazetteer-files.2024.html
ITC-0663,USA,Illinois,IL,Menard,Menard,YES,US-CENSUS-FIPS,17129,US-FIPS:17129,STABLE_ID + LOCAL_QA_POLYGON,-89.7870609400493,40.029695000000004,,https://www.census.gov/geographies/reference-files/time-series/geo/gazetteer-files.2024.html
ITC-0664,USA,Illinois,IL,Mercer,Mercer,YES,US-CENSUS-FIPS,17131,US-FIPS:17131,STABLE_ID + LOCAL_QA_POLYGON,-90.74977823712766,41.1955050272148,,https://www.census.gov/geographies/reference-files/time-series/geo/gazetteer-files.2024.html
ITC-0665,USA,Illinois,IL,Monroe,Monroe,YES,US-CENSUS-FIPS,17133,US-FIPS:17133,STABLE_ID + LOCAL_QA_POLYGON,-90.14144139573455,38.30524,,https://www.census.gov/geographies/reference-files/time-series/geo/gazetteer-files.2024.html
ITC-0666,USA,Illinois,IL,Montgomery,Montgomery,YES,US-CENSUS-FIPS,17135,US-FIPS:17135,STABLE_ID + LOCAL_QA_POLYGON,-89.42083518450292,39.256698,,https://www.census.gov/geographies/reference-files/time-series/geo/gazetteer-files.2024.html
ITC-0667,USA,Illinois,IL,Morgan,Morgan,YES,US-CENSUS-FIPS,17137,US-FIPS:17137,STABLE_ID + LOCAL_QA_POLYGON,-90.17626858523555,39.706526,,https://www.census.gov/geographies/reference-files/time-series/geo/gazetteer-files.2024.html
ITC-0668,USA,Illinois,IL,Moultrie,Moultrie,YES,US-CENSUS-FIPS,17139,US-FIPS:17139,STABLE_ID + LOCAL_QA_POLYGON,-88.64093701039857,39.626746999999995,,https://www.census.gov/geographies/reference-files/time-series/geo/gazetteer-files.2024.html
ITC-0669,USA,Illinois,IL,Ogle,Ogle,YES,US-CENSUS-FIPS,17141,US-FIPS:17141,STABLE_ID + LOCAL_QA_POLYGON,-89.3136688184064,42.046531,,https://www.census.gov/geographies/reference-files/time-series/geo/gazetteer-files.2024.html
ITC-0670,USA,Illinois,IL,Peoria,Peoria,YES,US-CENSUS-FIPS,17143,US-FIPS:17143,STABLE_ID + LOCAL_QA_POLYGON,-89.769376191314,40.743187,,https://www.census.gov/geographies/reference-files/time-series/geo/gazetteer-files.2024.html
ITC-0671,USA,Illinois,IL,Perry,Perry,YES,US-CENSUS-FIPS,17145,US-FIPS:17145,STABLE_ID + LOCAL_QA_POLYGON,-89.35626009734455,38.084844499999996,,https://www.census.gov/geographies/reference-files/time-series/geo/gazetteer-files.2024.html
ITC-0672,USA,Illinois,IL,Piatt,Piatt,YES,US-CENSUS-FIPS,17147,US-FIPS:17147,STABLE_ID + LOCAL_QA_POLYGON,-88.60412525061592,40.04028149999999,,https://www.census.gov/geographies/reference-files/time-series/geo/gazetteer-files.2024.html
ITC-0673,USA,Illinois,IL,Pike,Pike,YES,US-CENSUS-FIPS,17149,US-FIPS:17149,STABLE_ID + LOCAL_QA_POLYGON,-90.9153763709561,39.61922799999999,,https://www.census.gov/geographies/reference-files/time-series/geo/gazetteer-files.2024.html
ITC-0674,USA,Illinois,IL,Pope,Pope,YES,US-CENSUS-FIPS,17151,US-FIPS:17151,STABLE_ID + LOCAL_QA_POLYGON,-88.59791738500076,37.331365500000004,,https://www.census.gov/geographies/reference-files/time-series/geo/gazetteer-files.2024.html
ITC-0675,USA,Illinois,IL,Pulaski,Pulaski,YES,US-CENSUS-FIPS,17153,US-FIPS:17153,STABLE_ID + LOCAL_QA_POLYGON,-89.1528153865266,37.20124445067465,,https://www.census.gov/geographies/reference-files/time-series/geo/gazetteer-files.2024.html
ITC-0676,USA,Illinois,IL,Putnam,Putnam,YES,US-CENSUS-FIPS,17155,US-FIPS:17155,STABLE_ID + LOCAL_QA_POLYGON,-89.31460222740787,41.2082065,,https://www.census.gov/geographies/reference-files/time-series/geo/gazetteer-files.2024.html
ITC-0677,USA,Illinois,IL,Randolph,Randolph,YES,US-CENSUS-FIPS,17157,US-FIPS:17157,STABLE_ID + LOCAL_QA_POLYGON,-89.82498305534992,38.012754,,https://www.census.gov/geographies/reference-files/time-series/geo/gazetteer-files.2024.html
ITC-0678,USA,Illinois,IL,Richland,Richland,YES,US-CENSUS-FIPS,17159,US-FIPS:17159,STABLE_ID + LOCAL_QA_POLYGON,-88.09651775470758,38.7090175,,https://www.census.gov/geographies/reference-files/time-series/geo/gazetteer-files.2024.html
ITC-0679,USA,Illinois,IL,Rock Island,Rock Island,YES,US-CENSUS-FIPS,17161,US-FIPS:17161,STABLE_ID + LOCAL_QA_POLYGON,-90.30344320098183,41.55510099999999,,https://www.census.gov/geographies/reference-files/time-series/geo/gazetteer-files.2024.html
ITC-0680,USA,Illinois,IL,Saline,Saline,YES,US-CENSUS-FIPS,17165,US-FIPS:17165,STABLE_ID + LOCAL_QA_POLYGON,-88.54054055120756,37.756075499999994,,https://www.census.gov/geographies/reference-files/time-series/geo/gazetteer-files.2024.html
ITC-0681,USA,Illinois,IL,Sangamon,Sangamon,YES,US-CENSUS-FIPS,17167,US-FIPS:17167,STABLE_ID + LOCAL_QA_POLYGON,-89.70525597892063,39.749047,,https://www.census.gov/geographies/reference-files/time-series/geo/gazetteer-files.2024.html
ITC-0682,USA,Illinois,IL,Schuyler,Schuyler,YES,US-CENSUS-FIPS,17169,US-FIPS:17169,STABLE_ID + LOCAL_QA_POLYGON,-90.62701476075637,40.133106999999995,,https://www.census.gov/geographies/reference-files/time-series/geo/gazetteer-files.2024.html
ITC-0683,USA,Illinois,IL,Scott,Scott,YES,US-CENSUS-FIPS,17171,US-FIPS:17171,STABLE_ID + LOCAL_QA_POLYGON,-90.47783021368821,39.6532055,,https://www.census.gov/geographies/reference-files/time-series/geo/gazetteer-files.2024.html
ITC-0684,USA,Illinois,IL,Shelby,Shelby,YES,US-CENSUS-FIPS,17173,US-FIPS:17173,STABLE_ID + LOCAL_QA_POLYGON,-88.74773272659667,39.433839500000005,,https://www.census.gov/geographies/reference-files/time-series/geo/gazetteer-files.2024.html
ITC-0685,USA,Illinois,IL,St. Clair,St. Clair,YES,US-CENSUS-FIPS,17163,US-FIPS:17163,STABLE_ID + LOCAL_QA_POLYGON,-89.9294376268476,38.4336885,,https://www.census.gov/geographies/reference-files/time-series/geo/gazetteer-files.2024.html
ITC-0686,USA,Illinois,IL,Stark,Stark,YES,US-CENSUS-FIPS,17175,US-FIPS:17175,STABLE_ID + LOCAL_QA_POLYGON,-89.81163386973239,41.1094565,,https://www.census.gov/geographies/reference-files/time-series/geo/gazetteer-files.2024.html
ITC-0687,USA,Illinois,IL,Stephenson,Stephenson,YES,US-CENSUS-FIPS,17177,US-FIPS:17177,STABLE_ID + LOCAL_QA_POLYGON,-89.66052347873244,42.345832,,https://www.census.gov/geographies/reference-files/time-series/geo/gazetteer-files.2024.html
ITC-0688,USA,Illinois,IL,Tazewell,Tazewell,YES,US-CENSUS-FIPS,17179,US-FIPS:17179,STABLE_ID + LOCAL_QA_POLYGON,-89.54670761663883,40.5345745,,https://www.census.gov/geographies/reference-files/time-series/geo/gazetteer-files.2024.html
ITC-0689,USA,Illinois,IL,Union,Union,YES,US-CENSUS-FIPS,17181,US-FIPS:17181,STABLE_ID + LOCAL_QA_POLYGON,-89.25701260492316,37.465326000000005,,https://www.census.gov/geographies/reference-files/time-series/geo/gazetteer-files.2024.html
ITC-0690,USA,Illinois,IL,Vermilion,Vermilion,YES,US-CENSUS-FIPS,17183,US-FIPS:17183,STABLE_ID + LOCAL_QA_POLYGON,-87.73621691365815,40.181359,,https://www.census.gov/geographies/reference-files/time-series/geo/gazetteer-files.2024.html
ITC-0691,USA,Illinois,IL,Wabash,Wabash,YES,US-CENSUS-FIPS,17185,US-FIPS:17185,STABLE_ID + LOCAL_QA_POLYGON,-87.86060963745646,38.4029510837173,,https://www.census.gov/geographies/reference-files/time-series/geo/gazetteer-files.2024.html
ITC-0692,USA,Illinois,IL,Warren,Warren,YES,US-CENSUS-FIPS,17187,US-FIPS:17187,STABLE_ID + LOCAL_QA_POLYGON,-90.6150870547528,40.852774999999994,,https://www.census.gov/geographies/reference-files/time-series/geo/gazetteer-files.2024.html
ITC-0693,USA,Illinois,IL,Washington,Washington,YES,US-CENSUS-FIPS,17189,US-FIPS:17189,STABLE_ID + LOCAL_QA_POLYGON,-89.42473333202827,38.3663545,,https://www.census.gov/geographies/reference-files/time-series/geo/gazetteer-files.2024.html
ITC-0694,USA,Illinois,IL,Wayne,Wayne,YES,US-CENSUS-FIPS,17191,US-FIPS:17191,STABLE_ID + LOCAL_QA_POLYGON,-88.42369381133057,38.433009999999996,,https://www.census.gov/geographies/reference-files/time-series/geo/gazetteer-files.2024.html
ITC-0695,USA,Illinois,IL,White,White,YES,US-CENSUS-FIPS,17193,US-FIPS:17193,STABLE_ID + LOCAL_QA_POLYGON,-88.18052661835907,38.062727307290146,,https://www.census.gov/geographies/reference-files/time-series/geo/gazetteer-files.2024.html
ITC-0696,USA,Illinois,IL,Whiteside,Whiteside,YES,US-CENSUS-FIPS,17195,US-FIPS:17195,STABLE_ID + LOCAL_QA_POLYGON,-89.93845739152252,41.756446999999994,,https://www.census.gov/geographies/reference-files/time-series/geo/gazetteer-files.2024.html
ITC-0697,USA,Illinois,IL,Will,Will,YES,US-CENSUS-FIPS,17197,US-FIPS:17197,STABLE_ID + LOCAL_QA_POLYGON,-87.88895122642344,41.466325499999996,,https://www.census.gov/geographies/reference-files/time-series/geo/gazetteer-files.2024.html
ITC-0698,USA,Illinois,IL,Williamson,Williamson,YES,US-CENSUS-FIPS,17199,US-FIPS:17199,STABLE_ID + LOCAL_QA_POLYGON,-88.92971591744944,37.7248965,,https://www.census.gov/geographies/reference-files/time-series/geo/gazetteer-files.2024.html
ITC-0699,USA,Illinois,IL,Winnebago,Winnebago,YES,US-CENSUS-FIPS,17201,US-FIPS:17201,STABLE_ID + LOCAL_QA_POLYGON,-89.16902633236484,42.32446899999999,,https://www.census.gov/geographies/reference-files/time-series/geo/gazetteer-files.2024.html
ITC-0700,USA,Illinois,IL,Woodford,Woodford,YES,US-CENSUS-FIPS,17203,US-FIPS:17203,STABLE_ID + LOCAL_QA_POLYGON,-89.24266301442631,40.762586999999996,,https://www.census.gov/geographies/reference-files/time-series/geo/gazetteer-files.2024.html
ITC-0701,USA,Indiana,IN,Adams,Adams,YES,US-CENSUS-FIPS,18001,US-FIPS:18001,STABLE_ID + LOCAL_QA_POLYGON,-84.93666212974804,40.745163506325696,,https://www.census.gov/geographies/reference-files/time-series/geo/gazetteer-files.2024.html
ITC-0702,USA,Indiana,IN,Allen,Allen,YES,US-CENSUS-FIPS,18003,US-FIPS:18003,STABLE_ID + LOCAL_QA_POLYGON,-85.07021877141571,41.0932948975885,,https://www.census.gov/geographies/reference-files/time-series/geo/gazetteer-files.2024.html
ITC-0703,USA,Indiana,IN,Bartholomew,Bartholomew,YES,US-CENSUS-FIPS,18005,US-FIPS:18005,STABLE_ID + LOCAL_QA_POLYGON,-85.88422823331692,39.193928,,https://www.census.gov/geographies/reference-files/time-series/geo/gazetteer-files.2024.html
ITC-0704,USA,Indiana,IN,Benton,Benton,YES,US-CENSUS-FIPS,18007,US-FIPS:18007,STABLE_ID + LOCAL_QA_POLYGON,-87.3110637838092,40.58606560516459,,https://www.census.gov/geographies/reference-files/time-series/geo/gazetteer-files.2024.html
ITC-0705,USA,Indiana,IN,Blackford,Blackford,YES,US-CENSUS-FIPS,18009,US-FIPS:18009,STABLE_ID + LOCAL_QA_POLYGON,-85.32606069022458,40.4649455,,https://www.census.gov/geographies/reference-files/time-series/geo/gazetteer-files.2024.html
ITC-0706,USA,Indiana,IN,Boone,Boone,YES,US-CENSUS-FIPS,18011,US-FIPS:18011,STABLE_ID + LOCAL_QA_POLYGON,-86.46859311369667,40.060027,,https://www.census.gov/geographies/reference-files/time-series/geo/gazetteer-files.2024.html
ITC-0707,USA,Indiana,IN,Brown,Brown,YES,US-CENSUS-FIPS,18013,US-FIPS:18013,STABLE_ID + LOCAL_QA_POLYGON,-86.2261663350277,39.189538,,https://www.census.gov/geographies/reference-files/time-series/geo/gazetteer-files.2024.html
ITC-0708,USA,Indiana,IN,Carroll,Carroll,YES,US-CENSUS-FIPS,18015,US-FIPS:18015,STABLE_ID + LOCAL_QA_POLYGON,-86.5728969187298,40.57807,,https://www.census.gov/geographies/reference-files/time-series/geo/gazetteer-files.2024.html
ITC-0709,USA,Indiana,IN,Cass,Cass,YES,US-CENSUS-FIPS,18017,US-FIPS:18017,STABLE_ID + LOCAL_QA_POLYGON,-86.37373136894097,40.739326,,https://www.census.gov/geographies/reference-files/time-series/geo/gazetteer-files.2024.html
ITC-0710,USA,Indiana,IN,Clark,Clark,YES,US-CENSUS-FIPS,18019,US-FIPS:18019,STABLE_ID + LOCAL_QA_POLYGON,-85.80209852512007,38.435995,,https://www.census.gov/geographies/reference-files/time-series/geo/gazetteer-files.2024.html
ITC-0711,USA,Indiana,IN,Clay,Clay,YES,US-CENSUS-FIPS,18021,US-FIPS:18021,STABLE_ID + LOCAL_QA_POLYGON,-87.0909700597257,39.380590999999995,,https://www.census.gov/geographies/reference-files/time-series/geo/gazetteer-files.2024.html
ITC-0712,USA,Indiana,IN,Clinton,Clinton,YES,US-CENSUS-FIPS,18023,US-FIPS:18023,STABLE_ID + LOCAL_QA_POLYGON,-86.46895108935358,40.304979,,https://www.census.gov/geographies/reference-files/time-series/geo/gazetteer-files.2024.html
ITC-0713,USA,Indiana,IN,Crawford,Crawford,YES,US-CENSUS-FIPS,18025,US-FIPS:18025,STABLE_ID + LOCAL_QA_POLYGON,-86.42279303069108,38.2647675,,https://www.census.gov/geographies/reference-files/time-series/geo/gazetteer-files.2024.html
ITC-0714,USA,Indiana,IN,Daviess,Daviess,YES,US-CENSUS-FIPS,18027,US-FIPS:18027,STABLE_ID + LOCAL_QA_POLYGON,-87.09741207061322,38.6973425,,https://www.census.gov/geographies/reference-files/time-series/geo/gazetteer-files.2024.html
ITC-0715,USA,Indiana,IN,Dearborn,Dearborn,YES,US-CENSUS-FIPS,18029,US-FIPS:18029,STABLE_ID + LOCAL_QA_POLYGON,-84.96017783062315,39.1217895,,https://www.census.gov/geographies/reference-files/time-series/geo/gazetteer-files.2024.html
ITC-0716,USA,Indiana,IN,Decatur,Decatur,YES,US-CENSUS-FIPS,18031,US-FIPS:18031,STABLE_ID + LOCAL_QA_POLYGON,-85.49139112142538,39.283446999999995,,https://www.census.gov/geographies/reference-files/time-series/geo/gazetteer-files.2024.html
ITC-0717,USA,Indiana,IN,DeKalb,DeKalb,YES,US-CENSUS-FIPS,18033,US-FIPS:18033,STABLE_ID + LOCAL_QA_POLYGON,-84.99858827684076,41.401450499999996,,https://www.census.gov/geographies/reference-files/time-series/geo/gazetteer-files.2024.html
ITC-0718,USA,Indiana,IN,Delaware,Delaware,YES,US-CENSUS-FIPS,18035,US-FIPS:18035,STABLE_ID + LOCAL_QA_POLYGON,-85.39648684589727,40.22692549999999,,https://www.census.gov/geographies/reference-files/time-series/geo/gazetteer-files.2024.html
ITC-0719,USA,Indiana,IN,Dubois,Dubois,YES,US-CENSUS-FIPS,18037,US-FIPS:18037,STABLE_ID + LOCAL_QA_POLYGON,-86.87696176540382,38.369350499999996,,https://www.census.gov/geographies/reference-files/time-series/geo/gazetteer-files.2024.html
ITC-0720,USA,Indiana,IN,Elkhart,Elkhart,YES,US-CENSUS-FIPS,18039,US-FIPS:18039,STABLE_ID + LOCAL_QA_POLYGON,-85.85846934852505,41.5974655,,https://www.census.gov/geographies/reference-files/time-series/geo/gazetteer-files.2024.html
ITC-0721,USA,Indiana,IN,Fayette,Fayette,YES,US-CENSUS-FIPS,18041,US-FIPS:18041,STABLE_ID + LOCAL_QA_POLYGON,-85.16771630785567,39.6460965,,https://www.census.gov/geographies/reference-files/time-series/geo/gazetteer-files.2024.html
ITC-0722,USA,Indiana,IN,Floyd,Floyd,YES,US-CENSUS-FIPS,18043,US-FIPS:18043,STABLE_ID + LOCAL_QA_POLYGON,-85.89322074526368,38.2994695,,https://www.census.gov/geographies/reference-files/time-series/geo/gazetteer-files.2024.html
ITC-0723,USA,Indiana,IN,Fountain,Fountain,YES,US-CENSUS-FIPS,18045,US-FIPS:18045,STABLE_ID + LOCAL_QA_POLYGON,-87.26434772311582,40.160076000000004,,https://www.census.gov/geographies/reference-files/time-series/geo/gazetteer-files.2024.html
ITC-0724,USA,Indiana,IN,Franklin,Franklin,YES,US-CENSUS-FIPS,18047,US-FIPS:18047,STABLE_ID + LOCAL_QA_POLYGON,-85.05696538385668,39.40156399999999,,https://www.census.gov/geographies/reference-files/time-series/geo/gazetteer-files.2024.html
ITC-0725,USA,Indiana,IN,Fulton,Fulton,YES,US-CENSUS-FIPS,18049,US-FIPS:18049,STABLE_ID + LOCAL_QA_POLYGON,-86.2066228807573,41.040684,,https://www.census.gov/geographies/reference-files/time-series/geo/gazetteer-files.2024.html
ITC-0726,USA,Indiana,IN,Gibson,Gibson,YES,US-CENSUS-FIPS,18051,US-FIPS:18051,STABLE_ID + LOCAL_QA_POLYGON,-87.56607697835827,38.3536518646132,,https://www.census.gov/geographies/reference-files/time-series/geo/gazetteer-files.2024.html
ITC-0727,USA,Indiana,IN,Grant,Grant,YES,US-CENSUS-FIPS,18053,US-FIPS:18053,STABLE_ID + LOCAL_QA_POLYGON,-85.65510618875174,40.52233,,https://www.census.gov/geographies/reference-files/time-series/geo/gazetteer-files.2024.html
ITC-0728,USA,Indiana,IN,Greene,Greene,YES,US-CENSUS-FIPS,18055,US-FIPS:18055,STABLE_ID + LOCAL_QA_POLYGON,-86.96147538994575,39.0346035,,https://www.census.gov/geographies/reference-files/time-series/geo/gazetteer-files.2024.html
ITC-0729,USA,Indiana,IN,Hamilton,Hamilton,YES,US-CENSUS-FIPS,18057,US-FIPS:18057,STABLE_ID + LOCAL_QA_POLYGON,-86.0523784800794,40.085939499999995,,https://www.census.gov/geographies/reference-files/time-series/geo/gazetteer-files.2024.html
ITC-0730,USA,Indiana,IN,Hancock,Hancock,YES,US-CENSUS-FIPS,18059,US-FIPS:18059,STABLE_ID + LOCAL_QA_POLYGON,-85.77492783255163,39.8179205,,https://www.census.gov/geographies/reference-files/time-series/geo/gazetteer-files.2024.html
ITC-0731,USA,Indiana,IN,Harrison,Harrison,YES,US-CENSUS-FIPS,18061,US-FIPS:18061,STABLE_ID + LOCAL_QA_POLYGON,-86.13420415695894,38.190907499999994,,https://www.census.gov/geographies/reference-files/time-series/geo/gazetteer-files.2024.html
ITC-0732,USA,Indiana,IN,Hendricks,Hendricks,YES,US-CENSUS-FIPS,18063,US-FIPS:18063,STABLE_ID + LOCAL_QA_POLYGON,-86.5067956119491,39.7622965,,https://www.census.gov/geographies/reference-files/time-series/geo/gazetteer-files.2024.html
ITC-0733,USA,Indiana,IN,Henry,Henry,YES,US-CENSUS-FIPS,18065,US-FIPS:18065,STABLE_ID + LOCAL_QA_POLYGON,-85.38838455810966,39.929501,,https://www.census.gov/geographies/reference-files/time-series/geo/gazetteer-files.2024.html
ITC-0734,USA,Indiana,IN,Howard,Howard,YES,US-CENSUS-FIPS,18067,US-FIPS:18067,STABLE_ID + LOCAL_QA_POLYGON,-86.11925267558524,40.4717395,,https://www.census.gov/geographies/reference-files/time-series/geo/gazetteer-files.2024.html
ITC-0735,USA,Indiana,IN,Huntington,Huntington,YES,US-CENSUS-FIPS,18069,US-FIPS:18069,STABLE_ID + LOCAL_QA_POLYGON,-85.48845730609787,40.828931499999996,,https://www.census.gov/geographies/reference-files/time-series/geo/gazetteer-files.2024.html
ITC-0736,USA,Indiana,IN,Jackson,Jackson,YES,US-CENSUS-FIPS,18071,US-FIPS:18071,STABLE_ID + LOCAL_QA_POLYGON,-86.03693365321638,38.890272499999995,,https://www.census.gov/geographies/reference-files/time-series/geo/gazetteer-files.2024.html
ITC-0737,USA,Indiana,IN,Jasper,Jasper,YES,US-CENSUS-FIPS,18073,US-FIPS:18073,STABLE_ID + LOCAL_QA_POLYGON,-87.10346651422736,41.005709499999995,,https://www.census.gov/geographies/reference-files/time-series/geo/gazetteer-files.2024.html
ITC-0738,USA,Indiana,IN,Jay,Jay,YES,US-CENSUS-FIPS,18075,US-FIPS:18075,STABLE_ID + LOCAL_QA_POLYGON,-85.00542152403492,40.42953920005605,,https://www.census.gov/geographies/reference-files/time-series/geo/gazetteer-files.2024.html
ITC-0739,USA,Indiana,IN,Jefferson,Jefferson,YES,US-CENSUS-FIPS,18077,US-FIPS:18077,STABLE_ID + LOCAL_QA_POLYGON,-85.44321388746997,38.7594565,,https://www.census.gov/geographies/reference-files/time-series/geo/gazetteer-files.2024.html
ITC-0740,USA,Indiana,IN,Jennings,Jennings,YES,US-CENSUS-FIPS,18079,US-FIPS:18079,STABLE_ID + LOCAL_QA_POLYGON,-85.62087525908433,39.014401,,https://www.census.gov/geographies/reference-files/time-series/geo/gazetteer-files.2024.html
ITC-0741,USA,Indiana,IN,Johnson,Johnson,YES,US-CENSUS-FIPS,18081,US-FIPS:18081,STABLE_ID + LOCAL_QA_POLYGON,-86.10111138299024,39.4900415,,https://www.census.gov/geographies/reference-files/time-series/geo/gazetteer-files.2024.html
ITC-0742,USA,Indiana,IN,Knox,Knox,YES,US-CENSUS-FIPS,18083,US-FIPS:18083,STABLE_ID + LOCAL_QA_POLYGON,-87.4292247844952,38.6610205,,https://www.census.gov/geographies/reference-files/time-series/geo/gazetteer-files.2024.html
ITC-0743,USA,Indiana,IN,Kosciusko,Kosciusko,YES,US-CENSUS-FIPS,18085,US-FIPS:18085,STABLE_ID + LOCAL_QA_POLYGON,-85.8535689485623,41.237459,,https://www.census.gov/geographies/reference-files/time-series/geo/gazetteer-files.2024.html
ITC-0744,USA,Indiana,IN,LaGrange,LaGrange,YES,US-CENSUS-FIPS,18087,US-FIPS:18087,STABLE_ID + LOCAL_QA_POLYGON,-85.42598887866555,41.634840999999994,,https://www.census.gov/geographies/reference-files/time-series/geo/gazetteer-files.2024.html
ITC-0745,USA,Indiana,IN,Lake,Lake,YES,US-CENSUS-FIPS,18089,US-FIPS:18089,STABLE_ID + LOCAL_QA_POLYGON,-87.37263409117708,41.442342446850446,,https://www.census.gov/geographies/reference-files/time-series/geo/gazetteer-files.2024.html
ITC-0746,USA,Indiana,IN,LaPorte,LaPorte,YES,US-CENSUS-FIPS,18091,US-FIPS:18091,STABLE_ID + LOCAL_QA_POLYGON,-86.72735748445629,41.504269,,https://www.census.gov/geographies/reference-files/time-series/geo/gazetteer-files.2024.html
ITC-0747,USA,Indiana,IN,Lawrence,Lawrence,YES,US-CENSUS-FIPS,18093,US-FIPS:18093,STABLE_ID + LOCAL_QA_POLYGON,-86.4797717302246,38.824603999999994,,https://www.census.gov/geographies/reference-files/time-series/geo/gazetteer-files.2024.html
ITC-0748,USA,Indiana,IN,Madison,Madison,YES,US-CENSUS-FIPS,18095,US-FIPS:18095,STABLE_ID + LOCAL_QA_POLYGON,-85.71937018407746,40.156074,,https://www.census.gov/geographies/reference-files/time-series/geo/gazetteer-files.2024.html
ITC-0749,USA,Indiana,IN,Marion,Marion,YES,US-CENSUS-FIPS,18097,US-FIPS:18097,STABLE_ID + LOCAL_QA_POLYGON,-86.13946996251022,39.779298,,https://www.census.gov/geographies/reference-files/time-series/geo/gazetteer-files.2024.html
ITC-0750,USA,Indiana,IN,Marshall,Marshall,YES,US-CENSUS-FIPS,18099,US-FIPS:18099,STABLE_ID + LOCAL_QA_POLYGON,-86.26211763051802,41.326405,,https://www.census.gov/geographies/reference-files/time-series/geo/gazetteer-files.2024.html
ITC-0751,USA,Indiana,IN,Martin,Martin,YES,US-CENSUS-FIPS,18101,US-FIPS:18101,STABLE_ID + LOCAL_QA_POLYGON,-86.80337795121741,38.702290500000004,,https://www.census.gov/geographies/reference-files/time-series/geo/gazetteer-files.2024.html
ITC-0752,USA,Indiana,IN,Miami,Miami,YES,US-CENSUS-FIPS,18103,US-FIPS:18103,STABLE_ID + LOCAL_QA_POLYGON,-86.05496298993975,40.7792515,,https://www.census.gov/geographies/reference-files/time-series/geo/gazetteer-files.2024.html
ITC-0753,USA,Indiana,IN,Monroe,Monroe,YES,US-CENSUS-FIPS,18105,US-FIPS:18105,STABLE_ID + LOCAL_QA_POLYGON,-86.52706018633424,39.181045,,https://www.census.gov/geographies/reference-files/time-series/geo/gazetteer-files.2024.html
ITC-0754,USA,Indiana,IN,Montgomery,Montgomery,YES,US-CENSUS-FIPS,18107,US-FIPS:18107,STABLE_ID + LOCAL_QA_POLYGON,-86.89398030074953,40.039484,,https://www.census.gov/geographies/reference-files/time-series/geo/gazetteer-files.2024.html
ITC-0755,USA,Indiana,IN,Morgan,Morgan,YES,US-CENSUS-FIPS,18109,US-FIPS:18109,STABLE_ID + LOCAL_QA_POLYGON,-86.46940314551044,39.4905755,,https://www.census.gov/geographies/reference-files/time-series/geo/gazetteer-files.2024.html
ITC-0756,USA,Indiana,IN,Newton,Newton,YES,US-CENSUS-FIPS,18111,US-FIPS:18111,STABLE_ID + LOCAL_QA_POLYGON,-87.40121659639162,40.9716798831293,,https://www.census.gov/geographies/reference-files/time-series/geo/gazetteer-files.2024.html
ITC-0757,USA,Indiana,IN,Noble,Noble,YES,US-CENSUS-FIPS,18113,US-FIPS:18113,STABLE_ID + LOCAL_QA_POLYGON,-85.42331260875841,41.4055845,,https://www.census.gov/geographies/reference-files/time-series/geo/gazetteer-files.2024.html
ITC-0758,USA,Indiana,IN,Ohio,Ohio,YES,US-CENSUS-FIPS,18115,US-FIPS:18115,STABLE_ID + LOCAL_QA_POLYGON,-84.9411658824921,38.965215,,https://www.census.gov/geographies/reference-files/time-series/geo/gazetteer-files.2024.html
ITC-0759,USA,Indiana,IN,Orange,Orange,YES,US-CENSUS-FIPS,18117,US-FIPS:18117,STABLE_ID + LOCAL_QA_POLYGON,-86.49522601779327,38.541737999999995,,https://www.census.gov/geographies/reference-files/time-series/geo/gazetteer-files.2024.html
ITC-0760,USA,Indiana,IN,Owen,Owen,YES,US-CENSUS-FIPS,18119,US-FIPS:18119,STABLE_ID + LOCAL_QA_POLYGON,-86.86979168827008,39.301394,,https://www.census.gov/geographies/reference-files/time-series/geo/gazetteer-files.2024.html
ITC-0761,USA,Indiana,IN,Parke,Parke,YES,US-CENSUS-FIPS,18121,US-FIPS:18121,STABLE_ID + LOCAL_QA_POLYGON,-87.19249449011153,39.77867,,https://www.census.gov/geographies/reference-files/time-series/geo/gazetteer-files.2024.html
ITC-0762,USA,Indiana,IN,Perry,Perry,YES,US-CENSUS-FIPS,18123,US-FIPS:18123,STABLE_ID + LOCAL_QA_POLYGON,-86.60980938737922,38.0546355,,https://www.census.gov/geographies/reference-files/time-series/geo/gazetteer-files.2024.html
ITC-0763,USA,Indiana,IN,Pike,Pike,YES,US-CENSUS-FIPS,18125,US-FIPS:18125,STABLE_ID + LOCAL_QA_POLYGON,-87.24025136978305,38.390133500000005,,https://www.census.gov/geographies/reference-files/time-series/geo/gazetteer-files.2024.html
ITC-0764,USA,Indiana,IN,Porter,Porter,YES,US-CENSUS-FIPS,18127,US-FIPS:18127,STABLE_ID + LOCAL_QA_POLYGON,-87.07463682965226,41.4669555,,https://www.census.gov/geographies/reference-files/time-series/geo/gazetteer-files.2024.html
ITC-0765,USA,Indiana,IN,Posey,Posey,YES,US-CENSUS-FIPS,18129,US-FIPS:18129,STABLE_ID + LOCAL_QA_POLYGON,-87.85930597859107,37.9939925,,https://www.census.gov/geographies/reference-files/time-series/geo/gazetteer-files.2024.html
ITC-0766,USA,Indiana,IN,Pulaski,Pulaski,YES,US-CENSUS-FIPS,18131,US-FIPS:18131,STABLE_ID + LOCAL_QA_POLYGON,-86.69918954134198,41.040684,,https://www.census.gov/geographies/reference-files/time-series/geo/gazetteer-files.2024.html
ITC-0767,USA,Indiana,IN,Putnam,Putnam,YES,US-CENSUS-FIPS,18133,US-FIPS:18133,STABLE_ID + LOCAL_QA_POLYGON,-86.84977407092336,39.666760499999995,,https://www.census.gov/geographies/reference-files/time-series/geo/gazetteer-files.2024.html
ITC-0768,USA,Indiana,IN,Randolph,Randolph,YES,US-CENSUS-FIPS,18135,US-FIPS:18135,STABLE_ID + LOCAL_QA_POLYGON,-85.01166410971409,40.166315,,https://www.census.gov/geographies/reference-files/time-series/geo/gazetteer-files.2024.html
ITC-0769,USA,Indiana,IN,Ripley,Ripley,YES,US-CENSUS-FIPS,18137,US-FIPS:18137,STABLE_ID + LOCAL_QA_POLYGON,-85.27273261544167,39.1025915,,https://www.census.gov/geographies/reference-files/time-series/geo/gazetteer-files.2024.html
ITC-0770,USA,Indiana,IN,Rush,Rush,YES,US-CENSUS-FIPS,18139,US-FIPS:18139,STABLE_ID + LOCAL_QA_POLYGON,-85.4663583635843,39.6175095,,https://www.census.gov/geographies/reference-files/time-series/geo/gazetteer-files.2024.html
ITC-0771,USA,Indiana,IN,Scott,Scott,YES,US-CENSUS-FIPS,18143,US-FIPS:18143,STABLE_ID + LOCAL_QA_POLYGON,-85.74821908975971,38.6946835,,https://www.census.gov/geographies/reference-files/time-series/geo/gazetteer-files.2024.html
ITC-0772,USA,Indiana,IN,Shelby,Shelby,YES,US-CENSUS-FIPS,18145,US-FIPS:18145,STABLE_ID + LOCAL_QA_POLYGON,-85.79107656601221,39.524199499999995,,https://www.census.gov/geographies/reference-files/time-series/geo/gazetteer-files.2024.html
ITC-0773,USA,Indiana,IN,Spencer,Spencer,YES,US-CENSUS-FIPS,18147,US-FIPS:18147,STABLE_ID + LOCAL_QA_POLYGON,-87.00966895195018,37.995134,,https://www.census.gov/geographies/reference-files/time-series/geo/gazetteer-files.2024.html
ITC-0774,USA,Indiana,IN,St. Joseph,St. Joseph,YES,US-CENSUS-FIPS,18141,US-FIPS:18141,STABLE_ID + LOCAL_QA_POLYGON,-86.2735483045521,41.598068,,https://www.census.gov/geographies/reference-files/time-series/geo/gazetteer-files.2024.html
ITC-0775,USA,Indiana,IN,Starke,Starke,YES,US-CENSUS-FIPS,18149,US-FIPS:18149,STABLE_ID + LOCAL_QA_POLYGON,-86.62079517402354,41.293869,,https://www.census.gov/geographies/reference-files/time-series/geo/gazetteer-files.2024.html
ITC-0776,USA,Indiana,IN,Steuben,Steuben,YES,US-CENSUS-FIPS,18151,US-FIPS:18151,STABLE_ID + LOCAL_QA_POLYGON,-85.00055413447689,41.65843099999999,,https://www.census.gov/geographies/reference-files/time-series/geo/gazetteer-files.2024.html
ITC-0777,USA,Indiana,IN,Sullivan,Sullivan,YES,US-CENSUS-FIPS,18153,US-FIPS:18153,STABLE_ID + LOCAL_QA_POLYGON,-87.42166469013324,39.081042212193296,,https://www.census.gov/geographies/reference-files/time-series/geo/gazetteer-files.2024.html
ITC-0778,USA,Indiana,IN,Switzerland,Switzerland,YES,US-CENSUS-FIPS,18155,US-FIPS:18155,STABLE_ID + LOCAL_QA_POLYGON,-85.01234645017968,38.81111849999999,,https://www.census.gov/geographies/reference-files/time-series/geo/gazetteer-files.2024.html
ITC-0779,USA,Indiana,IN,Tippecanoe,Tippecanoe,YES,US-CENSUS-FIPS,18157,US-FIPS:18157,STABLE_ID + LOCAL_QA_POLYGON,-86.89379029907971,40.3884105,,https://www.census.gov/geographies/reference-files/time-series/geo/gazetteer-files.2024.html
ITC-0780,USA,Indiana,IN,Tipton,Tipton,YES,US-CENSUS-FIPS,18159,US-FIPS:18159,STABLE_ID + LOCAL_QA_POLYGON,-86.05213140170127,40.321752000000004,,https://www.census.gov/geographies/reference-files/time-series/geo/gazetteer-files.2024.html
ITC-0781,USA,Indiana,IN,Union,Union,YES,US-CENSUS-FIPS,18161,US-FIPS:18161,STABLE_ID + LOCAL_QA_POLYGON,-84.92501886639022,39.621173,,https://www.census.gov/geographies/reference-files/time-series/geo/gazetteer-files.2024.html
ITC-0782,USA,Indiana,IN,Vanderburgh,Vanderburgh,YES,US-CENSUS-FIPS,18163,US-FIPS:18163,STABLE_ID + LOCAL_QA_POLYGON,-87.57412367106296,37.997122499999996,,https://www.census.gov/geographies/reference-files/time-series/geo/gazetteer-files.2024.html
ITC-0783,USA,Indiana,IN,Vermillion,Vermillion,YES,US-CENSUS-FIPS,18165,US-FIPS:18165,STABLE_ID + LOCAL_QA_POLYGON,-87.45565673889928,39.8775885,,https://www.census.gov/geographies/reference-files/time-series/geo/gazetteer-files.2024.html
ITC-0784,USA,Indiana,IN,Vigo,Vigo,YES,US-CENSUS-FIPS,18167,US-FIPS:18167,STABLE_ID + LOCAL_QA_POLYGON,-87.38545746920062,39.434692,,https://www.census.gov/geographies/reference-files/time-series/geo/gazetteer-files.2024.html
ITC-0785,USA,Indiana,IN,Wabash,Wabash,YES,US-CENSUS-FIPS,18169,US-FIPS:18169,STABLE_ID + LOCAL_QA_POLYGON,-85.79209565061541,40.8488155,,https://www.census.gov/geographies/reference-files/time-series/geo/gazetteer-files.2024.html
ITC-0786,USA,Indiana,IN,Warren,Warren,YES,US-CENSUS-FIPS,18171,US-FIPS:18171,STABLE_ID + LOCAL_QA_POLYGON,-87.38867976710623,40.30271059364004,,https://www.census.gov/geographies/reference-files/time-series/geo/gazetteer-files.2024.html
ITC-0787,USA,Indiana,IN,Warrick,Warrick,YES,US-CENSUS-FIPS,18173,US-FIPS:18173,STABLE_ID + LOCAL_QA_POLYGON,-87.28471631737594,38.0619795,,https://www.census.gov/geographies/reference-files/time-series/geo/gazetteer-files.2024.html
ITC-0788,USA,Indiana,IN,Washington,Washington,YES,US-CENSUS-FIPS,18175,US-FIPS:18175,STABLE_ID + LOCAL_QA_POLYGON,-86.09702495034344,38.604392,,https://www.census.gov/geographies/reference-files/time-series/geo/gazetteer-files.2024.html
ITC-0789,USA,Indiana,IN,Wayne,Wayne,YES,US-CENSUS-FIPS,18177,US-FIPS:18177,STABLE_ID + LOCAL_QA_POLYGON,-85.01703493141443,39.86310949999999,,https://www.census.gov/geographies/reference-files/time-series/geo/gazetteer-files.2024.html
ITC-0790,USA,Indiana,IN,Wells,Wells,YES,US-CENSUS-FIPS,18179,US-FIPS:18179,STABLE_ID + LOCAL_QA_POLYGON,-85.20266689342074,40.742574499999996,,https://www.census.gov/geographies/reference-files/time-series/geo/gazetteer-files.2024.html
ITC-0791,USA,Indiana,IN,White,White,YES,US-CENSUS-FIPS,18181,US-FIPS:18181,STABLE_ID + LOCAL_QA_POLYGON,-86.9235391796822,40.736851,,https://www.census.gov/geographies/reference-files/time-series/geo/gazetteer-files.2024.html
ITC-0792,USA,Indiana,IN,Whitley,Whitley,YES,US-CENSUS-FIPS,18183,US-FIPS:18183,STABLE_ID + LOCAL_QA_POLYGON,-85.51213019244717,41.1474685,,https://www.census.gov/geographies/reference-files/time-series/geo/gazetteer-files.2024.html
ITC-0793,USA,Iowa,IA,Adair,Adair,YES,US-CENSUS-FIPS,19001,US-FIPS:19001,STABLE_ID + LOCAL_QA_POLYGON,-94.47074639396948,41.330774,,https://www.census.gov/geographies/reference-files/time-series/geo/gazetteer-files.2024.html
ITC-0794,USA,Iowa,IA,Adams,Adams,YES,US-CENSUS-FIPS,19003,US-FIPS:19003,STABLE_ID + LOCAL_QA_POLYGON,-94.69920227990048,41.0177815,,https://www.census.gov/geographies/reference-files/time-series/geo/gazetteer-files.2024.html
ITC-0795,USA,Iowa,IA,Allamakee,Allamakee,YES,US-CENSUS-FIPS,19005,US-FIPS:19005,STABLE_ID + LOCAL_QA_POLYGON,-91.3436423807592,43.2873215,,https://www.census.gov/geographies/reference-files/time-series/geo/gazetteer-files.2024.html
ITC-0796,USA,Iowa,IA,Appanoose,Appanoose,YES,US-CENSUS-FIPS,19007,US-FIPS:19007,STABLE_ID + LOCAL_QA_POLYGON,-92.86797972288018,40.735459,,https://www.census.gov/geographies/reference-files/time-series/geo/gazetteer-files.2024.html
ITC-0797,USA,Iowa,IA,Audubon,Audubon,YES,US-CENSUS-FIPS,19009,US-FIPS:19009,STABLE_ID + LOCAL_QA_POLYGON,-94.91856321423597,41.678031,,https://www.census.gov/geographies/reference-files/time-series/geo/gazetteer-files.2024.html
ITC-0798,USA,Iowa,IA,Benton,Benton,YES,US-CENSUS-FIPS,19011,US-FIPS:19011,STABLE_ID + LOCAL_QA_POLYGON,-92.0669334250558,42.081137,,https://www.census.gov/geographies/reference-files/time-series/geo/gazetteer-files.2024.html
ITC-0799,USA,Iowa,IA,Black Hawk,Black Hawk,YES,US-CENSUS-FIPS,19013,US-FIPS:19013,STABLE_ID + LOCAL_QA_POLYGON,-92.31796256311188,42.4761795,,https://www.census.gov/geographies/reference-files/time-series/geo/gazetteer-files.2024.html
ITC-0800,USA,Iowa,IA,Boone,Boone,YES,US-CENSUS-FIPS,19015,US-FIPS:19015,STABLE_ID + LOCAL_QA_POLYGON,-93.93168027993421,42.036992,,https://www.census.gov/geographies/reference-files/time-series/geo/gazetteer-files.2024.html
ITC-0801,USA,Iowa,IA,Bremer,Bremer,YES,US-CENSUS-FIPS,19017,US-FIPS:19017,STABLE_ID + LOCAL_QA_POLYGON,-92.31808009136836,42.7625135,,https://www.census.gov/geographies/reference-files/time-series/geo/gazetteer-files.2024.html
ITC-0802,USA,Iowa,IA,Buchanan,Buchanan,YES,US-CENSUS-FIPS,19019,US-FIPS:19019,STABLE_ID + LOCAL_QA_POLYGON,-91.84505403686887,42.4760165,,https://www.census.gov/geographies/reference-files/time-series/geo/gazetteer-files.2024.html
ITC-0803,USA,Iowa,IA,Buena Vista,Buena Vista,YES,US-CENSUS-FIPS,19021,US-FIPS:19021,STABLE_ID + LOCAL_QA_POLYGON,-95.15071048495975,42.7416025,,https://www.census.gov/geographies/reference-files/time-series/geo/gazetteer-files.2024.html
ITC-0804,USA,Iowa,IA,Butler,Butler,YES,US-CENSUS-FIPS,19023,US-FIPS:19023,STABLE_ID + LOCAL_QA_POLYGON,-92.79020340691196,42.7376545,,https://www.census.gov/geographies/reference-files/time-series/geo/gazetteer-files.2024.html
ITC-0805,USA,Iowa,IA,Calhoun,Calhoun,YES,US-CENSUS-FIPS,19025,US-FIPS:19025,STABLE_ID + LOCAL_QA_POLYGON,-94.62715799555303,42.3843535,,https://www.census.gov/geographies/reference-files/time-series/geo/gazetteer-files.2024.html
ITC-0806,USA,Iowa,IA,Carroll,Carroll,YES,US-CENSUS-FIPS,19027,US-FIPS:19027,STABLE_ID + LOCAL_QA_POLYGON,-94.86050347683356,42.042548,,https://www.census.gov/geographies/reference-files/time-series/geo/gazetteer-files.2024.html
ITC-0807,USA,Iowa,IA,Cass,Cass,YES,US-CENSUS-FIPS,19029,US-FIPS:19029,STABLE_ID + LOCAL_QA_POLYGON,-94.92769092938426,41.331461,,https://www.census.gov/geographies/reference-files/time-series/geo/gazetteer-files.2024.html
ITC-0808,USA,Iowa,IA,Cedar,Cedar,YES,US-CENSUS-FIPS,19031,US-FIPS:19031,STABLE_ID + LOCAL_QA_POLYGON,-91.1321789715332,41.772157,,https://www.census.gov/geographies/reference-files/time-series/geo/gazetteer-files.2024.html
ITC-0809,USA,Iowa,IA,Cerro Gordo,Cerro Gordo,YES,US-CENSUS-FIPS,19033,US-FIPS:19033,STABLE_ID + LOCAL_QA_POLYGON,-93.26075223400461,43.075404999999996,,https://www.census.gov/geographies/reference-files/time-series/geo/gazetteer-files.2024.html
ITC-0810,USA,Iowa,IA,Cherokee,Cherokee,YES,US-CENSUS-FIPS,19035,US-FIPS:19035,STABLE_ID + LOCAL_QA_POLYGON,-95.62391091747266,42.741985,,https://www.census.gov/geographies/reference-files/time-series/geo/gazetteer-files.2024.html
ITC-0811,USA,Iowa,IA,Chickasaw,Chickasaw,YES,US-CENSUS-FIPS,19037,US-FIPS:19037,STABLE_ID + LOCAL_QA_POLYGON,-92.3176930999745,43.060291,,https://www.census.gov/geographies/reference-files/time-series/geo/gazetteer-files.2024.html
ITC-0812,USA,Iowa,IA,Clarke,Clarke,YES,US-CENSUS-FIPS,19039,US-FIPS:19039,STABLE_ID + LOCAL_QA_POLYGON,-93.78572848266627,41.028452,,https://www.census.gov/geographies/reference-files/time-series/geo/gazetteer-files.2024.html
ITC-0813,USA,Iowa,IA,Clay,Clay,YES,US-CENSUS-FIPS,19041,US-FIPS:19041,STABLE_ID + LOCAL_QA_POLYGON,-95.15094452917504,43.0613095,,https://www.census.gov/geographies/reference-files/time-series/geo/gazetteer-files.2024.html
ITC-0814,USA,Iowa,IA,Clayton,Clayton,YES,US-CENSUS-FIPS,19043,US-FIPS:19043,STABLE_ID + LOCAL_QA_POLYGON,-91.35262118739352,42.862145999999996,,https://www.census.gov/geographies/reference-files/time-series/geo/gazetteer-files.2024.html
ITC-0815,USA,Iowa,IA,Clinton,Clinton,YES,US-CENSUS-FIPS,19045,US-FIPS:19045,STABLE_ID + LOCAL_QA_POLYGON,-90.53263883833776,41.8810645924874,,https://www.census.gov/geographies/reference-files/time-series/geo/gazetteer-files.2024.html
ITC-0816,USA,Iowa,IA,Crawford,Crawford,YES,US-CENSUS-FIPS,19047,US-FIPS:19047,STABLE_ID + LOCAL_QA_POLYGON,-95.38184650194138,42.0367495,,https://www.census.gov/geographies/reference-files/time-series/geo/gazetteer-files.2024.html
ITC-0817,USA,Iowa,IA,Dallas,Dallas,YES,US-CENSUS-FIPS,19049,US-FIPS:19049,STABLE_ID + LOCAL_QA_POLYGON,-94.04742673178191,41.682942499999996,,https://www.census.gov/geographies/reference-files/time-series/geo/gazetteer-files.2024.html
ITC-0818,USA,Iowa,IA,Davis,Davis,YES,US-CENSUS-FIPS,19051,US-FIPS:19051,STABLE_ID + LOCAL_QA_POLYGON,-92.40856308318226,40.745901,,https://www.census.gov/geographies/reference-files/time-series/geo/gazetteer-files.2024.html
ITC-0819,USA,Iowa,IA,Decatur,Decatur,YES,US-CENSUS-FIPS,19053,US-FIPS:19053,STABLE_ID + LOCAL_QA_POLYGON,-93.78593187829486,40.7396155,,https://www.census.gov/geographies/reference-files/time-series/geo/gazetteer-files.2024.html
ITC-0820,USA,Iowa,IA,Delaware,Delaware,YES,US-CENSUS-FIPS,19055,US-FIPS:19055,STABLE_ID + LOCAL_QA_POLYGON,-91.36969806698926,42.470268499999996,,https://www.census.gov/geographies/reference-files/time-series/geo/gazetteer-files.2024.html
ITC-0821,USA,Iowa,IA,Des Moines,Des Moines,YES,US-CENSUS-FIPS,19057,US-FIPS:19057,STABLE_ID + LOCAL_QA_POLYGON,-91.19458041350099,40.8903215,,https://www.census.gov/geographies/reference-files/time-series/geo/gazetteer-files.2024.html
ITC-0822,USA,Iowa,IA,Dickinson,Dickinson,YES,US-CENSUS-FIPS,19059,US-FIPS:19059,STABLE_ID + LOCAL_QA_POLYGON,-95.150862758941,43.392399999999995,,https://www.census.gov/geographies/reference-files/time-series/geo/gazetteer-files.2024.html
ITC-0823,USA,Iowa,IA,Dubuque,Dubuque,YES,US-CENSUS-FIPS,19061,US-FIPS:19061,STABLE_ID + LOCAL_QA_POLYGON,-90.89530990066024,42.486844,,https://www.census.gov/geographies/reference-files/time-series/geo/gazetteer-files.2024.html
ITC-0824,USA,Iowa,IA,Emmet,Emmet,YES,US-CENSUS-FIPS,19063,US-FIPS:19063,STABLE_ID + LOCAL_QA_POLYGON,-94.67830519843098,43.385144,,https://www.census.gov/geographies/reference-files/time-series/geo/gazetteer-files.2024.html
ITC-0825,USA,Iowa,IA,Fayette,Fayette,YES,US-CENSUS-FIPS,19065,US-FIPS:19065,STABLE_ID + LOCAL_QA_POLYGON,-91.84426391558773,42.869282999999996,,https://www.census.gov/geographies/reference-files/time-series/geo/gazetteer-files.2024.html
ITC-0826,USA,Iowa,IA,Floyd,Floyd,YES,US-CENSUS-FIPS,19067,US-FIPS:19067,STABLE_ID + LOCAL_QA_POLYGON,-92.78887018835741,43.0604295,,https://www.census.gov/geographies/reference-files/time-series/geo/gazetteer-files.2024.html
ITC-0827,USA,Iowa,IA,Franklin,Franklin,YES,US-CENSUS-FIPS,19069,US-FIPS:19069,STABLE_ID + LOCAL_QA_POLYGON,-93.2623806403502,42.738226999999995,,https://www.census.gov/geographies/reference-files/time-series/geo/gazetteer-files.2024.html
ITC-0828,USA,Iowa,IA,Fremont,Fremont,YES,US-CENSUS-FIPS,19071,US-FIPS:19071,STABLE_ID + LOCAL_QA_POLYGON,-95.63650593900498,40.7391965,,https://www.census.gov/geographies/reference-files/time-series/geo/gazetteer-files.2024.html
ITC-0829,USA,Iowa,IA,Greene,Greene,YES,US-CENSUS-FIPS,19073,US-FIPS:19073,STABLE_ID + LOCAL_QA_POLYGON,-94.39687840233333,42.041816,,https://www.census.gov/geographies/reference-files/time-series/geo/gazetteer-files.2024.html
ITC-0830,USA,Iowa,IA,Grundy,Grundy,YES,US-CENSUS-FIPS,19075,US-FIPS:19075,STABLE_ID + LOCAL_QA_POLYGON,-92.76806884843577,42.376296499999995,,https://www.census.gov/geographies/reference-files/time-series/geo/gazetteer-files.2024.html
ITC-0831,USA,Iowa,IA,Guthrie,Guthrie,YES,US-CENSUS-FIPS,19077,US-FIPS:19077,STABLE_ID + LOCAL_QA_POLYGON,-94.51225589149522,41.678017999999994,,https://www.census.gov/geographies/reference-files/time-series/geo/gazetteer-files.2024.html
ITC-0832,USA,Iowa,IA,Hamilton,Hamilton,YES,US-CENSUS-FIPS,19079,US-FIPS:19079,STABLE_ID + LOCAL_QA_POLYGON,-93.69740297211973,42.3797425,,https://www.census.gov/geographies/reference-files/time-series/geo/gazetteer-files.2024.html
ITC-0833,USA,Iowa,IA,Hancock,Hancock,YES,US-CENSUS-FIPS,19081,US-FIPS:19081,STABLE_ID + LOCAL_QA_POLYGON,-93.73413601771232,43.0751375,,https://www.census.gov/geographies/reference-files/time-series/geo/gazetteer-files.2024.html
ITC-0834,USA,Iowa,IA,Hardin,Hardin,YES,US-CENSUS-FIPS,19083,US-FIPS:19083,STABLE_ID + LOCAL_QA_POLYGON,-93.23260686043618,42.375919999999994,,https://www.census.gov/geographies/reference-files/time-series/geo/gazetteer-files.2024.html
ITC-0835,USA,Iowa,IA,Harrison,Harrison,YES,US-CENSUS-FIPS,19085,US-FIPS:19085,STABLE_ID + LOCAL_QA_POLYGON,-95.83968561808007,41.685631,,https://www.census.gov/geographies/reference-files/time-series/geo/gazetteer-files.2024.html
ITC-0836,USA,Iowa,IA,Henry,Henry,YES,US-CENSUS-FIPS,19087,US-FIPS:19087,STABLE_ID + LOCAL_QA_POLYGON,-91.54471152035653,40.9877415,,https://www.census.gov/geographies/reference-files/time-series/geo/gazetteer-files.2024.html
ITC-0837,USA,Iowa,IA,Howard,Howard,YES,US-CENSUS-FIPS,19089,US-FIPS:19089,STABLE_ID + LOCAL_QA_POLYGON,-92.31718298681244,43.3639785,,https://www.census.gov/geographies/reference-files/time-series/geo/gazetteer-files.2024.html
ITC-0838,USA,Iowa,IA,Humboldt,Humboldt,YES,US-CENSUS-FIPS,19091,US-FIPS:19091,STABLE_ID + LOCAL_QA_POLYGON,-94.20730228300036,42.7755735,,https://www.census.gov/geographies/reference-files/time-series/geo/gazetteer-files.2024.html
ITC-0839,USA,Iowa,IA,Ida,Ida,YES,US-CENSUS-FIPS,19093,US-FIPS:19093,STABLE_ID + LOCAL_QA_POLYGON,-95.49636967459962,42.3888365,,https://www.census.gov/geographies/reference-files/time-series/geo/gazetteer-files.2024.html
ITC-0840,USA,Iowa,IA,Iowa,Iowa,YES,US-CENSUS-FIPS,19095,US-FIPS:19095,STABLE_ID + LOCAL_QA_POLYGON,-92.06699015872613,41.6819175,,https://www.census.gov/geographies/reference-files/time-series/geo/gazetteer-files.2024.html
ITC-0841,USA,Iowa,IA,Jackson,Jackson,YES,US-CENSUS-FIPS,19097,US-FIPS:19097,STABLE_ID + LOCAL_QA_POLYGON,-90.62889062118265,42.20702979471885,,https://www.census.gov/geographies/reference-files/time-series/geo/gazetteer-files.2024.html
ITC-0842,USA,Iowa,IA,Jasper,Jasper,YES,US-CENSUS-FIPS,19099,US-FIPS:19099,STABLE_ID + LOCAL_QA_POLYGON,-93.05746397782089,41.6845395,,https://www.census.gov/geographies/reference-files/time-series/geo/gazetteer-files.2024.html
ITC-0843,USA,Iowa,IA,Jefferson,Jefferson,YES,US-CENSUS-FIPS,19101,US-FIPS:19101,STABLE_ID + LOCAL_QA_POLYGON,-91.94872928212291,41.03621749999999,,https://www.census.gov/geographies/reference-files/time-series/geo/gazetteer-files.2024.html
ITC-0844,USA,Iowa,IA,Johnson,Johnson,YES,US-CENSUS-FIPS,19103,US-FIPS:19103,STABLE_ID + LOCAL_QA_POLYGON,-91.59986250016857,41.6373645,,https://www.census.gov/geographies/reference-files/time-series/geo/gazetteer-files.2024.html
ITC-0845,USA,Iowa,IA,Jones,Jones,YES,US-CENSUS-FIPS,19105,US-FIPS:19105,STABLE_ID + LOCAL_QA_POLYGON,-91.13144382730303,42.1212505,,https://www.census.gov/geographies/reference-files/time-series/geo/gazetteer-files.2024.html
ITC-0846,USA,Iowa,IA,Keokuk,Keokuk,YES,US-CENSUS-FIPS,19107,US-FIPS:19107,STABLE_ID + LOCAL_QA_POLYGON,-92.17904028339737,41.33685199999999,,https://www.census.gov/geographies/reference-files/time-series/geo/gazetteer-files.2024.html
ITC-0847,USA,Iowa,IA,Kossuth,Kossuth,YES,US-CENSUS-FIPS,19109,US-FIPS:19109,STABLE_ID + LOCAL_QA_POLYGON,-94.20653468975797,43.205365,,https://www.census.gov/geographies/reference-files/time-series/geo/gazetteer-files.2024.html
ITC-0848,USA,Iowa,IA,Lee,Lee,YES,US-CENSUS-FIPS,19111,US-FIPS:19111,STABLE_ID + LOCAL_QA_POLYGON,-91.53609527341291,40.59191660127165,,https://www.census.gov/geographies/reference-files/time-series/geo/gazetteer-files.2024.html
ITC-0849,USA,Iowa,IA,Linn,Linn,YES,US-CENSUS-FIPS,19113,US-FIPS:19113,STABLE_ID + LOCAL_QA_POLYGON,-91.59974805172035,42.080513999999994,,https://www.census.gov/geographies/reference-files/time-series/geo/gazetteer-files.2024.html
ITC-0850,USA,Iowa,IA,Louisa,Louisa,YES,US-CENSUS-FIPS,19115,US-FIPS:19115,STABLE_ID + LOCAL_QA_POLYGON,-91.29966953648456,41.2455235,,https://www.census.gov/geographies/reference-files/time-series/geo/gazetteer-files.2024.html
ITC-0851,USA,Iowa,IA,Lucas,Lucas,YES,US-CENSUS-FIPS,19117,US-FIPS:19117,STABLE_ID + LOCAL_QA_POLYGON,-93.32764505094937,41.039304,,https://www.census.gov/geographies/reference-files/time-series/geo/gazetteer-files.2024.html
ITC-0852,USA,Iowa,IA,Lyon,Lyon,YES,US-CENSUS-FIPS,19119,US-FIPS:19119,STABLE_ID + LOCAL_QA_POLYGON,-96.19098196174576,43.380793499999996,,https://www.census.gov/geographies/reference-files/time-series/geo/gazetteer-files.2024.html
ITC-0853,USA,Iowa,IA,Madison,Madison,YES,US-CENSUS-FIPS,19121,US-FIPS:19121,STABLE_ID + LOCAL_QA_POLYGON,-94.015755973451,41.3332965,,https://www.census.gov/geographies/reference-files/time-series/geo/gazetteer-files.2024.html
ITC-0854,USA,Iowa,IA,Mahaska,Mahaska,YES,US-CENSUS-FIPS,19123,US-FIPS:19123,STABLE_ID + LOCAL_QA_POLYGON,-92.64088941755567,41.3355645,,https://www.census.gov/geographies/reference-files/time-series/geo/gazetteer-files.2024.html
ITC-0855,USA,Iowa,IA,Marion,Marion,YES,US-CENSUS-FIPS,19125,US-FIPS:19125,STABLE_ID + LOCAL_QA_POLYGON,-93.09950127284947,41.332452,,https://www.census.gov/geographies/reference-files/time-series/geo/gazetteer-files.2024.html
ITC-0856,USA,Iowa,IA,Marshall,Marshall,YES,US-CENSUS-FIPS,19127,US-FIPS:19127,STABLE_ID + LOCAL_QA_POLYGON,-92.9990210621647,42.046733,,https://www.census.gov/geographies/reference-files/time-series/geo/gazetteer-files.2024.html
ITC-0857,USA,Iowa,IA,Mills,Mills,YES,US-CENSUS-FIPS,19129,US-FIPS:19129,STABLE_ID + LOCAL_QA_POLYGON,-95.6218524970263,41.031099,,https://www.census.gov/geographies/reference-files/time-series/geo/gazetteer-files.2024.html
ITC-0858,USA,Iowa,IA,Mitchell,Mitchell,YES,US-CENSUS-FIPS,19131,US-FIPS:19131,STABLE_ID + LOCAL_QA_POLYGON,-92.78914901178592,43.3621395,,https://www.census.gov/geographies/reference-files/time-series/geo/gazetteer-files.2024.html
ITC-0859,USA,Iowa,IA,Monona,Monona,YES,US-CENSUS-FIPS,19133,US-FIPS:19133,STABLE_ID + LOCAL_QA_POLYGON,-95.95186507554428,42.03905949999999,,https://www.census.gov/geographies/reference-files/time-series/geo/gazetteer-files.2024.html
ITC-0860,USA,Iowa,IA,Monroe,Monroe,YES,US-CENSUS-FIPS,19135,US-FIPS:19135,STABLE_ID + LOCAL_QA_POLYGON,-92.86903841055366,41.026713,,https://www.census.gov/geographies/reference-files/time-series/geo/gazetteer-files.2024.html
ITC-0861,USA,Iowa,IA,Montgomery,Montgomery,YES,US-CENSUS-FIPS,19137,US-FIPS:19137,STABLE_ID + LOCAL_QA_POLYGON,-95.15620329581733,41.030283499999996,,https://www.census.gov/geographies/reference-files/time-series/geo/gazetteer-files.2024.html
ITC-0862,USA,Iowa,IA,Muscatine,Muscatine,YES,US-CENSUS-FIPS,19139,US-FIPS:19139,STABLE_ID + LOCAL_QA_POLYGON,-91.07689640750716,41.4758395,,https://www.census.gov/geographies/reference-files/time-series/geo/gazetteer-files.2024.html
ITC-0863,USA,Iowa,IA,O'Brien,O'Brien,YES,US-CENSUS-FIPS,19141,US-FIPS:19141,STABLE_ID + LOCAL_QA_POLYGON,-95.62419100818659,43.0839225,,https://www.census.gov/geographies/reference-files/time-series/geo/gazetteer-files.2024.html
ITC-0864,USA,Iowa,IA,Osceola,Osceola,YES,US-CENSUS-FIPS,19143,US-FIPS:19143,STABLE_ID + LOCAL_QA_POLYGON,-95.62404442456611,43.3785735,,https://www.census.gov/geographies/reference-files/time-series/geo/gazetteer-files.2024.html
ITC-0865,USA,Iowa,IA,Page,Page,YES,US-CENSUS-FIPS,19145,US-FIPS:19145,STABLE_ID + LOCAL_QA_POLYGON,-95.1568698851703,40.7351895,,https://www.census.gov/geographies/reference-files/time-series/geo/gazetteer-files.2024.html
ITC-0866,USA,Iowa,IA,Palo Alto,Palo Alto,YES,US-CENSUS-FIPS,19147,US-FIPS:19147,STABLE_ID + LOCAL_QA_POLYGON,-94.67811049150474,43.0677935,,https://www.census.gov/geographies/reference-files/time-series/geo/gazetteer-files.2024.html
ITC-0867,USA,Iowa,IA,Plymouth,Plymouth,YES,US-CENSUS-FIPS,19149,US-FIPS:19149,STABLE_ID + LOCAL_QA_POLYGON,-96.24983020160221,42.736137,,https://www.census.gov/geographies/reference-files/time-series/geo/gazetteer-files.2024.html
ITC-0868,USA,Iowa,IA,Pocahontas,Pocahontas,YES,US-CENSUS-FIPS,19151,US-FIPS:19151,STABLE_ID + LOCAL_QA_POLYGON,-94.67854562358286,42.73403999999999,,https://www.census.gov/geographies/reference-files/time-series/geo/gazetteer-files.2024.html
ITC-0869,USA,Iowa,IA,Polk,Polk,YES,US-CENSUS-FIPS,19153,US-FIPS:19153,STABLE_ID + LOCAL_QA_POLYGON,-93.58146133275793,41.669490999999994,,https://www.census.gov/geographies/reference-files/time-series/geo/gazetteer-files.2024.html
ITC-0870,USA,Iowa,IA,Pottawattamie,Pottawattamie,YES,US-CENSUS-FIPS,19155,US-FIPS:19155,STABLE_ID + LOCAL_QA_POLYGON,-95.5502804812351,41.332986999999996,,https://www.census.gov/geographies/reference-files/time-series/geo/gazetteer-files.2024.html
ITC-0871,USA,Iowa,IA,Poweshiek,Poweshiek,YES,US-CENSUS-FIPS,19157,US-FIPS:19157,STABLE_ID + LOCAL_QA_POLYGON,-92.53316130674938,41.662701,,https://www.census.gov/geographies/reference-files/time-series/geo/gazetteer-files.2024.html
ITC-0872,USA,Iowa,IA,Ringgold,Ringgold,YES,US-CENSUS-FIPS,19159,US-FIPS:19159,STABLE_ID + LOCAL_QA_POLYGON,-94.24347666337324,40.760343999999996,,https://www.census.gov/geographies/reference-files/time-series/geo/gazetteer-files.2024.html
ITC-0873,USA,Iowa,IA,Sac,Sac,YES,US-CENSUS-FIPS,19161,US-FIPS:19161,STABLE_ID + LOCAL_QA_POLYGON,-95.08992345516903,42.385371500000005,,https://www.census.gov/geographies/reference-files/time-series/geo/gazetteer-files.2024.html
ITC-0874,USA,Iowa,IA,Scott,Scott,YES,US-CENSUS-FIPS,19163,US-FIPS:19163,STABLE_ID + LOCAL_QA_POLYGON,-90.62025003304558,41.61287232379095,,https://www.census.gov/geographies/reference-files/time-series/geo/gazetteer-files.2024.html
ITC-0875,USA,Iowa,IA,Shelby,Shelby,YES,US-CENSUS-FIPS,19165,US-FIPS:19165,STABLE_ID + LOCAL_QA_POLYGON,-95.3253995882103,41.67841849999999,,https://www.census.gov/geographies/reference-files/time-series/geo/gazetteer-files.2024.html
ITC-0876,USA,Iowa,IA,Sioux,Sioux,YES,US-CENSUS-FIPS,19167,US-FIPS:19167,STABLE_ID + LOCAL_QA_POLYGON,-96.15731655627368,43.085511499999996,,https://www.census.gov/geographies/reference-files/time-series/geo/gazetteer-files.2024.html
ITC-0877,USA,Iowa,IA,Story,Story,YES,US-CENSUS-FIPS,19169,US-FIPS:19169,STABLE_ID + LOCAL_QA_POLYGON,-93.46520869919132,42.036972,,https://www.census.gov/geographies/reference-files/time-series/geo/gazetteer-files.2024.html
ITC-0878,USA,Iowa,IA,Tama,Tama,YES,US-CENSUS-FIPS,19171,US-FIPS:19171,STABLE_ID + LOCAL_QA_POLYGON,-92.53288840966674,42.086192,,https://www.census.gov/geographies/reference-files/time-series/geo/gazetteer-files.2024.html
ITC-0879,USA,Iowa,IA,Taylor,Taylor,YES,US-CENSUS-FIPS,19173,US-FIPS:19173,STABLE_ID + LOCAL_QA_POLYGON,-94.69997438870968,40.7347,,https://www.census.gov/geographies/reference-files/time-series/geo/gazetteer-files.2024.html
ITC-0880,USA,Iowa,IA,Union,Union,YES,US-CENSUS-FIPS,19175,US-FIPS:19175,STABLE_ID + LOCAL_QA_POLYGON,-94.24266278667403,41.024989,,https://www.census.gov/geographies/reference-files/time-series/geo/gazetteer-files.2024.html
ITC-0881,USA,Iowa,IA,Van Buren,Van Buren,YES,US-CENSUS-FIPS,19177,US-FIPS:19177,STABLE_ID + LOCAL_QA_POLYGON,-91.94853657966078,40.758701,,https://www.census.gov/geographies/reference-files/time-series/geo/gazetteer-files.2024.html
ITC-0882,USA,Iowa,IA,Wapello,Wapello,YES,US-CENSUS-FIPS,19179,US-FIPS:19179,STABLE_ID + LOCAL_QA_POLYGON,-92.4095808630075,41.030888,,https://www.census.gov/geographies/reference-files/time-series/geo/gazetteer-files.2024.html
ITC-0883,USA,Iowa,IA,Warren,Warren,YES,US-CENSUS-FIPS,19181,US-FIPS:19181,STABLE_ID + LOCAL_QA_POLYGON,-93.55924033200122,41.336052499999994,,https://www.census.gov/geographies/reference-files/time-series/geo/gazetteer-files.2024.html
ITC-0884,USA,Iowa,IA,Washington,Washington,YES,US-CENSUS-FIPS,19183,US-FIPS:19183,STABLE_ID + LOCAL_QA_POLYGON,-91.71566294729911,41.32231349999999,,https://www.census.gov/geographies/reference-files/time-series/geo/gazetteer-files.2024.html
ITC-0885,USA,Iowa,IA,Wayne,Wayne,YES,US-CENSUS-FIPS,19185,US-FIPS:19185,STABLE_ID + LOCAL_QA_POLYGON,-93.32696191409704,40.735786499999996,,https://www.census.gov/geographies/reference-files/time-series/geo/gazetteer-files.2024.html
ITC-0886,USA,Iowa,IA,Webster,Webster,YES,US-CENSUS-FIPS,19187,US-FIPS:19187,STABLE_ID + LOCAL_QA_POLYGON,-94.16460896526827,42.42787799999999,,https://www.census.gov/geographies/reference-files/time-series/geo/gazetteer-files.2024.html
ITC-0887,USA,Iowa,IA,Winnebago,Winnebago,YES,US-CENSUS-FIPS,19189,US-FIPS:19189,STABLE_ID + LOCAL_QA_POLYGON,-93.73410605772492,43.368388499999995,,https://www.census.gov/geographies/reference-files/time-series/geo/gazetteer-files.2024.html
ITC-0888,USA,Iowa,IA,Winneshiek,Winneshiek,YES,US-CENSUS-FIPS,19191,US-FIPS:19191,STABLE_ID + LOCAL_QA_POLYGON,-91.84262791489166,43.2868875,,https://www.census.gov/geographies/reference-files/time-series/geo/gazetteer-files.2024.html
ITC-0889,USA,Iowa,IA,Woodbury,Woodbury,YES,US-CENSUS-FIPS,19193,US-FIPS:19193,STABLE_ID + LOCAL_QA_POLYGON,-96.04140378657866,42.38892543424015,,https://www.census.gov/geographies/reference-files/time-series/geo/gazetteer-files.2024.html
ITC-0890,USA,Iowa,IA,Worth,Worth,YES,US-CENSUS-FIPS,19195,US-FIPS:19195,STABLE_ID + LOCAL_QA_POLYGON,-93.26085857651061,43.368388499999995,,https://www.census.gov/geographies/reference-files/time-series/geo/gazetteer-files.2024.html
ITC-0891,USA,Iowa,IA,Wright,Wright,YES,US-CENSUS-FIPS,19197,US-FIPS:19197,STABLE_ID + LOCAL_QA_POLYGON,-93.7351122630806,42.742906500000004,,https://www.census.gov/geographies/reference-files/time-series/geo/gazetteer-files.2024.html
ITC-0892,USA,Kansas,KS,Allen,Allen,YES,US-CENSUS-FIPS,20001,US-FIPS:20001,STABLE_ID + LOCAL_QA_POLYGON,-95.29953903086863,37.884309,,https://www.census.gov/geographies/reference-files/time-series/geo/gazetteer-files.2024.html
ITC-0893,USA,Kansas,KS,Anderson,Anderson,YES,US-CENSUS-FIPS,20003,US-FIPS:20003,STABLE_ID + LOCAL_QA_POLYGON,-95.29643486779341,38.235172,,https://www.census.gov/geographies/reference-files/time-series/geo/gazetteer-files.2024.html
ITC-0894,USA,Kansas,KS,Atchison,Atchison,YES,US-CENSUS-FIPS,20005,US-FIPS:20005,STABLE_ID + LOCAL_QA_POLYGON,-95.33773365337916,39.53620310465119,,https://www.census.gov/geographies/reference-files/time-series/geo/gazetteer-files.2024.html
ITC-0895,USA,Kansas,KS,Barber,Barber,YES,US-CENSUS-FIPS,20007,US-FIPS:20007,STABLE_ID + LOCAL_QA_POLYGON,-98.67532251398747,37.224588,,https://www.census.gov/geographies/reference-files/time-series/geo/gazetteer-files.2024.html
ITC-0896,USA,Kansas,KS,Barton,Barton,YES,US-CENSUS-FIPS,20009,US-FIPS:20009,STABLE_ID + LOCAL_QA_POLYGON,-98.75675256406953,38.485838,,https://www.census.gov/geographies/reference-files/time-series/geo/gazetteer-files.2024.html
ITC-0897,USA,Kansas,KS,Bourbon,Bourbon,YES,US-CENSUS-FIPS,20011,US-FIPS:20011,STABLE_ID + LOCAL_QA_POLYGON,-94.84808038220669,37.85738831676305,,https://www.census.gov/geographies/reference-files/time-series/geo/gazetteer-files.2024.html
ITC-0898,USA,Kansas,KS,Brown,Brown,YES,US-CENSUS-FIPS,20013,US-FIPS:20013,STABLE_ID + LOCAL_QA_POLYGON,-95.56427635210551,39.816436499999995,,https://www.census.gov/geographies/reference-files/time-series/geo/gazetteer-files.2024.html
ITC-0899,USA,Kansas,KS,Butler,Butler,YES,US-CENSUS-FIPS,20015,US-FIPS:20015,STABLE_ID + LOCAL_QA_POLYGON,-96.8394477104747,37.792777,,https://www.census.gov/geographies/reference-files/time-series/geo/gazetteer-files.2024.html
ITC-0900,USA,Kansas,KS,Chase,Chase,YES,US-CENSUS-FIPS,20017,US-FIPS:20017,STABLE_ID + LOCAL_QA_POLYGON,-96.59649880841009,38.304427,,https://www.census.gov/geographies/reference-files/time-series/geo/gazetteer-files.2024.html
ITC-0901,USA,Kansas,KS,Chautauqua,Chautauqua,YES,US-CENSUS-FIPS,20019,US-FIPS:20019,STABLE_ID + LOCAL_QA_POLYGON,-96.24481544733828,37.1632495,,https://www.census.gov/geographies/reference-files/time-series/geo/gazetteer-files.2024.html
ITC-0902,USA,Kansas,KS,Cherokee,Cherokee,YES,US-CENSUS-FIPS,20021,US-FIPS:20021,STABLE_ID + LOCAL_QA_POLYGON,-94.84628532134738,37.1674965,,https://www.census.gov/geographies/reference-files/time-series/geo/gazetteer-files.2024.html
ITC-0903,USA,Kansas,KS,Cheyenne,Cheyenne,YES,US-CENSUS-FIPS,20023,US-FIPS:20023,STABLE_ID + LOCAL_QA_POLYGON,-101.73079854154975,39.7783624247715,,https://www.census.gov/geographies/reference-files/time-series/geo/gazetteer-files.2024.html
ITC-0904,USA,Kansas,KS,Clark,Clark,YES,US-CENSUS-FIPS,20025,US-FIPS:20025,STABLE_ID + LOCAL_QA_POLYGON,-99.81789799159618,37.229598499999994,,https://www.census.gov/geographies/reference-files/time-series/geo/gazetteer-files.2024.html
ITC-0905,USA,Kansas,KS,Clay,Clay,YES,US-CENSUS-FIPS,20027,US-FIPS:20027,STABLE_ID + LOCAL_QA_POLYGON,-97.1651889512517,39.342662,,https://www.census.gov/geographies/reference-files/time-series/geo/gazetteer-files.2024.html
ITC-0906,USA,Kansas,KS,Cloud,Cloud,YES,US-CENSUS-FIPS,20029,US-FIPS:20029,STABLE_ID + LOCAL_QA_POLYGON,-97.64893215055238,39.4655245,,https://www.census.gov/geographies/reference-files/time-series/geo/gazetteer-files.2024.html
ITC-0907,USA,Kansas,KS,Coffey,Coffey,YES,US-CENSUS-FIPS,20031,US-FIPS:20031,STABLE_ID + LOCAL_QA_POLYGON,-95.73781791743534,38.235536999999994,,https://www.census.gov/geographies/reference-files/time-series/geo/gazetteer-files.2024.html
ITC-0908,USA,Kansas,KS,Comanche,Comanche,YES,US-CENSUS-FIPS,20033,US-FIPS:20033,STABLE_ID + LOCAL_QA_POLYGON,-99.27265470656766,37.186212999999995,,https://www.census.gov/geographies/reference-files/time-series/geo/gazetteer-files.2024.html
ITC-0909,USA,Kansas,KS,Cowley,Cowley,YES,US-CENSUS-FIPS,20035,US-FIPS:20035,STABLE_ID + LOCAL_QA_POLYGON,-96.83748836041273,37.233496,,https://www.census.gov/geographies/reference-files/time-series/geo/gazetteer-files.2024.html
ITC-0910,USA,Kansas,KS,Crawford,Crawford,YES,US-CENSUS-FIPS,20037,US-FIPS:20037,STABLE_ID + LOCAL_QA_POLYGON,-94.85254251125635,37.499241265821695,,https://www.census.gov/geographies/reference-files/time-series/geo/gazetteer-files.2024.html
ITC-0911,USA,Kansas,KS,Decatur,Decatur,YES,US-CENSUS-FIPS,20039,US-FIPS:20039,STABLE_ID + LOCAL_QA_POLYGON,-100.46011413676952,39.8057885,,https://www.census.gov/geographies/reference-files/time-series/geo/gazetteer-files.2024.html
ITC-0912,USA,Kansas,KS,Dickinson,Dickinson,YES,US-CENSUS-FIPS,20041,US-FIPS:20041,STABLE_ID + LOCAL_QA_POLYGON,-97.14937977457916,38.887542499999995,,https://www.census.gov/geographies/reference-files/time-series/geo/gazetteer-files.2024.html
ITC-0913,USA,Kansas,KS,Doniphan,Doniphan,YES,US-CENSUS-FIPS,20043,US-FIPS:20043,STABLE_ID + LOCAL_QA_POLYGON,-95.10796468408186,39.810094,,https://www.census.gov/geographies/reference-files/time-series/geo/gazetteer-files.2024.html
ITC-0914,USA,Kansas,KS,Douglas,Douglas,YES,US-CENSUS-FIPS,20045,US-FIPS:20045,STABLE_ID + LOCAL_QA_POLYGON,-95.27829556459197,38.899356,,https://www.census.gov/geographies/reference-files/time-series/geo/gazetteer-files.2024.html
ITC-0915,USA,Kansas,KS,Edwards,Edwards,YES,US-CENSUS-FIPS,20047,US-FIPS:20047,STABLE_ID + LOCAL_QA_POLYGON,-99.29614347557849,37.9055,,https://www.census.gov/geographies/reference-files/time-series/geo/gazetteer-files.2024.html
ITC-0916,USA,Kansas,KS,Elk,Elk,YES,US-CENSUS-FIPS,20049,US-FIPS:20049,STABLE_ID + LOCAL_QA_POLYGON,-96.24398150616105,37.4505845,,https://www.census.gov/geographies/reference-files/time-series/geo/gazetteer-files.2024.html
ITC-0917,USA,Kansas,KS,Ellis,Ellis,YES,US-CENSUS-FIPS,20051,US-FIPS:20051,STABLE_ID + LOCAL_QA_POLYGON,-99.31711535953187,38.924842,,https://www.census.gov/geographies/reference-files/time-series/geo/gazetteer-files.2024.html
ITC-0918,USA,Kansas,KS,Ellsworth,Ellsworth,YES,US-CENSUS-FIPS,20053,US-FIPS:20053,STABLE_ID + LOCAL_QA_POLYGON,-98.20252327838747,38.689173999999994,,https://www.census.gov/geographies/reference-files/time-series/geo/gazetteer-files.2024.html
ITC-0919,USA,Kansas,KS,Finney,Finney,YES,US-CENSUS-FIPS,20055,US-FIPS:20055,STABLE_ID + LOCAL_QA_POLYGON,-100.88357506050517,38.0007455,,https://www.census.gov/geographies/reference-files/time-series/geo/gazetteer-files.2024.html
ITC-0920,USA,Kansas,KS,Ford,Ford,YES,US-CENSUS-FIPS,20057,US-FIPS:20057,STABLE_ID + LOCAL_QA_POLYGON,-99.88694445605786,37.690948,,https://www.census.gov/geographies/reference-files/time-series/geo/gazetteer-files.2024.html
ITC-0921,USA,Kansas,KS,Franklin,Franklin,YES,US-CENSUS-FIPS,20059,US-FIPS:20059,STABLE_ID + LOCAL_QA_POLYGON,-95.28685770509654,38.560857,,https://www.census.gov/geographies/reference-files/time-series/geo/gazetteer-files.2024.html
ITC-0922,USA,Kansas,KS,Geary,Geary,YES,US-CENSUS-FIPS,20061,US-FIPS:20061,STABLE_ID + LOCAL_QA_POLYGON,-96.73210404118191,39.0443845,,https://www.census.gov/geographies/reference-files/time-series/geo/gazetteer-files.2024.html
ITC-0923,USA,Kansas,KS,Gove,Gove,YES,US-CENSUS-FIPS,20063,US-FIPS:20063,STABLE_ID + LOCAL_QA_POLYGON,-100.48319409128638,38.9159755,,https://www.census.gov/geographies/reference-files/time-series/geo/gazetteer-files.2024.html
ITC-0924,USA,Kansas,KS,Graham,Graham,YES,US-CENSUS-FIPS,20065,US-FIPS:20065,STABLE_ID + LOCAL_QA_POLYGON,-99.88297815040414,39.3501105,,https://www.census.gov/geographies/reference-files/time-series/geo/gazetteer-files.2024.html
ITC-0925,USA,Kansas,KS,Grant,Grant,YES,US-CENSUS-FIPS,20067,US-FIPS:20067,STABLE_ID + LOCAL_QA_POLYGON,-101.30829659911608,37.576535,,https://www.census.gov/geographies/reference-files/time-series/geo/gazetteer-files.2024.html
ITC-0926,USA,Kansas,KS,Gray,Gray,YES,US-CENSUS-FIPS,20069,US-FIPS:20069,STABLE_ID + LOCAL_QA_POLYGON,-100.43347898269093,37.751442499999996,,https://www.census.gov/geographies/reference-files/time-series/geo/gazetteer-files.2024.html
ITC-0927,USA,Kansas,KS,Greeley,Greeley,YES,US-CENSUS-FIPS,20071,US-FIPS:20071,STABLE_ID + LOCAL_QA_POLYGON,-101.80626335522058,38.487263999999996,,https://www.census.gov/geographies/reference-files/time-series/geo/gazetteer-files.2024.html
ITC-0928,USA,Kansas,KS,Greenwood,Greenwood,YES,US-CENSUS-FIPS,20073,US-FIPS:20073,STABLE_ID + LOCAL_QA_POLYGON,-96.24187400058574,37.888912,,https://www.census.gov/geographies/reference-files/time-series/geo/gazetteer-files.2024.html
ITC-0929,USA,Kansas,KS,Hamilton,Hamilton,YES,US-CENSUS-FIPS,20075,US-FIPS:20075,STABLE_ID + LOCAL_QA_POLYGON,-101.7928508285828,37.994124,,https://www.census.gov/geographies/reference-files/time-series/geo/gazetteer-files.2024.html
ITC-0930,USA,Kansas,KS,Harper,Harper,YES,US-CENSUS-FIPS,20077,US-FIPS:20077,STABLE_ID + LOCAL_QA_POLYGON,-98.07542677741193,37.193524,,https://www.census.gov/geographies/reference-files/time-series/geo/gazetteer-files.2024.html
ITC-0931,USA,Kansas,KS,Harvey,Harvey,YES,US-CENSUS-FIPS,20079,US-FIPS:20079,STABLE_ID + LOCAL_QA_POLYGON,-97.42734612693769,38.028651499999995,,https://www.census.gov/geographies/reference-files/time-series/geo/gazetteer-files.2024.html
ITC-0932,USA,Kansas,KS,Haskell,Haskell,YES,US-CENSUS-FIPS,20081,US-FIPS:20081,STABLE_ID + LOCAL_QA_POLYGON,-100.87127251492417,37.5475395,,https://www.census.gov/geographies/reference-files/time-series/geo/gazetteer-files.2024.html
ITC-0933,USA,Kansas,KS,Hodgeman,Hodgeman,YES,US-CENSUS-FIPS,20083,US-FIPS:20083,STABLE_ID + LOCAL_QA_POLYGON,-99.89752450696784,38.087778,,https://www.census.gov/geographies/reference-files/time-series/geo/gazetteer-files.2024.html
ITC-0934,USA,Kansas,KS,Jackson,Jackson,YES,US-CENSUS-FIPS,20085,US-FIPS:20085,STABLE_ID + LOCAL_QA_POLYGON,-95.80283602782754,39.448567999999995,,https://www.census.gov/geographies/reference-files/time-series/geo/gazetteer-files.2024.html
ITC-0935,USA,Kansas,KS,Jefferson,Jefferson,YES,US-CENSUS-FIPS,20087,US-FIPS:20087,STABLE_ID + LOCAL_QA_POLYGON,-95.38487335719739,39.23067449999999,,https://www.census.gov/geographies/reference-files/time-series/geo/gazetteer-files.2024.html
ITC-0936,USA,Kansas,KS,Jewell,Jewell,YES,US-CENSUS-FIPS,20089,US-FIPS:20089,STABLE_ID + LOCAL_QA_POLYGON,-98.21863995517253,39.790400999999996,,https://www.census.gov/geographies/reference-files/time-series/geo/gazetteer-files.2024.html
ITC-0937,USA,Kansas,KS,Johnson,Johnson,YES,US-CENSUS-FIPS,20091,US-FIPS:20091,STABLE_ID + LOCAL_QA_POLYGON,-94.83207614731464,38.89982410967845,,https://www.census.gov/geographies/reference-files/time-series/geo/gazetteer-files.2024.html
ITC-0938,USA,Kansas,KS,Kearny,Kearny,YES,US-CENSUS-FIPS,20093,US-FIPS:20093,STABLE_ID + LOCAL_QA_POLYGON,-101.32218794226395,37.9975355,,https://www.census.gov/geographies/reference-files/time-series/geo/gazetteer-files.2024.html
ITC-0939,USA,Kansas,KS,Kingman,Kingman,YES,US-CENSUS-FIPS,20095,US-FIPS:20095,STABLE_ID + LOCAL_QA_POLYGON,-98.13626389951654,37.55987999999999,,https://www.census.gov/geographies/reference-files/time-series/geo/gazetteer-files.2024.html
ITC-0940,USA,Kansas,KS,Kiowa,Kiowa,YES,US-CENSUS-FIPS,20097,US-FIPS:20097,STABLE_ID + LOCAL_QA_POLYGON,-99.2856278935466,37.558537,,https://www.census.gov/geographies/reference-files/time-series/geo/gazetteer-files.2024.html
ITC-0941,USA,Kansas,KS,Labette,Labette,YES,US-CENSUS-FIPS,20099,US-FIPS:20099,STABLE_ID + LOCAL_QA_POLYGON,-95.29792888265678,37.172051499999995,,https://www.census.gov/geographies/reference-files/time-series/geo/gazetteer-files.2024.html
ITC-0942,USA,Kansas,KS,Lane,Lane,YES,US-CENSUS-FIPS,20101,US-FIPS:20101,STABLE_ID + LOCAL_QA_POLYGON,-100.46649839326946,38.465317999999996,,https://www.census.gov/geographies/reference-files/time-series/geo/gazetteer-files.2024.html
ITC-0943,USA,Kansas,KS,Leavenworth,Leavenworth,YES,US-CENSUS-FIPS,20103,US-FIPS:20103,STABLE_ID + LOCAL_QA_POLYGON,-95.0404727569707,39.179672999999994,,https://www.census.gov/geographies/reference-files/time-series/geo/gazetteer-files.2024.html
ITC-0944,USA,Kansas,KS,Lincoln,Lincoln,YES,US-CENSUS-FIPS,20105,US-FIPS:20105,STABLE_ID + LOCAL_QA_POLYGON,-98.20691016502786,39.0452175,,https://www.census.gov/geographies/reference-files/time-series/geo/gazetteer-files.2024.html
ITC-0945,USA,Kansas,KS,Linn,Linn,YES,US-CENSUS-FIPS,20107,US-FIPS:20107,STABLE_ID + LOCAL_QA_POLYGON,-94.84441629541396,38.2146725,,https://www.census.gov/geographies/reference-files/time-series/geo/gazetteer-files.2024.html
ITC-0946,USA,Kansas,KS,Logan,Logan,YES,US-CENSUS-FIPS,20109,US-FIPS:20109,STABLE_ID + LOCAL_QA_POLYGON,-101.14803098879666,38.929385999999994,,https://www.census.gov/geographies/reference-files/time-series/geo/gazetteer-files.2024.html
ITC-0947,USA,Kansas,KS,Lyon,Lyon,YES,US-CENSUS-FIPS,20111,US-FIPS:20111,STABLE_ID + LOCAL_QA_POLYGON,-96.1521843050398,38.456154999999995,,https://www.census.gov/geographies/reference-files/time-series/geo/gazetteer-files.2024.html
ITC-0948,USA,Kansas,KS,Marion,Marion,YES,US-CENSUS-FIPS,20115,US-FIPS:20115,STABLE_ID + LOCAL_QA_POLYGON,-97.1046698906257,38.340718499999994,,https://www.census.gov/geographies/reference-files/time-series/geo/gazetteer-files.2024.html
ITC-0949,USA,Kansas,KS,Marshall,Marshall,YES,US-CENSUS-FIPS,20117,US-FIPS:20117,STABLE_ID + LOCAL_QA_POLYGON,-96.52305861109339,39.762035499999996,,https://www.census.gov/geographies/reference-files/time-series/geo/gazetteer-files.2024.html
ITC-0950,USA,Kansas,KS,McPherson,McPherson,YES,US-CENSUS-FIPS,20113,US-FIPS:20113,STABLE_ID + LOCAL_QA_POLYGON,-97.64822824582444,38.396195999999996,,https://www.census.gov/geographies/reference-files/time-series/geo/gazetteer-files.2024.html
ITC-0951,USA,Kansas,KS,Meade,Meade,YES,US-CENSUS-FIPS,20119,US-FIPS:20119,STABLE_ID + LOCAL_QA_POLYGON,-100.36335032281514,37.245472,,https://www.census.gov/geographies/reference-files/time-series/geo/gazetteer-files.2024.html
ITC-0952,USA,Kansas,KS,Miami,Miami,YES,US-CENSUS-FIPS,20121,US-FIPS:20121,STABLE_ID + LOCAL_QA_POLYGON,-94.83861817382805,38.560857,,https://www.census.gov/geographies/reference-files/time-series/geo/gazetteer-files.2024.html
ITC-0953,USA,Kansas,KS,Mitchell,Mitchell,YES,US-CENSUS-FIPS,20123,US-FIPS:20123,STABLE_ID + LOCAL_QA_POLYGON,-98.20961163250813,39.391576,,https://www.census.gov/geographies/reference-files/time-series/geo/gazetteer-files.2024.html
ITC-0954,USA,Kansas,KS,Montgomery,Montgomery,YES,US-CENSUS-FIPS,20125,US-FIPS:20125,STABLE_ID + LOCAL_QA_POLYGON,-95.74277588036028,37.19138649999999,,https://www.census.gov/geographies/reference-files/time-series/geo/gazetteer-files.2024.html
ITC-0955,USA,Kansas,KS,Morris,Morris,YES,US-CENSUS-FIPS,20127,US-FIPS:20127,STABLE_ID + LOCAL_QA_POLYGON,-96.64173108048499,38.695741999999996,,https://www.census.gov/geographies/reference-files/time-series/geo/gazetteer-files.2024.html
ITC-0956,USA,Kansas,KS,Morton,Morton,YES,US-CENSUS-FIPS,20129,US-FIPS:20129,STABLE_ID + LOCAL_QA_POLYGON,-101.79892446855922,37.1923405,,https://www.census.gov/geographies/reference-files/time-series/geo/gazetteer-files.2024.html
ITC-0957,USA,Kansas,KS,Nemaha,Nemaha,YES,US-CENSUS-FIPS,20131,US-FIPS:20131,STABLE_ID + LOCAL_QA_POLYGON,-96.01426160893001,39.780029,,https://www.census.gov/geographies/reference-files/time-series/geo/gazetteer-files.2024.html
ITC-0958,USA,Kansas,KS,Neosho,Neosho,YES,US-CENSUS-FIPS,20133,US-FIPS:20133,STABLE_ID + LOCAL_QA_POLYGON,-95.30680752678708,37.559962999999996,,https://www.census.gov/geographies/reference-files/time-series/geo/gazetteer-files.2024.html
ITC-0959,USA,Kansas,KS,Ness,Ness,YES,US-CENSUS-FIPS,20135,US-FIPS:20135,STABLE_ID + LOCAL_QA_POLYGON,-99.9162816914379,38.471233,,https://www.census.gov/geographies/reference-files/time-series/geo/gazetteer-files.2024.html
ITC-0960,USA,Kansas,KS,Norton,Norton,YES,US-CENSUS-FIPS,20137,US-FIPS:20137,STABLE_ID + LOCAL_QA_POLYGON,-99.90355157598509,39.8057885,,https://www.census.gov/geographies/reference-files/time-series/geo/gazetteer-files.2024.html
ITC-0961,USA,Kansas,KS,Osage,Osage,YES,US-CENSUS-FIPS,20139,US-FIPS:20139,STABLE_ID + LOCAL_QA_POLYGON,-95.7291961274272,38.645976499999996,,https://www.census.gov/geographies/reference-files/time-series/geo/gazetteer-files.2024.html
ITC-0962,USA,Kansas,KS,Osborne,Osborne,YES,US-CENSUS-FIPS,20141,US-FIPS:20141,STABLE_ID + LOCAL_QA_POLYGON,-98.76816214988594,39.343356,,https://www.census.gov/geographies/reference-files/time-series/geo/gazetteer-files.2024.html
ITC-0963,USA,Kansas,KS,Ottawa,Ottawa,YES,US-CENSUS-FIPS,20143,US-FIPS:20143,STABLE_ID + LOCAL_QA_POLYGON,-97.65066731004895,39.132318999999995,,https://www.census.gov/geographies/reference-files/time-series/geo/gazetteer-files.2024.html
ITC-0964,USA,Kansas,KS,Pawnee,Pawnee,YES,US-CENSUS-FIPS,20145,US-FIPS:20145,STABLE_ID + LOCAL_QA_POLYGON,-99.24117959991966,38.1821305,,https://www.census.gov/geographies/reference-files/time-series/geo/gazetteer-files.2024.html
ITC-0965,USA,Kansas,KS,Phillips,Phillips,YES,US-CENSUS-FIPS,20147,US-FIPS:20147,STABLE_ID + LOCAL_QA_POLYGON,-99.34704922419434,39.7710375,,https://www.census.gov/geographies/reference-files/time-series/geo/gazetteer-files.2024.html
ITC-0966,USA,Kansas,KS,Pottawatomie,Pottawatomie,YES,US-CENSUS-FIPS,20149,US-FIPS:20149,STABLE_ID + LOCAL_QA_POLYGON,-96.353926782558,39.346313499999994,,https://www.census.gov/geographies/reference-files/time-series/geo/gazetteer-files.2024.html
ITC-0967,USA,Kansas,KS,Pratt,Pratt,YES,US-CENSUS-FIPS,20151,US-FIPS:20151,STABLE_ID + LOCAL_QA_POLYGON,-98.73981426120994,37.67432649999999,,https://www.census.gov/geographies/reference-files/time-series/geo/gazetteer-files.2024.html
ITC-0968,USA,Kansas,KS,Rawlins,Rawlins,YES,US-CENSUS-FIPS,20153,US-FIPS:20153,STABLE_ID + LOCAL_QA_POLYGON,-101.07547553522227,39.782467499999996,,https://www.census.gov/geographies/reference-files/time-series/geo/gazetteer-files.2024.html
ITC-0969,USA,Kansas,KS,Reno,Reno,YES,US-CENSUS-FIPS,20155,US-FIPS:20155,STABLE_ID + LOCAL_QA_POLYGON,-98.08703907973091,37.94825899999999,,https://www.census.gov/geographies/reference-files/time-series/geo/gazetteer-files.2024.html
ITC-0970,USA,Kansas,KS,Republic,Republic,YES,US-CENSUS-FIPS,20157,US-FIPS:20157,STABLE_ID + LOCAL_QA_POLYGON,-97.65105524101452,39.8276945,,https://www.census.gov/geographies/reference-files/time-series/geo/gazetteer-files.2024.html
ITC-0971,USA,Kansas,KS,Rice,Rice,YES,US-CENSUS-FIPS,20159,US-FIPS:20159,STABLE_ID + LOCAL_QA_POLYGON,-98.20224957248217,38.333067,,https://www.census.gov/geographies/reference-files/time-series/geo/gazetteer-files.2024.html
ITC-0972,USA,Kansas,KS,Riley,Riley,YES,US-CENSUS-FIPS,20161,US-FIPS:20161,STABLE_ID + LOCAL_QA_POLYGON,-96.800229656173,39.303599999999996,,https://www.census.gov/geographies/reference-files/time-series/geo/gazetteer-files.2024.html
ITC-0973,USA,Kansas,KS,Rooks,Rooks,YES,US-CENSUS-FIPS,20163,US-FIPS:20163,STABLE_ID + LOCAL_QA_POLYGON,-99.32518278331818,39.336337,,https://www.census.gov/geographies/reference-files/time-series/geo/gazetteer-files.2024.html
ITC-0974,USA,Kansas,KS,Rush,Rush,YES,US-CENSUS-FIPS,20165,US-FIPS:20165,STABLE_ID + LOCAL_QA_POLYGON,-99.3095424549299,38.530306499999995,,https://www.census.gov/geographies/reference-files/time-series/geo/gazetteer-files.2024.html
ITC-0975,USA,Kansas,KS,Russell,Russell,YES,US-CENSUS-FIPS,20167,US-FIPS:20167,STABLE_ID + LOCAL_QA_POLYGON,-98.76217446527964,38.9110395,,https://www.census.gov/geographies/reference-files/time-series/geo/gazetteer-files.2024.html
ITC-0976,USA,Kansas,KS,Saline,Saline,YES,US-CENSUS-FIPS,20169,US-FIPS:20169,STABLE_ID + LOCAL_QA_POLYGON,-97.65014913668023,38.7836925,,https://www.census.gov/geographies/reference-files/time-series/geo/gazetteer-files.2024.html
ITC-0977,USA,Kansas,KS,Scott,Scott,YES,US-CENSUS-FIPS,20171,US-FIPS:20171,STABLE_ID + LOCAL_QA_POLYGON,-100.90712096443539,38.48555449999999,,https://www.census.gov/geographies/reference-files/time-series/geo/gazetteer-files.2024.html
ITC-0978,USA,Kansas,KS,Sedgwick,Sedgwick,YES,US-CENSUS-FIPS,20173,US-FIPS:20173,STABLE_ID + LOCAL_QA_POLYGON,-97.48023804030217,37.690293,,https://www.census.gov/geographies/reference-files/time-series/geo/gazetteer-files.2024.html
ITC-0979,USA,Kansas,KS,Seward,Seward,YES,US-CENSUS-FIPS,20175,US-FIPS:20175,STABLE_ID + LOCAL_QA_POLYGON,-100.8514692952956,37.1845885,,https://www.census.gov/geographies/reference-files/time-series/geo/gazetteer-files.2024.html
ITC-0980,USA,Kansas,KS,Shawnee,Shawnee,YES,US-CENSUS-FIPS,20177,US-FIPS:20177,STABLE_ID + LOCAL_QA_POLYGON,-95.72408934530358,39.040257499999996,,https://www.census.gov/geographies/reference-files/time-series/geo/gazetteer-files.2024.html
ITC-0981,USA,Kansas,KS,Sheridan,Sheridan,YES,US-CENSUS-FIPS,20179,US-FIPS:20179,STABLE_ID + LOCAL_QA_POLYGON,-100.44173991307966,39.35080549999999,,https://www.census.gov/geographies/reference-files/time-series/geo/gazetteer-files.2024.html
ITC-0982,USA,Kansas,KS,Sherman,Sherman,YES,US-CENSUS-FIPS,20181,US-FIPS:20181,STABLE_ID + LOCAL_QA_POLYGON,-101.71991275721246,39.34444499999999,,https://www.census.gov/geographies/reference-files/time-series/geo/gazetteer-files.2024.html
ITC-0983,USA,Kansas,KS,Smith,Smith,YES,US-CENSUS-FIPS,20183,US-FIPS:20183,STABLE_ID + LOCAL_QA_POLYGON,-98.78532536813782,39.7851515,,https://www.census.gov/geographies/reference-files/time-series/geo/gazetteer-files.2024.html
ITC-0984,USA,Kansas,KS,Stafford,Stafford,YES,US-CENSUS-FIPS,20185,US-FIPS:20185,STABLE_ID + LOCAL_QA_POLYGON,-98.69276204311456,38.0329825,,https://www.census.gov/geographies/reference-files/time-series/geo/gazetteer-files.2024.html
ITC-0985,USA,Kansas,KS,Stanton,Stanton,YES,US-CENSUS-FIPS,20187,US-FIPS:20187,STABLE_ID + LOCAL_QA_POLYGON,-101.78405328157383,37.580290000000005,,https://www.census.gov/geographies/reference-files/time-series/geo/gazetteer-files.2024.html
ITC-0986,USA,Kansas,KS,Stevens,Stevens,YES,US-CENSUS-FIPS,20189,US-FIPS:20189,STABLE_ID + LOCAL_QA_POLYGON,-101.31166472048295,37.170073,,https://www.census.gov/geographies/reference-files/time-series/geo/gazetteer-files.2024.html
ITC-0987,USA,Kansas,KS,Sumner,Sumner,YES,US-CENSUS-FIPS,20191,US-FIPS:20191,STABLE_ID + LOCAL_QA_POLYGON,-97.47605396652165,37.233496,,https://www.census.gov/geographies/reference-files/time-series/geo/gazetteer-files.2024.html
ITC-0988,USA,Kansas,KS,Thomas,Thomas,YES,US-CENSUS-FIPS,20193,US-FIPS:20193,STABLE_ID + LOCAL_QA_POLYGON,-101.05606912745363,39.3342935,,https://www.census.gov/geographies/reference-files/time-series/geo/gazetteer-files.2024.html
ITC-0989,USA,Kansas,KS,Trego,Trego,YES,US-CENSUS-FIPS,20195,US-FIPS:20195,STABLE_ID + LOCAL_QA_POLYGON,-99.87286406550913,38.924842,,https://www.census.gov/geographies/reference-files/time-series/geo/gazetteer-files.2024.html
ITC-0990,USA,Kansas,KS,Wabaunsee,Wabaunsee,YES,US-CENSUS-FIPS,20197,US-FIPS:20197,STABLE_ID + LOCAL_QA_POLYGON,-96.22418433534416,38.9751225,,https://www.census.gov/geographies/reference-files/time-series/geo/gazetteer-files.2024.html
ITC-0991,USA,Kansas,KS,Wallace,Wallace,YES,US-CENSUS-FIPS,20199,US-FIPS:20199,STABLE_ID + LOCAL_QA_POLYGON,-101.76344927026035,38.9300255,,https://www.census.gov/geographies/reference-files/time-series/geo/gazetteer-files.2024.html
ITC-0992,USA,Kansas,KS,Washington,Washington,YES,US-CENSUS-FIPS,20201,US-FIPS:20201,STABLE_ID + LOCAL_QA_POLYGON,-97.08756923207535,39.787943999999996,,https://www.census.gov/geographies/reference-files/time-series/geo/gazetteer-files.2024.html
ITC-0993,USA,Kansas,KS,Wichita,Wichita,YES,US-CENSUS-FIPS,20203,US-FIPS:20203,STABLE_ID + LOCAL_QA_POLYGON,-101.34751382240626,38.485392499999996,,https://www.census.gov/geographies/reference-files/time-series/geo/gazetteer-files.2024.html
ITC-0994,USA,Kansas,KS,Wilson,Wilson,YES,US-CENSUS-FIPS,20205,US-FIPS:20205,STABLE_ID + LOCAL_QA_POLYGON,-95.74339090310855,37.581227999999996,,https://www.census.gov/geographies/reference-files/time-series/geo/gazetteer-files.2024.html
ITC-0995,USA,Kansas,KS,Woodson,Woodson,YES,US-CENSUS-FIPS,20207,US-FIPS:20207,STABLE_ID + LOCAL_QA_POLYGON,-95.73882023706443,37.887276,,https://www.census.gov/geographies/reference-files/time-series/geo/gazetteer-files.2024.html
ITC-0996,USA,Kansas,KS,Wyandotte,Wyandotte,YES,US-CENSUS-FIPS,20209,US-FIPS:20209,STABLE_ID + LOCAL_QA_POLYGON,-94.75795197146047,39.103832499999996,,https://www.census.gov/geographies/reference-files/time-series/geo/gazetteer-files.2024.html
ITC-0997,USA,Kentucky,KY,Adair,Adair,YES,US-CENSUS-FIPS,21001,US-FIPS:21001,STABLE_ID + LOCAL_QA_POLYGON,-85.29780325401012,37.120008999999996,,https://www.census.gov/geographies/reference-files/time-series/geo/gazetteer-files.2024.html
ITC-0998,USA,Kentucky,KY,Allen,Allen,YES,US-CENSUS-FIPS,21003,US-FIPS:21003,STABLE_ID + LOCAL_QA_POLYGON,-86.21638211804651,36.7814415,,https://www.census.gov/geographies/reference-files/time-series/geo/gazetteer-files.2024.html
ITC-0999,USA,Kentucky,KY,Anderson,Anderson,YES,US-CENSUS-FIPS,21005,US-FIPS:21005,STABLE_ID + LOCAL_QA_POLYGON,-84.97992831254513,38.006806999999995,,https://www.census.gov/geographies/reference-files/time-series/geo/gazetteer-files.2024.html
ITC-1000,USA,Kentucky,KY,Ballard,Ballard,YES,US-CENSUS-FIPS,21007,US-FIPS:21007,STABLE_ID + LOCAL_QA_POLYGON,-89.01866725103145,37.0681435,,https://www.census.gov/geographies/reference-files/time-series/geo/gazetteer-files.2024.html
ITC-1001,USA,Kentucky,KY,Barren,Barren,YES,US-CENSUS-FIPS,21009,US-FIPS:21009,STABLE_ID + LOCAL_QA_POLYGON,-85.95169949182991,36.959265,,https://www.census.gov/geographies/reference-files/time-series/geo/gazetteer-files.2024.html
ITC-1002,USA,Kentucky,KY,Bath,Bath,YES,US-CENSUS-FIPS,21011,US-FIPS:21011,STABLE_ID + LOCAL_QA_POLYGON,-83.77519232473784,38.14762,,https://www.census.gov/geographies/reference-files/time-series/geo/gazetteer-files.2024.html
ITC-1003,USA,Kentucky,KY,Bell,Bell,YES,US-CENSUS-FIPS,21013,US-FIPS:21013,STABLE_ID + LOCAL_QA_POLYGON,-83.64393494914012,36.769373,,https://www.census.gov/geographies/reference-files/time-series/geo/gazetteer-files.2024.html
ITC-1004,USA,Kentucky,KY,Boone,Boone,YES,US-CENSUS-FIPS,21015,US-FIPS:21015,STABLE_ID + LOCAL_QA_POLYGON,-84.7207771685122,38.9647705,,https://www.census.gov/geographies/reference-files/time-series/geo/gazetteer-files.2024.html
ITC-1005,USA,Kentucky,KY,Bourbon,Bourbon,YES,US-CENSUS-FIPS,21017,US-FIPS:21017,STABLE_ID + LOCAL_QA_POLYGON,-84.22401306976761,38.2195785,,https://www.census.gov/geographies/reference-files/time-series/geo/gazetteer-files.2024.html
ITC-1006,USA,Kentucky,KY,Boyd,Boyd,YES,US-CENSUS-FIPS,21019,US-FIPS:21019,STABLE_ID + LOCAL_QA_POLYGON,-82.69814855082649,38.369592499999996,,https://www.census.gov/geographies/reference-files/time-series/geo/gazetteer-files.2024.html
ITC-1007,USA,Kentucky,KY,Boyle,Boyle,YES,US-CENSUS-FIPS,21021,US-FIPS:21021,STABLE_ID + LOCAL_QA_POLYGON,-84.86062586548694,37.6247735,,https://www.census.gov/geographies/reference-files/time-series/geo/gazetteer-files.2024.html
ITC-1008,USA,Kentucky,KY,Bracken,Bracken,YES,US-CENSUS-FIPS,21023,US-FIPS:21023,STABLE_ID + LOCAL_QA_POLYGON,-84.0767686821816,38.713505,,https://www.census.gov/geographies/reference-files/time-series/geo/gazetteer-files.2024.html
ITC-1009,USA,Kentucky,KY,Breathitt,Breathitt,YES,US-CENSUS-FIPS,21025,US-FIPS:21025,STABLE_ID + LOCAL_QA_POLYGON,-83.33546939387233,37.5147585,,https://www.census.gov/geographies/reference-files/time-series/geo/gazetteer-files.2024.html
ITC-1010,USA,Kentucky,KY,Breckinridge,Breckinridge,YES,US-CENSUS-FIPS,21027,US-FIPS:21027,STABLE_ID + LOCAL_QA_POLYGON,-86.41682508150609,37.805301,,https://www.census.gov/geographies/reference-files/time-series/geo/gazetteer-files.2024.html
ITC-1011,USA,Kentucky,KY,Bullitt,Bullitt,YES,US-CENSUS-FIPS,21029,US-FIPS:21029,STABLE_ID + LOCAL_QA_POLYGON,-85.71530791021601,37.9616585,,https://www.census.gov/geographies/reference-files/time-series/geo/gazetteer-files.2024.html
ITC-1012,USA,Kentucky,KY,Butler,Butler,YES,US-CENSUS-FIPS,21031,US-FIPS:21031,STABLE_ID + LOCAL_QA_POLYGON,-86.65789402734559,37.1976435,,https://www.census.gov/geographies/reference-files/time-series/geo/gazetteer-files.2024.html
ITC-1013,USA,Kentucky,KY,Caldwell,Caldwell,YES,US-CENSUS-FIPS,21033,US-FIPS:21033,STABLE_ID + LOCAL_QA_POLYGON,-87.87085147596682,37.1658165,,https://www.census.gov/geographies/reference-files/time-series/geo/gazetteer-files.2024.html
ITC-1014,USA,Kentucky,KY,Calloway,Calloway,YES,US-CENSUS-FIPS,21035,US-FIPS:21035,STABLE_ID + LOCAL_QA_POLYGON,-88.26986587527547,36.621202499999995,,https://www.census.gov/geographies/reference-files/time-series/geo/gazetteer-files.2024.html
ITC-1015,USA,Kentucky,KY,Campbell,Campbell,YES,US-CENSUS-FIPS,21037,US-FIPS:21037,STABLE_ID + LOCAL_QA_POLYGON,-84.3660821548057,38.962361,,https://www.census.gov/geographies/reference-files/time-series/geo/gazetteer-files.2024.html
ITC-1016,USA,Kentucky,KY,Carlisle,Carlisle,YES,US-CENSUS-FIPS,21039,US-FIPS:21039,STABLE_ID + LOCAL_QA_POLYGON,-88.97122615757728,36.864755,,https://www.census.gov/geographies/reference-files/time-series/geo/gazetteer-files.2024.html
ITC-1017,USA,Kentucky,KY,Carroll,Carroll,YES,US-CENSUS-FIPS,21041,US-FIPS:21041,STABLE_ID + LOCAL_QA_POLYGON,-85.11114575563612,38.670857999999996,,https://www.census.gov/geographies/reference-files/time-series/geo/gazetteer-files.2024.html
ITC-1018,USA,Kentucky,KY,Carter,Carter,YES,US-CENSUS-FIPS,21043,US-FIPS:21043,STABLE_ID + LOCAL_QA_POLYGON,-83.00918927092515,38.3365,,https://www.census.gov/geographies/reference-files/time-series/geo/gazetteer-files.2024.html
ITC-1019,USA,Kentucky,KY,Casey,Casey,YES,US-CENSUS-FIPS,21045,US-FIPS:21045,STABLE_ID + LOCAL_QA_POLYGON,-84.9337361152723,37.3268985,,https://www.census.gov/geographies/reference-files/time-series/geo/gazetteer-files.2024.html
ITC-1020,USA,Kentucky,KY,Christian,Christian,YES,US-CENSUS-FIPS,21047,US-FIPS:21047,STABLE_ID + LOCAL_QA_POLYGON,-87.47953168877166,36.9011215,,https://www.census.gov/geographies/reference-files/time-series/geo/gazetteer-files.2024.html
ITC-1021,USA,Kentucky,KY,Clark,Clark,YES,US-CENSUS-FIPS,21049,US-FIPS:21049,STABLE_ID + LOCAL_QA_POLYGON,-84.1558738234165,37.971016999999996,,https://www.census.gov/geographies/reference-files/time-series/geo/gazetteer-files.2024.html
ITC-1022,USA,Kentucky,KY,Clay,Clay,YES,US-CENSUS-FIPS,21051,US-FIPS:21051,STABLE_ID + LOCAL_QA_POLYGON,-83.74745368390052,37.145695,,https://www.census.gov/geographies/reference-files/time-series/geo/gazetteer-files.2024.html
ITC-1023,USA,Kentucky,KY,Clinton,Clinton,YES,US-CENSUS-FIPS,21053,US-FIPS:21053,STABLE_ID + LOCAL_QA_POLYGON,-85.12581524798995,36.75012649999999,,https://www.census.gov/geographies/reference-files/time-series/geo/gazetteer-files.2024.html
ITC-1024,USA,Kentucky,KY,Crittenden,Crittenden,YES,US-CENSUS-FIPS,21055,US-FIPS:21055,STABLE_ID + LOCAL_QA_POLYGON,-88.08575030865634,37.336290999999996,,https://www.census.gov/geographies/reference-files/time-series/geo/gazetteer-files.2024.html
ITC-1025,USA,Kentucky,KY,Cumberland,Cumberland,YES,US-CENSUS-FIPS,21057,US-FIPS:21057,STABLE_ID + LOCAL_QA_POLYGON,-85.40775878600586,36.7782795,,https://www.census.gov/geographies/reference-files/time-series/geo/gazetteer-files.2024.html
ITC-1026,USA,Kentucky,KY,Daviess,Daviess,YES,US-CENSUS-FIPS,21059,US-FIPS:21059,STABLE_ID + LOCAL_QA_POLYGON,-87.06846412878787,37.74621,,https://www.census.gov/geographies/reference-files/time-series/geo/gazetteer-files.2024.html
ITC-1027,USA,Kentucky,KY,Edmonson,Edmonson,YES,US-CENSUS-FIPS,21061,US-FIPS:21061,STABLE_ID + LOCAL_QA_POLYGON,-86.23020329796992,37.1858035,,https://www.census.gov/geographies/reference-files/time-series/geo/gazetteer-files.2024.html
ITC-1028,USA,Kentucky,KY,Elliott,Elliott,YES,US-CENSUS-FIPS,21063,US-FIPS:21063,STABLE_ID + LOCAL_QA_POLYGON,-83.0626582736547,38.1314785,,https://www.census.gov/geographies/reference-files/time-series/geo/gazetteer-files.2024.html
ITC-1029,USA,Kentucky,KY,Estill,Estill,YES,US-CENSUS-FIPS,21065,US-FIPS:21065,STABLE_ID + LOCAL_QA_POLYGON,-83.93100002709409,37.6979975,,https://www.census.gov/geographies/reference-files/time-series/geo/gazetteer-files.2024.html
ITC-1030,USA,Kentucky,KY,Fayette,Fayette,YES,US-CENSUS-FIPS,21067,US-FIPS:21067,STABLE_ID + LOCAL_QA_POLYGON,-84.47155455557308,38.028257499999995,,https://www.census.gov/geographies/reference-files/time-series/geo/gazetteer-files.2024.html
ITC-1031,USA,Kentucky,KY,Fleming,Fleming,YES,US-CENSUS-FIPS,21069,US-FIPS:21069,STABLE_ID + LOCAL_QA_POLYGON,-83.67811012516765,38.347389,,https://www.census.gov/geographies/reference-files/time-series/geo/gazetteer-files.2024.html
ITC-1032,USA,Kentucky,KY,Floyd,Floyd,YES,US-CENSUS-FIPS,21071,US-FIPS:21071,STABLE_ID + LOCAL_QA_POLYGON,-82.75817507448119,37.520072,,https://www.census.gov/geographies/reference-files/time-series/geo/gazetteer-files.2024.html
ITC-1033,USA,Kentucky,KY,Franklin,Franklin,YES,US-CENSUS-FIPS,21073,US-FIPS:21073,STABLE_ID + LOCAL_QA_POLYGON,-84.8666959079836,38.241241,,https://www.census.gov/geographies/reference-files/time-series/geo/gazetteer-files.2024.html
ITC-1034,USA,Kentucky,KY,Fulton,Fulton,YES,US-CENSUS-FIPS,21075,US-FIPS:21075,STABLE_ID + LOCAL_QA_POLYGON,-89.06039019395851,36.57518835986009,,https://www.census.gov/geographies/reference-files/time-series/geo/gazetteer-files.2024.html
ITC-1035,USA,Kentucky,KY,Gallatin,Gallatin,YES,US-CENSUS-FIPS,21077,US-FIPS:21077,STABLE_ID + LOCAL_QA_POLYGON,-84.89642681022389,38.7433388327672,,https://www.census.gov/geographies/reference-files/time-series/geo/gazetteer-files.2024.html
ITC-1036,USA,Kentucky,KY,Garrard,Garrard,YES,US-CENSUS-FIPS,21079,US-FIPS:21079,STABLE_ID + LOCAL_QA_POLYGON,-84.54987382481931,37.651508,,https://www.census.gov/geographies/reference-files/time-series/geo/gazetteer-files.2024.html
ITC-1037,USA,Kentucky,KY,Grant,Grant,YES,US-CENSUS-FIPS,21081,US-FIPS:21081,STABLE_ID + LOCAL_QA_POLYGON,-84.63821105629751,38.640815,,https://www.census.gov/geographies/reference-files/time-series/geo/gazetteer-files.2024.html
ITC-1038,USA,Kentucky,KY,Graves,Graves,YES,US-CENSUS-FIPS,21083,US-FIPS:21083,STABLE_ID + LOCAL_QA_POLYGON,-88.65206670121799,36.721899,,https://www.census.gov/geographies/reference-files/time-series/geo/gazetteer-files.2024.html
ITC-1039,USA,Kentucky,KY,Grayson,Grayson,YES,US-CENSUS-FIPS,21085,US-FIPS:21085,STABLE_ID + LOCAL_QA_POLYGON,-86.34940698562443,37.4722615,,https://www.census.gov/geographies/reference-files/time-series/geo/gazetteer-files.2024.html
ITC-1040,USA,Kentucky,KY,Green,Green,YES,US-CENSUS-FIPS,21087,US-FIPS:21087,STABLE_ID + LOCAL_QA_POLYGON,-85.55436518611882,37.2912495,,https://www.census.gov/geographies/reference-files/time-series/geo/gazetteer-files.2024.html
ITC-1041,USA,Kentucky,KY,Greenup,Greenup,YES,US-CENSUS-FIPS,21089,US-FIPS:21089,STABLE_ID + LOCAL_QA_POLYGON,-82.95249724884455,38.565905,,https://www.census.gov/geographies/reference-files/time-series/geo/gazetteer-files.2024.html
ITC-1042,USA,Kentucky,KY,Hancock,Hancock,YES,US-CENSUS-FIPS,21091,US-FIPS:21091,STABLE_ID + LOCAL_QA_POLYGON,-86.75745598216182,37.82701,,https://www.census.gov/geographies/reference-files/time-series/geo/gazetteer-files.2024.html
ITC-1043,USA,Kentucky,KY,Hardin,Hardin,YES,US-CENSUS-FIPS,21093,US-FIPS:21093,STABLE_ID + LOCAL_QA_POLYGON,-85.94225069853684,37.7224815,,https://www.census.gov/geographies/reference-files/time-series/geo/gazetteer-files.2024.html
ITC-1044,USA,Kentucky,KY,Harlan,Harlan,YES,US-CENSUS-FIPS,21095,US-FIPS:21095,STABLE_ID + LOCAL_QA_POLYGON,-83.28036511595548,36.842889,,https://www.census.gov/geographies/reference-files/time-series/geo/gazetteer-files.2024.html
ITC-1045,USA,Kentucky,KY,Harrison,Harrison,YES,US-CENSUS-FIPS,21097,US-FIPS:21097,STABLE_ID + LOCAL_QA_POLYGON,-84.32819555815757,38.4294945,,https://www.census.gov/geographies/reference-files/time-series/geo/gazetteer-files.2024.html
ITC-1046,USA,Kentucky,KY,Hart,Hart,YES,US-CENSUS-FIPS,21099,US-FIPS:21099,STABLE_ID + LOCAL_QA_POLYGON,-85.90811693555597,37.2987445,,https://www.census.gov/geographies/reference-files/time-series/geo/gazetteer-files.2024.html
ITC-1047,USA,Kentucky,KY,Henderson,Henderson,YES,US-CENSUS-FIPS,21101,US-FIPS:21101,STABLE_ID + LOCAL_QA_POLYGON,-87.57767495131264,37.807812,,https://www.census.gov/geographies/reference-files/time-series/geo/gazetteer-files.2024.html
ITC-1048,USA,Kentucky,KY,Henry,Henry,YES,US-CENSUS-FIPS,21103,US-FIPS:21103,STABLE_ID + LOCAL_QA_POLYGON,-85.14595415944198,38.466922499999995,,https://www.census.gov/geographies/reference-files/time-series/geo/gazetteer-files.2024.html
ITC-1049,USA,Kentucky,KY,Hickman,Hickman,YES,US-CENSUS-FIPS,21105,US-FIPS:21105,STABLE_ID + LOCAL_QA_POLYGON,-88.9888919604596,36.649794826234896,,https://www.census.gov/geographies/reference-files/time-series/geo/gazetteer-files.2024.html
ITC-1050,USA,Kentucky,KY,Hopkins,Hopkins,YES,US-CENSUS-FIPS,21107,US-FIPS:21107,STABLE_ID + LOCAL_QA_POLYGON,-87.58506665276042,37.3379295,,https://www.census.gov/geographies/reference-files/time-series/geo/gazetteer-files.2024.html
ITC-1051,USA,Kentucky,KY,Jackson,Jackson,YES,US-CENSUS-FIPS,21109,US-FIPS:21109,STABLE_ID + LOCAL_QA_POLYGON,-83.99572960336707,37.4147955,,https://www.census.gov/geographies/reference-files/time-series/geo/gazetteer-files.2024.html
ITC-1052,USA,Kentucky,KY,Jefferson,Jefferson,YES,US-CENSUS-FIPS,21111,US-FIPS:21111,STABLE_ID + LOCAL_QA_POLYGON,-85.65593015141363,38.1886135,,https://www.census.gov/geographies/reference-files/time-series/geo/gazetteer-files.2024.html
ITC-1053,USA,Kentucky,KY,Jessamine,Jessamine,YES,US-CENSUS-FIPS,21113,US-FIPS:21113,STABLE_ID + LOCAL_QA_POLYGON,-84.57188650426971,37.866482500000004,,https://www.census.gov/geographies/reference-files/time-series/geo/gazetteer-files.2024.html
ITC-1054,USA,Kentucky,KY,Johnson,Johnson,YES,US-CENSUS-FIPS,21115,US-FIPS:21115,STABLE_ID + LOCAL_QA_POLYGON,-82.83346058368981,37.8526035,,https://www.census.gov/geographies/reference-files/time-series/geo/gazetteer-files.2024.html
ITC-1055,USA,Kentucky,KY,Kenton,Kenton,YES,US-CENSUS-FIPS,21117,US-FIPS:21117,STABLE_ID + LOCAL_QA_POLYGON,-84.53516040195049,38.945100499999995,,https://www.census.gov/geographies/reference-files/time-series/geo/gazetteer-files.2024.html
ITC-1056,USA,Kentucky,KY,Knott,Knott,YES,US-CENSUS-FIPS,21119,US-FIPS:21119,STABLE_ID + LOCAL_QA_POLYGON,-82.9385095884139,37.350429,,https://www.census.gov/geographies/reference-files/time-series/geo/gazetteer-files.2024.html
ITC-1057,USA,Kentucky,KY,Knox,Knox,YES,US-CENSUS-FIPS,21121,US-FIPS:21121,STABLE_ID + LOCAL_QA_POLYGON,-83.85494309675501,36.87182,,https://www.census.gov/geographies/reference-files/time-series/geo/gazetteer-files.2024.html
ITC-1058,USA,Kentucky,KY,Larue,Larue,YES,US-CENSUS-FIPS,21123,US-FIPS:21123,STABLE_ID + LOCAL_QA_POLYGON,-85.7123430582817,37.577209999999994,,https://www.census.gov/geographies/reference-files/time-series/geo/gazetteer-files.2024.html
ITC-1059,USA,Kentucky,KY,Laurel,Laurel,YES,US-CENSUS-FIPS,21125,US-FIPS:21125,STABLE_ID + LOCAL_QA_POLYGON,-84.11501043332126,37.137800999999996,,https://www.census.gov/geographies/reference-files/time-series/geo/gazetteer-files.2024.html
ITC-1060,USA,Kentucky,KY,Lawrence,Lawrence,YES,US-CENSUS-FIPS,21127,US-FIPS:21127,STABLE_ID + LOCAL_QA_POLYGON,-82.75125969319492,38.074721499999995,,https://www.census.gov/geographies/reference-files/time-series/geo/gazetteer-files.2024.html
ITC-1061,USA,Kentucky,KY,Lee,Lee,YES,US-CENSUS-FIPS,21129,US-FIPS:21129,STABLE_ID + LOCAL_QA_POLYGON,-83.71428058650565,37.579043,,https://www.census.gov/geographies/reference-files/time-series/geo/gazetteer-files.2024.html
ITC-1062,USA,Kentucky,KY,Leslie,Leslie,YES,US-CENSUS-FIPS,21131,US-FIPS:21131,STABLE_ID + LOCAL_QA_POLYGON,-83.3524243760445,37.101348,,https://www.census.gov/geographies/reference-files/time-series/geo/gazetteer-files.2024.html
ITC-1063,USA,Kentucky,KY,Letcher,Letcher,YES,US-CENSUS-FIPS,21133,US-FIPS:21133,STABLE_ID + LOCAL_QA_POLYGON,-82.892985081866,37.11364713080625,,https://www.census.gov/geographies/reference-files/time-series/geo/gazetteer-files.2024.html
ITC-1064,USA,Kentucky,KY,Lewis,Lewis,YES,US-CENSUS-FIPS,21135,US-FIPS:21135,STABLE_ID + LOCAL_QA_POLYGON,-83.38827001115322,38.5218845,,https://www.census.gov/geographies/reference-files/time-series/geo/gazetteer-files.2024.html
ITC-1065,USA,Kentucky,KY,Lincoln,Lincoln,YES,US-CENSUS-FIPS,21137,US-FIPS:21137,STABLE_ID + LOCAL_QA_POLYGON,-84.65803889487663,37.450982499999995,,https://www.census.gov/geographies/reference-files/time-series/geo/gazetteer-files.2024.html
ITC-1066,USA,Kentucky,KY,Livingston,Livingston,YES,US-CENSUS-FIPS,21139,US-FIPS:21139,STABLE_ID + LOCAL_QA_POLYGON,-88.32632492548134,37.203559999999996,,https://www.census.gov/geographies/reference-files/time-series/geo/gazetteer-files.2024.html
ITC-1067,USA,Kentucky,KY,Logan,Logan,YES,US-CENSUS-FIPS,21141,US-FIPS:21141,STABLE_ID + LOCAL_QA_POLYGON,-86.86121311327841,36.8657225,,https://www.census.gov/geographies/reference-files/time-series/geo/gazetteer-files.2024.html
ITC-1068,USA,Kentucky,KY,Lyon,Lyon,YES,US-CENSUS-FIPS,21143,US-FIPS:21143,STABLE_ID + LOCAL_QA_POLYGON,-88.080851986115,37.024685,,https://www.census.gov/geographies/reference-files/time-series/geo/gazetteer-files.2024.html
ITC-1069,USA,Kentucky,KY,Madison,Madison,YES,US-CENSUS-FIPS,21151,US-FIPS:21151,STABLE_ID + LOCAL_QA_POLYGON,-84.29042755489752,37.7161035,,https://www.census.gov/geographies/reference-files/time-series/geo/gazetteer-files.2024.html
ITC-1070,USA,Kentucky,KY,Magoffin,Magoffin,YES,US-CENSUS-FIPS,21153,US-FIPS:21153,STABLE_ID + LOCAL_QA_POLYGON,-83.09736020241682,37.6898085,,https://www.census.gov/geographies/reference-files/time-series/geo/gazetteer-files.2024.html
ITC-1071,USA,Kentucky,KY,Marion,Marion,YES,US-CENSUS-FIPS,21155,US-FIPS:21155,STABLE_ID + LOCAL_QA_POLYGON,-85.27491960005898,37.5698575,,https://www.census.gov/geographies/reference-files/time-series/geo/gazetteer-files.2024.html
ITC-1072,USA,Kentucky,KY,Marshall,Marshall,YES,US-CENSUS-FIPS,21157,US-FIPS:21157,STABLE_ID + LOCAL_QA_POLYGON,-88.3331263575341,36.9063825,,https://www.census.gov/geographies/reference-files/time-series/geo/gazetteer-files.2024.html
ITC-1073,USA,Kentucky,KY,Martin,Martin,YES,US-CENSUS-FIPS,21159,US-FIPS:21159,STABLE_ID + LOCAL_QA_POLYGON,-82.52618233110367,37.815414000000004,,https://www.census.gov/geographies/reference-files/time-series/geo/gazetteer-files.2024.html
ITC-1074,USA,Kentucky,KY,Mason,Mason,YES,US-CENSUS-FIPS,21161,US-FIPS:21161,STABLE_ID + LOCAL_QA_POLYGON,-83.8046240927874,38.6197415,,https://www.census.gov/geographies/reference-files/time-series/geo/gazetteer-files.2024.html
ITC-1075,USA,Kentucky,KY,McCracken,McCracken,YES,US-CENSUS-FIPS,21145,US-FIPS:21145,STABLE_ID + LOCAL_QA_POLYGON,-88.72280707686372,37.084164,,https://www.census.gov/geographies/reference-files/time-series/geo/gazetteer-files.2024.html
ITC-1076,USA,Kentucky,KY,McCreary,McCreary,YES,US-CENSUS-FIPS,21147,US-FIPS:21147,STABLE_ID + LOCAL_QA_POLYGON,-84.48957449190462,36.776895999999994,,https://www.census.gov/geographies/reference-files/time-series/geo/gazetteer-files.2024.html
ITC-1077,USA,Kentucky,KY,McLean,McLean,YES,US-CENSUS-FIPS,21149,US-FIPS:21149,STABLE_ID + LOCAL_QA_POLYGON,-87.21168485294524,37.5321615,,https://www.census.gov/geographies/reference-files/time-series/geo/gazetteer-files.2024.html
ITC-1078,USA,Kentucky,KY,Meade,Meade,YES,US-CENSUS-FIPS,21163,US-FIPS:21163,STABLE_ID + LOCAL_QA_POLYGON,-86.25284727364148,37.999154204010246,,https://www.census.gov/geographies/reference-files/time-series/geo/gazetteer-files.2024.html
ITC-1079,USA,Kentucky,KY,Menifee,Menifee,YES,US-CENSUS-FIPS,21165,US-FIPS:21165,STABLE_ID + LOCAL_QA_POLYGON,-83.61122855029913,37.938323,,https://www.census.gov/geographies/reference-files/time-series/geo/gazetteer-files.2024.html
ITC-1080,USA,Kentucky,KY,Mercer,Mercer,YES,US-CENSUS-FIPS,21167,US-FIPS:21167,STABLE_ID + LOCAL_QA_POLYGON,-84.86777227009341,37.8235985,,https://www.census.gov/geographies/reference-files/time-series/geo/gazetteer-files.2024.html
ITC-1081,USA,Kentucky,KY,Metcalfe,Metcalfe,YES,US-CENSUS-FIPS,21169,US-FIPS:21169,STABLE_ID + LOCAL_QA_POLYGON,-85.62290582965824,37.000859,,https://www.census.gov/geographies/reference-files/time-series/geo/gazetteer-files.2024.html
ITC-1082,USA,Kentucky,KY,Monroe,Monroe,YES,US-CENSUS-FIPS,21171,US-FIPS:21171,STABLE_ID + LOCAL_QA_POLYGON,-85.71817247300835,36.729074999999995,,https://www.census.gov/geographies/reference-files/time-series/geo/gazetteer-files.2024.html
ITC-1083,USA,Kentucky,KY,Montgomery,Montgomery,YES,US-CENSUS-FIPS,21173,US-FIPS:21173,STABLE_ID + LOCAL_QA_POLYGON,-83.92218013644496,38.050267,,https://www.census.gov/geographies/reference-files/time-series/geo/gazetteer-files.2024.html
ITC-1084,USA,Kentucky,KY,Morgan,Morgan,YES,US-CENSUS-FIPS,21175,US-FIPS:21175,STABLE_ID + LOCAL_QA_POLYGON,-83.2229121057342,37.913565,,https://www.census.gov/geographies/reference-files/time-series/geo/gazetteer-files.2024.html
ITC-1085,USA,Kentucky,KY,Muhlenberg,Muhlenberg,YES,US-CENSUS-FIPS,21177,US-FIPS:21177,STABLE_ID + LOCAL_QA_POLYGON,-87.13749395221139,37.2292245,,https://www.census.gov/geographies/reference-files/time-series/geo/gazetteer-files.2024.html
ITC-1086,USA,Kentucky,KY,Nelson,Nelson,YES,US-CENSUS-FIPS,21179,US-FIPS:21179,STABLE_ID + LOCAL_QA_POLYGON,-85.52976923284453,37.756617,,https://www.census.gov/geographies/reference-files/time-series/geo/gazetteer-files.2024.html
ITC-1087,USA,Kentucky,KY,Nicholas,Nicholas,YES,US-CENSUS-FIPS,21181,US-FIPS:21181,STABLE_ID + LOCAL_QA_POLYGON,-83.99703616758165,38.327653999999995,,https://www.census.gov/geographies/reference-files/time-series/geo/gazetteer-files.2024.html
ITC-1088,USA,Kentucky,KY,Ohio,Ohio,YES,US-CENSUS-FIPS,21183,US-FIPS:21183,STABLE_ID + LOCAL_QA_POLYGON,-86.8746759061381,37.474075,,https://www.census.gov/geographies/reference-files/time-series/geo/gazetteer-files.2024.html
ITC-1089,USA,Kentucky,KY,Oldham,Oldham,YES,US-CENSUS-FIPS,21185,US-FIPS:21185,STABLE_ID + LOCAL_QA_POLYGON,-85.47644111369478,38.407197499999995,,https://www.census.gov/geographies/reference-files/time-series/geo/gazetteer-files.2024.html
ITC-1090,USA,Kentucky,KY,Owen,Owen,YES,US-CENSUS-FIPS,21187,US-FIPS:21187,STABLE_ID + LOCAL_QA_POLYGON,-84.84598127941896,38.5313575,,https://www.census.gov/geographies/reference-files/time-series/geo/gazetteer-files.2024.html
ITC-1091,USA,Kentucky,KY,Owsley,Owsley,YES,US-CENSUS-FIPS,21189,US-FIPS:21189,STABLE_ID + LOCAL_QA_POLYGON,-83.68516646347408,37.397192499999996,,https://www.census.gov/geographies/reference-files/time-series/geo/gazetteer-files.2024.html
ITC-1092,USA,Kentucky,KY,Pendleton,Pendleton,YES,US-CENSUS-FIPS,21191,US-FIPS:21191,STABLE_ID + LOCAL_QA_POLYGON,-84.36957443214382,38.7207595,,https://www.census.gov/geographies/reference-files/time-series/geo/gazetteer-files.2024.html
ITC-1093,USA,Kentucky,KY,Perry,Perry,YES,US-CENSUS-FIPS,21193,US-FIPS:21193,STABLE_ID + LOCAL_QA_POLYGON,-83.17132437307441,37.217462499999996,,https://www.census.gov/geographies/reference-files/time-series/geo/gazetteer-files.2024.html
ITC-1094,USA,Kentucky,KY,Pike,Pike,YES,US-CENSUS-FIPS,21195,US-FIPS:21195,STABLE_ID + LOCAL_QA_POLYGON,-82.32503838897676,37.47067,,https://www.census.gov/geographies/reference-files/time-series/geo/gazetteer-files.2024.html
ITC-1095,USA,Kentucky,KY,Powell,Powell,YES,US-CENSUS-FIPS,21197,US-FIPS:21197,STABLE_ID + LOCAL_QA_POLYGON,-83.79708414880427,37.8241615,,https://www.census.gov/geographies/reference-files/time-series/geo/gazetteer-files.2024.html
ITC-1096,USA,Kentucky,KY,Pulaski,Pulaski,YES,US-CENSUS-FIPS,21199,US-FIPS:21199,STABLE_ID + LOCAL_QA_POLYGON,-84.59675637843756,37.1119675,,https://www.census.gov/geographies/reference-files/time-series/geo/gazetteer-files.2024.html
ITC-1097,USA,Kentucky,KY,Robertson,Robertson,YES,US-CENSUS-FIPS,21201,US-FIPS:21201,STABLE_ID + LOCAL_QA_POLYGON,-84.06674967749989,38.5173445,,https://www.census.gov/geographies/reference-files/time-series/geo/gazetteer-files.2024.html
ITC-1098,USA,Kentucky,KY,Rockcastle,Rockcastle,YES,US-CENSUS-FIPS,21203,US-FIPS:21203,STABLE_ID + LOCAL_QA_POLYGON,-84.3151752619957,37.3465745,,https://www.census.gov/geographies/reference-files/time-series/geo/gazetteer-files.2024.html
ITC-1099,USA,Kentucky,KY,Rowan,Rowan,YES,US-CENSUS-FIPS,21205,US-FIPS:21205,STABLE_ID + LOCAL_QA_POLYGON,-83.44242338939051,38.207042,,https://www.census.gov/geographies/reference-files/time-series/geo/gazetteer-files.2024.html
ITC-1100,USA,Kentucky,KY,Russell,Russell,YES,US-CENSUS-FIPS,21207,US-FIPS:21207,STABLE_ID + LOCAL_QA_POLYGON,-85.02471380572567,37.002815999999996,,https://www.census.gov/geographies/reference-files/time-series/geo/gazetteer-files.2024.html
ITC-1101,USA,Kentucky,KY,Scott,Scott,YES,US-CENSUS-FIPS,21209,US-FIPS:21209,STABLE_ID + LOCAL_QA_POLYGON,-84.585830513405,38.30076,,https://www.census.gov/geographies/reference-files/time-series/geo/gazetteer-files.2024.html
ITC-1102,USA,Kentucky,KY,Shelby,Shelby,YES,US-CENSUS-FIPS,21211,US-FIPS:21211,STABLE_ID + LOCAL_QA_POLYGON,-85.20947442097516,38.202662000000004,,https://www.census.gov/geographies/reference-files/time-series/geo/gazetteer-files.2024.html
ITC-1103,USA,Kentucky,KY,Simpson,Simpson,YES,US-CENSUS-FIPS,21213,US-FIPS:21213,STABLE_ID + LOCAL_QA_POLYGON,-86.57077393514899,36.7655795,,https://www.census.gov/geographies/reference-files/time-series/geo/gazetteer-files.2024.html
ITC-1104,USA,Kentucky,KY,Spencer,Spencer,YES,US-CENSUS-FIPS,21215,US-FIPS:21215,STABLE_ID + LOCAL_QA_POLYGON,-85.31317495804497,38.049847,,https://www.census.gov/geographies/reference-files/time-series/geo/gazetteer-files.2024.html
ITC-1105,USA,Kentucky,KY,Taylor,Taylor,YES,US-CENSUS-FIPS,21217,US-FIPS:21217,STABLE_ID + LOCAL_QA_POLYGON,-85.30278810226474,37.337661499999996,,https://www.census.gov/geographies/reference-files/time-series/geo/gazetteer-files.2024.html
ITC-1106,USA,Kentucky,KY,Todd,Todd,YES,US-CENSUS-FIPS,21219,US-FIPS:21219,STABLE_ID + LOCAL_QA_POLYGON,-87.17689913878166,36.8640305,,https://www.census.gov/geographies/reference-files/time-series/geo/gazetteer-files.2024.html
ITC-1107,USA,Kentucky,KY,Trigg,Trigg,YES,US-CENSUS-FIPS,21221,US-FIPS:21221,STABLE_ID + LOCAL_QA_POLYGON,-87.90433086095766,36.8187985,,https://www.census.gov/geographies/reference-files/time-series/geo/gazetteer-files.2024.html
ITC-1108,USA,Kentucky,KY,Trimble,Trimble,YES,US-CENSUS-FIPS,21223,US-FIPS:21223,STABLE_ID + LOCAL_QA_POLYGON,-85.33228275842887,38.614499499999994,,https://www.census.gov/geographies/reference-files/time-series/geo/gazetteer-files.2024.html
ITC-1109,USA,Kentucky,KY,Union,Union,YES,US-CENSUS-FIPS,21225,US-FIPS:21225,STABLE_ID + LOCAL_QA_POLYGON,-87.94587591779123,37.687044,,https://www.census.gov/geographies/reference-files/time-series/geo/gazetteer-files.2024.html
ITC-1110,USA,Kentucky,KY,Warren,Warren,YES,US-CENSUS-FIPS,21227,US-FIPS:21227,STABLE_ID + LOCAL_QA_POLYGON,-86.40590324599724,36.984354499999995,,https://www.census.gov/geographies/reference-files/time-series/geo/gazetteer-files.2024.html
ITC-1111,USA,Kentucky,KY,Washington,Washington,YES,US-CENSUS-FIPS,21229,US-FIPS:21229,STABLE_ID + LOCAL_QA_POLYGON,-85.18266155370665,37.776948499999996,,https://www.census.gov/geographies/reference-files/time-series/geo/gazetteer-files.2024.html
ITC-1112,USA,Kentucky,KY,Wayne,Wayne,YES,US-CENSUS-FIPS,21231,US-FIPS:21231,STABLE_ID + LOCAL_QA_POLYGON,-84.81539928919898,36.8003995,,https://www.census.gov/geographies/reference-files/time-series/geo/gazetteer-files.2024.html
ITC-1113,USA,Kentucky,KY,Webster,Webster,YES,US-CENSUS-FIPS,21233,US-FIPS:21233,STABLE_ID + LOCAL_QA_POLYGON,-87.69748635286689,37.497829499999995,,https://www.census.gov/geographies/reference-files/time-series/geo/gazetteer-files.2024.html
ITC-1114,USA,Kentucky,KY,Whitley,Whitley,YES,US-CENSUS-FIPS,21235,US-FIPS:21235,STABLE_ID + LOCAL_QA_POLYGON,-84.16347810850884,36.7804235,,https://www.census.gov/geographies/reference-files/time-series/geo/gazetteer-files.2024.html
ITC-1115,USA,Kentucky,KY,Wolfe,Wolfe,YES,US-CENSUS-FIPS,21237,US-FIPS:21237,STABLE_ID + LOCAL_QA_POLYGON,-83.48866552900796,37.7407745,,https://www.census.gov/geographies/reference-files/time-series/geo/gazetteer-files.2024.html
ITC-1116,USA,Kentucky,KY,Woodford,Woodford,YES,US-CENSUS-FIPS,21239,US-FIPS:21239,STABLE_ID + LOCAL_QA_POLYGON,-84.74343961895002,38.021384499999996,,https://www.census.gov/geographies/reference-files/time-series/geo/gazetteer-files.2024.html
ITC-1117,USA,Louisiana,LA,Acadia,Acadia,YES,US-CENSUS-FIPS,22001,US-FIPS:22001,STABLE_ID + LOCAL_QA_POLYGON,-92.40148755128025,30.265085499999998,,https://www.census.gov/geographies/reference-files/time-series/geo/gazetteer-files.2024.html
ITC-1118,USA,Louisiana,LA,Allen,Allen,YES,US-CENSUS-FIPS,22003,US-FIPS:22003,STABLE_ID + LOCAL_QA_POLYGON,-92.78837892823594,30.647667499999997,,https://www.census.gov/geographies/reference-files/time-series/geo/gazetteer-files.2024.html
ITC-1119,USA,Louisiana,LA,Ascension,Ascension,YES,US-CENSUS-FIPS,22005,US-FIPS:22005,STABLE_ID + LOCAL_QA_POLYGON,-90.8922423899478,30.2043525,,https://www.census.gov/geographies/reference-files/time-series/geo/gazetteer-files.2024.html
ITC-1120,USA,Louisiana,LA,Assumption,Assumption,YES,US-CENSUS-FIPS,22007,US-FIPS:22007,STABLE_ID + LOCAL_QA_POLYGON,-91.05435555515547,29.853035499999997,,https://www.census.gov/geographies/reference-files/time-series/geo/gazetteer-files.2024.html
ITC-1121,USA,Louisiana,LA,Avoyelles,Avoyelles,YES,US-CENSUS-FIPS,22009,US-FIPS:22009,STABLE_ID + LOCAL_QA_POLYGON,-91.9706564451656,31.0956615,,https://www.census.gov/geographies/reference-files/time-series/geo/gazetteer-files.2024.html
ITC-1122,USA,Louisiana,LA,Beauregard,Beauregard,YES,US-CENSUS-FIPS,22011,US-FIPS:22011,STABLE_ID + LOCAL_QA_POLYGON,-93.32760875905433,30.649398499999997,,https://www.census.gov/geographies/reference-files/time-series/geo/gazetteer-files.2024.html
ITC-1123,USA,Louisiana,LA,Bienville,Bienville,YES,US-CENSUS-FIPS,22013,US-FIPS:22013,STABLE_ID + LOCAL_QA_POLYGON,-93.08799840653312,32.3666875,,https://www.census.gov/geographies/reference-files/time-series/geo/gazetteer-files.2024.html
ITC-1124,USA,Louisiana,LA,Bossier,Bossier,YES,US-CENSUS-FIPS,22015,US-FIPS:22015,STABLE_ID + LOCAL_QA_POLYGON,-93.59848964126132,32.6287305,,https://www.census.gov/geographies/reference-files/time-series/geo/gazetteer-files.2024.html
ITC-1125,USA,Louisiana,LA,Caddo,Caddo,YES,US-CENSUS-FIPS,22017,US-FIPS:22017,STABLE_ID + LOCAL_QA_POLYGON,-93.9011434868464,32.6076315,,https://www.census.gov/geographies/reference-files/time-series/geo/gazetteer-files.2024.html
ITC-1126,USA,Louisiana,LA,Calcasieu,Calcasieu,YES,US-CENSUS-FIPS,22019,US-FIPS:22019,STABLE_ID + LOCAL_QA_POLYGON,-93.36968262792311,30.26628,,https://www.census.gov/geographies/reference-files/time-series/geo/gazetteer-files.2024.html
ITC-1127,USA,Louisiana,LA,Caldwell,Caldwell,YES,US-CENSUS-FIPS,22021,US-FIPS:22021,STABLE_ID + LOCAL_QA_POLYGON,-92.09152888207365,32.1018355,,https://www.census.gov/geographies/reference-files/time-series/geo/gazetteer-files.2024.html
ITC-1128,USA,Louisiana,LA,Cameron,Cameron,YES,US-CENSUS-FIPS,22023,US-FIPS:22023,STABLE_ID + LOCAL_QA_POLYGON,-93.26974630306518,29.814223999999996,,https://www.census.gov/geographies/reference-files/time-series/geo/gazetteer-files.2024.html
ITC-1129,USA,Louisiana,LA,Catahoula,Catahoula,YES,US-CENSUS-FIPS,22025,US-FIPS:22025,STABLE_ID + LOCAL_QA_POLYGON,-91.91713351256027,31.594837,,https://www.census.gov/geographies/reference-files/time-series/geo/gazetteer-files.2024.html
ITC-1130,USA,Louisiana,LA,Claiborne,Claiborne,YES,US-CENSUS-FIPS,22027,US-FIPS:22027,STABLE_ID + LOCAL_QA_POLYGON,-92.9816647397474,32.786823999999996,,https://www.census.gov/geographies/reference-files/time-series/geo/gazetteer-files.2024.html
ITC-1131,USA,Louisiana,LA,Concordia,Concordia,YES,US-CENSUS-FIPS,22029,US-FIPS:22029,STABLE_ID + LOCAL_QA_POLYGON,-91.70425713419907,31.365615499999997,,https://www.census.gov/geographies/reference-files/time-series/geo/gazetteer-files.2024.html
ITC-1132,USA,Louisiana,LA,De Soto,De Soto,YES,US-CENSUS-FIPS,22031,US-FIPS:22031,STABLE_ID + LOCAL_QA_POLYGON,-93.78530849405729,32.094390499999996,,https://www.census.gov/geographies/reference-files/time-series/geo/gazetteer-files.2024.html
ITC-1133,USA,Louisiana,LA,East Baton Rouge,East Baton Rouge,YES,US-CENSUS-FIPS,22033,US-FIPS:22033,STABLE_ID + LOCAL_QA_POLYGON,-91.08956123724255,30.516513999999997,,https://www.census.gov/geographies/reference-files/time-series/geo/gazetteer-files.2024.html
ITC-1134,USA,Louisiana,LA,East Carroll,East Carroll,YES,US-CENSUS-FIPS,22035,US-FIPS:22035,STABLE_ID + LOCAL_QA_POLYGON,-91.25156661410064,32.770118,,https://www.census.gov/geographies/reference-files/time-series/geo/gazetteer-files.2024.html
ITC-1135,USA,Louisiana,LA,East Feliciana,East Feliciana,YES,US-CENSUS-FIPS,22037,US-FIPS:22037,STABLE_ID + LOCAL_QA_POLYGON,-91.0381251841172,30.8243785,,https://www.census.gov/geographies/reference-files/time-series/geo/gazetteer-files.2024.html
ITC-1136,USA,Louisiana,LA,Evangeline,Evangeline,YES,US-CENSUS-FIPS,22039,US-FIPS:22039,STABLE_ID + LOCAL_QA_POLYGON,-92.38529241836224,30.730361,,https://www.census.gov/geographies/reference-files/time-series/geo/gazetteer-files.2024.html
ITC-1137,USA,Louisiana,LA,Franklin,Franklin,YES,US-CENSUS-FIPS,22041,US-FIPS:22041,STABLE_ID + LOCAL_QA_POLYGON,-91.69955946913689,32.138672,,https://www.census.gov/geographies/reference-files/time-series/geo/gazetteer-files.2024.html
ITC-1138,USA,Louisiana,LA,Grant,Grant,YES,US-CENSUS-FIPS,22043,US-FIPS:22043,STABLE_ID + LOCAL_QA_POLYGON,-92.56420517493626,31.5930315,,https://www.census.gov/geographies/reference-files/time-series/geo/gazetteer-files.2024.html
ITC-1139,USA,Louisiana,LA,Iberia,Iberia,YES,US-CENSUS-FIPS,22045,US-FIPS:22045,STABLE_ID + LOCAL_QA_POLYGON,-91.81314590964293,29.925149499999996,,https://www.census.gov/geographies/reference-files/time-series/geo/gazetteer-files.2024.html
ITC-1140,USA,Louisiana,LA,Iberville,Iberville,YES,US-CENSUS-FIPS,22047,US-FIPS:22047,STABLE_ID + LOCAL_QA_POLYGON,-91.31591168271305,30.261018999999997,,https://www.census.gov/geographies/reference-files/time-series/geo/gazetteer-files.2024.html
ITC-1141,USA,Louisiana,LA,Jackson,Jackson,YES,US-CENSUS-FIPS,22049,US-FIPS:22049,STABLE_ID + LOCAL_QA_POLYGON,-92.54606654150021,32.32526,,https://www.census.gov/geographies/reference-files/time-series/geo/gazetteer-files.2024.html
ITC-1142,USA,Louisiana,LA,Jefferson,Jefferson,YES,US-CENSUS-FIPS,22051,US-FIPS:22051,STABLE_ID + LOCAL_QA_POLYGON,-90.12735124111265,29.831520499999996,,https://www.census.gov/geographies/reference-files/time-series/geo/gazetteer-files.2024.html
ITC-1143,USA,Louisiana,LA,Jefferson Davis,Jefferson Davis,YES,US-CENSUS-FIPS,22053,US-FIPS:22053,STABLE_ID + LOCAL_QA_POLYGON,-92.82759562339133,30.2617805,,https://www.census.gov/geographies/reference-files/time-series/geo/gazetteer-files.2024.html
ITC-1144,USA,Louisiana,LA,La Salle,La Salle,YES,US-CENSUS-FIPS,22059,US-FIPS:22059,STABLE_ID + LOCAL_QA_POLYGON,-92.17998048222938,31.625446,,https://www.census.gov/geographies/reference-files/time-series/geo/gazetteer-files.2024.html
ITC-1145,USA,Louisiana,LA,Lafayette,Lafayette,YES,US-CENSUS-FIPS,22055,US-FIPS:22055,STABLE_ID + LOCAL_QA_POLYGON,-92.11270131404629,30.2087455,,https://www.census.gov/geographies/reference-files/time-series/geo/gazetteer-files.2024.html
ITC-1146,USA,Louisiana,LA,Lafourche,Lafourche,YES,US-CENSUS-FIPS,22057,US-FIPS:22057,STABLE_ID + LOCAL_QA_POLYGON,-90.33064108891503,29.4904705,,https://www.census.gov/geographies/reference-files/time-series/geo/gazetteer-files.2024.html
ITC-1147,USA,Louisiana,LA,Lincoln,Lincoln,YES,US-CENSUS-FIPS,22061,US-FIPS:22061,STABLE_ID + LOCAL_QA_POLYGON,-92.64169378512867,32.605939500000005,,https://www.census.gov/geographies/reference-files/time-series/geo/gazetteer-files.2024.html
ITC-1148,USA,Louisiana,LA,Livingston,Livingston,YES,US-CENSUS-FIPS,22063,US-FIPS:22063,STABLE_ID + LOCAL_QA_POLYGON,-90.74103958222548,30.412823500000002,,https://www.census.gov/geographies/reference-files/time-series/geo/gazetteer-files.2024.html
ITC-1149,USA,Louisiana,LA,Madison,Madison,YES,US-CENSUS-FIPS,22065,US-FIPS:22065,STABLE_ID + LOCAL_QA_POLYGON,-91.2365297794079,32.3826165,,https://www.census.gov/geographies/reference-files/time-series/geo/gazetteer-files.2024.html
ITC-1150,USA,Louisiana,LA,Morehouse,Morehouse,YES,US-CENSUS-FIPS,22067,US-FIPS:22067,STABLE_ID + LOCAL_QA_POLYGON,-91.82926824804687,32.757048,,https://www.census.gov/geographies/reference-files/time-series/geo/gazetteer-files.2024.html
ITC-1151,USA,Louisiana,LA,Natchitoches,Natchitoches,YES,US-CENSUS-FIPS,22069,US-FIPS:22069,STABLE_ID + LOCAL_QA_POLYGON,-93.20493242411263,31.746471,,https://www.census.gov/geographies/reference-files/time-series/geo/gazetteer-files.2024.html
ITC-1152,USA,Louisiana,LA,Orleans,Orleans,YES,US-CENSUS-FIPS,22071,US-FIPS:22071,STABLE_ID + LOCAL_QA_POLYGON,-89.97451264027524,30.032969557316548,,https://www.census.gov/geographies/reference-files/time-series/geo/gazetteer-files.2024.html
ITC-1153,USA,Louisiana,LA,Ouachita,Ouachita,YES,US-CENSUS-FIPS,22073,US-FIPS:22073,STABLE_ID + LOCAL_QA_POLYGON,-92.17485655079615,32.4878885,,https://www.census.gov/geographies/reference-files/time-series/geo/gazetteer-files.2024.html
ITC-1154,USA,Louisiana,LA,Plaquemines,Plaquemines,YES,US-CENSUS-FIPS,22075,US-FIPS:22075,STABLE_ID + LOCAL_QA_POLYGON,-89.67504557655144,29.4134149060942,,https://www.census.gov/geographies/reference-files/time-series/geo/gazetteer-files.2024.html
ITC-1155,USA,Louisiana,LA,Pointe Coupee,Pointe Coupee,YES,US-CENSUS-FIPS,22077,US-FIPS:22077,STABLE_ID + LOCAL_QA_POLYGON,-91.67534363795515,30.751838499999998,,https://www.census.gov/geographies/reference-files/time-series/geo/gazetteer-files.2024.html
ITC-1156,USA,Louisiana,LA,Rapides,Rapides,YES,US-CENSUS-FIPS,22079,US-FIPS:22079,STABLE_ID + LOCAL_QA_POLYGON,-92.53120375054482,31.204749,,https://www.census.gov/geographies/reference-files/time-series/geo/gazetteer-files.2024.html
ITC-1157,USA,Louisiana,LA,Red River,Red River,YES,US-CENSUS-FIPS,22081,US-FIPS:22081,STABLE_ID + LOCAL_QA_POLYGON,-93.31836915165675,32.0618595,,https://www.census.gov/geographies/reference-files/time-series/geo/gazetteer-files.2024.html
ITC-1158,USA,Louisiana,LA,Richland,Richland,YES,US-CENSUS-FIPS,22083,US-FIPS:22083,STABLE_ID + LOCAL_QA_POLYGON,-91.73452767966918,32.411134000000004,,https://www.census.gov/geographies/reference-files/time-series/geo/gazetteer-files.2024.html
ITC-1159,USA,Louisiana,LA,Sabine,Sabine,YES,US-CENSUS-FIPS,22085,US-FIPS:22085,STABLE_ID + LOCAL_QA_POLYGON,-93.48138371688017,31.507454267175298,,https://www.census.gov/geographies/reference-files/time-series/geo/gazetteer-files.2024.html
ITC-1160,USA,Louisiana,LA,St. Bernard,St. Bernard,YES,US-CENSUS-FIPS,22087,US-FIPS:22087,STABLE_ID + LOCAL_QA_POLYGON,-89.62189992923616,29.8481786727295,,https://www.census.gov/geographies/reference-files/time-series/geo/gazetteer-files.2024.html
ITC-1161,USA,Louisiana,LA,St. Charles,St. Charles,YES,US-CENSUS-FIPS,22089,US-FIPS:22089,STABLE_ID + LOCAL_QA_POLYGON,-90.40943496408417,29.952817999999997,,https://www.census.gov/geographies/reference-files/time-series/geo/gazetteer-files.2024.html
ITC-1162,USA,Louisiana,LA,St. Helena,St. Helena,YES,US-CENSUS-FIPS,22091,US-FIPS:22091,STABLE_ID + LOCAL_QA_POLYGON,-90.70440906161119,30.8244315,,https://www.census.gov/geographies/reference-files/time-series/geo/gazetteer-files.2024.html
ITC-1163,USA,Louisiana,LA,St. James,St. James,YES,US-CENSUS-FIPS,22093,US-FIPS:22093,STABLE_ID + LOCAL_QA_POLYGON,-90.82114511747515,30.020435499999998,,https://www.census.gov/geographies/reference-files/time-series/geo/gazetteer-files.2024.html
ITC-1164,USA,Louisiana,LA,St. John the Baptist,St. John the Baptist,YES,US-CENSUS-FIPS,22095,US-FIPS:22095,STABLE_ID + LOCAL_QA_POLYGON,-90.5363420089574,30.086211499999997,,https://www.census.gov/geographies/reference-files/time-series/geo/gazetteer-files.2024.html
ITC-1165,USA,Louisiana,LA,St. Landry,St. Landry,YES,US-CENSUS-FIPS,22097,US-FIPS:22097,STABLE_ID + LOCAL_QA_POLYGON,-91.98281814501792,30.58016,,https://www.census.gov/geographies/reference-files/time-series/geo/gazetteer-files.2024.html
ITC-1166,USA,Louisiana,LA,St. Martin,St. Martin,YES,US-CENSUS-FIPS,22099,US-FIPS:22099,STABLE_ID + LOCAL_QA_POLYGON,-91.77983324227395,30.265257999999996,,https://www.census.gov/geographies/reference-files/time-series/geo/gazetteer-files.2024.html
ITC-1167,USA,Louisiana,LA,St. Mary,St. Mary,YES,US-CENSUS-FIPS,22101,US-FIPS:22101,STABLE_ID + LOCAL_QA_POLYGON,-91.37138701618869,29.714712570466048,,https://www.census.gov/geographies/reference-files/time-series/geo/gazetteer-files.2024.html
ITC-1168,USA,Louisiana,LA,St. Tammany,St. Tammany,YES,US-CENSUS-FIPS,22103,US-FIPS:22103,STABLE_ID + LOCAL_QA_POLYGON,-89.96265457441311,30.431498499999996,,https://www.census.gov/geographies/reference-files/time-series/geo/gazetteer-files.2024.html
ITC-1169,USA,Louisiana,LA,Tangipahoa,Tangipahoa,YES,US-CENSUS-FIPS,22105,US-FIPS:22105,STABLE_ID + LOCAL_QA_POLYGON,-90.40790151613868,30.612800999999997,,https://www.census.gov/geographies/reference-files/time-series/geo/gazetteer-files.2024.html
ITC-1170,USA,Louisiana,LA,Tensas,Tensas,YES,US-CENSUS-FIPS,22107,US-FIPS:22107,STABLE_ID + LOCAL_QA_POLYGON,-91.29999211242902,31.991427,,https://www.census.gov/geographies/reference-files/time-series/geo/gazetteer-files.2024.html
ITC-1171,USA,Louisiana,LA,Terrebonne,Terrebonne,YES,US-CENSUS-FIPS,22109,US-FIPS:22109,STABLE_ID + LOCAL_QA_POLYGON,-90.82722552545235,29.4090195,,https://www.census.gov/geographies/reference-files/time-series/geo/gazetteer-files.2024.html
ITC-1172,USA,Louisiana,LA,Union,Union,YES,US-CENSUS-FIPS,22111,US-FIPS:22111,STABLE_ID + LOCAL_QA_POLYGON,-92.3896034804973,32.797405,,https://www.census.gov/geographies/reference-files/time-series/geo/gazetteer-files.2024.html
ITC-1173,USA,Louisiana,LA,Vermilion,Vermilion,YES,US-CENSUS-FIPS,22113,US-FIPS:22113,STABLE_ID + LOCAL_QA_POLYGON,-92.29473193699013,29.856361999999997,,https://www.census.gov/geographies/reference-files/time-series/geo/gazetteer-files.2024.html
ITC-1174,USA,Louisiana,LA,Vernon,Vernon,YES,US-CENSUS-FIPS,22115,US-FIPS:22115,STABLE_ID + LOCAL_QA_POLYGON,-93.1862658497337,31.1110109695774,,https://www.census.gov/geographies/reference-files/time-series/geo/gazetteer-files.2024.html
ITC-1175,USA,Louisiana,LA,Washington,Washington,YES,US-CENSUS-FIPS,22117,US-FIPS:22117,STABLE_ID + LOCAL_QA_POLYGON,-90.04334254545455,30.834944999999998,,https://www.census.gov/geographies/reference-files/time-series/geo/gazetteer-files.2024.html
ITC-1176,USA,Louisiana,LA,Webster,Webster,YES,US-CENSUS-FIPS,22119,US-FIPS:22119,STABLE_ID + LOCAL_QA_POLYGON,-93.31575000149985,32.709982499999995,,https://www.census.gov/geographies/reference-files/time-series/geo/gazetteer-files.2024.html
ITC-1177,USA,Louisiana,LA,West Baton Rouge,West Baton Rouge,YES,US-CENSUS-FIPS,22121,US-FIPS:22121,STABLE_ID + LOCAL_QA_POLYGON,-91.33673443741426,30.4879915,,https://www.census.gov/geographies/reference-files/time-series/geo/gazetteer-files.2024.html
ITC-1178,USA,Louisiana,LA,West Carroll,West Carroll,YES,US-CENSUS-FIPS,22123,US-FIPS:22123,STABLE_ID + LOCAL_QA_POLYGON,-91.46713404692034,32.7950495,,https://www.census.gov/geographies/reference-files/time-series/geo/gazetteer-files.2024.html
ITC-1179,USA,Louisiana,LA,West Feliciana,West Feliciana,YES,US-CENSUS-FIPS,22125,US-FIPS:22125,STABLE_ID + LOCAL_QA_POLYGON,-91.3805190272048,30.8262915,,https://www.census.gov/geographies/reference-files/time-series/geo/gazetteer-files.2024.html
ITC-1180,USA,Louisiana,LA,Winn,Winn,YES,US-CENSUS-FIPS,22127,US-FIPS:22127,STABLE_ID + LOCAL_QA_POLYGON,-92.60024729175049,31.9288225,,https://www.census.gov/geographies/reference-files/time-series/geo/gazetteer-files.2024.html
ITC-1181,USA,Maine,ME,Androscoggin,Androscoggin,YES,US-CENSUS-FIPS,23001,US-FIPS:23001,STABLE_ID + LOCAL_QA_POLYGON,-70.20294681392994,44.196676999999994,,https://www.census.gov/geographies/reference-files/time-series/geo/gazetteer-files.2024.html
ITC-1182,USA,Maine,ME,Aroostook,Aroostook,YES,US-CENSUS-FIPS,23003,US-FIPS:23003,STABLE_ID + LOCAL_QA_POLYGON,-68.30422747903887,46.54175682838445,,https://www.census.gov/geographies/reference-files/time-series/geo/gazetteer-files.2024.html
ITC-1183,USA,Maine,ME,Cumberland,Cumberland,YES,US-CENSUS-FIPS,23005,US-FIPS:23005,STABLE_ID + LOCAL_QA_POLYGON,-70.41353621203706,43.84877014959905,,https://www.census.gov/geographies/reference-files/time-series/geo/gazetteer-files.2024.html
ITC-1184,USA,Maine,ME,Franklin,Franklin,YES,US-CENSUS-FIPS,23007,US-FIPS:23007,STABLE_ID + LOCAL_QA_POLYGON,-70.46768621419419,45.0732955,,https://www.census.gov/geographies/reference-files/time-series/geo/gazetteer-files.2024.html
ITC-1185,USA,Maine,ME,Hancock,Hancock,YES,US-CENSUS-FIPS,23009,US-FIPS:23009,STABLE_ID + LOCAL_QA_POLYGON,-68.33563721765309,44.736253,,https://www.census.gov/geographies/reference-files/time-series/geo/gazetteer-files.2024.html
ITC-1186,USA,Maine,ME,Kennebec,Kennebec,YES,US-CENSUS-FIPS,23011,US-FIPS:23011,STABLE_ID + LOCAL_QA_POLYGON,-69.78809917134132,44.429215,,https://www.census.gov/geographies/reference-files/time-series/geo/gazetteer-files.2024.html
ITC-1187,USA,Maine,ME,Knox,Knox,YES,US-CENSUS-FIPS,23013,US-FIPS:23013,STABLE_ID + LOCAL_QA_POLYGON,-69.1923379106799,44.1389968317042,,https://www.census.gov/geographies/reference-files/time-series/geo/gazetteer-files.2024.html
ITC-1188,USA,Maine,ME,Lincoln,Lincoln,YES,US-CENSUS-FIPS,23015,US-FIPS:23015,STABLE_ID + LOCAL_QA_POLYGON,-69.53416578395476,44.066312999999994,,https://www.census.gov/geographies/reference-files/time-series/geo/gazetteer-files.2024.html
ITC-1189,USA,Maine,ME,Oxford,Oxford,YES,US-CENSUS-FIPS,23017,US-FIPS:23017,STABLE_ID + LOCAL_QA_POLYGON,-70.65494842208085,44.567156999999995,,https://www.census.gov/geographies/reference-files/time-series/geo/gazetteer-files.2024.html
ITC-1190,USA,Maine,ME,Penobscot,Penobscot,YES,US-CENSUS-FIPS,23019,US-FIPS:23019,STABLE_ID + LOCAL_QA_POLYGON,-68.43241775349153,45.519834,,https://www.census.gov/geographies/reference-files/time-series/geo/gazetteer-files.2024.html
ITC-1191,USA,Maine,ME,Piscataquis,Piscataquis,YES,US-CENSUS-FIPS,23021,US-FIPS:23021,STABLE_ID + LOCAL_QA_POLYGON,-69.27244722156462,45.792992,,https://www.census.gov/geographies/reference-files/time-series/geo/gazetteer-files.2024.html
ITC-1192,USA,Maine,ME,Sagadahoc,Sagadahoc,YES,US-CENSUS-FIPS,23023,US-FIPS:23023,STABLE_ID + LOCAL_QA_POLYGON,-69.79273653087171,43.935367,,https://www.census.gov/geographies/reference-files/time-series/geo/gazetteer-files.2024.html
ITC-1193,USA,Maine,ME,Somerset,Somerset,YES,US-CENSUS-FIPS,23025,US-FIPS:23025,STABLE_ID + LOCAL_QA_POLYGON,-70.12588382683154,45.5768075,,https://www.census.gov/geographies/reference-files/time-series/geo/gazetteer-files.2024.html
ITC-1194,USA,Maine,ME,Waldo,Waldo,YES,US-CENSUS-FIPS,23027,US-FIPS:23027,STABLE_ID + LOCAL_QA_POLYGON,-69.08862941999263,44.500457999999995,,https://www.census.gov/geographies/reference-files/time-series/geo/gazetteer-files.2024.html
ITC-1195,USA,Maine,ME,Washington,Washington,YES,US-CENSUS-FIPS,23029,US-FIPS:23029,STABLE_ID + LOCAL_QA_POLYGON,-67.5471964329324,45.039264316000754,,https://www.census.gov/geographies/reference-files/time-series/geo/gazetteer-files.2024.html
ITC-1196,USA,Maine,ME,York,York,YES,US-CENSUS-FIPS,23031,US-FIPS:23031,STABLE_ID + LOCAL_QA_POLYGON,-70.66466794392765,43.4370859271004,,https://www.census.gov/geographies/reference-files/time-series/geo/gazetteer-files.2024.html
ITC-1197,USA,Maryland,MD,Allegany,Allegany,YES,US-CENSUS-FIPS,24001,US-FIPS:24001,STABLE_ID + LOCAL_QA_POLYGON,-78.59553602784761,39.5809115,,https://www.census.gov/geographies/reference-files/time-series/geo/gazetteer-files.2024.html
ITC-1198,USA,Maryland,MD,Anne Arundel,Anne Arundel,YES,US-CENSUS-FIPS,24003,US-FIPS:24003,STABLE_ID + LOCAL_QA_POLYGON,-76.57735066907071,38.975387,,https://www.census.gov/geographies/reference-files/time-series/geo/gazetteer-files.2024.html
ITC-1199,USA,Maryland,MD,Baltimore,Baltimore,YES,US-CENSUS-FIPS,24005,US-FIPS:24005,STABLE_ID + LOCAL_QA_POLYGON,-76.63661601786032,39.457944,,https://www.census.gov/geographies/reference-files/time-series/geo/gazetteer-files.2024.html
ITC-1200,USA,Maryland,MD,Baltimore (city),Baltimore (city),YES,US-CENSUS-FIPS,24510,US-FIPS:24510,STABLE_ID + LOCAL_QA_POLYGON,-76.62044853701872,39.283362,,https://www.census.gov/geographies/reference-files/time-series/geo/gazetteer-files.2024.html
ITC-1201,USA,Maryland,MD,Calvert,Calvert,YES,US-CENSUS-FIPS,24009,US-FIPS:24009,STABLE_ID + LOCAL_QA_POLYGON,-76.59616737111651,38.53648076838125,,https://www.census.gov/geographies/reference-files/time-series/geo/gazetteer-files.2024.html
ITC-1202,USA,Maryland,MD,Caroline,Caroline,YES,US-CENSUS-FIPS,24011,US-FIPS:24011,STABLE_ID + LOCAL_QA_POLYGON,-75.83488996441977,38.887569,,https://www.census.gov/geographies/reference-files/time-series/geo/gazetteer-files.2024.html
ITC-1203,USA,Maryland,MD,Carroll,Carroll,YES,US-CENSUS-FIPS,24013,US-FIPS:24013,STABLE_ID + LOCAL_QA_POLYGON,-77.01286589434406,39.536035999999996,,https://www.census.gov/geographies/reference-files/time-series/geo/gazetteer-files.2024.html
ITC-1204,USA,Maryland,MD,Cecil,Cecil,YES,US-CENSUS-FIPS,24015,US-FIPS:24015,STABLE_ID + LOCAL_QA_POLYGON,-75.87351647247334,39.54093543312935,,https://www.census.gov/geographies/reference-files/time-series/geo/gazetteer-files.2024.html
ITC-1205,USA,Maryland,MD,Charles,Charles,YES,US-CENSUS-FIPS,24017,US-FIPS:24017,STABLE_ID + LOCAL_QA_POLYGON,-77.03332601935301,38.4791596352771,,https://www.census.gov/geographies/reference-files/time-series/geo/gazetteer-files.2024.html
ITC-1206,USA,Maryland,MD,Dorchester,Dorchester,YES,US-CENSUS-FIPS,24019,US-FIPS:24019,STABLE_ID + LOCAL_QA_POLYGON,-76.07295819892516,38.460410499999995,,https://www.census.gov/geographies/reference-files/time-series/geo/gazetteer-files.2024.html
ITC-1207,USA,Maryland,MD,Frederick,Frederick,YES,US-CENSUS-FIPS,24021,US-FIPS:24021,STABLE_ID + LOCAL_QA_POLYGON,-77.3678533948431,39.469545999999994,,https://www.census.gov/geographies/reference-files/time-series/geo/gazetteer-files.2024.html
ITC-1208,USA,Maryland,MD,Garrett,Garrett,YES,US-CENSUS-FIPS,24023,US-FIPS:24023,STABLE_ID + LOCAL_QA_POLYGON,-79.28949847550547,39.4640451838913,,https://www.census.gov/geographies/reference-files/time-series/geo/gazetteer-files.2024.html
ITC-1209,USA,Maryland,MD,Harford,Harford,YES,US-CENSUS-FIPS,24025,US-FIPS:24025,STABLE_ID + LOCAL_QA_POLYGON,-76.28537608385567,39.511584,,https://www.census.gov/geographies/reference-files/time-series/geo/gazetteer-files.2024.html
ITC-1210,USA,Maryland,MD,Howard,Howard,YES,US-CENSUS-FIPS,24027,US-FIPS:24027,STABLE_ID + LOCAL_QA_POLYGON,-76.892478623741,39.235476,,https://www.census.gov/geographies/reference-files/time-series/geo/gazetteer-files.2024.html
ITC-1211,USA,Maryland,MD,Kent,Kent,YES,US-CENSUS-FIPS,24029,US-FIPS:24029,STABLE_ID + LOCAL_QA_POLYGON,-76.1595927551844,39.196428499999996,,https://www.census.gov/geographies/reference-files/time-series/geo/gazetteer-files.2024.html
ITC-1212,USA,Maryland,MD,Montgomery,Montgomery,YES,US-CENSUS-FIPS,24031,US-FIPS:24031,STABLE_ID + LOCAL_QA_POLYGON,-77.23884467496595,39.14418549999999,,https://www.census.gov/geographies/reference-files/time-series/geo/gazetteer-files.2024.html
ITC-1213,USA,Maryland,MD,Prince George's,Prince George's,YES,US-CENSUS-FIPS,24033,US-FIPS:24033,STABLE_ID + LOCAL_QA_POLYGON,-76.84226130482338,38.833556,,https://www.census.gov/geographies/reference-files/time-series/geo/gazetteer-files.2024.html
ITC-1214,USA,Maryland,MD,Queen Anne's,Queen Anne's,YES,US-CENSUS-FIPS,24035,US-FIPS:24035,STABLE_ID + LOCAL_QA_POLYGON,-76.02766016610404,39.05036936853005,,https://www.census.gov/geographies/reference-files/time-series/geo/gazetteer-files.2024.html
ITC-1215,USA,Maryland,MD,Somerset,Somerset,YES,US-CENSUS-FIPS,24039,US-FIPS:24039,STABLE_ID + LOCAL_QA_POLYGON,-75.70013096710142,38.10506099999999,,https://www.census.gov/geographies/reference-files/time-series/geo/gazetteer-files.2024.html
ITC-1216,USA,Maryland,MD,St. Mary's,St. Mary's,YES,US-CENSUS-FIPS,24037,US-FIPS:24037,STABLE_ID + LOCAL_QA_POLYGON,-76.59880254518457,38.27666339310355,,https://www.census.gov/geographies/reference-files/time-series/geo/gazetteer-files.2024.html
ITC-1217,USA,Maryland,MD,Talbot,Talbot,YES,US-CENSUS-FIPS,24041,US-FIPS:24041,STABLE_ID + LOCAL_QA_POLYGON,-76.1673604616611,38.758258,,https://www.census.gov/geographies/reference-files/time-series/geo/gazetteer-files.2024.html
ITC-1218,USA,Maryland,MD,Washington,Washington,YES,US-CENSUS-FIPS,24043,US-FIPS:24043,STABLE_ID + LOCAL_QA_POLYGON,-77.72047729285543,39.520489999999995,,https://www.census.gov/geographies/reference-files/time-series/geo/gazetteer-files.2024.html
ITC-1219,USA,Maryland,MD,Wicomico,Wicomico,YES,US-CENSUS-FIPS,24045,US-FIPS:24045,STABLE_ID + LOCAL_QA_POLYGON,-75.58183255658953,38.394175000000004,,https://www.census.gov/geographies/reference-files/time-series/geo/gazetteer-files.2024.html
ITC-1220,USA,Maryland,MD,Worcester,Worcester,YES,US-CENSUS-FIPS,24047,US-FIPS:24047,STABLE_ID + LOCAL_QA_POLYGON,-75.36240807432117,38.2220665,,https://www.census.gov/geographies/reference-files/time-series/geo/gazetteer-files.2024.html
ITC-1221,USA,Massachusetts,MA,Barnstable,Barnstable,YES,US-CENSUS-FIPS,25001,US-FIPS:25001,STABLE_ID + LOCAL_QA_POLYGON,-69.97363585552226,41.79736374090204,,https://www.census.gov/geographies/reference-files/time-series/geo/gazetteer-files.2024.html
ITC-1222,USA,Massachusetts,MA,Berkshire,Berkshire,YES,US-CENSUS-FIPS,25003,US-FIPS:25003,STABLE_ID + LOCAL_QA_POLYGON,-73.19980478021267,42.398734,,https://www.census.gov/geographies/reference-files/time-series/geo/gazetteer-files.2024.html
ITC-1223,USA,Massachusetts,MA,Bristol,Bristol,YES,US-CENSUS-FIPS,25005,US-FIPS:25005,STABLE_ID + LOCAL_QA_POLYGON,-71.17784458041378,41.79730000000001,,https://www.census.gov/geographies/reference-files/time-series/geo/gazetteer-files.2024.html
ITC-1224,USA,Massachusetts,MA,Dukes,Dukes,YES,US-CENSUS-FIPS,25007,US-FIPS:25007,STABLE_ID + LOCAL_QA_POLYGON,-70.6184855187944,41.39163639305215,,https://www.census.gov/geographies/reference-files/time-series/geo/gazetteer-files.2024.html
ITC-1225,USA,Massachusetts,MA,Essex,Essex,YES,US-CENSUS-FIPS,25009,US-FIPS:25009,STABLE_ID + LOCAL_QA_POLYGON,-70.91738822637043,42.6505141633653,,https://www.census.gov/geographies/reference-files/time-series/geo/gazetteer-files.2024.html
ITC-1226,USA,Massachusetts,MA,Franklin,Franklin,YES,US-CENSUS-FIPS,25011,US-FIPS:25011,STABLE_ID + LOCAL_QA_POLYGON,-72.56196380623999,42.519351,,https://www.census.gov/geographies/reference-files/time-series/geo/gazetteer-files.2024.html
ITC-1227,USA,Massachusetts,MA,Hampden,Hampden,YES,US-CENSUS-FIPS,25013,US-FIPS:25013,STABLE_ID + LOCAL_QA_POLYGON,-72.62933246713173,42.172477,,https://www.census.gov/geographies/reference-files/time-series/geo/gazetteer-files.2024.html
ITC-1228,USA,Massachusetts,MA,Hampshire,Hampshire,YES,US-CENSUS-FIPS,25015,US-FIPS:25015,STABLE_ID + LOCAL_QA_POLYGON,-72.71419669499244,42.370105499999994,,https://www.census.gov/geographies/reference-files/time-series/geo/gazetteer-files.2024.html
ITC-1229,USA,Massachusetts,MA,Middlesex,Middlesex,YES,US-CENSUS-FIPS,25017,US-FIPS:25017,STABLE_ID + LOCAL_QA_POLYGON,-71.28842275094671,42.446993,,https://www.census.gov/geographies/reference-files/time-series/geo/gazetteer-files.2024.html
ITC-1230,USA,Massachusetts,MA,Nantucket,Nantucket,YES,US-CENSUS-FIPS,25019,US-FIPS:25019,STABLE_ID + LOCAL_QA_POLYGON,-70.01823485875377,41.317934378636046,,https://www.census.gov/geographies/reference-files/time-series/geo/gazetteer-files.2024.html
ITC-1231,USA,Massachusetts,MA,Norfolk,Norfolk,YES,US-CENSUS-FIPS,25021,US-FIPS:25021,STABLE_ID + LOCAL_QA_POLYGON,-71.20290873903804,42.156482999999994,,https://www.census.gov/geographies/reference-files/time-series/geo/gazetteer-files.2024.html
ITC-1232,USA,Massachusetts,MA,Plymouth,Plymouth,YES,US-CENSUS-FIPS,25023,US-FIPS:25023,STABLE_ID + LOCAL_QA_POLYGON,-70.86112282980977,41.9673246198774,,https://www.census.gov/geographies/reference-files/time-series/geo/gazetteer-files.2024.html
ITC-1233,USA,Massachusetts,MA,Suffolk,Suffolk,YES,US-CENSUS-FIPS,25025,US-FIPS:25025,STABLE_ID + LOCAL_QA_POLYGON,-71.06071248654865,42.33892,,https://www.census.gov/geographies/reference-files/time-series/geo/gazetteer-files.2024.html
ITC-1234,USA,Massachusetts,MA,Worcester,Worcester,YES,US-CENSUS-FIPS,25027,US-FIPS:25027,STABLE_ID + LOCAL_QA_POLYGON,-71.9579167269545,42.3655025,,https://www.census.gov/geographies/reference-files/time-series/geo/gazetteer-files.2024.html
ITC-1235,USA,Michigan,MI,Alcona,Alcona,YES,US-CENSUS-FIPS,26001,US-FIPS:26001,STABLE_ID + LOCAL_QA_POLYGON,-83.5834383030076,44.68407103759915,,https://www.census.gov/geographies/reference-files/time-series/geo/gazetteer-files.2024.html
ITC-1236,USA,Michigan,MI,Alger,Alger,YES,US-CENSUS-FIPS,26003,US-FIPS:26003,STABLE_ID + LOCAL_QA_POLYGON,-86.7407969593373,46.42722,,https://www.census.gov/geographies/reference-files/time-series/geo/gazetteer-files.2024.html
ITC-1237,USA,Michigan,MI,Allegan,Allegan,YES,US-CENSUS-FIPS,26005,US-FIPS:26005,STABLE_ID + LOCAL_QA_POLYGON,-85.88464353920372,42.5939243654085,,https://www.census.gov/geographies/reference-files/time-series/geo/gazetteer-files.2024.html
ITC-1238,USA,Michigan,MI,Alpena,Alpena,YES,US-CENSUS-FIPS,26007,US-FIPS:26007,STABLE_ID + LOCAL_QA_POLYGON,-83.66717287989827,45.03176854066525,,https://www.census.gov/geographies/reference-files/time-series/geo/gazetteer-files.2024.html
ITC-1239,USA,Michigan,MI,Antrim,Antrim,YES,US-CENSUS-FIPS,26009,US-FIPS:26009,STABLE_ID + LOCAL_QA_POLYGON,-85.11486276738589,45.00857512679725,,https://www.census.gov/geographies/reference-files/time-series/geo/gazetteer-files.2024.html
ITC-1240,USA,Michigan,MI,Arenac,Arenac,YES,US-CENSUS-FIPS,26011,US-FIPS:26011,STABLE_ID + LOCAL_QA_POLYGON,-83.91924743323241,44.04047713437245,,https://www.census.gov/geographies/reference-files/time-series/geo/gazetteer-files.2024.html
ITC-1241,USA,Michigan,MI,Baraga,Baraga,YES,US-CENSUS-FIPS,26013,US-FIPS:26013,STABLE_ID + LOCAL_QA_POLYGON,-88.33496285869707,46.6968215,,https://www.census.gov/geographies/reference-files/time-series/geo/gazetteer-files.2024.html
ITC-1242,USA,Michigan,MI,Barry,Barry,YES,US-CENSUS-FIPS,26015,US-FIPS:26015,STABLE_ID + LOCAL_QA_POLYGON,-85.3092827879467,42.5955455,,https://www.census.gov/geographies/reference-files/time-series/geo/gazetteer-files.2024.html
ITC-1243,USA,Michigan,MI,Bay,Bay,YES,US-CENSUS-FIPS,26017,US-FIPS:26017,STABLE_ID + LOCAL_QA_POLYGON,-84.05655622908469,43.731386011269294,,https://www.census.gov/geographies/reference-files/time-series/geo/gazetteer-files.2024.html
ITC-1244,USA,Michigan,MI,Benzie,Benzie,YES,US-CENSUS-FIPS,26019,US-FIPS:26019,STABLE_ID + LOCAL_QA_POLYGON,-86.03520561672802,44.646071,,https://www.census.gov/geographies/reference-files/time-series/geo/gazetteer-files.2024.html
ITC-1245,USA,Michigan,MI,Berrien,Berrien,YES,US-CENSUS-FIPS,26021,US-FIPS:26021,STABLE_ID + LOCAL_QA_POLYGON,-86.38862837490501,42.0031095,,https://www.census.gov/geographies/reference-files/time-series/geo/gazetteer-files.2024.html
ITC-1246,USA,Michigan,MI,Branch,Branch,YES,US-CENSUS-FIPS,26023,US-FIPS:26023,STABLE_ID + LOCAL_QA_POLYGON,-85.05888243429487,41.9195405,,https://www.census.gov/geographies/reference-files/time-series/geo/gazetteer-files.2024.html
ITC-1247,USA,Michigan,MI,Calhoun,Calhoun,YES,US-CENSUS-FIPS,26025,US-FIPS:26025,STABLE_ID + LOCAL_QA_POLYGON,-85.00696125335101,42.2464945,,https://www.census.gov/geographies/reference-files/time-series/geo/gazetteer-files.2024.html
ITC-1248,USA,Michigan,MI,Cass,Cass,YES,US-CENSUS-FIPS,26027,US-FIPS:26027,STABLE_ID + LOCAL_QA_POLYGON,-85.99181332190011,41.9112015,,https://www.census.gov/geographies/reference-files/time-series/geo/gazetteer-files.2024.html
ITC-1249,USA,Michigan,MI,Charlevoix,Charlevoix,YES,US-CENSUS-FIPS,26029,US-FIPS:26029,STABLE_ID + LOCAL_QA_POLYGON,-85.06005632114395,45.24027210687455,,https://www.census.gov/geographies/reference-files/time-series/geo/gazetteer-files.2024.html
ITC-1250,USA,Michigan,MI,Cheboygan,Cheboygan,YES,US-CENSUS-FIPS,26031,US-FIPS:26031,STABLE_ID + LOCAL_QA_POLYGON,-84.48993552727188,45.507654,,https://www.census.gov/geographies/reference-files/time-series/geo/gazetteer-files.2024.html
ITC-1251,USA,Michigan,MI,Chippewa,Chippewa,YES,US-CENSUS-FIPS,26033,US-FIPS:26033,STABLE_ID + LOCAL_QA_POLYGON,-84.68414323470427,46.354617499999996,,https://www.census.gov/geographies/reference-files/time-series/geo/gazetteer-files.2024.html
ITC-1252,USA,Michigan,MI,Clare,Clare,YES,US-CENSUS-FIPS,26035,US-FIPS:26035,STABLE_ID + LOCAL_QA_POLYGON,-84.84702506319266,43.9892395,,https://www.census.gov/geographies/reference-files/time-series/geo/gazetteer-files.2024.html
ITC-1253,USA,Michigan,MI,Clinton,Clinton,YES,US-CENSUS-FIPS,26037,US-FIPS:26037,STABLE_ID + LOCAL_QA_POLYGON,-84.60166347549858,42.9494355,,https://www.census.gov/geographies/reference-files/time-series/geo/gazetteer-files.2024.html
ITC-1254,USA,Michigan,MI,Crawford,Crawford,YES,US-CENSUS-FIPS,26039,US-FIPS:26039,STABLE_ID + LOCAL_QA_POLYGON,-84.61067352171578,44.6836255,,https://www.census.gov/geographies/reference-files/time-series/geo/gazetteer-files.2024.html
ITC-1255,USA,Michigan,MI,Delta,Delta,YES,US-CENSUS-FIPS,26041,US-FIPS:26041,STABLE_ID + LOCAL_QA_POLYGON,-87.05484874130613,45.8544202256266,,https://www.census.gov/geographies/reference-files/time-series/geo/gazetteer-files.2024.html
ITC-1256,USA,Michigan,MI,Dickinson,Dickinson,YES,US-CENSUS-FIPS,26043,US-FIPS:26043,STABLE_ID + LOCAL_QA_POLYGON,-87.86730130716623,45.972635999999994,,https://www.census.gov/geographies/reference-files/time-series/geo/gazetteer-files.2024.html
ITC-1257,USA,Michigan,MI,Eaton,Eaton,YES,US-CENSUS-FIPS,26045,US-FIPS:26045,STABLE_ID + LOCAL_QA_POLYGON,-84.83871253933535,42.592868499999994,,https://www.census.gov/geographies/reference-files/time-series/geo/gazetteer-files.2024.html
ITC-1258,USA,Michigan,MI,Emmet,Emmet,YES,US-CENSUS-FIPS,26047,US-FIPS:26047,STABLE_ID + LOCAL_QA_POLYGON,-84.92190483056348,45.5329472424514,,https://www.census.gov/geographies/reference-files/time-series/geo/gazetteer-files.2024.html
ITC-1259,USA,Michigan,MI,Genesee,Genesee,YES,US-CENSUS-FIPS,26049,US-FIPS:26049,STABLE_ID + LOCAL_QA_POLYGON,-83.6932265444751,43.001573,,https://www.census.gov/geographies/reference-files/time-series/geo/gazetteer-files.2024.html
ITC-1260,USA,Michigan,MI,Gladwin,Gladwin,YES,US-CENSUS-FIPS,26051,US-FIPS:26051,STABLE_ID + LOCAL_QA_POLYGON,-84.3862265463055,43.9667955,,https://www.census.gov/geographies/reference-files/time-series/geo/gazetteer-files.2024.html
ITC-1261,USA,Michigan,MI,Gogebic,Gogebic,YES,US-CENSUS-FIPS,26053,US-FIPS:26053,STABLE_ID + LOCAL_QA_POLYGON,-89.76355200410232,46.4305423700371,,https://www.census.gov/geographies/reference-files/time-series/geo/gazetteer-files.2024.html
ITC-1262,USA,Michigan,MI,Grand Traverse,Grand Traverse,YES,US-CENSUS-FIPS,26055,US-FIPS:26055,STABLE_ID + LOCAL_QA_POLYGON,-85.68774216464236,44.75079243966884,,https://www.census.gov/geographies/reference-files/time-series/geo/gazetteer-files.2024.html
ITC-1263,USA,Michigan,MI,Gratiot,Gratiot,YES,US-CENSUS-FIPS,26057,US-FIPS:26057,STABLE_ID + LOCAL_QA_POLYGON,-84.6023590601281,43.2779115,,https://www.census.gov/geographies/reference-files/time-series/geo/gazetteer-files.2024.html
ITC-1264,USA,Michigan,MI,Hillsdale,Hillsdale,YES,US-CENSUS-FIPS,26059,US-FIPS:26059,STABLE_ID + LOCAL_QA_POLYGON,-84.59353137057604,41.8906595,,https://www.census.gov/geographies/reference-files/time-series/geo/gazetteer-files.2024.html
ITC-1265,USA,Michigan,MI,Houghton,Houghton,YES,US-CENSUS-FIPS,26061,US-FIPS:26061,STABLE_ID + LOCAL_QA_POLYGON,-88.74221022310468,46.87302699999999,,https://www.census.gov/geographies/reference-files/time-series/geo/gazetteer-files.2024.html
ITC-1266,USA,Michigan,MI,Huron,Huron,YES,US-CENSUS-FIPS,26063,US-FIPS:26063,STABLE_ID + LOCAL_QA_POLYGON,-83.00129246838111,43.8689312101134,,https://www.census.gov/geographies/reference-files/time-series/geo/gazetteer-files.2024.html
ITC-1267,USA,Michigan,MI,Ingham,Ingham,YES,US-CENSUS-FIPS,26065,US-FIPS:26065,STABLE_ID + LOCAL_QA_POLYGON,-84.37362473412887,42.598191,,https://www.census.gov/geographies/reference-files/time-series/geo/gazetteer-files.2024.html
ITC-1268,USA,Michigan,MI,Ionia,Ionia,YES,US-CENSUS-FIPS,26067,US-FIPS:26067,STABLE_ID + LOCAL_QA_POLYGON,-85.07476586707531,42.95496249999999,,https://www.census.gov/geographies/reference-files/time-series/geo/gazetteer-files.2024.html
ITC-1269,USA,Michigan,MI,Iosco,Iosco,YES,US-CENSUS-FIPS,26069,US-FIPS:26069,STABLE_ID + LOCAL_QA_POLYGON,-83.60930996927542,44.336005406745244,,https://www.census.gov/geographies/reference-files/time-series/geo/gazetteer-files.2024.html
ITC-1270,USA,Michigan,MI,Iron,Iron,YES,US-CENSUS-FIPS,26071,US-FIPS:26071,STABLE_ID + LOCAL_QA_POLYGON,-88.55429375653088,46.1491325,,https://www.census.gov/geographies/reference-files/time-series/geo/gazetteer-files.2024.html
ITC-1271,USA,Michigan,MI,Isabella,Isabella,YES,US-CENSUS-FIPS,26073,US-FIPS:26073,STABLE_ID + LOCAL_QA_POLYGON,-84.84719983188967,43.640338,,https://www.census.gov/geographies/reference-files/time-series/geo/gazetteer-files.2024.html
ITC-1272,USA,Michigan,MI,Jackson,Jackson,YES,US-CENSUS-FIPS,26075,US-FIPS:26075,STABLE_ID + LOCAL_QA_POLYGON,-84.42390436603387,42.248476499999995,,https://www.census.gov/geographies/reference-files/time-series/geo/gazetteer-files.2024.html
ITC-1273,USA,Michigan,MI,Kalamazoo,Kalamazoo,YES,US-CENSUS-FIPS,26077,US-FIPS:26077,STABLE_ID + LOCAL_QA_POLYGON,-85.53152343929334,42.245382,,https://www.census.gov/geographies/reference-files/time-series/geo/gazetteer-files.2024.html
ITC-1274,USA,Michigan,MI,Kalkaska,Kalkaska,YES,US-CENSUS-FIPS,26079,US-FIPS:26079,STABLE_ID + LOCAL_QA_POLYGON,-85.09155792549066,44.684951,,https://www.census.gov/geographies/reference-files/time-series/geo/gazetteer-files.2024.html
ITC-1275,USA,Michigan,MI,Kent,Kent,YES,US-CENSUS-FIPS,26081,US-FIPS:26081,STABLE_ID + LOCAL_QA_POLYGON,-85.55041186905416,43.034488499999995,,https://www.census.gov/geographies/reference-files/time-series/geo/gazetteer-files.2024.html
ITC-1276,USA,Michigan,MI,Keweenaw,Keweenaw,YES,US-CENSUS-FIPS,26083,US-FIPS:26083,STABLE_ID + LOCAL_QA_POLYGON,-88.20130025203294,47.33805090762294,,https://www.census.gov/geographies/reference-files/time-series/geo/gazetteer-files.2024.html
ITC-1277,USA,Michigan,MI,Lake,Lake,YES,US-CENSUS-FIPS,26085,US-FIPS:26085,STABLE_ID + LOCAL_QA_POLYGON,-85.80153809563666,43.9948395,,https://www.census.gov/geographies/reference-files/time-series/geo/gazetteer-files.2024.html
ITC-1278,USA,Michigan,MI,Lapeer,Lapeer,YES,US-CENSUS-FIPS,26087,US-FIPS:26087,STABLE_ID + LOCAL_QA_POLYGON,-83.22606415075882,43.102836499999995,,https://www.census.gov/geographies/reference-files/time-series/geo/gazetteer-files.2024.html
ITC-1279,USA,Michigan,MI,Leelanau,Leelanau,YES,US-CENSUS-FIPS,26089,US-FIPS:26089,STABLE_ID + LOCAL_QA_POLYGON,-85.69335259145411,44.9934428495059,,https://www.census.gov/geographies/reference-files/time-series/geo/gazetteer-files.2024.html
ITC-1280,USA,Michigan,MI,Lenawee,Lenawee,YES,US-CENSUS-FIPS,26091,US-FIPS:26091,STABLE_ID + LOCAL_QA_POLYGON,-84.06573389547486,41.892213999999996,,https://www.census.gov/geographies/reference-files/time-series/geo/gazetteer-files.2024.html
ITC-1281,USA,Michigan,MI,Livingston,Livingston,YES,US-CENSUS-FIPS,26093,US-FIPS:26093,STABLE_ID + LOCAL_QA_POLYGON,-83.91104465075824,42.602914,,https://www.census.gov/geographies/reference-files/time-series/geo/gazetteer-files.2024.html
ITC-1282,USA,Michigan,MI,Luce,Luce,YES,US-CENSUS-FIPS,26095,US-FIPS:26095,STABLE_ID + LOCAL_QA_POLYGON,-85.55195229773513,46.46211149999999,,https://www.census.gov/geographies/reference-files/time-series/geo/gazetteer-files.2024.html
ITC-1283,USA,Michigan,MI,Mackinac,Mackinac,YES,US-CENSUS-FIPS,26097,US-FIPS:26097,STABLE_ID + LOCAL_QA_POLYGON,-84.90061260294698,46.041073237921694,,https://www.census.gov/geographies/reference-files/time-series/geo/gazetteer-files.2024.html
ITC-1284,USA,Michigan,MI,Macomb,Macomb,YES,US-CENSUS-FIPS,26099,US-FIPS:26099,STABLE_ID + LOCAL_QA_POLYGON,-82.92020943622822,42.67289096837075,,https://www.census.gov/geographies/reference-files/time-series/geo/gazetteer-files.2024.html
ITC-1285,USA,Michigan,MI,Manistee,Manistee,YES,US-CENSUS-FIPS,26101,US-FIPS:26101,STABLE_ID + LOCAL_QA_POLYGON,-86.04631194595875,44.341661,,https://www.census.gov/geographies/reference-files/time-series/geo/gazetteer-files.2024.html
ITC-1286,USA,Michigan,MI,Marquette,Marquette,YES,US-CENSUS-FIPS,26103,US-FIPS:26103,STABLE_ID + LOCAL_QA_POLYGON,-87.61658907266255,46.46252799999999,,https://www.census.gov/geographies/reference-files/time-series/geo/gazetteer-files.2024.html
ITC-1287,USA,Michigan,MI,Mason,Mason,YES,US-CENSUS-FIPS,26105,US-FIPS:26105,STABLE_ID + LOCAL_QA_POLYGON,-86.2594442723144,43.9941349283654,,https://www.census.gov/geographies/reference-files/time-series/geo/gazetteer-files.2024.html
ITC-1288,USA,Michigan,MI,Mecosta,Mecosta,YES,US-CENSUS-FIPS,26107,US-FIPS:26107,STABLE_ID + LOCAL_QA_POLYGON,-85.32434942445579,43.641026999999994,,https://www.census.gov/geographies/reference-files/time-series/geo/gazetteer-files.2024.html
ITC-1289,USA,Michigan,MI,Menominee,Menominee,YES,US-CENSUS-FIPS,26109,US-FIPS:26109,STABLE_ID + LOCAL_QA_POLYGON,-87.53716763510889,45.5408975,,https://www.census.gov/geographies/reference-files/time-series/geo/gazetteer-files.2024.html
ITC-1290,USA,Michigan,MI,Midland,Midland,YES,US-CENSUS-FIPS,26111,US-FIPS:26111,STABLE_ID + LOCAL_QA_POLYGON,-84.38751769286245,43.6476165,,https://www.census.gov/geographies/reference-files/time-series/geo/gazetteer-files.2024.html
ITC-1291,USA,Michigan,MI,Missaukee,Missaukee,YES,US-CENSUS-FIPS,26113,US-FIPS:26113,STABLE_ID + LOCAL_QA_POLYGON,-85.09571912606775,44.33750499999999,,https://www.census.gov/geographies/reference-files/time-series/geo/gazetteer-files.2024.html
ITC-1292,USA,Michigan,MI,Monroe,Monroe,YES,US-CENSUS-FIPS,26115,US-FIPS:26115,STABLE_ID + LOCAL_QA_POLYGON,-83.55088639873965,41.911660927190596,,https://www.census.gov/geographies/reference-files/time-series/geo/gazetteer-files.2024.html
ITC-1293,USA,Michigan,MI,Montcalm,Montcalm,YES,US-CENSUS-FIPS,26117,US-FIPS:26117,STABLE_ID + LOCAL_QA_POLYGON,-85.07896601268736,43.2932135,,https://www.census.gov/geographies/reference-files/time-series/geo/gazetteer-files.2024.html
ITC-1294,USA,Michigan,MI,Montmorency,Montmorency,YES,US-CENSUS-FIPS,26119,US-FIPS:26119,STABLE_ID + LOCAL_QA_POLYGON,-84.12992916516885,45.018507,,https://www.census.gov/geographies/reference-files/time-series/geo/gazetteer-files.2024.html
ITC-1295,USA,Michigan,MI,Muskegon,Muskegon,YES,US-CENSUS-FIPS,26121,US-FIPS:26121,STABLE_ID + LOCAL_QA_POLYGON,-86.21041305877321,43.29506939105195,,https://www.census.gov/geographies/reference-files/time-series/geo/gazetteer-files.2024.html
ITC-1296,USA,Michigan,MI,Newaygo,Newaygo,YES,US-CENSUS-FIPS,26123,US-FIPS:26123,STABLE_ID + LOCAL_QA_POLYGON,-85.80114551990947,43.5546145,,https://www.census.gov/geographies/reference-files/time-series/geo/gazetteer-files.2024.html
ITC-1297,USA,Michigan,MI,Oakland,Oakland,YES,US-CENSUS-FIPS,26125,US-FIPS:26125,STABLE_ID + LOCAL_QA_POLYGON,-83.38677602462576,42.657191999999995,,https://www.census.gov/geographies/reference-files/time-series/geo/gazetteer-files.2024.html
ITC-1298,USA,Michigan,MI,Oceana,Oceana,YES,US-CENSUS-FIPS,26127,US-FIPS:26127,STABLE_ID + LOCAL_QA_POLYGON,-86.29000935696433,43.64355474863845,,https://www.census.gov/geographies/reference-files/time-series/geo/gazetteer-files.2024.html
ITC-1299,USA,Michigan,MI,Ogemaw,Ogemaw,YES,US-CENSUS-FIPS,26129,US-FIPS:26129,STABLE_ID + LOCAL_QA_POLYGON,-84.12652109116021,44.341837,,https://www.census.gov/geographies/reference-files/time-series/geo/gazetteer-files.2024.html
ITC-1300,USA,Michigan,MI,Ontonagon,Ontonagon,YES,US-CENSUS-FIPS,26131,US-FIPS:26131,STABLE_ID + LOCAL_QA_POLYGON,-89.36409176355377,46.712699,,https://www.census.gov/geographies/reference-files/time-series/geo/gazetteer-files.2024.html
ITC-1301,USA,Michigan,MI,Osceola,Osceola,YES,US-CENSUS-FIPS,26133,US-FIPS:26133,STABLE_ID + LOCAL_QA_POLYGON,-85.32530047180391,43.9890225,,https://www.census.gov/geographies/reference-files/time-series/geo/gazetteer-files.2024.html
ITC-1302,USA,Michigan,MI,Oscoda,Oscoda,YES,US-CENSUS-FIPS,26135,US-FIPS:26135,STABLE_ID + LOCAL_QA_POLYGON,-84.12993190358348,44.6815655,,https://www.census.gov/geographies/reference-files/time-series/geo/gazetteer-files.2024.html
ITC-1303,USA,Michigan,MI,Otsego,Otsego,YES,US-CENSUS-FIPS,26137,US-FIPS:26137,STABLE_ID + LOCAL_QA_POLYGON,-84.60950531986202,45.028142,,https://www.census.gov/geographies/reference-files/time-series/geo/gazetteer-files.2024.html
ITC-1304,USA,Michigan,MI,Ottawa,Ottawa,YES,US-CENSUS-FIPS,26139,US-FIPS:26139,STABLE_ID + LOCAL_QA_POLYGON,-86.00535790160876,42.9832495,,https://www.census.gov/geographies/reference-files/time-series/geo/gazetteer-files.2024.html
ITC-1305,USA,Michigan,MI,Presque Isle,Presque Isle,YES,US-CENSUS-FIPS,26141,US-FIPS:26141,STABLE_ID + LOCAL_QA_POLYGON,-84.00390563964713,45.412738858314654,,https://www.census.gov/geographies/reference-files/time-series/geo/gazetteer-files.2024.html
ITC-1306,USA,Michigan,MI,Roscommon,Roscommon,YES,US-CENSUS-FIPS,26143,US-FIPS:26143,STABLE_ID + LOCAL_QA_POLYGON,-84.61209063693764,44.34656,,https://www.census.gov/geographies/reference-files/time-series/geo/gazetteer-files.2024.html
ITC-1307,USA,Michigan,MI,Saginaw,Saginaw,YES,US-CENSUS-FIPS,26145,US-FIPS:26145,STABLE_ID + LOCAL_QA_POLYGON,-84.03395968250189,43.343306,,https://www.census.gov/geographies/reference-files/time-series/geo/gazetteer-files.2024.html
ITC-1308,USA,Michigan,MI,Sanilac,Sanilac,YES,US-CENSUS-FIPS,26151,US-FIPS:26151,STABLE_ID + LOCAL_QA_POLYGON,-82.82323601097256,43.42217482242894,,https://www.census.gov/geographies/reference-files/time-series/geo/gazetteer-files.2024.html
ITC-1309,USA,Michigan,MI,Schoolcraft,Schoolcraft,YES,US-CENSUS-FIPS,26153,US-FIPS:26153,STABLE_ID + LOCAL_QA_POLYGON,-86.17749518264753,46.1296505,,https://www.census.gov/geographies/reference-files/time-series/geo/gazetteer-files.2024.html
ITC-1310,USA,Michigan,MI,Shiawassee,Shiawassee,YES,US-CENSUS-FIPS,26155,US-FIPS:26155,STABLE_ID + LOCAL_QA_POLYGON,-84.14778530632294,42.9525505,,https://www.census.gov/geographies/reference-files/time-series/geo/gazetteer-files.2024.html
ITC-1311,USA,Michigan,MI,St. Clair,St. Clair,YES,US-CENSUS-FIPS,26147,US-FIPS:26147,STABLE_ID + LOCAL_QA_POLYGON,-82.60315877325438,42.8466520511683,,https://www.census.gov/geographies/reference-files/time-series/geo/gazetteer-files.2024.html
ITC-1312,USA,Michigan,MI,St. Joseph,St. Joseph,YES,US-CENSUS-FIPS,26149,US-FIPS:26149,STABLE_ID + LOCAL_QA_POLYGON,-85.52635900072511,41.9114715,,https://www.census.gov/geographies/reference-files/time-series/geo/gazetteer-files.2024.html
ITC-1313,USA,Michigan,MI,Tuscola,Tuscola,YES,US-CENSUS-FIPS,26157,US-FIPS:26157,STABLE_ID + LOCAL_QA_POLYGON,-83.40359435401271,43.471928,,https://www.census.gov/geographies/reference-files/time-series/geo/gazetteer-files.2024.html
ITC-1314,USA,Michigan,MI,Van Buren,Van Buren,YES,US-CENSUS-FIPS,26159,US-FIPS:26159,STABLE_ID + LOCAL_QA_POLYGON,-86.06332759948691,42.248582024768254,,https://www.census.gov/geographies/reference-files/time-series/geo/gazetteer-files.2024.html
ITC-1315,USA,Michigan,MI,Washtenaw,Washtenaw,YES,US-CENSUS-FIPS,26161,US-FIPS:26161,STABLE_ID + LOCAL_QA_POLYGON,-83.83750444854631,42.252728,,https://www.census.gov/geographies/reference-files/time-series/geo/gazetteer-files.2024.html
ITC-1316,USA,Michigan,MI,Wayne,Wayne,YES,US-CENSUS-FIPS,26163,US-FIPS:26163,STABLE_ID + LOCAL_QA_POLYGON,-83.33423116149743,42.2438255,,https://www.census.gov/geographies/reference-files/time-series/geo/gazetteer-files.2024.html
ITC-1317,USA,Michigan,MI,Wexford,Wexford,YES,US-CENSUS-FIPS,26165,US-FIPS:26165,STABLE_ID + LOCAL_QA_POLYGON,-85.57893277226033,44.338626,,https://www.census.gov/geographies/reference-files/time-series/geo/gazetteer-files.2024.html
ITC-1318,USA,Minnesota,MN,Aitkin,Aitkin,YES,US-CENSUS-FIPS,27001,US-FIPS:27001,STABLE_ID + LOCAL_QA_POLYGON,-93.41646793054895,46.59147349999999,,https://www.census.gov/geographies/reference-files/time-series/geo/gazetteer-files.2024.html
ITC-1319,USA,Minnesota,MN,Anoka,Anoka,YES,US-CENSUS-FIPS,27003,US-FIPS:27003,STABLE_ID + LOCAL_QA_POLYGON,-93.24293438085749,45.225039499999994,,https://www.census.gov/geographies/reference-files/time-series/geo/gazetteer-files.2024.html
ITC-1320,USA,Minnesota,MN,Becker,Becker,YES,US-CENSUS-FIPS,27005,US-FIPS:27005,STABLE_ID + LOCAL_QA_POLYGON,-95.66820951838781,46.930803499999996,,https://www.census.gov/geographies/reference-files/time-series/geo/gazetteer-files.2024.html
ITC-1321,USA,Minnesota,MN,Beltrami,Beltrami,YES,US-CENSUS-FIPS,27007,US-FIPS:27007,STABLE_ID + LOCAL_QA_POLYGON,-94.8409318861201,47.9749415,,https://www.census.gov/geographies/reference-files/time-series/geo/gazetteer-files.2024.html
ITC-1322,USA,Minnesota,MN,Benton,Benton,YES,US-CENSUS-FIPS,27009,US-FIPS:27009,STABLE_ID + LOCAL_QA_POLYGON,-93.983822300964,45.690777999999995,,https://www.census.gov/geographies/reference-files/time-series/geo/gazetteer-files.2024.html
ITC-1323,USA,Minnesota,MN,Big Stone,Big Stone,YES,US-CENSUS-FIPS,27011,US-FIPS:27011,STABLE_ID + LOCAL_QA_POLYGON,-96.33616405543964,45.38356999999999,,https://www.census.gov/geographies/reference-files/time-series/geo/gazetteer-files.2024.html
ITC-1324,USA,Minnesota,MN,Blue Earth,Blue Earth,YES,US-CENSUS-FIPS,27013,US-FIPS:27013,STABLE_ID + LOCAL_QA_POLYGON,-94.0686721573512,44.0556145,,https://www.census.gov/geographies/reference-files/time-series/geo/gazetteer-files.2024.html
ITC-1325,USA,Minnesota,MN,Brown,Brown,YES,US-CENSUS-FIPS,27015,US-FIPS:27015,STABLE_ID + LOCAL_QA_POLYGON,-94.6526081458239,44.30401,,https://www.census.gov/geographies/reference-files/time-series/geo/gazetteer-files.2024.html
ITC-1326,USA,Minnesota,MN,Carlton,Carlton,YES,US-CENSUS-FIPS,27017,US-FIPS:27017,STABLE_ID + LOCAL_QA_POLYGON,-92.67327419592955,46.59198999911895,,https://www.census.gov/geographies/reference-files/time-series/geo/gazetteer-files.2024.html
ITC-1327,USA,Minnesota,MN,Carver,Carver,YES,US-CENSUS-FIPS,27019,US-FIPS:27019,STABLE_ID + LOCAL_QA_POLYGON,-93.7653059585941,44.8106605,,https://www.census.gov/geographies/reference-files/time-series/geo/gazetteer-files.2024.html
ITC-1328,USA,Minnesota,MN,Cass,Cass,YES,US-CENSUS-FIPS,27021,US-FIPS:27021,STABLE_ID + LOCAL_QA_POLYGON,-94.21739863070493,46.872872,,https://www.census.gov/geographies/reference-files/time-series/geo/gazetteer-files.2024.html
ITC-1329,USA,Minnesota,MN,Chippewa,Chippewa,YES,US-CENSUS-FIPS,27023,US-FIPS:27023,STABLE_ID + LOCAL_QA_POLYGON,-95.52656926153483,44.950579,,https://www.census.gov/geographies/reference-files/time-series/geo/gazetteer-files.2024.html
ITC-1330,USA,Minnesota,MN,Chisago,Chisago,YES,US-CENSUS-FIPS,27025,US-FIPS:27025,STABLE_ID + LOCAL_QA_POLYGON,-92.87386236979944,45.51334249999999,,https://www.census.gov/geographies/reference-files/time-series/geo/gazetteer-files.2024.html
ITC-1331,USA,Minnesota,MN,Clay,Clay,YES,US-CENSUS-FIPS,27027,US-FIPS:27027,STABLE_ID + LOCAL_QA_POLYGON,-96.47475637795614,46.89062100661135,,https://www.census.gov/geographies/reference-files/time-series/geo/gazetteer-files.2024.html
ITC-1332,USA,Minnesota,MN,Clearwater,Clearwater,YES,US-CENSUS-FIPS,27029,US-FIPS:27029,STABLE_ID + LOCAL_QA_POLYGON,-95.3688536709486,47.552881,,https://www.census.gov/geographies/reference-files/time-series/geo/gazetteer-files.2024.html
ITC-1333,USA,Minnesota,MN,Cook,Cook,YES,US-CENSUS-FIPS,27031,US-FIPS:27031,STABLE_ID + LOCAL_QA_POLYGON,-90.47534887639603,47.85553108931455,,https://www.census.gov/geographies/reference-files/time-series/geo/gazetteer-files.2024.html
ITC-1334,USA,Minnesota,MN,Cottonwood,Cottonwood,YES,US-CENSUS-FIPS,27033,US-FIPS:27033,STABLE_ID + LOCAL_QA_POLYGON,-95.16079801809887,44.021606500000004,,https://www.census.gov/geographies/reference-files/time-series/geo/gazetteer-files.2024.html
ITC-1335,USA,Minnesota,MN,Crow Wing,Crow Wing,YES,US-CENSUS-FIPS,27035,US-FIPS:27035,STABLE_ID + LOCAL_QA_POLYGON,-94.07009518786461,46.4694425,,https://www.census.gov/geographies/reference-files/time-series/geo/gazetteer-files.2024.html
ITC-1336,USA,Minnesota,MN,Dakota,Dakota,YES,US-CENSUS-FIPS,27037,US-FIPS:27037,STABLE_ID + LOCAL_QA_POLYGON,-93.02533433809123,44.692038499999995,,https://www.census.gov/geographies/reference-files/time-series/geo/gazetteer-files.2024.html
ITC-1337,USA,Minnesota,MN,Dodge,Dodge,YES,US-CENSUS-FIPS,27039,US-FIPS:27039,STABLE_ID + LOCAL_QA_POLYGON,-92.86187839062524,44.02230399999999,,https://www.census.gov/geographies/reference-files/time-series/geo/gazetteer-files.2024.html
ITC-1338,USA,Minnesota,MN,Douglas,Douglas,YES,US-CENSUS-FIPS,27041,US-FIPS:27041,STABLE_ID + LOCAL_QA_POLYGON,-95.45247977749078,45.93324,,https://www.census.gov/geographies/reference-files/time-series/geo/gazetteer-files.2024.html
ITC-1339,USA,Minnesota,MN,Faribault,Faribault,YES,US-CENSUS-FIPS,27043,US-FIPS:27043,STABLE_ID + LOCAL_QA_POLYGON,-93.94818077985613,43.689783,,https://www.census.gov/geographies/reference-files/time-series/geo/gazetteer-files.2024.html
ITC-1340,USA,Minnesota,MN,Fillmore,Fillmore,YES,US-CENSUS-FIPS,27045,US-FIPS:27045,STABLE_ID + LOCAL_QA_POLYGON,-92.09014376877207,43.674018000000004,,https://www.census.gov/geographies/reference-files/time-series/geo/gazetteer-files.2024.html
ITC-1341,USA,Minnesota,MN,Freeborn,Freeborn,YES,US-CENSUS-FIPS,27047,US-FIPS:27047,STABLE_ID + LOCAL_QA_POLYGON,-93.34888842094242,43.6801875,,https://www.census.gov/geographies/reference-files/time-series/geo/gazetteer-files.2024.html
ITC-1342,USA,Minnesota,MN,Goodhue,Goodhue,YES,US-CENSUS-FIPS,27049,US-FIPS:27049,STABLE_ID + LOCAL_QA_POLYGON,-92.73488638029727,44.454347999999996,,https://www.census.gov/geographies/reference-files/time-series/geo/gazetteer-files.2024.html
ITC-1343,USA,Minnesota,MN,Grant,Grant,YES,US-CENSUS-FIPS,27051,US-FIPS:27051,STABLE_ID + LOCAL_QA_POLYGON,-96.0116229250412,45.934169999999995,,https://www.census.gov/geographies/reference-files/time-series/geo/gazetteer-files.2024.html
ITC-1344,USA,Minnesota,MN,Hennepin,Hennepin,YES,US-CENSUS-FIPS,27053,US-FIPS:27053,STABLE_ID + LOCAL_QA_POLYGON,-93.48729116219681,45.0116795,,https://www.census.gov/geographies/reference-files/time-series/geo/gazetteer-files.2024.html
ITC-1345,USA,Minnesota,MN,Houston,Houston,YES,US-CENSUS-FIPS,27055,US-FIPS:27055,STABLE_ID + LOCAL_QA_POLYGON,-91.50176569754512,43.6751045,,https://www.census.gov/geographies/reference-files/time-series/geo/gazetteer-files.2024.html
ITC-1346,USA,Minnesota,MN,Hubbard,Hubbard,YES,US-CENSUS-FIPS,27057,US-FIPS:27057,STABLE_ID + LOCAL_QA_POLYGON,-94.91672171183185,47.119581999999994,,https://www.census.gov/geographies/reference-files/time-series/geo/gazetteer-files.2024.html
ITC-1347,USA,Minnesota,MN,Isanti,Isanti,YES,US-CENSUS-FIPS,27059,US-FIPS:27059,STABLE_ID + LOCAL_QA_POLYGON,-93.32662027983984,45.5766685,,https://www.census.gov/geographies/reference-files/time-series/geo/gazetteer-files.2024.html
ITC-1348,USA,Minnesota,MN,Itasca,Itasca,YES,US-CENSUS-FIPS,27061,US-FIPS:27061,STABLE_ID + LOCAL_QA_POLYGON,-93.57254577173134,47.464732,,https://www.census.gov/geographies/reference-files/time-series/geo/gazetteer-files.2024.html
ITC-1349,USA,Minnesota,MN,Jackson,Jackson,YES,US-CENSUS-FIPS,27063,US-FIPS:27063,STABLE_ID + LOCAL_QA_POLYGON,-95.15386063808421,43.67431,,https://www.census.gov/geographies/reference-files/time-series/geo/gazetteer-files.2024.html
ITC-1350,USA,Minnesota,MN,Kanabec,Kanabec,YES,US-CENSUS-FIPS,27065,US-FIPS:27065,STABLE_ID + LOCAL_QA_POLYGON,-93.33046468092084,45.9353535,,https://www.census.gov/geographies/reference-files/time-series/geo/gazetteer-files.2024.html
ITC-1351,USA,Minnesota,MN,Kandiyohi,Kandiyohi,YES,US-CENSUS-FIPS,27067,US-FIPS:27067,STABLE_ID + LOCAL_QA_POLYGON,-95.00172822177419,45.1488025,,https://www.census.gov/geographies/reference-files/time-series/geo/gazetteer-files.2024.html
ITC-1352,USA,Minnesota,MN,Kittson,Kittson,YES,US-CENSUS-FIPS,27069,US-FIPS:27069,STABLE_ID + LOCAL_QA_POLYGON,-96.7774825063711,48.7693176817887,,https://www.census.gov/geographies/reference-files/time-series/geo/gazetteer-files.2024.html
ITC-1353,USA,Minnesota,MN,Koochiching,Koochiching,YES,US-CENSUS-FIPS,27071,US-FIPS:27071,STABLE_ID + LOCAL_QA_POLYGON,-93.75956383262064,48.260859499999995,,https://www.census.gov/geographies/reference-files/time-series/geo/gazetteer-files.2024.html
ITC-1354,USA,Minnesota,MN,Lac qui Parle,Lac qui Parle,YES,US-CENSUS-FIPS,27073,US-FIPS:27073,STABLE_ID + LOCAL_QA_POLYGON,-96.17555617985809,45.039417,,https://www.census.gov/geographies/reference-files/time-series/geo/gazetteer-files.2024.html
ITC-1355,USA,Minnesota,MN,Lake,Lake,YES,US-CENSUS-FIPS,27075,US-FIPS:27075,STABLE_ID + LOCAL_QA_POLYGON,-91.40597707357131,47.568428499999996,,https://www.census.gov/geographies/reference-files/time-series/geo/gazetteer-files.2024.html
ITC-1356,USA,Minnesota,MN,Lake of the Woods,Lake of the Woods,YES,US-CENSUS-FIPS,27077,US-FIPS:27077,STABLE_ID + LOCAL_QA_POLYGON,-94.88732100975253,48.87819744098765,,https://www.census.gov/geographies/reference-files/time-series/geo/gazetteer-files.2024.html
ITC-1357,USA,Minnesota,MN,Le Sueur,Le Sueur,YES,US-CENSUS-FIPS,27079,US-FIPS:27079,STABLE_ID + LOCAL_QA_POLYGON,-93.74346805579596,44.368242499999994,,https://www.census.gov/geographies/reference-files/time-series/geo/gazetteer-files.2024.html
ITC-1358,USA,Minnesota,MN,Lincoln,Lincoln,YES,US-CENSUS-FIPS,27081,US-FIPS:27081,STABLE_ID + LOCAL_QA_POLYGON,-96.26569808294606,44.40250999999999,,https://www.census.gov/geographies/reference-files/time-series/geo/gazetteer-files.2024.html
ITC-1359,USA,Minnesota,MN,Lyon,Lyon,YES,US-CENSUS-FIPS,27083,US-FIPS:27083,STABLE_ID + LOCAL_QA_POLYGON,-95.83668119217464,44.392728500000004,,https://www.census.gov/geographies/reference-files/time-series/geo/gazetteer-files.2024.html
ITC-1360,USA,Minnesota,MN,Mahnomen,Mahnomen,YES,US-CENSUS-FIPS,27087,US-FIPS:27087,STABLE_ID + LOCAL_QA_POLYGON,-95.80906720114393,47.325222999999994,,https://www.census.gov/geographies/reference-files/time-series/geo/gazetteer-files.2024.html
ITC-1361,USA,Minnesota,MN,Marshall,Marshall,YES,US-CENSUS-FIPS,27089,US-FIPS:27089,STABLE_ID + LOCAL_QA_POLYGON,-96.36951005583938,48.35720423253085,,https://www.census.gov/geographies/reference-files/time-series/geo/gazetteer-files.2024.html
ITC-1362,USA,Minnesota,MN,Martin,Martin,YES,US-CENSUS-FIPS,27091,US-FIPS:27091,STABLE_ID + LOCAL_QA_POLYGON,-94.55127847890077,43.674231,,https://www.census.gov/geographies/reference-files/time-series/geo/gazetteer-files.2024.html
ITC-1363,USA,Minnesota,MN,McLeod,McLeod,YES,US-CENSUS-FIPS,27085,US-FIPS:27085,STABLE_ID + LOCAL_QA_POLYGON,-94.25389282719786,44.804524,,https://www.census.gov/geographies/reference-files/time-series/geo/gazetteer-files.2024.html
ITC-1364,USA,Minnesota,MN,Meeker,Meeker,YES,US-CENSUS-FIPS,27093,US-FIPS:27093,STABLE_ID + LOCAL_QA_POLYGON,-94.50648317615563,45.1026045,,https://www.census.gov/geographies/reference-files/time-series/geo/gazetteer-files.2024.html
ITC-1365,USA,Minnesota,MN,Mille Lacs,Mille Lacs,YES,US-CENSUS-FIPS,27095,US-FIPS:27095,STABLE_ID + LOCAL_QA_POLYGON,-93.64305626934072,45.9011625,,https://www.census.gov/geographies/reference-files/time-series/geo/gazetteer-files.2024.html
ITC-1366,USA,Minnesota,MN,Morrison,Morrison,YES,US-CENSUS-FIPS,27097,US-FIPS:27097,STABLE_ID + LOCAL_QA_POLYGON,-94.22919069543761,46.0623435,,https://www.census.gov/geographies/reference-files/time-series/geo/gazetteer-files.2024.html
ITC-1367,USA,Minnesota,MN,Mower,Mower,YES,US-CENSUS-FIPS,27099,US-FIPS:27099,STABLE_ID + LOCAL_QA_POLYGON,-92.74946947452335,43.674110999999996,,https://www.census.gov/geographies/reference-files/time-series/geo/gazetteer-files.2024.html
ITC-1368,USA,Minnesota,MN,Murray,Murray,YES,US-CENSUS-FIPS,27101,US-FIPS:27101,STABLE_ID + LOCAL_QA_POLYGON,-95.76343423166632,44.0222995,,https://www.census.gov/geographies/reference-files/time-series/geo/gazetteer-files.2024.html
ITC-1369,USA,Minnesota,MN,Nicollet,Nicollet,YES,US-CENSUS-FIPS,27103,US-FIPS:27103,STABLE_ID + LOCAL_QA_POLYGON,-94.2043258261765,44.3061465,,https://www.census.gov/geographies/reference-files/time-series/geo/gazetteer-files.2024.html
ITC-1370,USA,Minnesota,MN,Nobles,Nobles,YES,US-CENSUS-FIPS,27105,US-FIPS:27105,STABLE_ID + LOCAL_QA_POLYGON,-95.75312374063256,43.675400499999995,,https://www.census.gov/geographies/reference-files/time-series/geo/gazetteer-files.2024.html
ITC-1371,USA,Minnesota,MN,Norman,Norman,YES,US-CENSUS-FIPS,27107,US-FIPS:27107,STABLE_ID + LOCAL_QA_POLYGON,-96.4514219818068,47.324851030793994,,https://www.census.gov/geographies/reference-files/time-series/geo/gazetteer-files.2024.html
ITC-1372,USA,Minnesota,MN,Olmsted,Olmsted,YES,US-CENSUS-FIPS,27109,US-FIPS:27109,STABLE_ID + LOCAL_QA_POLYGON,-92.37834819081692,44.009665999999996,,https://www.census.gov/geographies/reference-files/time-series/geo/gazetteer-files.2024.html
ITC-1373,USA,Minnesota,MN,Otter Tail,Otter Tail,YES,US-CENSUS-FIPS,27111,US-FIPS:27111,STABLE_ID + LOCAL_QA_POLYGON,-95.7179968523572,46.405276,,https://www.census.gov/geographies/reference-files/time-series/geo/gazetteer-files.2024.html
ITC-1374,USA,Minnesota,MN,Pennington,Pennington,YES,US-CENSUS-FIPS,27113,US-FIPS:27113,STABLE_ID + LOCAL_QA_POLYGON,-96.04690003127234,48.071628499999996,,https://www.census.gov/geographies/reference-files/time-series/geo/gazetteer-files.2024.html
ITC-1375,USA,Minnesota,MN,Pine,Pine,YES,US-CENSUS-FIPS,27115,US-FIPS:27115,STABLE_ID + LOCAL_QA_POLYGON,-92.67457984051012,46.0763615331582,,https://www.census.gov/geographies/reference-files/time-series/geo/gazetteer-files.2024.html
ITC-1376,USA,Minnesota,MN,Pipestone,Pipestone,YES,US-CENSUS-FIPS,27117,US-FIPS:27117,STABLE_ID + LOCAL_QA_POLYGON,-96.25892442511488,44.023207,,https://www.census.gov/geographies/reference-files/time-series/geo/gazetteer-files.2024.html
ITC-1377,USA,Minnesota,MN,Polk,Polk,YES,US-CENSUS-FIPS,27119,US-FIPS:27119,STABLE_ID + LOCAL_QA_POLYGON,-96.66837118316434,47.83403,,https://www.census.gov/geographies/reference-files/time-series/geo/gazetteer-files.2024.html
ITC-1378,USA,Minnesota,MN,Pope,Pope,YES,US-CENSUS-FIPS,27121,US-FIPS:27121,STABLE_ID + LOCAL_QA_POLYGON,-95.44904978117049,45.592123,,https://www.census.gov/geographies/reference-files/time-series/geo/gazetteer-files.2024.html
ITC-1379,USA,Minnesota,MN,Ramsey,Ramsey,YES,US-CENSUS-FIPS,27123,US-FIPS:27123,STABLE_ID + LOCAL_QA_POLYGON,-93.0961459552426,45.003429999999994,,https://www.census.gov/geographies/reference-files/time-series/geo/gazetteer-files.2024.html
ITC-1380,USA,Minnesota,MN,Red Lake,Red Lake,YES,US-CENSUS-FIPS,27125,US-FIPS:27125,STABLE_ID + LOCAL_QA_POLYGON,-96.09572129025022,47.862857,,https://www.census.gov/geographies/reference-files/time-series/geo/gazetteer-files.2024.html
ITC-1381,USA,Minnesota,MN,Redwood,Redwood,YES,US-CENSUS-FIPS,27127,US-FIPS:27127,STABLE_ID + LOCAL_QA_POLYGON,-95.22981733537222,44.4495235,,https://www.census.gov/geographies/reference-files/time-series/geo/gazetteer-files.2024.html
ITC-1382,USA,Minnesota,MN,Renville,Renville,YES,US-CENSUS-FIPS,27129,US-FIPS:27129,STABLE_ID + LOCAL_QA_POLYGON,-94.97007842514822,44.674805,,https://www.census.gov/geographies/reference-files/time-series/geo/gazetteer-files.2024.html
ITC-1383,USA,Minnesota,MN,Rice,Rice,YES,US-CENSUS-FIPS,27131,US-FIPS:27131,STABLE_ID + LOCAL_QA_POLYGON,-93.28254775683348,44.356128,,https://www.census.gov/geographies/reference-files/time-series/geo/gazetteer-files.2024.html
ITC-1384,USA,Minnesota,MN,Rock,Rock,YES,US-CENSUS-FIPS,27133,US-FIPS:27133,STABLE_ID + LOCAL_QA_POLYGON,-96.25330474304246,43.67452465546825,,https://www.census.gov/geographies/reference-files/time-series/geo/gazetteer-files.2024.html
ITC-1385,USA,Minnesota,MN,Roseau,Roseau,YES,US-CENSUS-FIPS,27135,US-FIPS:27135,STABLE_ID + LOCAL_QA_POLYGON,-95.74764855737351,48.77656,,https://www.census.gov/geographies/reference-files/time-series/geo/gazetteer-files.2024.html
ITC-1386,USA,Minnesota,MN,Scott,Scott,YES,US-CENSUS-FIPS,27139,US-FIPS:27139,STABLE_ID + LOCAL_QA_POLYGON,-93.50276265218567,44.679509499999995,,https://www.census.gov/geographies/reference-files/time-series/geo/gazetteer-files.2024.html
ITC-1387,USA,Minnesota,MN,Sherburne,Sherburne,YES,US-CENSUS-FIPS,27141,US-FIPS:27141,STABLE_ID + LOCAL_QA_POLYGON,-93.75811540967459,45.40319699999999,,https://www.census.gov/geographies/reference-files/time-series/geo/gazetteer-files.2024.html
ITC-1388,USA,Minnesota,MN,Sibley,Sibley,YES,US-CENSUS-FIPS,27143,US-FIPS:27143,STABLE_ID + LOCAL_QA_POLYGON,-94.26578738522703,44.5862795,,https://www.census.gov/geographies/reference-files/time-series/geo/gazetteer-files.2024.html
ITC-1389,USA,Minnesota,MN,St. Louis,St. Louis,YES,US-CENSUS-FIPS,27137,US-FIPS:27137,STABLE_ID + LOCAL_QA_POLYGON,-92.42854146830028,47.644718499999996,,https://www.census.gov/geographies/reference-files/time-series/geo/gazetteer-files.2024.html
ITC-1390,USA,Minnesota,MN,Stearns,Stearns,YES,US-CENSUS-FIPS,27145,US-FIPS:27145,STABLE_ID + LOCAL_QA_POLYGON,-94.64084603606881,45.5284405,,https://www.census.gov/geographies/reference-files/time-series/geo/gazetteer-files.2024.html
ITC-1391,USA,Minnesota,MN,Steele,Steele,YES,US-CENSUS-FIPS,27147,US-FIPS:27147,STABLE_ID + LOCAL_QA_POLYGON,-93.22598354973285,44.022440499999995,,https://www.census.gov/geographies/reference-files/time-series/geo/gazetteer-files.2024.html
ITC-1392,USA,Minnesota,MN,Stevens,Stevens,YES,US-CENSUS-FIPS,27149,US-FIPS:27149,STABLE_ID + LOCAL_QA_POLYGON,-96.0057060744314,45.592167499999995,,https://www.census.gov/geographies/reference-files/time-series/geo/gazetteer-files.2024.html
ITC-1393,USA,Minnesota,MN,Swift,Swift,YES,US-CENSUS-FIPS,27151,US-FIPS:27151,STABLE_ID + LOCAL_QA_POLYGON,-95.68644497677312,45.288267499999996,,https://www.census.gov/geographies/reference-files/time-series/geo/gazetteer-files.2024.html
ITC-1394,USA,Minnesota,MN,Todd,Todd,YES,US-CENSUS-FIPS,27153,US-FIPS:27153,STABLE_ID + LOCAL_QA_POLYGON,-94.89698038475879,46.074065,,https://www.census.gov/geographies/reference-files/time-series/geo/gazetteer-files.2024.html
ITC-1395,USA,Minnesota,MN,Traverse,Traverse,YES,US-CENSUS-FIPS,27155,US-FIPS:27155,STABLE_ID + LOCAL_QA_POLYGON,-96.42937412188289,45.8027065,,https://www.census.gov/geographies/reference-files/time-series/geo/gazetteer-files.2024.html
ITC-1396,USA,Minnesota,MN,Wabasha,Wabasha,YES,US-CENSUS-FIPS,27157,US-FIPS:27157,STABLE_ID + LOCAL_QA_POLYGON,-92.22770876265282,44.2806305,,https://www.census.gov/geographies/reference-files/time-series/geo/gazetteer-files.2024.html
ITC-1397,USA,Minnesota,MN,Wadena,Wadena,YES,US-CENSUS-FIPS,27159,US-FIPS:27159,STABLE_ID + LOCAL_QA_POLYGON,-94.96772487300967,46.594030499999995,,https://www.census.gov/geographies/reference-files/time-series/geo/gazetteer-files.2024.html
ITC-1398,USA,Minnesota,MN,Waseca,Waseca,YES,US-CENSUS-FIPS,27161,US-FIPS:27161,STABLE_ID + LOCAL_QA_POLYGON,-93.58729121216216,44.033779499999994,,https://www.census.gov/geographies/reference-files/time-series/geo/gazetteer-files.2024.html
ITC-1399,USA,Minnesota,MN,Washington,Washington,YES,US-CENSUS-FIPS,27163,US-FIPS:27163,STABLE_ID + LOCAL_QA_POLYGON,-92.87344175865232,45.0218255,,https://www.census.gov/geographies/reference-files/time-series/geo/gazetteer-files.2024.html
ITC-1400,USA,Minnesota,MN,Watonwan,Watonwan,YES,US-CENSUS-FIPS,27165,US-FIPS:27165,STABLE_ID + LOCAL_QA_POLYGON,-94.61417281914342,43.9962875,,https://www.census.gov/geographies/reference-files/time-series/geo/gazetteer-files.2024.html
ITC-1401,USA,Minnesota,MN,Wilkin,Wilkin,YES,US-CENSUS-FIPS,27167,US-FIPS:27167,STABLE_ID + LOCAL_QA_POLYGON,-96.44036850249856,46.32496999999999,,https://www.census.gov/geographies/reference-files/time-series/geo/gazetteer-files.2024.html
ITC-1402,USA,Minnesota,MN,Winona,Winona,YES,US-CENSUS-FIPS,27169,US-FIPS:27169,STABLE_ID + LOCAL_QA_POLYGON,-91.79518824368878,44.0196555,,https://www.census.gov/geographies/reference-files/time-series/geo/gazetteer-files.2024.html
ITC-1403,USA,Minnesota,MN,Wright,Wright,YES,US-CENSUS-FIPS,27171,US-FIPS:27171,STABLE_ID + LOCAL_QA_POLYGON,-93.95110418995455,45.2004095,,https://www.census.gov/geographies/reference-files/time-series/geo/gazetteer-files.2024.html
ITC-1404,USA,Minnesota,MN,Yellow Medicine,Yellow Medicine,YES,US-CENSUS-FIPS,27173,US-FIPS:27173,STABLE_ID + LOCAL_QA_POLYGON,-95.93864617998513,44.737867,,https://www.census.gov/geographies/reference-files/time-series/geo/gazetteer-files.2024.html
ITC-1405,USA,Mississippi,MS,Adams,Adams,YES,US-CENSUS-FIPS,28001,US-FIPS:28001,STABLE_ID + LOCAL_QA_POLYGON,-91.33658866670565,31.4720285,,https://www.census.gov/geographies/reference-files/time-series/geo/gazetteer-files.2024.html
ITC-1406,USA,Mississippi,MS,Alcorn,Alcorn,YES,US-CENSUS-FIPS,28003,US-FIPS:28003,STABLE_ID + LOCAL_QA_POLYGON,-88.59434203030389,34.8806795,,https://www.census.gov/geographies/reference-files/time-series/geo/gazetteer-files.2024.html
ITC-1407,USA,Mississippi,MS,Amite,Amite,YES,US-CENSUS-FIPS,28005,US-FIPS:28005,STABLE_ID + LOCAL_QA_POLYGON,-90.803900780737,31.1743685,,https://www.census.gov/geographies/reference-files/time-series/geo/gazetteer-files.2024.html
ITC-1408,USA,Mississippi,MS,Attala,Attala,YES,US-CENSUS-FIPS,28007,US-FIPS:28007,STABLE_ID + LOCAL_QA_POLYGON,-89.57232512301748,33.0824595,,https://www.census.gov/geographies/reference-files/time-series/geo/gazetteer-files.2024.html
ITC-1409,USA,Mississippi,MS,Benton,Benton,YES,US-CENSUS-FIPS,28009,US-FIPS:28009,STABLE_ID + LOCAL_QA_POLYGON,-89.19373592706692,34.788454,,https://www.census.gov/geographies/reference-files/time-series/geo/gazetteer-files.2024.html
ITC-1410,USA,Mississippi,MS,Bolivar,Bolivar,YES,US-CENSUS-FIPS,28011,US-FIPS:28011,STABLE_ID + LOCAL_QA_POLYGON,-90.85628421009184,33.825924,,https://www.census.gov/geographies/reference-files/time-series/geo/gazetteer-files.2024.html
ITC-1411,USA,Mississippi,MS,Calhoun,Calhoun,YES,US-CENSUS-FIPS,28013,US-FIPS:28013,STABLE_ID + LOCAL_QA_POLYGON,-89.32266246519222,33.9329005,,https://www.census.gov/geographies/reference-files/time-series/geo/gazetteer-files.2024.html
ITC-1412,USA,Mississippi,MS,Carroll,Carroll,YES,US-CENSUS-FIPS,28015,US-FIPS:28015,STABLE_ID + LOCAL_QA_POLYGON,-89.9616056302645,33.4431915,,https://www.census.gov/geographies/reference-files/time-series/geo/gazetteer-files.2024.html
ITC-1413,USA,Mississippi,MS,Chickasaw,Chickasaw,YES,US-CENSUS-FIPS,28017,US-FIPS:28017,STABLE_ID + LOCAL_QA_POLYGON,-88.92902218336107,33.9085455,,https://www.census.gov/geographies/reference-files/time-series/geo/gazetteer-files.2024.html
ITC-1414,USA,Mississippi,MS,Choctaw,Choctaw,YES,US-CENSUS-FIPS,28019,US-FIPS:28019,STABLE_ID + LOCAL_QA_POLYGON,-89.27107672949812,33.312146999999996,,https://www.census.gov/geographies/reference-files/time-series/geo/gazetteer-files.2024.html
ITC-1415,USA,Mississippi,MS,Claiborne,Claiborne,YES,US-CENSUS-FIPS,28021,US-FIPS:28021,STABLE_ID + LOCAL_QA_POLYGON,-90.8996050316841,32.0084922101819,,https://www.census.gov/geographies/reference-files/time-series/geo/gazetteer-files.2024.html
ITC-1416,USA,Mississippi,MS,Clarke,Clarke,YES,US-CENSUS-FIPS,28023,US-FIPS:28023,STABLE_ID + LOCAL_QA_POLYGON,-88.68611364272326,32.0012465,,https://www.census.gov/geographies/reference-files/time-series/geo/gazetteer-files.2024.html
ITC-1417,USA,Mississippi,MS,Clay,Clay,YES,US-CENSUS-FIPS,28025,US-FIPS:28025,STABLE_ID + LOCAL_QA_POLYGON,-88.77401472632735,33.657591,,https://www.census.gov/geographies/reference-files/time-series/geo/gazetteer-files.2024.html
ITC-1418,USA,Mississippi,MS,Coahoma,Coahoma,YES,US-CENSUS-FIPS,28027,US-FIPS:28027,STABLE_ID + LOCAL_QA_POLYGON,-90.6430099867387,34.255814,,https://www.census.gov/geographies/reference-files/time-series/geo/gazetteer-files.2024.html
ITC-1419,USA,Mississippi,MS,Copiah,Copiah,YES,US-CENSUS-FIPS,28029,US-FIPS:28029,STABLE_ID + LOCAL_QA_POLYGON,-90.42682932336714,31.867541499999998,,https://www.census.gov/geographies/reference-files/time-series/geo/gazetteer-files.2024.html
ITC-1420,USA,Mississippi,MS,Covington,Covington,YES,US-CENSUS-FIPS,28031,US-FIPS:28031,STABLE_ID + LOCAL_QA_POLYGON,-89.57794061145134,31.6151195,,https://www.census.gov/geographies/reference-files/time-series/geo/gazetteer-files.2024.html
ITC-1421,USA,Mississippi,MS,DeSoto,DeSoto,YES,US-CENSUS-FIPS,28033,US-FIPS:28033,STABLE_ID + LOCAL_QA_POLYGON,-89.96303360151276,34.84506999999999,,https://www.census.gov/geographies/reference-files/time-series/geo/gazetteer-files.2024.html
ITC-1422,USA,Mississippi,MS,Forrest,Forrest,YES,US-CENSUS-FIPS,28035,US-FIPS:28035,STABLE_ID + LOCAL_QA_POLYGON,-89.24715131017737,31.1675415,,https://www.census.gov/geographies/reference-files/time-series/geo/gazetteer-files.2024.html
ITC-1423,USA,Mississippi,MS,Franklin,Franklin,YES,US-CENSUS-FIPS,28037,US-FIPS:28037,STABLE_ID + LOCAL_QA_POLYGON,-90.89437602842463,31.470478999999997,,https://www.census.gov/geographies/reference-files/time-series/geo/gazetteer-files.2024.html
ITC-1424,USA,Mississippi,MS,George,George,YES,US-CENSUS-FIPS,28039,US-FIPS:28039,STABLE_ID + LOCAL_QA_POLYGON,-88.6516132435948,30.862544849580047,,https://www.census.gov/geographies/reference-files/time-series/geo/gazetteer-files.2024.html
ITC-1425,USA,Mississippi,MS,Greene,Greene,YES,US-CENSUS-FIPS,28041,US-FIPS:28041,STABLE_ID + LOCAL_QA_POLYGON,-88.63912032403553,31.209785,,https://www.census.gov/geographies/reference-files/time-series/geo/gazetteer-files.2024.html
ITC-1426,USA,Mississippi,MS,Grenada,Grenada,YES,US-CENSUS-FIPS,28043,US-FIPS:28043,STABLE_ID + LOCAL_QA_POLYGON,-89.82191654713142,33.785709,,https://www.census.gov/geographies/reference-files/time-series/geo/gazetteer-files.2024.html
ITC-1427,USA,Mississippi,MS,Hancock,Hancock,YES,US-CENSUS-FIPS,28045,US-FIPS:28045,STABLE_ID + LOCAL_QA_POLYGON,-89.51266945768269,30.410806,,https://www.census.gov/geographies/reference-files/time-series/geo/gazetteer-files.2024.html
ITC-1428,USA,Mississippi,MS,Harrison,Harrison,YES,US-CENSUS-FIPS,28047,US-FIPS:28047,STABLE_ID + LOCAL_QA_POLYGON,-89.11252701355465,30.4791915,,https://www.census.gov/geographies/reference-files/time-series/geo/gazetteer-files.2024.html
ITC-1429,USA,Mississippi,MS,Hinds,Hinds,YES,US-CENSUS-FIPS,28049,US-FIPS:28049,STABLE_ID + LOCAL_QA_POLYGON,-90.42542160746751,32.311197,,https://www.census.gov/geographies/reference-files/time-series/geo/gazetteer-files.2024.html
ITC-1430,USA,Mississippi,MS,Holmes,Holmes,YES,US-CENSUS-FIPS,28051,US-FIPS:28051,STABLE_ID + LOCAL_QA_POLYGON,-90.07239906495204,33.1284885,,https://www.census.gov/geographies/reference-files/time-series/geo/gazetteer-files.2024.html
ITC-1431,USA,Mississippi,MS,Humphreys,Humphreys,YES,US-CENSUS-FIPS,28053,US-FIPS:28053,STABLE_ID + LOCAL_QA_POLYGON,-90.53721996265378,33.125811,,https://www.census.gov/geographies/reference-files/time-series/geo/gazetteer-files.2024.html
ITC-1432,USA,Mississippi,MS,Issaquena,Issaquena,YES,US-CENSUS-FIPS,28055,US-FIPS:28055,STABLE_ID + LOCAL_QA_POLYGON,-91.01257395824183,32.707751,,https://www.census.gov/geographies/reference-files/time-series/geo/gazetteer-files.2024.html
ITC-1433,USA,Mississippi,MS,Itawamba,Itawamba,YES,US-CENSUS-FIPS,28057,US-FIPS:28057,STABLE_ID + LOCAL_QA_POLYGON,-88.36228574408142,34.2713555,,https://www.census.gov/geographies/reference-files/time-series/geo/gazetteer-files.2024.html
ITC-1434,USA,Mississippi,MS,Jackson,Jackson,YES,US-CENSUS-FIPS,28059,US-FIPS:28059,STABLE_ID + LOCAL_QA_POLYGON,-88.64329806535888,30.521976000000002,,https://www.census.gov/geographies/reference-files/time-series/geo/gazetteer-files.2024.html
ITC-1435,USA,Mississippi,MS,Jasper,Jasper,YES,US-CENSUS-FIPS,28061,US-FIPS:28061,STABLE_ID + LOCAL_QA_POLYGON,-89.11719005655523,32.0013335,,https://www.census.gov/geographies/reference-files/time-series/geo/gazetteer-files.2024.html
ITC-1436,USA,Mississippi,MS,Jefferson,Jefferson,YES,US-CENSUS-FIPS,28063,US-FIPS:28063,STABLE_ID + LOCAL_QA_POLYGON,-91.02443549461807,31.7297894054745,,https://www.census.gov/geographies/reference-files/time-series/geo/gazetteer-files.2024.html
ITC-1437,USA,Mississippi,MS,Jefferson Davis,Jefferson Davis,YES,US-CENSUS-FIPS,28065,US-FIPS:28065,STABLE_ID + LOCAL_QA_POLYGON,-89.8394066467657,31.582605,,https://www.census.gov/geographies/reference-files/time-series/geo/gazetteer-files.2024.html
ITC-1438,USA,Mississippi,MS,Jones,Jones,YES,US-CENSUS-FIPS,28067,US-FIPS:28067,STABLE_ID + LOCAL_QA_POLYGON,-89.17161717518226,31.633049999999997,,https://www.census.gov/geographies/reference-files/time-series/geo/gazetteer-files.2024.html
ITC-1439,USA,Mississippi,MS,Kemper,Kemper,YES,US-CENSUS-FIPS,28069,US-FIPS:28069,STABLE_ID + LOCAL_QA_POLYGON,-88.64158118902793,32.750648,,https://www.census.gov/geographies/reference-files/time-series/geo/gazetteer-files.2024.html
ITC-1440,USA,Mississippi,MS,Lafayette,Lafayette,YES,US-CENSUS-FIPS,28071,US-FIPS:28071,STABLE_ID + LOCAL_QA_POLYGON,-89.483727137307,34.3570715,,https://www.census.gov/geographies/reference-files/time-series/geo/gazetteer-files.2024.html
ITC-1441,USA,Mississippi,MS,Lamar,Lamar,YES,US-CENSUS-FIPS,28073,US-FIPS:28073,STABLE_ID + LOCAL_QA_POLYGON,-89.50118260204005,31.1995425,,https://www.census.gov/geographies/reference-files/time-series/geo/gazetteer-files.2024.html
ITC-1442,USA,Mississippi,MS,Lauderdale,Lauderdale,YES,US-CENSUS-FIPS,28075,US-FIPS:28075,STABLE_ID + LOCAL_QA_POLYGON,-88.66108684884136,32.42401082435435,,https://www.census.gov/geographies/reference-files/time-series/geo/gazetteer-files.2024.html
ITC-1443,USA,Mississippi,MS,Lawrence,Lawrence,YES,US-CENSUS-FIPS,28077,US-FIPS:28077,STABLE_ID + LOCAL_QA_POLYGON,-90.11031244457499,31.5354805,,https://www.census.gov/geographies/reference-files/time-series/geo/gazetteer-files.2024.html
ITC-1444,USA,Mississippi,MS,Leake,Leake,YES,US-CENSUS-FIPS,28079,US-FIPS:28079,STABLE_ID + LOCAL_QA_POLYGON,-89.5241642378158,32.757268499999995,,https://www.census.gov/geographies/reference-files/time-series/geo/gazetteer-files.2024.html
ITC-1445,USA,Mississippi,MS,Lee,Lee,YES,US-CENSUS-FIPS,28081,US-FIPS:28081,STABLE_ID + LOCAL_QA_POLYGON,-88.68500258282316,34.292511,,https://www.census.gov/geographies/reference-files/time-series/geo/gazetteer-files.2024.html
ITC-1446,USA,Mississippi,MS,Leflore,Leflore,YES,US-CENSUS-FIPS,28083,US-FIPS:28083,STABLE_ID + LOCAL_QA_POLYGON,-90.27711123403472,33.5180185,,https://www.census.gov/geographies/reference-files/time-series/geo/gazetteer-files.2024.html
ITC-1447,USA,Mississippi,MS,Lincoln,Lincoln,YES,US-CENSUS-FIPS,28085,US-FIPS:28085,STABLE_ID + LOCAL_QA_POLYGON,-90.43893716715183,31.536456,,https://www.census.gov/geographies/reference-files/time-series/geo/gazetteer-files.2024.html
ITC-1448,USA,Mississippi,MS,Lowndes,Lowndes,YES,US-CENSUS-FIPS,28087,US-FIPS:28087,STABLE_ID + LOCAL_QA_POLYGON,-88.43063436616073,33.515997,,https://www.census.gov/geographies/reference-files/time-series/geo/gazetteer-files.2024.html
ITC-1449,USA,Mississippi,MS,Madison,Madison,YES,US-CENSUS-FIPS,28089,US-FIPS:28089,STABLE_ID + LOCAL_QA_POLYGON,-90.00883116571565,32.642407,,https://www.census.gov/geographies/reference-files/time-series/geo/gazetteer-files.2024.html
ITC-1450,USA,Mississippi,MS,Marion,Marion,YES,US-CENSUS-FIPS,28091,US-FIPS:28091,STABLE_ID + LOCAL_QA_POLYGON,-89.84284604965691,31.2158345,,https://www.census.gov/geographies/reference-files/time-series/geo/gazetteer-files.2024.html
ITC-1451,USA,Mississippi,MS,Marshall,Marshall,YES,US-CENSUS-FIPS,28093,US-FIPS:28093,STABLE_ID + LOCAL_QA_POLYGON,-89.5111020043434,34.7445915,,https://www.census.gov/geographies/reference-files/time-series/geo/gazetteer-files.2024.html
ITC-1452,USA,Mississippi,MS,Monroe,Monroe,YES,US-CENSUS-FIPS,28095,US-FIPS:28095,STABLE_ID + LOCAL_QA_POLYGON,-88.47595720490264,33.87435937911495,,https://www.census.gov/geographies/reference-files/time-series/geo/gazetteer-files.2024.html
ITC-1453,USA,Mississippi,MS,Montgomery,Montgomery,YES,US-CENSUS-FIPS,28097,US-FIPS:28097,STABLE_ID + LOCAL_QA_POLYGON,-89.64585767148793,33.4802825,,https://www.census.gov/geographies/reference-files/time-series/geo/gazetteer-files.2024.html
ITC-1454,USA,Mississippi,MS,Neshoba,Neshoba,YES,US-CENSUS-FIPS,28099,US-FIPS:28099,STABLE_ID + LOCAL_QA_POLYGON,-89.11680321143993,32.75525999999999,,https://www.census.gov/geographies/reference-files/time-series/geo/gazetteer-files.2024.html
ITC-1455,USA,Mississippi,MS,Newton,Newton,YES,US-CENSUS-FIPS,28101,US-FIPS:28101,STABLE_ID + LOCAL_QA_POLYGON,-89.11885052366435,32.407739,,https://www.census.gov/geographies/reference-files/time-series/geo/gazetteer-files.2024.html
ITC-1456,USA,Mississippi,MS,Noxubee,Noxubee,YES,US-CENSUS-FIPS,28103,US-FIPS:28103,STABLE_ID + LOCAL_QA_POLYGON,-88.56957528383086,33.11600403771565,,https://www.census.gov/geographies/reference-files/time-series/geo/gazetteer-files.2024.html
ITC-1457,USA,Mississippi,MS,Oktibbeha,Oktibbeha,YES,US-CENSUS-FIPS,28105,US-FIPS:28105,STABLE_ID + LOCAL_QA_POLYGON,-88.8794593527507,33.4150465,,https://www.census.gov/geographies/reference-files/time-series/geo/gazetteer-files.2024.html
ITC-1458,USA,Mississippi,MS,Panola,Panola,YES,US-CENSUS-FIPS,28107,US-FIPS:28107,STABLE_ID + LOCAL_QA_POLYGON,-89.95928173067222,34.3560935,,https://www.census.gov/geographies/reference-files/time-series/geo/gazetteer-files.2024.html
ITC-1459,USA,Mississippi,MS,Pearl River,Pearl River,YES,US-CENSUS-FIPS,28109,US-FIPS:28109,STABLE_ID + LOCAL_QA_POLYGON,-89.58819579384567,30.736427,,https://www.census.gov/geographies/reference-files/time-series/geo/gazetteer-files.2024.html
ITC-1460,USA,Mississippi,MS,Perry,Perry,YES,US-CENSUS-FIPS,28111,US-FIPS:28111,STABLE_ID + LOCAL_QA_POLYGON,-88.9932932548947,31.170797999999998,,https://www.census.gov/geographies/reference-files/time-series/geo/gazetteer-files.2024.html
ITC-1461,USA,Mississippi,MS,Pike,Pike,YES,US-CENSUS-FIPS,28113,US-FIPS:28113,STABLE_ID + LOCAL_QA_POLYGON,-90.40429482120595,31.172013999999997,,https://www.census.gov/geographies/reference-files/time-series/geo/gazetteer-files.2024.html
ITC-1462,USA,Mississippi,MS,Pontotoc,Pontotoc,YES,US-CENSUS-FIPS,28115,US-FIPS:28115,STABLE_ID + LOCAL_QA_POLYGON,-89.03547457955943,34.224008,,https://www.census.gov/geographies/reference-files/time-series/geo/gazetteer-files.2024.html
ITC-1463,USA,Mississippi,MS,Prentiss,Prentiss,YES,US-CENSUS-FIPS,28117,US-FIPS:28117,STABLE_ID + LOCAL_QA_POLYGON,-88.52423748358018,34.60399099999999,,https://www.census.gov/geographies/reference-files/time-series/geo/gazetteer-files.2024.html
ITC-1464,USA,Mississippi,MS,Quitman,Quitman,YES,US-CENSUS-FIPS,28119,US-FIPS:28119,STABLE_ID + LOCAL_QA_POLYGON,-90.28971935919256,34.293279,,https://www.census.gov/geographies/reference-files/time-series/geo/gazetteer-files.2024.html
ITC-1465,USA,Mississippi,MS,Rankin,Rankin,YES,US-CENSUS-FIPS,28121,US-FIPS:28121,STABLE_ID + LOCAL_QA_POLYGON,-89.94177183523905,32.3185615,,https://www.census.gov/geographies/reference-files/time-series/geo/gazetteer-files.2024.html
ITC-1466,USA,Mississippi,MS,Scott,Scott,YES,US-CENSUS-FIPS,28123,US-FIPS:28123,STABLE_ID + LOCAL_QA_POLYGON,-89.53478077560615,32.427744000000004,,https://www.census.gov/geographies/reference-files/time-series/geo/gazetteer-files.2024.html
ITC-1467,USA,Mississippi,MS,Sharkey,Sharkey,YES,US-CENSUS-FIPS,28125,US-FIPS:28125,STABLE_ID + LOCAL_QA_POLYGON,-90.82104126409223,32.881510500000005,,https://www.census.gov/geographies/reference-files/time-series/geo/gazetteer-files.2024.html
ITC-1468,USA,Mississippi,MS,Simpson,Simpson,YES,US-CENSUS-FIPS,28127,US-FIPS:28127,STABLE_ID + LOCAL_QA_POLYGON,-89.90758914708053,31.901196,,https://www.census.gov/geographies/reference-files/time-series/geo/gazetteer-files.2024.html
ITC-1469,USA,Mississippi,MS,Smith,Smith,YES,US-CENSUS-FIPS,28129,US-FIPS:28129,STABLE_ID + LOCAL_QA_POLYGON,-89.48828360023745,31.994449,,https://www.census.gov/geographies/reference-files/time-series/geo/gazetteer-files.2024.html
ITC-1470,USA,Mississippi,MS,Stone,Stone,YES,US-CENSUS-FIPS,28131,US-FIPS:28131,STABLE_ID + LOCAL_QA_POLYGON,-89.11295331007427,30.7753165,,https://www.census.gov/geographies/reference-files/time-series/geo/gazetteer-files.2024.html
ITC-1471,USA,Mississippi,MS,Sunflower,Sunflower,YES,US-CENSUS-FIPS,28133,US-FIPS:28133,STABLE_ID + LOCAL_QA_POLYGON,-90.55544894200051,33.630776,,https://www.census.gov/geographies/reference-files/time-series/geo/gazetteer-files.2024.html
ITC-1472,USA,Mississippi,MS,Tallahatchie,Tallahatchie,YES,US-CENSUS-FIPS,28135,US-FIPS:28135,STABLE_ID + LOCAL_QA_POLYGON,-90.18816288113808,33.9290865,,https://www.census.gov/geographies/reference-files/time-series/geo/gazetteer-files.2024.html
ITC-1473,USA,Mississippi,MS,Tate,Tate,YES,US-CENSUS-FIPS,28137,US-FIPS:28137,STABLE_ID + LOCAL_QA_POLYGON,-89.94409376114537,34.663492000000005,,https://www.census.gov/geographies/reference-files/time-series/geo/gazetteer-files.2024.html
ITC-1474,USA,Mississippi,MS,Tippah,Tippah,YES,US-CENSUS-FIPS,28139,US-FIPS:28139,STABLE_ID + LOCAL_QA_POLYGON,-88.92065340809305,34.798384999999996,,https://www.census.gov/geographies/reference-files/time-series/geo/gazetteer-files.2024.html
ITC-1475,USA,Mississippi,MS,Tishomingo,Tishomingo,YES,US-CENSUS-FIPS,28141,US-FIPS:28141,STABLE_ID + LOCAL_QA_POLYGON,-88.22416665981889,34.7325065,,https://www.census.gov/geographies/reference-files/time-series/geo/gazetteer-files.2024.html
ITC-1476,USA,Mississippi,MS,Tunica,Tunica,YES,US-CENSUS-FIPS,28143,US-FIPS:28143,STABLE_ID + LOCAL_QA_POLYGON,-90.3492720906887,34.657495499999996,,https://www.census.gov/geographies/reference-files/time-series/geo/gazetteer-files.2024.html
ITC-1477,USA,Mississippi,MS,Union,Union,YES,US-CENSUS-FIPS,28145,US-FIPS:28145,STABLE_ID + LOCAL_QA_POLYGON,-89.01786292029229,34.4822235,,https://www.census.gov/geographies/reference-files/time-series/geo/gazetteer-files.2024.html
ITC-1478,USA,Mississippi,MS,Walthall,Walthall,YES,US-CENSUS-FIPS,28147,US-FIPS:28147,STABLE_ID + LOCAL_QA_POLYGON,-90.14622546907714,31.178479499999998,,https://www.census.gov/geographies/reference-files/time-series/geo/gazetteer-files.2024.html
ITC-1479,USA,Mississippi,MS,Warren,Warren,YES,US-CENSUS-FIPS,28149,US-FIPS:28149,STABLE_ID + LOCAL_QA_POLYGON,-90.7924205122469,32.348812342699546,,https://www.census.gov/geographies/reference-files/time-series/geo/gazetteer-files.2024.html
ITC-1480,USA,Mississippi,MS,Washington,Washington,YES,US-CENSUS-FIPS,28151,US-FIPS:28151,STABLE_ID + LOCAL_QA_POLYGON,-90.88068080684542,33.2691685,,https://www.census.gov/geographies/reference-files/time-series/geo/gazetteer-files.2024.html
ITC-1481,USA,Mississippi,MS,Wayne,Wayne,YES,US-CENSUS-FIPS,28153,US-FIPS:28153,STABLE_ID + LOCAL_QA_POLYGON,-88.70305072379338,31.67593603473555,,https://www.census.gov/geographies/reference-files/time-series/geo/gazetteer-files.2024.html
ITC-1482,USA,Mississippi,MS,Webster,Webster,YES,US-CENSUS-FIPS,28155,US-FIPS:28155,STABLE_ID + LOCAL_QA_POLYGON,-89.2626943450037,33.602087499999996,,https://www.census.gov/geographies/reference-files/time-series/geo/gazetteer-files.2024.html
ITC-1483,USA,Mississippi,MS,Wilkinson,Wilkinson,YES,US-CENSUS-FIPS,28157,US-FIPS:28157,STABLE_ID + LOCAL_QA_POLYGON,-91.3242148014457,31.185895499999997,,https://www.census.gov/geographies/reference-files/time-series/geo/gazetteer-files.2024.html
ITC-1484,USA,Mississippi,MS,Winston,Winston,YES,US-CENSUS-FIPS,28159,US-FIPS:28159,STABLE_ID + LOCAL_QA_POLYGON,-89.06579809205287,33.09904,,https://www.census.gov/geographies/reference-files/time-series/geo/gazetteer-files.2024.html
ITC-1485,USA,Mississippi,MS,Yalobusha,Yalobusha,YES,US-CENSUS-FIPS,28161,US-FIPS:28161,STABLE_ID + LOCAL_QA_POLYGON,-89.71690397695201,34.031042,,https://www.census.gov/geographies/reference-files/time-series/geo/gazetteer-files.2024.html
ITC-1486,USA,Mississippi,MS,Yazoo,Yazoo,YES,US-CENSUS-FIPS,28163,US-FIPS:28163,STABLE_ID + LOCAL_QA_POLYGON,-90.36056688452618,32.762525999999994,,https://www.census.gov/geographies/reference-files/time-series/geo/gazetteer-files.2024.html
ITC-1487,USA,Missouri,MO,Adair,Adair,YES,US-CENSUS-FIPS,29001,US-FIPS:29001,STABLE_ID + LOCAL_QA_POLYGON,-92.60093622028985,40.18897199999999,,https://www.census.gov/geographies/reference-files/time-series/geo/gazetteer-files.2024.html
ITC-1488,USA,Missouri,MO,Andrew,Andrew,YES,US-CENSUS-FIPS,29003,US-FIPS:29003,STABLE_ID + LOCAL_QA_POLYGON,-94.80117875128988,39.973789,,https://www.census.gov/geographies/reference-files/time-series/geo/gazetteer-files.2024.html
ITC-1489,USA,Missouri,MO,Atchison,Atchison,YES,US-CENSUS-FIPS,29005,US-FIPS:29005,STABLE_ID + LOCAL_QA_POLYGON,-95.4185620304628,40.4216895,,https://www.census.gov/geographies/reference-files/time-series/geo/gazetteer-files.2024.html
ITC-1490,USA,Missouri,MO,Audrain,Audrain,YES,US-CENSUS-FIPS,29007,US-FIPS:29007,STABLE_ID + LOCAL_QA_POLYGON,-91.76244248524486,39.203231,,https://www.census.gov/geographies/reference-files/time-series/geo/gazetteer-files.2024.html
ITC-1491,USA,Missouri,MO,Barry,Barry,YES,US-CENSUS-FIPS,29009,US-FIPS:29009,STABLE_ID + LOCAL_QA_POLYGON,-93.82324393110383,36.710336999999996,,https://www.census.gov/geographies/reference-files/time-series/geo/gazetteer-files.2024.html
ITC-1492,USA,Missouri,MO,Barton,Barton,YES,US-CENSUS-FIPS,29011,US-FIPS:29011,STABLE_ID + LOCAL_QA_POLYGON,-94.34715874196951,37.502198,,https://www.census.gov/geographies/reference-files/time-series/geo/gazetteer-files.2024.html
ITC-1493,USA,Missouri,MO,Bates,Bates,YES,US-CENSUS-FIPS,29013,US-FIPS:29013,STABLE_ID + LOCAL_QA_POLYGON,-94.34335364756919,38.247924499999996,,https://www.census.gov/geographies/reference-files/time-series/geo/gazetteer-files.2024.html
ITC-1494,USA,Missouri,MO,Benton,Benton,YES,US-CENSUS-FIPS,29015,US-FIPS:29015,STABLE_ID + LOCAL_QA_POLYGON,-93.29817161567263,38.288002,,https://www.census.gov/geographies/reference-files/time-series/geo/gazetteer-files.2024.html
ITC-1495,USA,Missouri,MO,Bollinger,Bollinger,YES,US-CENSUS-FIPS,29017,US-FIPS:29017,STABLE_ID + LOCAL_QA_POLYGON,-90.00453841034133,37.317333999999995,,https://www.census.gov/geographies/reference-files/time-series/geo/gazetteer-files.2024.html
ITC-1496,USA,Missouri,MO,Boone,Boone,YES,US-CENSUS-FIPS,29019,US-FIPS:29019,STABLE_ID + LOCAL_QA_POLYGON,-92.3401775569873,38.94571499999999,,https://www.census.gov/geographies/reference-files/time-series/geo/gazetteer-files.2024.html
ITC-1497,USA,Missouri,MO,Buchanan,Buchanan,YES,US-CENSUS-FIPS,29021,US-FIPS:29021,STABLE_ID + LOCAL_QA_POLYGON,-94.80369547438465,39.676122,,https://www.census.gov/geographies/reference-files/time-series/geo/gazetteer-files.2024.html
ITC-1498,USA,Missouri,MO,Butler,Butler,YES,US-CENSUS-FIPS,29023,US-FIPS:29023,STABLE_ID + LOCAL_QA_POLYGON,-90.39043717019715,36.713309499999994,,https://www.census.gov/geographies/reference-files/time-series/geo/gazetteer-files.2024.html
ITC-1499,USA,Missouri,MO,Caldwell,Caldwell,YES,US-CENSUS-FIPS,29025,US-FIPS:29025,STABLE_ID + LOCAL_QA_POLYGON,-93.98233655406864,39.650499499999995,,https://www.census.gov/geographies/reference-files/time-series/geo/gazetteer-files.2024.html
ITC-1500,USA,Missouri,MO,Callaway,Callaway,YES,US-CENSUS-FIPS,29027,US-FIPS:29027,STABLE_ID + LOCAL_QA_POLYGON,-91.89314963872715,38.81016699999999,,https://www.census.gov/geographies/reference-files/time-series/geo/gazetteer-files.2024.html
ITC-1501,USA,Missouri,MO,Camden,Camden,YES,US-CENSUS-FIPS,29029,US-FIPS:29029,STABLE_ID + LOCAL_QA_POLYGON,-92.79133092998052,38.029635999999996,,https://www.census.gov/geographies/reference-files/time-series/geo/gazetteer-files.2024.html
ITC-1502,USA,Missouri,MO,Cape Girardeau,Cape Girardeau,YES,US-CENSUS-FIPS,29031,US-FIPS:29031,STABLE_ID + LOCAL_QA_POLYGON,-89.64425427166421,37.364669,,https://www.census.gov/geographies/reference-files/time-series/geo/gazetteer-files.2024.html
ITC-1503,USA,Missouri,MO,Carroll,Carroll,YES,US-CENSUS-FIPS,29033,US-FIPS:29033,STABLE_ID + LOCAL_QA_POLYGON,-93.47331771354536,39.410756,,https://www.census.gov/geographies/reference-files/time-series/geo/gazetteer-files.2024.html
ITC-1504,USA,Missouri,MO,Carter,Carter,YES,US-CENSUS-FIPS,29035,US-FIPS:29035,STABLE_ID + LOCAL_QA_POLYGON,-90.95828424874392,36.9553015,,https://www.census.gov/geographies/reference-files/time-series/geo/gazetteer-files.2024.html
ITC-1505,USA,Missouri,MO,Cass,Cass,YES,US-CENSUS-FIPS,29037,US-FIPS:29037,STABLE_ID + LOCAL_QA_POLYGON,-94.3640894347462,38.645450999999994,,https://www.census.gov/geographies/reference-files/time-series/geo/gazetteer-files.2024.html
ITC-1506,USA,Missouri,MO,Cedar,Cedar,YES,US-CENSUS-FIPS,29039,US-FIPS:29039,STABLE_ID + LOCAL_QA_POLYGON,-93.83959061157361,37.73747,,https://www.census.gov/geographies/reference-files/time-series/geo/gazetteer-files.2024.html
ITC-1507,USA,Missouri,MO,Chariton,Chariton,YES,US-CENSUS-FIPS,29041,US-FIPS:29041,STABLE_ID + LOCAL_QA_POLYGON,-92.96226044432731,39.4642075,,https://www.census.gov/geographies/reference-files/time-series/geo/gazetteer-files.2024.html
ITC-1508,USA,Missouri,MO,Christian,Christian,YES,US-CENSUS-FIPS,29043,US-FIPS:29043,STABLE_ID + LOCAL_QA_POLYGON,-93.1220018409063,36.954703499999994,,https://www.census.gov/geographies/reference-files/time-series/geo/gazetteer-files.2024.html
ITC-1509,USA,Missouri,MO,Clark,Clark,YES,US-CENSUS-FIPS,29045,US-FIPS:29045,STABLE_ID + LOCAL_QA_POLYGON,-91.7324274973586,40.4309135,,https://www.census.gov/geographies/reference-files/time-series/geo/gazetteer-files.2024.html
ITC-1510,USA,Missouri,MO,Clay,Clay,YES,US-CENSUS-FIPS,29047,US-FIPS:29047,STABLE_ID + LOCAL_QA_POLYGON,-94.4063412537223,39.281336499999995,,https://www.census.gov/geographies/reference-files/time-series/geo/gazetteer-files.2024.html
ITC-1511,USA,Missouri,MO,Clinton,Clinton,YES,US-CENSUS-FIPS,29049,US-FIPS:29049,STABLE_ID + LOCAL_QA_POLYGON,-94.40417221981124,39.601638,,https://www.census.gov/geographies/reference-files/time-series/geo/gazetteer-files.2024.html
ITC-1512,USA,Missouri,MO,Cole,Cole,YES,US-CENSUS-FIPS,29051,US-FIPS:29051,STABLE_ID + LOCAL_QA_POLYGON,-92.24474588155117,38.530666499999995,,https://www.census.gov/geographies/reference-files/time-series/geo/gazetteer-files.2024.html
ITC-1513,USA,Missouri,MO,Cooper,Cooper,YES,US-CENSUS-FIPS,29053,US-FIPS:29053,STABLE_ID + LOCAL_QA_POLYGON,-92.78931316673993,38.871123499999996,,https://www.census.gov/geographies/reference-files/time-series/geo/gazetteer-files.2024.html
ITC-1514,USA,Missouri,MO,Crawford,Crawford,YES,US-CENSUS-FIPS,29055,US-FIPS:29055,STABLE_ID + LOCAL_QA_POLYGON,-91.31058590421209,37.95384,,https://www.census.gov/geographies/reference-files/time-series/geo/gazetteer-files.2024.html
ITC-1515,USA,Missouri,MO,Dade,Dade,YES,US-CENSUS-FIPS,29057,US-FIPS:29057,STABLE_ID + LOCAL_QA_POLYGON,-93.85014043667726,37.43102,,https://www.census.gov/geographies/reference-files/time-series/geo/gazetteer-files.2024.html
ITC-1516,USA,Missouri,MO,Dallas,Dallas,YES,US-CENSUS-FIPS,29059,US-FIPS:29059,STABLE_ID + LOCAL_QA_POLYGON,-93.01204309964695,37.6617725,,https://www.census.gov/geographies/reference-files/time-series/geo/gazetteer-files.2024.html
ITC-1517,USA,Missouri,MO,Daviess,Daviess,YES,US-CENSUS-FIPS,29061,US-FIPS:29061,STABLE_ID + LOCAL_QA_POLYGON,-93.98324256965441,39.96135149999999,,https://www.census.gov/geographies/reference-files/time-series/geo/gazetteer-files.2024.html
ITC-1518,USA,Missouri,MO,DeKalb,DeKalb,YES,US-CENSUS-FIPS,29063,US-FIPS:29063,STABLE_ID + LOCAL_QA_POLYGON,-94.40475120951953,39.8899815,,https://www.census.gov/geographies/reference-files/time-series/geo/gazetteer-files.2024.html
ITC-1519,USA,Missouri,MO,Dent,Dent,YES,US-CENSUS-FIPS,29065,US-FIPS:29065,STABLE_ID + LOCAL_QA_POLYGON,-91.48150632073813,37.638566,,https://www.census.gov/geographies/reference-files/time-series/geo/gazetteer-files.2024.html
ITC-1520,USA,Missouri,MO,Douglas,Douglas,YES,US-CENSUS-FIPS,29067,US-FIPS:29067,STABLE_ID + LOCAL_QA_POLYGON,-92.4990456723096,36.9289445,,https://www.census.gov/geographies/reference-files/time-series/geo/gazetteer-files.2024.html
ITC-1521,USA,Missouri,MO,Dunklin,Dunklin,YES,US-CENSUS-FIPS,29069,US-FIPS:29069,STABLE_ID + LOCAL_QA_POLYGON,-90.01664801703022,36.315782999999996,,https://www.census.gov/geographies/reference-files/time-series/geo/gazetteer-files.2024.html
ITC-1522,USA,Missouri,MO,Franklin,Franklin,YES,US-CENSUS-FIPS,29071,US-FIPS:29071,STABLE_ID + LOCAL_QA_POLYGON,-91.05219878704654,38.4480415,,https://www.census.gov/geographies/reference-files/time-series/geo/gazetteer-files.2024.html
ITC-1523,USA,Missouri,MO,Gasconade,Gasconade,YES,US-CENSUS-FIPS,29073,US-FIPS:29073,STABLE_ID + LOCAL_QA_POLYGON,-91.50572942049587,38.428777499999995,,https://www.census.gov/geographies/reference-files/time-series/geo/gazetteer-files.2024.html
ITC-1524,USA,Missouri,MO,Gentry,Gentry,YES,US-CENSUS-FIPS,29075,US-FIPS:29075,STABLE_ID + LOCAL_QA_POLYGON,-94.41041454621842,40.211414500000004,,https://www.census.gov/geographies/reference-files/time-series/geo/gazetteer-files.2024.html
ITC-1525,USA,Missouri,MO,Greene,Greene,YES,US-CENSUS-FIPS,29077,US-FIPS:29077,STABLE_ID + LOCAL_QA_POLYGON,-93.33354511087835,37.2605625,,https://www.census.gov/geographies/reference-files/time-series/geo/gazetteer-files.2024.html
ITC-1526,USA,Missouri,MO,Grundy,Grundy,YES,US-CENSUS-FIPS,29079,US-FIPS:29079,STABLE_ID + LOCAL_QA_POLYGON,-93.56550309028972,40.114673499999995,,https://www.census.gov/geographies/reference-files/time-series/geo/gazetteer-files.2024.html
ITC-1527,USA,Missouri,MO,Harrison,Harrison,YES,US-CENSUS-FIPS,29081,US-FIPS:29081,STABLE_ID + LOCAL_QA_POLYGON,-93.98921178044962,40.354383,,https://www.census.gov/geographies/reference-files/time-series/geo/gazetteer-files.2024.html
ITC-1528,USA,Missouri,MO,Henry,Henry,YES,US-CENSUS-FIPS,29083,US-FIPS:29083,STABLE_ID + LOCAL_QA_POLYGON,-93.79175095099606,38.381206,,https://www.census.gov/geographies/reference-files/time-series/geo/gazetteer-files.2024.html
ITC-1529,USA,Missouri,MO,Hickory,Hickory,YES,US-CENSUS-FIPS,29085,US-FIPS:29085,STABLE_ID + LOCAL_QA_POLYGON,-93.29084167570481,37.942038,,https://www.census.gov/geographies/reference-files/time-series/geo/gazetteer-files.2024.html
ITC-1530,USA,Missouri,MO,Holt,Holt,YES,US-CENSUS-FIPS,29087,US-FIPS:29087,STABLE_ID + LOCAL_QA_POLYGON,-95.23292325652002,40.063367,,https://www.census.gov/geographies/reference-files/time-series/geo/gazetteer-files.2024.html
ITC-1531,USA,Missouri,MO,Howard,Howard,YES,US-CENSUS-FIPS,29089,US-FIPS:29089,STABLE_ID + LOCAL_QA_POLYGON,-92.69248447045572,39.155390999999995,,https://www.census.gov/geographies/reference-files/time-series/geo/gazetteer-files.2024.html
ITC-1532,USA,Missouri,MO,Howell,Howell,YES,US-CENSUS-FIPS,29091,US-FIPS:29091,STABLE_ID + LOCAL_QA_POLYGON,-91.89358634971498,36.782360499999996,,https://www.census.gov/geographies/reference-files/time-series/geo/gazetteer-files.2024.html
ITC-1533,USA,Missouri,MO,Iron,Iron,YES,US-CENSUS-FIPS,29093,US-FIPS:29093,STABLE_ID + LOCAL_QA_POLYGON,-90.65871998437818,37.507200999999995,,https://www.census.gov/geographies/reference-files/time-series/geo/gazetteer-files.2024.html
ITC-1534,USA,Missouri,MO,Jackson,Jackson,YES,US-CENSUS-FIPS,29095,US-FIPS:29095,STABLE_ID + LOCAL_QA_POLYGON,-94.35840669121433,39.03631807442444,,https://www.census.gov/geographies/reference-files/time-series/geo/gazetteer-files.2024.html
ITC-1535,USA,Missouri,MO,Jasper,Jasper,YES,US-CENSUS-FIPS,29097,US-FIPS:29097,STABLE_ID + LOCAL_QA_POLYGON,-94.33656340559465,37.2010120005809,,https://www.census.gov/geographies/reference-files/time-series/geo/gazetteer-files.2024.html
ITC-1536,USA,Missouri,MO,Jefferson,Jefferson,YES,US-CENSUS-FIPS,29099,US-FIPS:29099,STABLE_ID + LOCAL_QA_POLYGON,-90.569534017221,38.2529305,,https://www.census.gov/geographies/reference-files/time-series/geo/gazetteer-files.2024.html
ITC-1537,USA,Missouri,MO,Johnson,Johnson,YES,US-CENSUS-FIPS,29101,US-FIPS:29101,STABLE_ID + LOCAL_QA_POLYGON,-93.81338296734319,38.7461285,,https://www.census.gov/geographies/reference-files/time-series/geo/gazetteer-files.2024.html
ITC-1538,USA,Missouri,MO,Knox,Knox,YES,US-CENSUS-FIPS,29103,US-FIPS:29103,STABLE_ID + LOCAL_QA_POLYGON,-92.14768903778779,40.138959,,https://www.census.gov/geographies/reference-files/time-series/geo/gazetteer-files.2024.html
ITC-1539,USA,Missouri,MO,Laclede,Laclede,YES,US-CENSUS-FIPS,29105,US-FIPS:29105,STABLE_ID + LOCAL_QA_POLYGON,-92.59753810308968,37.688209,,https://www.census.gov/geographies/reference-files/time-series/geo/gazetteer-files.2024.html
ITC-1540,USA,Missouri,MO,Lafayette,Lafayette,YES,US-CENSUS-FIPS,29107,US-FIPS:29107,STABLE_ID + LOCAL_QA_POLYGON,-93.79712338792756,39.100671,,https://www.census.gov/geographies/reference-files/time-series/geo/gazetteer-files.2024.html
ITC-1541,USA,Missouri,MO,Lawrence,Lawrence,YES,US-CENSUS-FIPS,29109,US-FIPS:29109,STABLE_ID + LOCAL_QA_POLYGON,-93.83305546564361,37.109475499999995,,https://www.census.gov/geographies/reference-files/time-series/geo/gazetteer-files.2024.html
ITC-1542,USA,Missouri,MO,Lewis,Lewis,YES,US-CENSUS-FIPS,29111,US-FIPS:29111,STABLE_ID + LOCAL_QA_POLYGON,-91.72742037324011,40.10356965740205,,https://www.census.gov/geographies/reference-files/time-series/geo/gazetteer-files.2024.html
ITC-1543,USA,Missouri,MO,Lincoln,Lincoln,YES,US-CENSUS-FIPS,29113,US-FIPS:29113,STABLE_ID + LOCAL_QA_POLYGON,-90.98768921030612,39.049870999999996,,https://www.census.gov/geographies/reference-files/time-series/geo/gazetteer-files.2024.html
ITC-1544,USA,Missouri,MO,Linn,Linn,YES,US-CENSUS-FIPS,29115,US-FIPS:29115,STABLE_ID + LOCAL_QA_POLYGON,-93.10858223031877,39.862936999999995,,https://www.census.gov/geographies/reference-files/time-series/geo/gazetteer-files.2024.html
ITC-1545,USA,Missouri,MO,Livingston,Livingston,YES,US-CENSUS-FIPS,29117,US-FIPS:29117,STABLE_ID + LOCAL_QA_POLYGON,-93.56149844813312,39.796042,,https://www.census.gov/geographies/reference-files/time-series/geo/gazetteer-files.2024.html
ITC-1546,USA,Missouri,MO,Macon,Macon,YES,US-CENSUS-FIPS,29121,US-FIPS:29121,STABLE_ID + LOCAL_QA_POLYGON,-92.57386662742559,39.8051035,,https://www.census.gov/geographies/reference-files/time-series/geo/gazetteer-files.2024.html
ITC-1547,USA,Missouri,MO,Madison,Madison,YES,US-CENSUS-FIPS,29123,US-FIPS:29123,STABLE_ID + LOCAL_QA_POLYGON,-90.34559194807478,37.47301,,https://www.census.gov/geographies/reference-files/time-series/geo/gazetteer-files.2024.html
ITC-1548,USA,Missouri,MO,Maries,Maries,YES,US-CENSUS-FIPS,29125,US-FIPS:29125,STABLE_ID + LOCAL_QA_POLYGON,-91.90604701451068,38.1524995,,https://www.census.gov/geographies/reference-files/time-series/geo/gazetteer-files.2024.html
ITC-1549,USA,Missouri,MO,Marion,Marion,YES,US-CENSUS-FIPS,29127,US-FIPS:29127,STABLE_ID + LOCAL_QA_POLYGON,-91.60794753415684,39.805209687579,,https://www.census.gov/geographies/reference-files/time-series/geo/gazetteer-files.2024.html
ITC-1550,USA,Missouri,MO,McDonald,McDonald,YES,US-CENSUS-FIPS,29119,US-FIPS:29119,STABLE_ID + LOCAL_QA_POLYGON,-94.34498774993327,36.62873022124,,https://www.census.gov/geographies/reference-files/time-series/geo/gazetteer-files.2024.html
ITC-1551,USA,Missouri,MO,Mercer,Mercer,YES,US-CENSUS-FIPS,29129,US-FIPS:29129,STABLE_ID + LOCAL_QA_POLYGON,-93.56573811216923,40.418041,,https://www.census.gov/geographies/reference-files/time-series/geo/gazetteer-files.2024.html
ITC-1552,USA,Missouri,MO,Miller,Miller,YES,US-CENSUS-FIPS,29131,US-FIPS:29131,STABLE_ID + LOCAL_QA_POLYGON,-92.44630898933471,38.223257000000004,,https://www.census.gov/geographies/reference-files/time-series/geo/gazetteer-files.2024.html
ITC-1553,USA,Missouri,MO,Mississippi,Mississippi,YES,US-CENSUS-FIPS,29133,US-FIPS:29133,STABLE_ID + LOCAL_QA_POLYGON,-89.33097916318539,36.8247395,,https://www.census.gov/geographies/reference-files/time-series/geo/gazetteer-files.2024.html
ITC-1554,USA,Missouri,MO,Moniteau,Moniteau,YES,US-CENSUS-FIPS,29135,US-FIPS:29135,STABLE_ID + LOCAL_QA_POLYGON,-92.62746713978945,38.675889,,https://www.census.gov/geographies/reference-files/time-series/geo/gazetteer-files.2024.html
ITC-1555,USA,Missouri,MO,Monroe,Monroe,YES,US-CENSUS-FIPS,29137,US-FIPS:29137,STABLE_ID + LOCAL_QA_POLYGON,-92.00914183333333,39.501211999999995,,https://www.census.gov/geographies/reference-files/time-series/geo/gazetteer-files.2024.html
ITC-1556,USA,Missouri,MO,Montgomery,Montgomery,YES,US-CENSUS-FIPS,29139,US-FIPS:29139,STABLE_ID + LOCAL_QA_POLYGON,-91.45234413785072,38.910304499999995,,https://www.census.gov/geographies/reference-files/time-series/geo/gazetteer-files.2024.html
ITC-1557,USA,Missouri,MO,Morgan,Morgan,YES,US-CENSUS-FIPS,29141,US-FIPS:29141,STABLE_ID + LOCAL_QA_POLYGON,-92.85170318210427,38.437971,,https://www.census.gov/geographies/reference-files/time-series/geo/gazetteer-files.2024.html
ITC-1558,USA,Missouri,MO,New Madrid,New Madrid,YES,US-CENSUS-FIPS,29143,US-FIPS:29143,STABLE_ID + LOCAL_QA_POLYGON,-89.67064168026756,36.604654,,https://www.census.gov/geographies/reference-files/time-series/geo/gazetteer-files.2024.html
ITC-1559,USA,Missouri,MO,Newton,Newton,YES,US-CENSUS-FIPS,29145,US-FIPS:29145,STABLE_ID + LOCAL_QA_POLYGON,-94.34113211517106,36.90247975411805,,https://www.census.gov/geographies/reference-files/time-series/geo/gazetteer-files.2024.html
ITC-1560,USA,Missouri,MO,Nodaway,Nodaway,YES,US-CENSUS-FIPS,29147,US-FIPS:29147,STABLE_ID + LOCAL_QA_POLYGON,-94.88856911891912,40.367082999999994,,https://www.census.gov/geographies/reference-files/time-series/geo/gazetteer-files.2024.html
ITC-1561,USA,Missouri,MO,Oregon,Oregon,YES,US-CENSUS-FIPS,29149,US-FIPS:29149,STABLE_ID + LOCAL_QA_POLYGON,-91.39938902832564,36.6865635,,https://www.census.gov/geographies/reference-files/time-series/geo/gazetteer-files.2024.html
ITC-1562,USA,Missouri,MO,Osage,Osage,YES,US-CENSUS-FIPS,29151,US-FIPS:29151,STABLE_ID + LOCAL_QA_POLYGON,-91.82558621416176,38.497305,,https://www.census.gov/geographies/reference-files/time-series/geo/gazetteer-files.2024.html
ITC-1563,USA,Missouri,MO,Ozark,Ozark,YES,US-CENSUS-FIPS,29153,US-FIPS:29153,STABLE_ID + LOCAL_QA_POLYGON,-92.44215266281628,36.662766500000004,,https://www.census.gov/geographies/reference-files/time-series/geo/gazetteer-files.2024.html
ITC-1564,USA,Missouri,MO,Pemiscot,Pemiscot,YES,US-CENSUS-FIPS,29155,US-FIPS:29155,STABLE_ID + LOCAL_QA_POLYGON,-89.81845200315709,36.21377413691955,,https://www.census.gov/geographies/reference-files/time-series/geo/gazetteer-files.2024.html
ITC-1565,USA,Missouri,MO,Perry,Perry,YES,US-CENSUS-FIPS,29157,US-FIPS:29157,STABLE_ID + LOCAL_QA_POLYGON,-89.8311019353111,37.734689,,https://www.census.gov/geographies/reference-files/time-series/geo/gazetteer-files.2024.html
ITC-1566,USA,Missouri,MO,Pettis,Pettis,YES,US-CENSUS-FIPS,29159,US-FIPS:29159,STABLE_ID + LOCAL_QA_POLYGON,-93.2809694367156,38.726775499999995,,https://www.census.gov/geographies/reference-files/time-series/geo/gazetteer-files.2024.html
ITC-1567,USA,Missouri,MO,Phelps,Phelps,YES,US-CENSUS-FIPS,29161,US-FIPS:29161,STABLE_ID + LOCAL_QA_POLYGON,-91.77512260387356,37.8778915,,https://www.census.gov/geographies/reference-files/time-series/geo/gazetteer-files.2024.html
ITC-1568,USA,Missouri,MO,Pike,Pike,YES,US-CENSUS-FIPS,29163,US-FIPS:29163,STABLE_ID + LOCAL_QA_POLYGON,-91.17188083693415,39.3698485,,https://www.census.gov/geographies/reference-files/time-series/geo/gazetteer-files.2024.html
ITC-1569,USA,Missouri,MO,Platte,Platte,YES,US-CENSUS-FIPS,29165,US-FIPS:29165,STABLE_ID + LOCAL_QA_POLYGON,-94.7554617435149,39.34357,,https://www.census.gov/geographies/reference-files/time-series/geo/gazetteer-files.2024.html
ITC-1570,USA,Missouri,MO,Polk,Polk,YES,US-CENSUS-FIPS,29167,US-FIPS:29167,STABLE_ID + LOCAL_QA_POLYGON,-93.3953663465095,37.6233455,,https://www.census.gov/geographies/reference-files/time-series/geo/gazetteer-files.2024.html
ITC-1571,USA,Missouri,MO,Pulaski,Pulaski,YES,US-CENSUS-FIPS,29169,US-FIPS:29169,STABLE_ID + LOCAL_QA_POLYGON,-92.21732075191272,37.8182985,,https://www.census.gov/geographies/reference-files/time-series/geo/gazetteer-files.2024.html
ITC-1572,USA,Missouri,MO,Putnam,Putnam,YES,US-CENSUS-FIPS,29171,US-FIPS:29171,STABLE_ID + LOCAL_QA_POLYGON,-93.03400654325193,40.46657999999999,,https://www.census.gov/geographies/reference-files/time-series/geo/gazetteer-files.2024.html
ITC-1573,USA,Missouri,MO,Ralls,Ralls,YES,US-CENSUS-FIPS,29173,US-FIPS:29173,STABLE_ID + LOCAL_QA_POLYGON,-91.53778010093271,39.505783,,https://www.census.gov/geographies/reference-files/time-series/geo/gazetteer-files.2024.html
ITC-1574,USA,Missouri,MO,Randolph,Randolph,YES,US-CENSUS-FIPS,29175,US-FIPS:29175,STABLE_ID + LOCAL_QA_POLYGON,-92.50513746471617,39.425924499999994,,https://www.census.gov/geographies/reference-files/time-series/geo/gazetteer-files.2024.html
ITC-1575,USA,Missouri,MO,Ray,Ray,YES,US-CENSUS-FIPS,29177,US-FIPS:29177,STABLE_ID + LOCAL_QA_POLYGON,-93.9855251425881,39.323595499999996,,https://www.census.gov/geographies/reference-files/time-series/geo/gazetteer-files.2024.html
ITC-1576,USA,Missouri,MO,Reynolds,Reynolds,YES,US-CENSUS-FIPS,29179,US-FIPS:29179,STABLE_ID + LOCAL_QA_POLYGON,-90.963591180338,37.322987999999995,,https://www.census.gov/geographies/reference-files/time-series/geo/gazetteer-files.2024.html
ITC-1577,USA,Missouri,MO,Ripley,Ripley,YES,US-CENSUS-FIPS,29181,US-FIPS:29181,STABLE_ID + LOCAL_QA_POLYGON,-90.85744692388114,36.662512,,https://www.census.gov/geographies/reference-files/time-series/geo/gazetteer-files.2024.html
ITC-1578,USA,Missouri,MO,Saline,Saline,YES,US-CENSUS-FIPS,29195,US-FIPS:29195,STABLE_ID + LOCAL_QA_POLYGON,-93.19367272866049,39.168775999999994,,https://www.census.gov/geographies/reference-files/time-series/geo/gazetteer-files.2024.html
ITC-1579,USA,Missouri,MO,Schuyler,Schuyler,YES,US-CENSUS-FIPS,29197,US-FIPS:29197,STABLE_ID + LOCAL_QA_POLYGON,-92.52720098279619,40.47045849999999,,https://www.census.gov/geographies/reference-files/time-series/geo/gazetteer-files.2024.html
ITC-1580,USA,Missouri,MO,Scotland,Scotland,YES,US-CENSUS-FIPS,29199,US-FIPS:29199,STABLE_ID + LOCAL_QA_POLYGON,-92.14797701749147,40.4607545,,https://www.census.gov/geographies/reference-files/time-series/geo/gazetteer-files.2024.html
ITC-1581,USA,Missouri,MO,Scott,Scott,YES,US-CENSUS-FIPS,29201,US-FIPS:29201,STABLE_ID + LOCAL_QA_POLYGON,-89.57748414113826,37.056198499999994,,https://www.census.gov/geographies/reference-files/time-series/geo/gazetteer-files.2024.html
ITC-1582,USA,Missouri,MO,Shannon,Shannon,YES,US-CENSUS-FIPS,29203,US-FIPS:29203,STABLE_ID + LOCAL_QA_POLYGON,-91.34431474810404,37.1531305,,https://www.census.gov/geographies/reference-files/time-series/geo/gazetteer-files.2024.html
ITC-1583,USA,Missouri,MO,Shelby,Shelby,YES,US-CENSUS-FIPS,29205,US-FIPS:29205,STABLE_ID + LOCAL_QA_POLYGON,-92.06875831963944,39.783375,,https://www.census.gov/geographies/reference-files/time-series/geo/gazetteer-files.2024.html
ITC-1584,USA,Missouri,MO,St. Charles,St. Charles,YES,US-CENSUS-FIPS,29183,US-FIPS:29183,STABLE_ID + LOCAL_QA_POLYGON,-90.72762137780269,38.751239999999996,,https://www.census.gov/geographies/reference-files/time-series/geo/gazetteer-files.2024.html
ITC-1585,USA,Missouri,MO,St. Clair,St. Clair,YES,US-CENSUS-FIPS,29185,US-FIPS:29185,STABLE_ID + LOCAL_QA_POLYGON,-93.78242495083651,38.02945,,https://www.census.gov/geographies/reference-files/time-series/geo/gazetteer-files.2024.html
ITC-1586,USA,Missouri,MO,St. Francois,St. Francois,YES,US-CENSUS-FIPS,29187,US-FIPS:29187,STABLE_ID + LOCAL_QA_POLYGON,-90.5375525282947,37.858200999999994,,https://www.census.gov/geographies/reference-files/time-series/geo/gazetteer-files.2024.html
ITC-1587,USA,Missouri,MO,St. Louis,St. Louis,YES,US-CENSUS-FIPS,29189,US-FIPS:29189,STABLE_ID + LOCAL_QA_POLYGON,-90.51855736199053,38.639478999999994,,https://www.census.gov/geographies/reference-files/time-series/geo/gazetteer-files.2024.html
ITC-1588,USA,Missouri,MO,St. Louis City,St. Louis City,YES,US-CENSUS-FIPS,29510,US-FIPS:29510,STABLE_ID + LOCAL_QA_POLYGON,-90.24103516666668,38.652844,,https://www.census.gov/geographies/reference-files/time-series/geo/gazetteer-files.2024.html
ITC-1589,USA,Missouri,MO,Ste. Genevieve,Ste. Genevieve,YES,US-CENSUS-FIPS,29186,US-FIPS:29186,STABLE_ID + LOCAL_QA_POLYGON,-90.19940474896006,37.89351338674744,,https://www.census.gov/geographies/reference-files/time-series/geo/gazetteer-files.2024.html
ITC-1590,USA,Missouri,MO,Stoddard,Stoddard,YES,US-CENSUS-FIPS,29207,US-FIPS:29207,STABLE_ID + LOCAL_QA_POLYGON,-89.97320675814467,36.8776055,,https://www.census.gov/geographies/reference-files/time-series/geo/gazetteer-files.2024.html
ITC-1591,USA,Missouri,MO,Stone,Stone,YES,US-CENSUS-FIPS,29209,US-FIPS:29209,STABLE_ID + LOCAL_QA_POLYGON,-93.44168719127559,36.743594,,https://www.census.gov/geographies/reference-files/time-series/geo/gazetteer-files.2024.html
ITC-1592,USA,Missouri,MO,Sullivan,Sullivan,YES,US-CENSUS-FIPS,29211,US-FIPS:29211,STABLE_ID + LOCAL_QA_POLYGON,-93.11107984816573,40.21007949999999,,https://www.census.gov/geographies/reference-files/time-series/geo/gazetteer-files.2024.html
ITC-1593,USA,Missouri,MO,Taney,Taney,YES,US-CENSUS-FIPS,29213,US-FIPS:29213,STABLE_ID + LOCAL_QA_POLYGON,-93.04011220517052,36.6461245,,https://www.census.gov/geographies/reference-files/time-series/geo/gazetteer-files.2024.html
ITC-1594,USA,Missouri,MO,Texas,Texas,YES,US-CENSUS-FIPS,29215,US-FIPS:29215,STABLE_ID + LOCAL_QA_POLYGON,-91.94964357700803,37.3306805,,https://www.census.gov/geographies/reference-files/time-series/geo/gazetteer-files.2024.html
ITC-1595,USA,Missouri,MO,Vernon,Vernon,YES,US-CENSUS-FIPS,29217,US-FIPS:29217,STABLE_ID + LOCAL_QA_POLYGON,-94.34261087254998,37.84846651132425,,https://www.census.gov/geographies/reference-files/time-series/geo/gazetteer-files.2024.html
ITC-1596,USA,Missouri,MO,Warren,Warren,YES,US-CENSUS-FIPS,29219,US-FIPS:29219,STABLE_ID + LOCAL_QA_POLYGON,-91.18979989692946,38.767250000000004,,https://www.census.gov/geographies/reference-files/time-series/geo/gazetteer-files.2024.html
ITC-1597,USA,Missouri,MO,Washington,Washington,YES,US-CENSUS-FIPS,29221,US-FIPS:29221,STABLE_ID + LOCAL_QA_POLYGON,-90.8679239565969,37.9726,,https://www.census.gov/geographies/reference-files/time-series/geo/gazetteer-files.2024.html
ITC-1598,USA,Missouri,MO,Wayne,Wayne,YES,US-CENSUS-FIPS,29223,US-FIPS:29223,STABLE_ID + LOCAL_QA_POLYGON,-90.50057901927178,37.1189415,,https://www.census.gov/geographies/reference-files/time-series/geo/gazetteer-files.2024.html
ITC-1599,USA,Missouri,MO,Webster,Webster,YES,US-CENSUS-FIPS,29225,US-FIPS:29225,STABLE_ID + LOCAL_QA_POLYGON,-92.88435138251603,37.2760775,,https://www.census.gov/geographies/reference-files/time-series/geo/gazetteer-files.2024.html
ITC-1600,USA,Missouri,MO,Worth,Worth,YES,US-CENSUS-FIPS,29227,US-FIPS:29227,STABLE_ID + LOCAL_QA_POLYGON,-94.43176469670641,40.4777875,,https://www.census.gov/geographies/reference-files/time-series/geo/gazetteer-files.2024.html
ITC-1601,USA,Missouri,MO,Wright,Wright,YES,US-CENSUS-FIPS,29229,US-FIPS:29229,STABLE_ID + LOCAL_QA_POLYGON,-92.47239199011574,37.272628499999996,,https://www.census.gov/geographies/reference-files/time-series/geo/gazetteer-files.2024.html
ITC-1602,USA,Montana,MT,Beaverhead,Beaverhead,YES,US-CENSUS-FIPS,30001,US-FIPS:30001,STABLE_ID + LOCAL_QA_POLYGON,-113.02075427513469,45.146322209272654,,https://www.census.gov/geographies/reference-files/time-series/geo/gazetteer-files.2024.html
ITC-1603,USA,Montana,MT,Big Horn,Big Horn,YES,US-CENSUS-FIPS,30003,US-FIPS:30003,STABLE_ID + LOCAL_QA_POLYGON,-107.3997805081878,45.518846499999995,,https://www.census.gov/geographies/reference-files/time-series/geo/gazetteer-files.2024.html
ITC-1604,USA,Montana,MT,Blaine,Blaine,YES,US-CENSUS-FIPS,30005,US-FIPS:30005,STABLE_ID + LOCAL_QA_POLYGON,-108.96512157489306,48.37291449999999,,https://www.census.gov/geographies/reference-files/time-series/geo/gazetteer-files.2024.html
ITC-1605,USA,Montana,MT,Broadwater,Broadwater,YES,US-CENSUS-FIPS,30007,US-FIPS:30007,STABLE_ID + LOCAL_QA_POLYGON,-111.4526558681503,46.307505,,https://www.census.gov/geographies/reference-files/time-series/geo/gazetteer-files.2024.html
ITC-1606,USA,Montana,MT,Carbon,Carbon,YES,US-CENSUS-FIPS,30009,US-FIPS:30009,STABLE_ID + LOCAL_QA_POLYGON,-109.1432955994225,45.3168225,,https://www.census.gov/geographies/reference-files/time-series/geo/gazetteer-files.2024.html
ITC-1607,USA,Montana,MT,Carter,Carter,YES,US-CENSUS-FIPS,30011,US-FIPS:30011,STABLE_ID + LOCAL_QA_POLYGON,-104.5116542010572,45.5659385,,https://www.census.gov/geographies/reference-files/time-series/geo/gazetteer-files.2024.html
ITC-1608,USA,Montana,MT,Cascade,Cascade,YES,US-CENSUS-FIPS,30013,US-FIPS:30013,STABLE_ID + LOCAL_QA_POLYGON,-111.41655481646298,47.270596999999995,,https://www.census.gov/geographies/reference-files/time-series/geo/gazetteer-files.2024.html
ITC-1609,USA,Montana,MT,Chouteau,Chouteau,YES,US-CENSUS-FIPS,30015,US-FIPS:30015,STABLE_ID + LOCAL_QA_POLYGON,-110.47388986643838,47.8274385,,https://www.census.gov/geographies/reference-files/time-series/geo/gazetteer-files.2024.html
ITC-1610,USA,Montana,MT,Custer,Custer,YES,US-CENSUS-FIPS,30017,US-FIPS:30017,STABLE_ID + LOCAL_QA_POLYGON,-105.53033692159627,46.397614,,https://www.census.gov/geographies/reference-files/time-series/geo/gazetteer-files.2024.html
ITC-1611,USA,Montana,MT,Daniels,Daniels,YES,US-CENSUS-FIPS,30019,US-FIPS:30019,STABLE_ID + LOCAL_QA_POLYGON,-105.52980605888777,48.7702285,,https://www.census.gov/geographies/reference-files/time-series/geo/gazetteer-files.2024.html
ITC-1612,USA,Montana,MT,Dawson,Dawson,YES,US-CENSUS-FIPS,30021,US-FIPS:30021,STABLE_ID + LOCAL_QA_POLYGON,-104.92548884218172,47.3265155,,https://www.census.gov/geographies/reference-files/time-series/geo/gazetteer-files.2024.html
ITC-1613,USA,Montana,MT,Deer Lodge,Deer Lodge,YES,US-CENSUS-FIPS,30023,US-FIPS:30023,STABLE_ID + LOCAL_QA_POLYGON,-113.09952454293182,46.012731,,https://www.census.gov/geographies/reference-files/time-series/geo/gazetteer-files.2024.html
ITC-1614,USA,Montana,MT,Fallon,Fallon,YES,US-CENSUS-FIPS,30025,US-FIPS:30025,STABLE_ID + LOCAL_QA_POLYGON,-104.46546649026776,46.2832435,,https://www.census.gov/geographies/reference-files/time-series/geo/gazetteer-files.2024.html
ITC-1615,USA,Montana,MT,Fergus,Fergus,YES,US-CENSUS-FIPS,30027,US-FIPS:30027,STABLE_ID + LOCAL_QA_POLYGON,-109.35954730808592,47.254262,,https://www.census.gov/geographies/reference-files/time-series/geo/gazetteer-files.2024.html
ITC-1616,USA,Montana,MT,Flathead,Flathead,YES,US-CENSUS-FIPS,30029,US-FIPS:30029,STABLE_ID + LOCAL_QA_POLYGON,-114.0919811905828,48.2986605,,https://www.census.gov/geographies/reference-files/time-series/geo/gazetteer-files.2024.html
ITC-1617,USA,Montana,MT,Gallatin,Gallatin,YES,US-CENSUS-FIPS,30031,US-FIPS:30031,STABLE_ID + LOCAL_QA_POLYGON,-111.2056308315434,45.315483,,https://www.census.gov/geographies/reference-files/time-series/geo/gazetteer-files.2024.html
ITC-1618,USA,Montana,MT,Garfield,Garfield,YES,US-CENSUS-FIPS,30033,US-FIPS:30033,STABLE_ID + LOCAL_QA_POLYGON,-107.10416102047381,47.414242,,https://www.census.gov/geographies/reference-files/time-series/geo/gazetteer-files.2024.html
ITC-1619,USA,Montana,MT,Glacier,Glacier,YES,US-CENSUS-FIPS,30035,US-FIPS:30035,STABLE_ID + LOCAL_QA_POLYGON,-112.96609298702721,48.654360999999994,,https://www.census.gov/geographies/reference-files/time-series/geo/gazetteer-files.2024.html
ITC-1620,USA,Montana,MT,Golden Valley,Golden Valley,YES,US-CENSUS-FIPS,30037,US-FIPS:30037,STABLE_ID + LOCAL_QA_POLYGON,-109.13183534359447,46.403135,,https://www.census.gov/geographies/reference-files/time-series/geo/gazetteer-files.2024.html
ITC-1621,USA,Montana,MT,Granite,Granite,YES,US-CENSUS-FIPS,30039,US-FIPS:30039,STABLE_ID + LOCAL_QA_POLYGON,-113.41881511936748,46.3855755,,https://www.census.gov/geographies/reference-files/time-series/geo/gazetteer-files.2024.html
ITC-1622,USA,Montana,MT,Hill,Hill,YES,US-CENSUS-FIPS,30041,US-FIPS:30041,STABLE_ID + LOCAL_QA_POLYGON,-110.12325029215111,48.5670625,,https://www.census.gov/geographies/reference-files/time-series/geo/gazetteer-files.2024.html
ITC-1623,USA,Montana,MT,Jefferson,Jefferson,YES,US-CENSUS-FIPS,30043,US-FIPS:30043,STABLE_ID + LOCAL_QA_POLYGON,-112.14910355948686,46.156509,,https://www.census.gov/geographies/reference-files/time-series/geo/gazetteer-files.2024.html
ITC-1624,USA,Montana,MT,Judith Basin,Judith Basin,YES,US-CENSUS-FIPS,30045,US-FIPS:30045,STABLE_ID + LOCAL_QA_POLYGON,-110.20062337988506,47.0314365,,https://www.census.gov/geographies/reference-files/time-series/geo/gazetteer-files.2024.html
ITC-1625,USA,Montana,MT,Lake,Lake,YES,US-CENSUS-FIPS,30047,US-FIPS:30047,STABLE_ID + LOCAL_QA_POLYGON,-114.12490803635458,47.5952415,,https://www.census.gov/geographies/reference-files/time-series/geo/gazetteer-files.2024.html
ITC-1626,USA,Montana,MT,Lewis and Clark,Lewis and Clark,YES,US-CENSUS-FIPS,30049,US-FIPS:30049,STABLE_ID + LOCAL_QA_POLYGON,-112.53444086180326,47.184236999999996,,https://www.census.gov/geographies/reference-files/time-series/geo/gazetteer-files.2024.html
ITC-1627,USA,Montana,MT,Liberty,Liberty,YES,US-CENSUS-FIPS,30051,US-FIPS:30051,STABLE_ID + LOCAL_QA_POLYGON,-111.01582088872591,48.559816,,https://www.census.gov/geographies/reference-files/time-series/geo/gazetteer-files.2024.html
ITC-1628,USA,Montana,MT,Lincoln,Lincoln,YES,US-CENSUS-FIPS,30053,US-FIPS:30053,STABLE_ID + LOCAL_QA_POLYGON,-115.44952466053476,48.46085208033,,https://www.census.gov/geographies/reference-files/time-series/geo/gazetteer-files.2024.html
ITC-1629,USA,Montana,MT,Madison,Madison,YES,US-CENSUS-FIPS,30057,US-FIPS:30057,STABLE_ID + LOCAL_QA_POLYGON,-111.91508873718291,45.2744265,,https://www.census.gov/geographies/reference-files/time-series/geo/gazetteer-files.2024.html
ITC-1630,USA,Montana,MT,McCone,McCone,YES,US-CENSUS-FIPS,30055,US-FIPS:30055,STABLE_ID + LOCAL_QA_POLYGON,-105.81214044410483,47.573488499999996,,https://www.census.gov/geographies/reference-files/time-series/geo/gazetteer-files.2024.html
ITC-1631,USA,Montana,MT,Meagher,Meagher,YES,US-CENSUS-FIPS,30059,US-FIPS:30059,STABLE_ID + LOCAL_QA_POLYGON,-110.82056103341915,46.6369835,,https://www.census.gov/geographies/reference-files/time-series/geo/gazetteer-files.2024.html
ITC-1632,USA,Montana,MT,Mineral,Mineral,YES,US-CENSUS-FIPS,30061,US-FIPS:30061,STABLE_ID + LOCAL_QA_POLYGON,-114.87221753671778,47.1005575,,https://www.census.gov/geographies/reference-files/time-series/geo/gazetteer-files.2024.html
ITC-1633,USA,Montana,MT,Missoula,Missoula,YES,US-CENSUS-FIPS,30063,US-FIPS:30063,STABLE_ID + LOCAL_QA_POLYGON,-113.94479453406015,47.113598999999994,,https://www.census.gov/geographies/reference-files/time-series/geo/gazetteer-files.2024.html
ITC-1634,USA,Montana,MT,Musselshell,Musselshell,YES,US-CENSUS-FIPS,30065,US-FIPS:30065,STABLE_ID + LOCAL_QA_POLYGON,-108.32123581465828,46.4386365,,https://www.census.gov/geographies/reference-files/time-series/geo/gazetteer-files.2024.html
ITC-1635,USA,Montana,MT,Park,Park,YES,US-CENSUS-FIPS,30067,US-FIPS:30067,STABLE_ID + LOCAL_QA_POLYGON,-110.50639624485488,45.596976999999995,,https://www.census.gov/geographies/reference-files/time-series/geo/gazetteer-files.2024.html
ITC-1636,USA,Montana,MT,Petroleum,Petroleum,YES,US-CENSUS-FIPS,30069,US-FIPS:30069,STABLE_ID + LOCAL_QA_POLYGON,-108.33421989874375,47.1743945,,https://www.census.gov/geographies/reference-files/time-series/geo/gazetteer-files.2024.html
ITC-1637,USA,Montana,MT,Phillips,Phillips,YES,US-CENSUS-FIPS,30071,US-FIPS:30071,STABLE_ID + LOCAL_QA_POLYGON,-107.89044189691298,48.263864999999996,,https://www.census.gov/geographies/reference-files/time-series/geo/gazetteer-files.2024.html
ITC-1638,USA,Montana,MT,Pondera,Pondera,YES,US-CENSUS-FIPS,30073,US-FIPS:30073,STABLE_ID + LOCAL_QA_POLYGON,-112.44667788528653,48.23477199999999,,https://www.census.gov/geographies/reference-files/time-series/geo/gazetteer-files.2024.html
ITC-1639,USA,Montana,MT,Powder River,Powder River,YES,US-CENSUS-FIPS,30075,US-FIPS:30075,STABLE_ID + LOCAL_QA_POLYGON,-105.61100486537225,45.4039985,,https://www.census.gov/geographies/reference-files/time-series/geo/gazetteer-files.2024.html
ITC-1640,USA,Montana,MT,Powell,Powell,YES,US-CENSUS-FIPS,30077,US-FIPS:30077,STABLE_ID + LOCAL_QA_POLYGON,-113.04922409849591,46.8869045,,https://www.census.gov/geographies/reference-files/time-series/geo/gazetteer-files.2024.html
ITC-1641,USA,Montana,MT,Prairie,Prairie,YES,US-CENSUS-FIPS,30079,US-FIPS:30079,STABLE_ID + LOCAL_QA_POLYGON,-105.42738267525553,46.861012,,https://www.census.gov/geographies/reference-files/time-series/geo/gazetteer-files.2024.html
ITC-1642,USA,Montana,MT,Ravalli,Ravalli,YES,US-CENSUS-FIPS,30081,US-FIPS:30081,STABLE_ID + LOCAL_QA_POLYGON,-114.13292686533897,46.059454,,https://www.census.gov/geographies/reference-files/time-series/geo/gazetteer-files.2024.html
ITC-1643,USA,Montana,MT,Richland,Richland,YES,US-CENSUS-FIPS,30083,US-FIPS:30083,STABLE_ID + LOCAL_QA_POLYGON,-104.63891301751953,47.754250436866,,https://www.census.gov/geographies/reference-files/time-series/geo/gazetteer-files.2024.html
ITC-1644,USA,Montana,MT,Roosevelt,Roosevelt,YES,US-CENSUS-FIPS,30085,US-FIPS:30085,STABLE_ID + LOCAL_QA_POLYGON,-104.92552474665902,48.27909,,https://www.census.gov/geographies/reference-files/time-series/geo/gazetteer-files.2024.html
ITC-1645,USA,Montana,MT,Rosebud,Rosebud,YES,US-CENSUS-FIPS,30087,US-FIPS:30087,STABLE_ID + LOCAL_QA_POLYGON,-106.56531435081496,46.0408915,,https://www.census.gov/geographies/reference-files/time-series/geo/gazetteer-files.2024.html
ITC-1646,USA,Montana,MT,Sanders,Sanders,YES,US-CENSUS-FIPS,30089,US-FIPS:30089,STABLE_ID + LOCAL_QA_POLYGON,-115.15453122099976,47.685295999999994,,https://www.census.gov/geographies/reference-files/time-series/geo/gazetteer-files.2024.html
ITC-1647,USA,Montana,MT,Sheridan,Sheridan,YES,US-CENSUS-FIPS,30091,US-FIPS:30091,STABLE_ID + LOCAL_QA_POLYGON,-104.54319667688821,48.690008999999996,,https://www.census.gov/geographies/reference-files/time-series/geo/gazetteer-files.2024.html
ITC-1648,USA,Montana,MT,Silver Bow,Silver Bow,YES,US-CENSUS-FIPS,30093,US-FIPS:30093,STABLE_ID + LOCAL_QA_POLYGON,-112.69070306843892,45.9048255,,https://www.census.gov/geographies/reference-files/time-series/geo/gazetteer-files.2024.html
ITC-1649,USA,Montana,MT,Stillwater,Stillwater,YES,US-CENSUS-FIPS,30095,US-FIPS:30095,STABLE_ID + LOCAL_QA_POLYGON,-109.21296021251314,45.6508345,,https://www.census.gov/geographies/reference-files/time-series/geo/gazetteer-files.2024.html
ITC-1650,USA,Montana,MT,Sweet Grass,Sweet Grass,YES,US-CENSUS-FIPS,30097,US-FIPS:30097,STABLE_ID + LOCAL_QA_POLYGON,-109.89097469327862,45.692849499999994,,https://www.census.gov/geographies/reference-files/time-series/geo/gazetteer-files.2024.html
ITC-1651,USA,Montana,MT,Teton,Teton,YES,US-CENSUS-FIPS,30099,US-FIPS:30099,STABLE_ID + LOCAL_QA_POLYGON,-112.16232777563818,47.8173215,,https://www.census.gov/geographies/reference-files/time-series/geo/gazetteer-files.2024.html
ITC-1652,USA,Montana,MT,Toole,Toole,YES,US-CENSUS-FIPS,30101,US-FIPS:30101,STABLE_ID + LOCAL_QA_POLYGON,-111.73129259430155,48.6129425,,https://www.census.gov/geographies/reference-files/time-series/geo/gazetteer-files.2024.html
ITC-1653,USA,Montana,MT,Treasure,Treasure,YES,US-CENSUS-FIPS,30103,US-FIPS:30103,STABLE_ID + LOCAL_QA_POLYGON,-107.23683893715949,46.170548,,https://www.census.gov/geographies/reference-files/time-series/geo/gazetteer-files.2024.html
ITC-1654,USA,Montana,MT,Valley,Valley,YES,US-CENSUS-FIPS,30105,US-FIPS:30105,STABLE_ID + LOCAL_QA_POLYGON,-106.53273682226458,48.349894,,https://www.census.gov/geographies/reference-files/time-series/geo/gazetteer-files.2024.html
ITC-1655,USA,Montana,MT,Wheatland,Wheatland,YES,US-CENSUS-FIPS,30107,US-FIPS:30107,STABLE_ID + LOCAL_QA_POLYGON,-109.8419706012566,46.449416,,https://www.census.gov/geographies/reference-files/time-series/geo/gazetteer-files.2024.html
ITC-1656,USA,Montana,MT,Wibaux,Wibaux,YES,US-CENSUS-FIPS,30109,US-FIPS:30109,STABLE_ID + LOCAL_QA_POLYGON,-104.18630084119363,47.0216975,,https://www.census.gov/geographies/reference-files/time-series/geo/gazetteer-files.2024.html
ITC-1657,USA,Montana,MT,Yellowstone,Yellowstone,YES,US-CENSUS-FIPS,30111,US-FIPS:30111,STABLE_ID + LOCAL_QA_POLYGON,-108.36005734862746,45.979881,,https://www.census.gov/geographies/reference-files/time-series/geo/gazetteer-files.2024.html
ITC-1658,USA,Nebraska,NE,Adams,Adams,YES,US-CENSUS-FIPS,31001,US-FIPS:31001,STABLE_ID + LOCAL_QA_POLYGON,-98.50113132127778,40.524911,,https://www.census.gov/geographies/reference-files/time-series/geo/gazetteer-files.2024.html
ITC-1659,USA,Nebraska,NE,Antelope,Antelope,YES,US-CENSUS-FIPS,31003,US-FIPS:31003,STABLE_ID + LOCAL_QA_POLYGON,-98.06769039440343,42.17623999999999,,https://www.census.gov/geographies/reference-files/time-series/geo/gazetteer-files.2024.html
ITC-1660,USA,Nebraska,NE,Arthur,Arthur,YES,US-CENSUS-FIPS,31005,US-FIPS:31005,STABLE_ID + LOCAL_QA_POLYGON,-101.69584339817321,41.5896345,,https://www.census.gov/geographies/reference-files/time-series/geo/gazetteer-files.2024.html
ITC-1661,USA,Nebraska,NE,Banner,Banner,YES,US-CENSUS-FIPS,31007,US-FIPS:31007,STABLE_ID + LOCAL_QA_POLYGON,-103.71006409148666,41.5492565,,https://www.census.gov/geographies/reference-files/time-series/geo/gazetteer-files.2024.html
ITC-1662,USA,Nebraska,NE,Blaine,Blaine,YES,US-CENSUS-FIPS,31009,US-FIPS:31009,STABLE_ID + LOCAL_QA_POLYGON,-99.97649546060339,41.918696999999995,,https://www.census.gov/geographies/reference-files/time-series/geo/gazetteer-files.2024.html
ITC-1663,USA,Nebraska,NE,Boone,Boone,YES,US-CENSUS-FIPS,31011,US-FIPS:31011,STABLE_ID + LOCAL_QA_POLYGON,-98.06088847699269,41.6969435,,https://www.census.gov/geographies/reference-files/time-series/geo/gazetteer-files.2024.html
ITC-1664,USA,Nebraska,NE,Box Butte,Box Butte,YES,US-CENSUS-FIPS,31013,US-FIPS:31013,STABLE_ID + LOCAL_QA_POLYGON,-103.0938969483978,42.216151499999995,,https://www.census.gov/geographies/reference-files/time-series/geo/gazetteer-files.2024.html
ITC-1665,USA,Nebraska,NE,Boyd,Boyd,YES,US-CENSUS-FIPS,31015,US-FIPS:31015,STABLE_ID + LOCAL_QA_POLYGON,-98.62502049365845,42.880275,,https://www.census.gov/geographies/reference-files/time-series/geo/gazetteer-files.2024.html
ITC-1666,USA,Nebraska,NE,Brown,Brown,YES,US-CENSUS-FIPS,31017,US-FIPS:31017,STABLE_ID + LOCAL_QA_POLYGON,-99.92963932518484,42.470158999999995,,https://www.census.gov/geographies/reference-files/time-series/geo/gazetteer-files.2024.html
ITC-1667,USA,Nebraska,NE,Buffalo,Buffalo,YES,US-CENSUS-FIPS,31019,US-FIPS:31019,STABLE_ID + LOCAL_QA_POLYGON,-99.07401558989366,40.847856,,https://www.census.gov/geographies/reference-files/time-series/geo/gazetteer-files.2024.html
ITC-1668,USA,Nebraska,NE,Burt,Burt,YES,US-CENSUS-FIPS,31021,US-FIPS:31021,STABLE_ID + LOCAL_QA_POLYGON,-96.34694984169077,41.865996499999994,,https://www.census.gov/geographies/reference-files/time-series/geo/gazetteer-files.2024.html
ITC-1669,USA,Nebraska,NE,Butler,Butler,YES,US-CENSUS-FIPS,31023,US-FIPS:31023,STABLE_ID + LOCAL_QA_POLYGON,-97.1384352648001,41.250944499999996,,https://www.census.gov/geographies/reference-files/time-series/geo/gazetteer-files.2024.html
ITC-1670,USA,Nebraska,NE,Cass,Cass,YES,US-CENSUS-FIPS,31025,US-FIPS:31025,STABLE_ID + LOCAL_QA_POLYGON,-96.15091682695389,40.92605673909695,,https://www.census.gov/geographies/reference-files/time-series/geo/gazetteer-files.2024.html
ITC-1671,USA,Nebraska,NE,Cedar,Cedar,YES,US-CENSUS-FIPS,31027,US-FIPS:31027,STABLE_ID + LOCAL_QA_POLYGON,-97.25052745981938,42.6050815,,https://www.census.gov/geographies/reference-files/time-series/geo/gazetteer-files.2024.html
ITC-1672,USA,Nebraska,NE,Chase,Chase,YES,US-CENSUS-FIPS,31029,US-FIPS:31029,STABLE_ID + LOCAL_QA_POLYGON,-101.69787906134123,40.522496000000004,,https://www.census.gov/geographies/reference-files/time-series/geo/gazetteer-files.2024.html
ITC-1673,USA,Nebraska,NE,Cherry,Cherry,YES,US-CENSUS-FIPS,31031,US-FIPS:31031,STABLE_ID + LOCAL_QA_POLYGON,-101.12487311121215,42.56103399999999,,https://www.census.gov/geographies/reference-files/time-series/geo/gazetteer-files.2024.html
ITC-1674,USA,Nebraska,NE,Cheyenne,Cheyenne,YES,US-CENSUS-FIPS,31033,US-FIPS:31033,STABLE_ID + LOCAL_QA_POLYGON,-102.9932638172418,41.220887,,https://www.census.gov/geographies/reference-files/time-series/geo/gazetteer-files.2024.html
ITC-1675,USA,Nebraska,NE,Clay,Clay,YES,US-CENSUS-FIPS,31035,US-FIPS:31035,STABLE_ID + LOCAL_QA_POLYGON,-98.05132660484877,40.524428,,https://www.census.gov/geographies/reference-files/time-series/geo/gazetteer-files.2024.html
ITC-1676,USA,Nebraska,NE,Colfax,Colfax,YES,US-CENSUS-FIPS,31037,US-FIPS:31037,STABLE_ID + LOCAL_QA_POLYGON,-97.07926955274078,41.5597925,,https://www.census.gov/geographies/reference-files/time-series/geo/gazetteer-files.2024.html
ITC-1677,USA,Nebraska,NE,Cuming,Cuming,YES,US-CENSUS-FIPS,31039,US-FIPS:31039,STABLE_ID + LOCAL_QA_POLYGON,-96.78745788750916,41.91644049999999,,https://www.census.gov/geographies/reference-files/time-series/geo/gazetteer-files.2024.html
ITC-1678,USA,Nebraska,NE,Custer,Custer,YES,US-CENSUS-FIPS,31041,US-FIPS:31041,STABLE_ID + LOCAL_QA_POLYGON,-99.72718719671371,41.393705499999996,,https://www.census.gov/geographies/reference-files/time-series/geo/gazetteer-files.2024.html
ITC-1679,USA,Nebraska,NE,Dakota,Dakota,YES,US-CENSUS-FIPS,31043,US-FIPS:31043,STABLE_ID + LOCAL_QA_POLYGON,-96.57040914751718,42.404094,,https://www.census.gov/geographies/reference-files/time-series/geo/gazetteer-files.2024.html
ITC-1680,USA,Nebraska,NE,Dawes,Dawes,YES,US-CENSUS-FIPS,31045,US-FIPS:31045,STABLE_ID + LOCAL_QA_POLYGON,-103.12693074782757,42.716221499999996,,https://www.census.gov/geographies/reference-files/time-series/geo/gazetteer-files.2024.html
ITC-1681,USA,Nebraska,NE,Dawson,Dawson,YES,US-CENSUS-FIPS,31047,US-FIPS:31047,STABLE_ID + LOCAL_QA_POLYGON,-99.82507115314837,40.865041,,https://www.census.gov/geographies/reference-files/time-series/geo/gazetteer-files.2024.html
ITC-1682,USA,Nebraska,NE,Deuel,Deuel,YES,US-CENSUS-FIPS,31049,US-FIPS:31049,STABLE_ID + LOCAL_QA_POLYGON,-102.3329766562558,41.0836465,,https://www.census.gov/geographies/reference-files/time-series/geo/gazetteer-files.2024.html
ITC-1683,USA,Nebraska,NE,Dixon,Dixon,YES,US-CENSUS-FIPS,31051,US-FIPS:31051,STABLE_ID + LOCAL_QA_POLYGON,-96.86873354131923,42.512108999999995,,https://www.census.gov/geographies/reference-files/time-series/geo/gazetteer-files.2024.html
ITC-1684,USA,Nebraska,NE,Dodge,Dodge,YES,US-CENSUS-FIPS,31053,US-FIPS:31053,STABLE_ID + LOCAL_QA_POLYGON,-96.67513814712294,41.5679465,,https://www.census.gov/geographies/reference-files/time-series/geo/gazetteer-files.2024.html
ITC-1685,USA,Nebraska,NE,Douglas,Douglas,YES,US-CENSUS-FIPS,31055,US-FIPS:31055,STABLE_ID + LOCAL_QA_POLYGON,-96.15020486322376,41.291948,,https://www.census.gov/geographies/reference-files/time-series/geo/gazetteer-files.2024.html
ITC-1686,USA,Nebraska,NE,Dundy,Dundy,YES,US-CENSUS-FIPS,31057,US-FIPS:31057,STABLE_ID + LOCAL_QA_POLYGON,-101.68853761940198,40.183788,,https://www.census.gov/geographies/reference-files/time-series/geo/gazetteer-files.2024.html
ITC-1687,USA,Nebraska,NE,Fillmore,Fillmore,YES,US-CENSUS-FIPS,31059,US-FIPS:31059,STABLE_ID + LOCAL_QA_POLYGON,-97.59651980465483,40.5245475,,https://www.census.gov/geographies/reference-files/time-series/geo/gazetteer-files.2024.html
ITC-1688,USA,Nebraska,NE,Franklin,Franklin,YES,US-CENSUS-FIPS,31061,US-FIPS:31061,STABLE_ID + LOCAL_QA_POLYGON,-98.95264387221549,40.173007,,https://www.census.gov/geographies/reference-files/time-series/geo/gazetteer-files.2024.html
ITC-1689,USA,Nebraska,NE,Frontier,Frontier,YES,US-CENSUS-FIPS,31063,US-FIPS:31063,STABLE_ID + LOCAL_QA_POLYGON,-100.3820088349855,40.51460899999999,,https://www.census.gov/geographies/reference-files/time-series/geo/gazetteer-files.2024.html
ITC-1690,USA,Nebraska,NE,Furnas,Furnas,YES,US-CENSUS-FIPS,31065,US-FIPS:31065,STABLE_ID + LOCAL_QA_POLYGON,-99.91226803879398,40.18039949999999,,https://www.census.gov/geographies/reference-files/time-series/geo/gazetteer-files.2024.html
ITC-1691,USA,Nebraska,NE,Gage,Gage,YES,US-CENSUS-FIPS,31067,US-FIPS:31067,STABLE_ID + LOCAL_QA_POLYGON,-96.68997897552137,40.262446499999996,,https://www.census.gov/geographies/reference-files/time-series/geo/gazetteer-files.2024.html
ITC-1692,USA,Nebraska,NE,Garden,Garden,YES,US-CENSUS-FIPS,31069,US-FIPS:31069,STABLE_ID + LOCAL_QA_POLYGON,-102.31124230559472,41.613889,,https://www.census.gov/geographies/reference-files/time-series/geo/gazetteer-files.2024.html
ITC-1693,USA,Nebraska,NE,Garfield,Garfield,YES,US-CENSUS-FIPS,31071,US-FIPS:31071,STABLE_ID + LOCAL_QA_POLYGON,-98.99152943726406,41.914192,,https://www.census.gov/geographies/reference-files/time-series/geo/gazetteer-files.2024.html
ITC-1694,USA,Nebraska,NE,Gosper,Gosper,YES,US-CENSUS-FIPS,31073,US-FIPS:31073,STABLE_ID + LOCAL_QA_POLYGON,-99.8126992364121,40.539767,,https://www.census.gov/geographies/reference-files/time-series/geo/gazetteer-files.2024.html
ITC-1695,USA,Nebraska,NE,Grant,Grant,YES,US-CENSUS-FIPS,31075,US-FIPS:31075,STABLE_ID + LOCAL_QA_POLYGON,-101.74648400243738,41.9374815,,https://www.census.gov/geographies/reference-files/time-series/geo/gazetteer-files.2024.html
ITC-1696,USA,Nebraska,NE,Greeley,Greeley,YES,US-CENSUS-FIPS,31077,US-FIPS:31077,STABLE_ID + LOCAL_QA_POLYGON,-98.5212524026023,41.5674655,,https://www.census.gov/geographies/reference-files/time-series/geo/gazetteer-files.2024.html
ITC-1697,USA,Nebraska,NE,Hall,Hall,YES,US-CENSUS-FIPS,31079,US-FIPS:31079,STABLE_ID + LOCAL_QA_POLYGON,-98.50224173090675,40.872812499999995,,https://www.census.gov/geographies/reference-files/time-series/geo/gazetteer-files.2024.html
ITC-1698,USA,Nebraska,NE,Hamilton,Hamilton,YES,US-CENSUS-FIPS,31081,US-FIPS:31081,STABLE_ID + LOCAL_QA_POLYGON,-98.01721773009649,40.936983,,https://www.census.gov/geographies/reference-files/time-series/geo/gazetteer-files.2024.html
ITC-1699,USA,Nebraska,NE,Harlan,Harlan,YES,US-CENSUS-FIPS,31083,US-FIPS:31083,STABLE_ID + LOCAL_QA_POLYGON,-99.40452316286903,40.180656,,https://www.census.gov/geographies/reference-files/time-series/geo/gazetteer-files.2024.html
ITC-1700,USA,Nebraska,NE,Hayes,Hayes,YES,US-CENSUS-FIPS,31085,US-FIPS:31085,STABLE_ID + LOCAL_QA_POLYGON,-101.06334365913582,40.520697999999996,,https://www.census.gov/geographies/reference-files/time-series/geo/gazetteer-files.2024.html
ITC-1701,USA,Nebraska,NE,Hitchcock,Hitchcock,YES,US-CENSUS-FIPS,31087,US-FIPS:31087,STABLE_ID + LOCAL_QA_POLYGON,-101.04304037722878,40.183788,,https://www.census.gov/geographies/reference-files/time-series/geo/gazetteer-files.2024.html
ITC-1702,USA,Nebraska,NE,Holt,Holt,YES,US-CENSUS-FIPS,31089,US-FIPS:31089,STABLE_ID + LOCAL_QA_POLYGON,-98.77511959145534,42.485536499999995,,https://www.census.gov/geographies/reference-files/time-series/geo/gazetteer-files.2024.html
ITC-1703,USA,Nebraska,NE,Hooker,Hooker,YES,US-CENSUS-FIPS,31091,US-FIPS:31091,STABLE_ID + LOCAL_QA_POLYGON,-101.13525831432074,41.912,,https://www.census.gov/geographies/reference-files/time-series/geo/gazetteer-files.2024.html
ITC-1704,USA,Nebraska,NE,Howard,Howard,YES,US-CENSUS-FIPS,31093,US-FIPS:31093,STABLE_ID + LOCAL_QA_POLYGON,-98.51715464855752,41.231292499999995,,https://www.census.gov/geographies/reference-files/time-series/geo/gazetteer-files.2024.html
ITC-1705,USA,Nebraska,NE,Jefferson,Jefferson,YES,US-CENSUS-FIPS,31095,US-FIPS:31095,STABLE_ID + LOCAL_QA_POLYGON,-97.14276378876914,40.175917,,https://www.census.gov/geographies/reference-files/time-series/geo/gazetteer-files.2024.html
ITC-1706,USA,Nebraska,NE,Johnson,Johnson,YES,US-CENSUS-FIPS,31097,US-FIPS:31097,STABLE_ID + LOCAL_QA_POLYGON,-96.26492594519652,40.3853435,,https://www.census.gov/geographies/reference-files/time-series/geo/gazetteer-files.2024.html
ITC-1707,USA,Nebraska,NE,Kearney,Kearney,YES,US-CENSUS-FIPS,31099,US-FIPS:31099,STABLE_ID + LOCAL_QA_POLYGON,-98.95175608629941,40.52078349999999,,https://www.census.gov/geographies/reference-files/time-series/geo/gazetteer-files.2024.html
ITC-1708,USA,Nebraska,NE,Keith,Keith,YES,US-CENSUS-FIPS,31101,US-FIPS:31101,STABLE_ID + LOCAL_QA_POLYGON,-101.66282403799246,41.1997585,,https://www.census.gov/geographies/reference-files/time-series/geo/gazetteer-files.2024.html
ITC-1709,USA,Nebraska,NE,Keya Paha,Keya Paha,YES,US-CENSUS-FIPS,31103,US-FIPS:31103,STABLE_ID + LOCAL_QA_POLYGON,-99.72790729338647,42.878305999999995,,https://www.census.gov/geographies/reference-files/time-series/geo/gazetteer-files.2024.html
ITC-1710,USA,Nebraska,NE,Kimball,Kimball,YES,US-CENSUS-FIPS,31105,US-FIPS:31105,STABLE_ID + LOCAL_QA_POLYGON,-103.71469290717187,41.188708500000004,,https://www.census.gov/geographies/reference-files/time-series/geo/gazetteer-files.2024.html
ITC-1711,USA,Nebraska,NE,Knox,Knox,YES,US-CENSUS-FIPS,31107,US-FIPS:31107,STABLE_ID + LOCAL_QA_POLYGON,-97.89543973193003,42.662530499999995,,https://www.census.gov/geographies/reference-files/time-series/geo/gazetteer-files.2024.html
ITC-1712,USA,Nebraska,NE,Lancaster,Lancaster,YES,US-CENSUS-FIPS,31109,US-FIPS:31109,STABLE_ID + LOCAL_QA_POLYGON,-96.68725826551787,40.784452,,https://www.census.gov/geographies/reference-files/time-series/geo/gazetteer-files.2024.html
ITC-1713,USA,Nebraska,NE,Lincoln,Lincoln,YES,US-CENSUS-FIPS,31111,US-FIPS:31111,STABLE_ID + LOCAL_QA_POLYGON,-100.73715593283208,41.025242999999996,,https://www.census.gov/geographies/reference-files/time-series/geo/gazetteer-files.2024.html
ITC-1714,USA,Nebraska,NE,Logan,Logan,YES,US-CENSUS-FIPS,31113,US-FIPS:31113,STABLE_ID + LOCAL_QA_POLYGON,-100.48366185585655,41.5557065,,https://www.census.gov/geographies/reference-files/time-series/geo/gazetteer-files.2024.html
ITC-1715,USA,Nebraska,NE,Loup,Loup,YES,US-CENSUS-FIPS,31115,US-FIPS:31115,STABLE_ID + LOCAL_QA_POLYGON,-99.4543291480094,41.896556000000004,,https://www.census.gov/geographies/reference-files/time-series/geo/gazetteer-files.2024.html
ITC-1716,USA,Nebraska,NE,Madison,Madison,YES,US-CENSUS-FIPS,31119,US-FIPS:31119,STABLE_ID + LOCAL_QA_POLYGON,-97.6007303767617,41.916645,,https://www.census.gov/geographies/reference-files/time-series/geo/gazetteer-files.2024.html
ITC-1717,USA,Nebraska,NE,McPherson,McPherson,YES,US-CENSUS-FIPS,31117,US-FIPS:31117,STABLE_ID + LOCAL_QA_POLYGON,-101.06046548809456,41.5677435,,https://www.census.gov/geographies/reference-files/time-series/geo/gazetteer-files.2024.html
ITC-1718,USA,Nebraska,NE,Merrick,Merrick,YES,US-CENSUS-FIPS,31121,US-FIPS:31121,STABLE_ID + LOCAL_QA_POLYGON,-98.07393627939035,41.137041499999995,,https://www.census.gov/geographies/reference-files/time-series/geo/gazetteer-files.2024.html
ITC-1719,USA,Nebraska,NE,Morrill,Morrill,YES,US-CENSUS-FIPS,31123,US-FIPS:31123,STABLE_ID + LOCAL_QA_POLYGON,-103.00446514673823,41.7194525,,https://www.census.gov/geographies/reference-files/time-series/geo/gazetteer-files.2024.html
ITC-1720,USA,Nebraska,NE,Nance,Nance,YES,US-CENSUS-FIPS,31125,US-FIPS:31125,STABLE_ID + LOCAL_QA_POLYGON,-97.99760769252472,41.402131499999996,,https://www.census.gov/geographies/reference-files/time-series/geo/gazetteer-files.2024.html
ITC-1721,USA,Nebraska,NE,Nemaha,Nemaha,YES,US-CENSUS-FIPS,31127,US-FIPS:31127,STABLE_ID + LOCAL_QA_POLYGON,-95.86327757150855,40.4123185,,https://www.census.gov/geographies/reference-files/time-series/geo/gazetteer-files.2024.html
ITC-1722,USA,Nebraska,NE,Nuckolls,Nuckolls,YES,US-CENSUS-FIPS,31129,US-FIPS:31129,STABLE_ID + LOCAL_QA_POLYGON,-98.04721853763539,40.161863999999994,,https://www.census.gov/geographies/reference-files/time-series/geo/gazetteer-files.2024.html
ITC-1723,USA,Nebraska,NE,Otoe,Otoe,YES,US-CENSUS-FIPS,31131,US-FIPS:31131,STABLE_ID + LOCAL_QA_POLYGON,-96.12402892540419,40.6552625,,https://www.census.gov/geographies/reference-files/time-series/geo/gazetteer-files.2024.html
ITC-1724,USA,Nebraska,NE,Pawnee,Pawnee,YES,US-CENSUS-FIPS,31133,US-FIPS:31133,STABLE_ID + LOCAL_QA_POLYGON,-96.23702275442511,40.142022499999996,,https://www.census.gov/geographies/reference-files/time-series/geo/gazetteer-files.2024.html
ITC-1725,USA,Nebraska,NE,Perkins,Perkins,YES,US-CENSUS-FIPS,31135,US-FIPS:31135,STABLE_ID + LOCAL_QA_POLYGON,-101.64973592223008,40.8252415,,https://www.census.gov/geographies/reference-files/time-series/geo/gazetteer-files.2024.html
ITC-1726,USA,Nebraska,NE,Phelps,Phelps,YES,US-CENSUS-FIPS,31137,US-FIPS:31137,STABLE_ID + LOCAL_QA_POLYGON,-99.41179202998325,40.52126,,https://www.census.gov/geographies/reference-files/time-series/geo/gazetteer-files.2024.html
ITC-1727,USA,Nebraska,NE,Pierce,Pierce,YES,US-CENSUS-FIPS,31139,US-FIPS:31139,STABLE_ID + LOCAL_QA_POLYGON,-97.60141342763092,42.26429399999999,,https://www.census.gov/geographies/reference-files/time-series/geo/gazetteer-files.2024.html
ITC-1728,USA,Nebraska,NE,Platte,Platte,YES,US-CENSUS-FIPS,31141,US-FIPS:31141,STABLE_ID + LOCAL_QA_POLYGON,-97.54136212561812,41.5408055,,https://www.census.gov/geographies/reference-files/time-series/geo/gazetteer-files.2024.html
ITC-1729,USA,Nebraska,NE,Polk,Polk,YES,US-CENSUS-FIPS,31143,US-FIPS:31143,STABLE_ID + LOCAL_QA_POLYGON,-97.57000291370466,41.2279745,,https://www.census.gov/geographies/reference-files/time-series/geo/gazetteer-files.2024.html
ITC-1730,USA,Nebraska,NE,Red Willow,Red Willow,YES,US-CENSUS-FIPS,31145,US-FIPS:31145,STABLE_ID + LOCAL_QA_POLYGON,-100.47778857184755,40.19315399999999,,https://www.census.gov/geographies/reference-files/time-series/geo/gazetteer-files.2024.html
ITC-1731,USA,Nebraska,NE,Richardson,Richardson,YES,US-CENSUS-FIPS,31147,US-FIPS:31147,STABLE_ID + LOCAL_QA_POLYGON,-95.71517005307689,40.130883999999995,,https://www.census.gov/geographies/reference-files/time-series/geo/gazetteer-files.2024.html
ITC-1732,USA,Nebraska,NE,Rock,Rock,YES,US-CENSUS-FIPS,31149,US-FIPS:31149,STABLE_ID + LOCAL_QA_POLYGON,-99.46034467071397,42.44584449999999,,https://www.census.gov/geographies/reference-files/time-series/geo/gazetteer-files.2024.html
ITC-1733,USA,Nebraska,NE,Saline,Saline,YES,US-CENSUS-FIPS,31151,US-FIPS:31151,STABLE_ID + LOCAL_QA_POLYGON,-97.14062620191046,40.5240605,,https://www.census.gov/geographies/reference-files/time-series/geo/gazetteer-files.2024.html
ITC-1734,USA,Nebraska,NE,Sarpy,Sarpy,YES,US-CENSUS-FIPS,31153,US-FIPS:31153,STABLE_ID + LOCAL_QA_POLYGON,-96.10070569387338,41.09201090024075,,https://www.census.gov/geographies/reference-files/time-series/geo/gazetteer-files.2024.html
ITC-1735,USA,Nebraska,NE,Saunders,Saunders,YES,US-CENSUS-FIPS,31155,US-FIPS:31155,STABLE_ID + LOCAL_QA_POLYGON,-96.63707145776031,41.234836,,https://www.census.gov/geographies/reference-files/time-series/geo/gazetteer-files.2024.html
ITC-1736,USA,Nebraska,NE,Scotts Bluff,Scotts Bluff,YES,US-CENSUS-FIPS,31157,US-FIPS:31157,STABLE_ID + LOCAL_QA_POLYGON,-103.70728307329712,41.84355084203235,,https://www.census.gov/geographies/reference-files/time-series/geo/gazetteer-files.2024.html
ITC-1737,USA,Nebraska,NE,Seward,Seward,YES,US-CENSUS-FIPS,31159,US-FIPS:31159,STABLE_ID + LOCAL_QA_POLYGON,-97.1394140346392,40.87238599999999,,https://www.census.gov/geographies/reference-files/time-series/geo/gazetteer-files.2024.html
ITC-1738,USA,Nebraska,NE,Sheridan,Sheridan,YES,US-CENSUS-FIPS,31161,US-FIPS:31161,STABLE_ID + LOCAL_QA_POLYGON,-102.41978840179067,42.504531,,https://www.census.gov/geographies/reference-files/time-series/geo/gazetteer-files.2024.html
ITC-1739,USA,Nebraska,NE,Sherman,Sherman,YES,US-CENSUS-FIPS,31163,US-FIPS:31163,STABLE_ID + LOCAL_QA_POLYGON,-98.97618785319347,41.228179,,https://www.census.gov/geographies/reference-files/time-series/geo/gazetteer-files.2024.html
ITC-1740,USA,Nebraska,NE,Sioux,Sioux,YES,US-CENSUS-FIPS,31165,US-FIPS:31165,STABLE_ID + LOCAL_QA_POLYGON,-103.76674238735089,42.504822,,https://www.census.gov/geographies/reference-files/time-series/geo/gazetteer-files.2024.html
ITC-1741,USA,Nebraska,NE,Stanton,Stanton,YES,US-CENSUS-FIPS,31167,US-FIPS:31167,STABLE_ID + LOCAL_QA_POLYGON,-97.19395492765469,41.91383999999999,,https://www.census.gov/geographies/reference-files/time-series/geo/gazetteer-files.2024.html
ITC-1742,USA,Nebraska,NE,Thayer,Thayer,YES,US-CENSUS-FIPS,31169,US-FIPS:31169,STABLE_ID + LOCAL_QA_POLYGON,-97.59496600836047,40.1762495,,https://www.census.gov/geographies/reference-files/time-series/geo/gazetteer-files.2024.html
ITC-1743,USA,Nebraska,NE,Thomas,Thomas,YES,US-CENSUS-FIPS,31171,US-FIPS:31171,STABLE_ID + LOCAL_QA_POLYGON,-100.55582174760218,41.940957,,https://www.census.gov/geographies/reference-files/time-series/geo/gazetteer-files.2024.html
ITC-1744,USA,Nebraska,NE,Thurston,Thurston,YES,US-CENSUS-FIPS,31173,US-FIPS:31173,STABLE_ID + LOCAL_QA_POLYGON,-96.57069649623944,42.144909,,https://www.census.gov/geographies/reference-files/time-series/geo/gazetteer-files.2024.html
ITC-1745,USA,Nebraska,NE,Valley,Valley,YES,US-CENSUS-FIPS,31175,US-FIPS:31175,STABLE_ID + LOCAL_QA_POLYGON,-98.98168154783033,41.53378,,https://www.census.gov/geographies/reference-files/time-series/geo/gazetteer-files.2024.html
ITC-1746,USA,Nebraska,NE,Washington,Washington,YES,US-CENSUS-FIPS,31177,US-FIPS:31177,STABLE_ID + LOCAL_QA_POLYGON,-96.26787567353145,41.535228499999995,,https://www.census.gov/geographies/reference-files/time-series/geo/gazetteer-files.2024.html
ITC-1747,USA,Nebraska,NE,Wayne,Wayne,YES,US-CENSUS-FIPS,31179,US-FIPS:31179,STABLE_ID + LOCAL_QA_POLYGON,-97.09554865705232,42.228381999999996,,https://www.census.gov/geographies/reference-files/time-series/geo/gazetteer-files.2024.html
ITC-1748,USA,Nebraska,NE,Webster,Webster,YES,US-CENSUS-FIPS,31181,US-FIPS:31181,STABLE_ID + LOCAL_QA_POLYGON,-98.49985423078513,40.173016000000004,,https://www.census.gov/geographies/reference-files/time-series/geo/gazetteer-files.2024.html
ITC-1749,USA,Nebraska,NE,Wheeler,Wheeler,YES,US-CENSUS-FIPS,31183,US-FIPS:31183,STABLE_ID + LOCAL_QA_POLYGON,-98.52811500036523,41.9143775,,https://www.census.gov/geographies/reference-files/time-series/geo/gazetteer-files.2024.html
ITC-1750,USA,Nebraska,NE,York,York,YES,US-CENSUS-FIPS,31185,US-FIPS:31185,STABLE_ID + LOCAL_QA_POLYGON,-97.5971972762598,40.872585,,https://www.census.gov/geographies/reference-files/time-series/geo/gazetteer-files.2024.html
ITC-1751,USA,Nevada,NV,Carson City,Carson City,YES,US-CENSUS-FIPS,32510,US-FIPS:32510,STABLE_ID + LOCAL_QA_POLYGON,-119.72331247475047,39.167145500000004,,https://www.census.gov/geographies/reference-files/time-series/geo/gazetteer-files.2024.html
ITC-1752,USA,Nevada,NV,Churchill,Churchill,YES,US-CENSUS-FIPS,32001,US-FIPS:32001,STABLE_ID + LOCAL_QA_POLYGON,-118.30479522169381,39.537152,,https://www.census.gov/geographies/reference-files/time-series/geo/gazetteer-files.2024.html
ITC-1753,USA,Nevada,NV,Clark,Clark,YES,US-CENSUS-FIPS,32003,US-FIPS:32003,STABLE_ID + LOCAL_QA_POLYGON,-115.2490518159892,35.9201865,,https://www.census.gov/geographies/reference-files/time-series/geo/gazetteer-files.2024.html
ITC-1754,USA,Nevada,NV,Douglas,Douglas,YES,US-CENSUS-FIPS,32005,US-FIPS:32005,STABLE_ID + LOCAL_QA_POLYGON,-119.58579738345722,38.826667043299594,,https://www.census.gov/geographies/reference-files/time-series/geo/gazetteer-files.2024.html
ITC-1755,USA,Nevada,NV,Elko,Elko,YES,US-CENSUS-FIPS,32007,US-FIPS:32007,STABLE_ID + LOCAL_QA_POLYGON,-115.53013786694858,41.058564848358245,,https://www.census.gov/geographies/reference-files/time-series/geo/gazetteer-files.2024.html
ITC-1756,USA,Nevada,NV,Esmeralda,Esmeralda,YES,US-CENSUS-FIPS,32009,US-FIPS:32009,STABLE_ID + LOCAL_QA_POLYGON,-117.65623440038999,37.6931763501979,,https://www.census.gov/geographies/reference-files/time-series/geo/gazetteer-files.2024.html
ITC-1757,USA,Nevada,NV,Eureka,Eureka,YES,US-CENSUS-FIPS,32011,US-FIPS:32011,STABLE_ID + LOCAL_QA_POLYGON,-116.21944727892483,40.082399499999994,,https://www.census.gov/geographies/reference-files/time-series/geo/gazetteer-files.2024.html
ITC-1758,USA,Nevada,NV,Humboldt,Humboldt,YES,US-CENSUS-FIPS,32013,US-FIPS:32013,STABLE_ID + LOCAL_QA_POLYGON,-118.16171908644617,41.273116,,https://www.census.gov/geographies/reference-files/time-series/geo/gazetteer-files.2024.html
ITC-1759,USA,Nevada,NV,Lander,Lander,YES,US-CENSUS-FIPS,32015,US-FIPS:32015,STABLE_ID + LOCAL_QA_POLYGON,-117.05789521312599,40.036655499999995,,https://www.census.gov/geographies/reference-files/time-series/geo/gazetteer-files.2024.html
ITC-1760,USA,Nevada,NV,Lincoln,Lincoln,YES,US-CENSUS-FIPS,32017,US-FIPS:32017,STABLE_ID + LOCAL_QA_POLYGON,-114.972670857405,37.760931,,https://www.census.gov/geographies/reference-files/time-series/geo/gazetteer-files.2024.html
ITC-1761,USA,Nevada,NV,Lyon,Lyon,YES,US-CENSUS-FIPS,32019,US-FIPS:32019,STABLE_ID + LOCAL_QA_POLYGON,-119.0327727081893,39.0791225,,https://www.census.gov/geographies/reference-files/time-series/geo/gazetteer-files.2024.html
ITC-1762,USA,Nevada,NV,Mineral,Mineral,YES,US-CENSUS-FIPS,32021,US-FIPS:32021,STABLE_ID + LOCAL_QA_POLYGON,-118.30588888560276,38.4868605,,https://www.census.gov/geographies/reference-files/time-series/geo/gazetteer-files.2024.html
ITC-1763,USA,Nevada,NV,Nye,Nye,YES,US-CENSUS-FIPS,32023,US-FIPS:32023,STABLE_ID + LOCAL_QA_POLYGON,-116.53057134827141,37.631603999999996,,https://www.census.gov/geographies/reference-files/time-series/geo/gazetteer-files.2024.html
ITC-1764,USA,Nevada,NV,Pershing,Pershing,YES,US-CENSUS-FIPS,32027,US-FIPS:32027,STABLE_ID + LOCAL_QA_POLYGON,-118.339222499307,40.4402845,,https://www.census.gov/geographies/reference-files/time-series/geo/gazetteer-files.2024.html
ITC-1765,USA,Nevada,NV,Storey,Storey,YES,US-CENSUS-FIPS,32029,US-FIPS:32029,STABLE_ID + LOCAL_QA_POLYGON,-119.53244736133408,39.4394575,,https://www.census.gov/geographies/reference-files/time-series/geo/gazetteer-files.2024.html
ITC-1766,USA,Nevada,NV,Washoe,Washoe,YES,US-CENSUS-FIPS,32031,US-FIPS:32031,STABLE_ID + LOCAL_QA_POLYGON,-119.65470148851378,40.571577,,https://www.census.gov/geographies/reference-files/time-series/geo/gazetteer-files.2024.html
ITC-1767,USA,Nevada,NV,White Pine,White Pine,YES,US-CENSUS-FIPS,32033,US-FIPS:32033,STABLE_ID + LOCAL_QA_POLYGON,-114.9774199480623,39.4166135,,https://www.census.gov/geographies/reference-files/time-series/geo/gazetteer-files.2024.html
ITC-1768,USA,New Hampshire,NH,Belknap,Belknap,YES,US-CENSUS-FIPS,33001,US-FIPS:33001,STABLE_ID + LOCAL_QA_POLYGON,-71.43523157552929,43.5223395,,https://www.census.gov/geographies/reference-files/time-series/geo/gazetteer-files.2024.html
ITC-1769,USA,New Hampshire,NH,Carroll,Carroll,YES,US-CENSUS-FIPS,33003,US-FIPS:33003,STABLE_ID + LOCAL_QA_POLYGON,-71.27749563668488,43.88533616533435,,https://www.census.gov/geographies/reference-files/time-series/geo/gazetteer-files.2024.html
ITC-1770,USA,New Hampshire,NH,Cheshire,Cheshire,YES,US-CENSUS-FIPS,33005,US-FIPS:33005,STABLE_ID + LOCAL_QA_POLYGON,-72.29751251130682,42.9475505,,https://www.census.gov/geographies/reference-files/time-series/geo/gazetteer-files.2024.html
ITC-1771,USA,New Hampshire,NH,Coos,Coos,YES,US-CENSUS-FIPS,33007,US-FIPS:33007,STABLE_ID + LOCAL_QA_POLYGON,-71.31472239240279,44.6954585,,https://www.census.gov/geographies/reference-files/time-series/geo/gazetteer-files.2024.html
ITC-1772,USA,New Hampshire,NH,Grafton,Grafton,YES,US-CENSUS-FIPS,33009,US-FIPS:33009,STABLE_ID + LOCAL_QA_POLYGON,-71.73359286382825,43.9678225,,https://www.census.gov/geographies/reference-files/time-series/geo/gazetteer-files.2024.html
ITC-1773,USA,New Hampshire,NH,Hillsborough,Hillsborough,YES,US-CENSUS-FIPS,33011,US-FIPS:33011,STABLE_ID + LOCAL_QA_POLYGON,-71.72067236710035,42.9565135,,https://www.census.gov/geographies/reference-files/time-series/geo/gazetteer-files.2024.html
ITC-1774,USA,New Hampshire,NH,Merrimack,Merrimack,YES,US-CENSUS-FIPS,33013,US-FIPS:33013,STABLE_ID + LOCAL_QA_POLYGON,-71.68040486286077,43.307573500000004,,https://www.census.gov/geographies/reference-files/time-series/geo/gazetteer-files.2024.html
ITC-1775,USA,New Hampshire,NH,Rockingham,Rockingham,YES,US-CENSUS-FIPS,33015,US-FIPS:33015,STABLE_ID + LOCAL_QA_POLYGON,-71.06804098477309,43.005844499999995,,https://www.census.gov/geographies/reference-files/time-series/geo/gazetteer-files.2024.html
ITC-1776,USA,New Hampshire,NH,Strafford,Strafford,YES,US-CENSUS-FIPS,33017,US-FIPS:33017,STABLE_ID + LOCAL_QA_POLYGON,-71.0590878600168,43.3271685,,https://www.census.gov/geographies/reference-files/time-series/geo/gazetteer-files.2024.html
ITC-1777,USA,New Hampshire,NH,Sullivan,Sullivan,YES,US-CENSUS-FIPS,33019,US-FIPS:33019,STABLE_ID + LOCAL_QA_POLYGON,-72.23723348348634,43.365084499999995,,https://www.census.gov/geographies/reference-files/time-series/geo/gazetteer-files.2024.html
ITC-1778,USA,New Jersey,NJ,Atlantic,Atlantic,YES,US-CENSUS-FIPS,34001,US-FIPS:34001,STABLE_ID + LOCAL_QA_POLYGON,-74.68275730125549,39.510087999999996,,https://www.census.gov/geographies/reference-files/time-series/geo/gazetteer-files.2024.html
ITC-1779,USA,New Jersey,NJ,Bergen,Bergen,YES,US-CENSUS-FIPS,34003,US-FIPS:34003,STABLE_ID + LOCAL_QA_POLYGON,-74.02823968984961,40.945389999999996,,https://www.census.gov/geographies/reference-files/time-series/geo/gazetteer-files.2024.html
ITC-1780,USA,New Jersey,NJ,Burlington,Burlington,YES,US-CENSUS-FIPS,34005,US-FIPS:34005,STABLE_ID + LOCAL_QA_POLYGON,-74.68225934097356,39.864819499999996,,https://www.census.gov/geographies/reference-files/time-series/geo/gazetteer-files.2024.html
ITC-1781,USA,New Jersey,NJ,Camden,Camden,YES,US-CENSUS-FIPS,34007,US-FIPS:34007,STABLE_ID + LOCAL_QA_POLYGON,-74.98995136805382,39.8020635,,https://www.census.gov/geographies/reference-files/time-series/geo/gazetteer-files.2024.html
ITC-1782,USA,New Jersey,NJ,Cape May,Cape May,YES,US-CENSUS-FIPS,34009,US-FIPS:34009,STABLE_ID + LOCAL_QA_POLYGON,-74.79949761718906,39.12671679870965,,https://www.census.gov/geographies/reference-files/time-series/geo/gazetteer-files.2024.html
ITC-1783,USA,New Jersey,NJ,Cumberland,Cumberland,YES,US-CENSUS-FIPS,34011,US-FIPS:34011,STABLE_ID + LOCAL_QA_POLYGON,-75.1246255646868,39.372996383305505,,https://www.census.gov/geographies/reference-files/time-series/geo/gazetteer-files.2024.html
ITC-1784,USA,New Jersey,NJ,Essex,Essex,YES,US-CENSUS-FIPS,34013,US-FIPS:34013,STABLE_ID + LOCAL_QA_POLYGON,-74.25534853976359,40.791124499999995,,https://www.census.gov/geographies/reference-files/time-series/geo/gazetteer-files.2024.html
ITC-1785,USA,New Jersey,NJ,Gloucester,Gloucester,YES,US-CENSUS-FIPS,34015,US-FIPS:34015,STABLE_ID + LOCAL_QA_POLYGON,-75.14581553228541,39.7011705,,https://www.census.gov/geographies/reference-files/time-series/geo/gazetteer-files.2024.html
ITC-1786,USA,New Jersey,NJ,Hudson,Hudson,YES,US-CENSUS-FIPS,34017,US-FIPS:34017,STABLE_ID + LOCAL_QA_POLYGON,-74.06884577965846,40.73299,,https://www.census.gov/geographies/reference-files/time-series/geo/gazetteer-files.2024.html
ITC-1787,USA,New Jersey,NJ,Hunterdon,Hunterdon,YES,US-CENSUS-FIPS,34019,US-FIPS:34019,STABLE_ID + LOCAL_QA_POLYGON,-74.91244330909993,40.56384,,https://www.census.gov/geographies/reference-files/time-series/geo/gazetteer-files.2024.html
ITC-1788,USA,New Jersey,NJ,Mercer,Mercer,YES,US-CENSUS-FIPS,34021,US-FIPS:34021,STABLE_ID + LOCAL_QA_POLYGON,-74.68196700225347,40.2806585,,https://www.census.gov/geographies/reference-files/time-series/geo/gazetteer-files.2024.html
ITC-1789,USA,New Jersey,NJ,Middlesex,Middlesex,YES,US-CENSUS-FIPS,34023,US-FIPS:34023,STABLE_ID + LOCAL_QA_POLYGON,-74.40043083955004,40.430628,,https://www.census.gov/geographies/reference-files/time-series/geo/gazetteer-files.2024.html
ITC-1790,USA,New Jersey,NJ,Monmouth,Monmouth,YES,US-CENSUS-FIPS,34025,US-FIPS:34025,STABLE_ID + LOCAL_QA_POLYGON,-74.19087422146602,40.27743032299805,,https://www.census.gov/geographies/reference-files/time-series/geo/gazetteer-files.2024.html
ITC-1791,USA,New Jersey,NJ,Morris,Morris,YES,US-CENSUS-FIPS,34027,US-FIPS:34027,STABLE_ID + LOCAL_QA_POLYGON,-74.57171537757341,40.867363499999996,,https://www.census.gov/geographies/reference-files/time-series/geo/gazetteer-files.2024.html
ITC-1792,USA,New Jersey,NJ,Ocean,Ocean,YES,US-CENSUS-FIPS,34029,US-FIPS:34029,STABLE_ID + LOCAL_QA_POLYGON,-74.25601967011295,39.8389935,,https://www.census.gov/geographies/reference-files/time-series/geo/gazetteer-files.2024.html
ITC-1793,USA,New Jersey,NJ,Passaic,Passaic,YES,US-CENSUS-FIPS,34031,US-FIPS:34031,STABLE_ID + LOCAL_QA_POLYGON,-74.30791286760603,41.011545,,https://www.census.gov/geographies/reference-files/time-series/geo/gazetteer-files.2024.html
ITC-1794,USA,New Jersey,NJ,Salem,Salem,YES,US-CENSUS-FIPS,34033,US-FIPS:34033,STABLE_ID + LOCAL_QA_POLYGON,-75.30596888145526,39.5850575,,https://www.census.gov/geographies/reference-files/time-series/geo/gazetteer-files.2024.html
ITC-1795,USA,New Jersey,NJ,Somerset,Somerset,YES,US-CENSUS-FIPS,34035,US-FIPS:34035,STABLE_ID + LOCAL_QA_POLYGON,-74.62495016698253,40.5663285,,https://www.census.gov/geographies/reference-files/time-series/geo/gazetteer-files.2024.html
ITC-1796,USA,New Jersey,NJ,Sussex,Sussex,YES,US-CENSUS-FIPS,34037,US-FIPS:34037,STABLE_ID + LOCAL_QA_POLYGON,-74.70052448587272,41.127672000000004,,https://www.census.gov/geographies/reference-files/time-series/geo/gazetteer-files.2024.html
ITC-1797,USA,New Jersey,NJ,Union,Union,YES,US-CENSUS-FIPS,34039,US-FIPS:34039,STABLE_ID + LOCAL_QA_POLYGON,-74.27344799732288,40.6658955,,https://www.census.gov/geographies/reference-files/time-series/geo/gazetteer-files.2024.html
ITC-1798,USA,New Jersey,NJ,Warren,Warren,YES,US-CENSUS-FIPS,34041,US-FIPS:34041,STABLE_ID + LOCAL_QA_POLYGON,-74.95958448005646,40.842153499999995,,https://www.census.gov/geographies/reference-files/time-series/geo/gazetteer-files.2024.html
ITC-1799,USA,New Mexico,NM,Bernalillo,Bernalillo,YES,US-CENSUS-FIPS,35001,US-FIPS:35001,STABLE_ID + LOCAL_QA_POLYGON,-106.67641141945265,35.042362999999995,,https://www.census.gov/geographies/reference-files/time-series/geo/gazetteer-files.2024.html
ITC-1800,USA,New Mexico,NM,Catron,Catron,YES,US-CENSUS-FIPS,35003,US-FIPS:35003,STABLE_ID + LOCAL_QA_POLYGON,-108.38135746907338,33.9158994998356,,https://www.census.gov/geographies/reference-files/time-series/geo/gazetteer-files.2024.html
ITC-1801,USA,New Mexico,NM,Chaves,Chaves,YES,US-CENSUS-FIPS,35005,US-FIPS:35005,STABLE_ID + LOCAL_QA_POLYGON,-104.33533709761821,33.285475500000004,,https://www.census.gov/geographies/reference-files/time-series/geo/gazetteer-files.2024.html
ITC-1802,USA,New Mexico,NM,Cibola,Cibola,YES,US-CENSUS-FIPS,35006,US-FIPS:35006,STABLE_ID + LOCAL_QA_POLYGON,-107.77221953644042,34.9740915,,https://www.census.gov/geographies/reference-files/time-series/geo/gazetteer-files.2024.html
ITC-1803,USA,New Mexico,NM,Colfax,Colfax,YES,US-CENSUS-FIPS,35007,US-FIPS:35007,STABLE_ID + LOCAL_QA_POLYGON,-104.69106773131654,36.6076475,,https://www.census.gov/geographies/reference-files/time-series/geo/gazetteer-files.2024.html
ITC-1804,USA,New Mexico,NM,Curry,Curry,YES,US-CENSUS-FIPS,35009,US-FIPS:35009,STABLE_ID + LOCAL_QA_POLYGON,-103.37472096839448,34.6357765273934,,https://www.census.gov/geographies/reference-files/time-series/geo/gazetteer-files.2024.html
ITC-1805,USA,New Mexico,NM,De Baca,De Baca,YES,US-CENSUS-FIPS,35011,US-FIPS:35011,STABLE_ID + LOCAL_QA_POLYGON,-104.42049164681833,34.368564,,https://www.census.gov/geographies/reference-files/time-series/geo/gazetteer-files.2024.html
ITC-1806,USA,New Mexico,NM,Dona Ana,Dona Ana,YES,US-CENSUS-FIPS,35013,US-FIPS:35013,STABLE_ID + LOCAL_QA_POLYGON,-106.83759924195128,32.44103,,https://www.census.gov/geographies/reference-files/time-series/geo/gazetteer-files.2024.html
ITC-1807,USA,New Mexico,NM,Eddy,Eddy,YES,US-CENSUS-FIPS,35015,US-FIPS:35015,STABLE_ID + LOCAL_QA_POLYGON,-104.2871288125697,32.4451185,,https://www.census.gov/geographies/reference-files/time-series/geo/gazetteer-files.2024.html
ITC-1808,USA,New Mexico,NM,Grant,Grant,YES,US-CENSUS-FIPS,35017,US-FIPS:35017,STABLE_ID + LOCAL_QA_POLYGON,-108.28512623530175,32.560353,,https://www.census.gov/geographies/reference-files/time-series/geo/gazetteer-files.2024.html
ITC-1809,USA,New Mexico,NM,Guadalupe,Guadalupe,YES,US-CENSUS-FIPS,35019,US-FIPS:35019,STABLE_ID + LOCAL_QA_POLYGON,-104.7101004802303,34.788228499999995,,https://www.census.gov/geographies/reference-files/time-series/geo/gazetteer-files.2024.html
ITC-1810,USA,New Mexico,NM,Harding,Harding,YES,US-CENSUS-FIPS,35021,US-FIPS:35021,STABLE_ID + LOCAL_QA_POLYGON,-103.87249967448497,35.8031325,,https://www.census.gov/geographies/reference-files/time-series/geo/gazetteer-files.2024.html
ITC-1811,USA,New Mexico,NM,Hidalgo,Hidalgo,YES,US-CENSUS-FIPS,35023,US-FIPS:35023,STABLE_ID + LOCAL_QA_POLYGON,-108.7865178048516,32.066789,,https://www.census.gov/geographies/reference-files/time-series/geo/gazetteer-files.2024.html
ITC-1812,USA,New Mexico,NM,Lea,Lea,YES,US-CENSUS-FIPS,35025,US-FIPS:35025,STABLE_ID + LOCAL_QA_POLYGON,-103.4398318576075,32.7914754889822,,https://www.census.gov/geographies/reference-files/time-series/geo/gazetteer-files.2024.html
ITC-1813,USA,New Mexico,NM,Lincoln,Lincoln,YES,US-CENSUS-FIPS,35027,US-FIPS:35027,STABLE_ID + LOCAL_QA_POLYGON,-105.47213657849633,33.7042165,,https://www.census.gov/geographies/reference-files/time-series/geo/gazetteer-files.2024.html
ITC-1814,USA,New Mexico,NM,Los Alamos,Los Alamos,YES,US-CENSUS-FIPS,35028,US-FIPS:35028,STABLE_ID + LOCAL_QA_POLYGON,-106.3240040141715,35.863906,,https://www.census.gov/geographies/reference-files/time-series/geo/gazetteer-files.2024.html
ITC-1815,USA,New Mexico,NM,Luna,Luna,YES,US-CENSUS-FIPS,35029,US-FIPS:35029,STABLE_ID + LOCAL_QA_POLYGON,-107.76400406054552,32.1873405,,https://www.census.gov/geographies/reference-files/time-series/geo/gazetteer-files.2024.html
ITC-1816,USA,New Mexico,NM,McKinley,McKinley,YES,US-CENSUS-FIPS,35031,US-FIPS:35031,STABLE_ID + LOCAL_QA_POLYGON,-108.17692782661584,35.486782532151494,,https://www.census.gov/geographies/reference-files/time-series/geo/gazetteer-files.2024.html
ITC-1817,USA,New Mexico,NM,Mora,Mora,YES,US-CENSUS-FIPS,35033,US-FIPS:35033,STABLE_ID + LOCAL_QA_POLYGON,-104.94146371346292,36.0086955,,https://www.census.gov/geographies/reference-files/time-series/geo/gazetteer-files.2024.html
ITC-1818,USA,New Mexico,NM,Otero,Otero,YES,US-CENSUS-FIPS,35035,US-FIPS:35035,STABLE_ID + LOCAL_QA_POLYGON,-105.86448966502896,32.672256,,https://www.census.gov/geographies/reference-files/time-series/geo/gazetteer-files.2024.html
ITC-1819,USA,New Mexico,NM,Quay,Quay,YES,US-CENSUS-FIPS,35037,US-FIPS:35037,STABLE_ID + LOCAL_QA_POLYGON,-103.55433609336418,35.1689455,,https://www.census.gov/geographies/reference-files/time-series/geo/gazetteer-files.2024.html
ITC-1820,USA,New Mexico,NM,Rio Arriba,Rio Arriba,YES,US-CENSUS-FIPS,35039,US-FIPS:35039,STABLE_ID + LOCAL_QA_POLYGON,-106.78251871272528,36.463959,,https://www.census.gov/geographies/reference-files/time-series/geo/gazetteer-files.2024.html
ITC-1821,USA,New Mexico,NM,Roosevelt,Roosevelt,YES,US-CENSUS-FIPS,35041,US-FIPS:35041,STABLE_ID + LOCAL_QA_POLYGON,-103.49475315780822,34.085365499999995,,https://www.census.gov/geographies/reference-files/time-series/geo/gazetteer-files.2024.html
ITC-1822,USA,New Mexico,NM,San Juan,San Juan,YES,US-CENSUS-FIPS,35045,US-FIPS:35045,STABLE_ID + LOCAL_QA_POLYGON,-108.33551971100681,36.51368683899905,,https://www.census.gov/geographies/reference-files/time-series/geo/gazetteer-files.2024.html
ITC-1823,USA,New Mexico,NM,San Miguel,San Miguel,YES,US-CENSUS-FIPS,35047,US-FIPS:35047,STABLE_ID + LOCAL_QA_POLYGON,-104.73254906673941,35.455918499999996,,https://www.census.gov/geographies/reference-files/time-series/geo/gazetteer-files.2024.html
ITC-1824,USA,New Mexico,NM,Sandoval,Sandoval,YES,US-CENSUS-FIPS,35043,US-FIPS:35043,STABLE_ID + LOCAL_QA_POLYGON,-106.77861767418048,35.7055535,,https://www.census.gov/geographies/reference-files/time-series/geo/gazetteer-files.2024.html
ITC-1825,USA,New Mexico,NM,Santa Fe,Santa Fe,YES,US-CENSUS-FIPS,35049,US-FIPS:35049,STABLE_ID + LOCAL_QA_POLYGON,-105.98325243132469,35.5256705,,https://www.census.gov/geographies/reference-files/time-series/geo/gazetteer-files.2024.html
ITC-1826,USA,New Mexico,NM,Sierra,Sierra,YES,US-CENSUS-FIPS,35051,US-FIPS:35051,STABLE_ID + LOCAL_QA_POLYGON,-107.10863018831341,33.042749,,https://www.census.gov/geographies/reference-files/time-series/geo/gazetteer-files.2024.html
ITC-1827,USA,New Mexico,NM,Socorro,Socorro,YES,US-CENSUS-FIPS,35053,US-FIPS:35053,STABLE_ID + LOCAL_QA_POLYGON,-106.8209918097591,34.0428575,,https://www.census.gov/geographies/reference-files/time-series/geo/gazetteer-files.2024.html
ITC-1828,USA,New Mexico,NM,Taos,Taos,YES,US-CENSUS-FIPS,35055,US-FIPS:35055,STABLE_ID + LOCAL_QA_POLYGON,-105.63985457641348,36.5043015,,https://www.census.gov/geographies/reference-files/time-series/geo/gazetteer-files.2024.html
ITC-1829,USA,New Mexico,NM,Torrance,Torrance,YES,US-CENSUS-FIPS,35057,US-FIPS:35057,STABLE_ID + LOCAL_QA_POLYGON,-105.87794317491378,34.63812299999999,,https://www.census.gov/geographies/reference-files/time-series/geo/gazetteer-files.2024.html
ITC-1830,USA,New Mexico,NM,Union,Union,YES,US-CENSUS-FIPS,35059,US-FIPS:35059,STABLE_ID + LOCAL_QA_POLYGON,-103.52504533495959,36.36372849999999,,https://www.census.gov/geographies/reference-files/time-series/geo/gazetteer-files.2024.html
ITC-1831,USA,New Mexico,NM,Valencia,Valencia,YES,US-CENSUS-FIPS,35061,US-FIPS:35061,STABLE_ID + LOCAL_QA_POLYGON,-106.83503151909136,34.6939875,,https://www.census.gov/geographies/reference-files/time-series/geo/gazetteer-files.2024.html
ITC-1832,USA,New York,NY,Albany,Albany,YES,US-CENSUS-FIPS,36001,US-FIPS:36001,STABLE_ID + LOCAL_QA_POLYGON,-73.97719614605953,42.616589,,https://www.census.gov/geographies/reference-files/time-series/geo/gazetteer-files.2024.html
ITC-1833,USA,New York,NY,Allegany,Allegany,YES,US-CENSUS-FIPS,36003,US-FIPS:36003,STABLE_ID + LOCAL_QA_POLYGON,-78.02375208301117,42.25211899999999,,https://www.census.gov/geographies/reference-files/time-series/geo/gazetteer-files.2024.html
ITC-1834,USA,New York,NY,Bronx,Bronx,YES,US-CENSUS-FIPS,36005,US-FIPS:36005,STABLE_ID + LOCAL_QA_POLYGON,-73.8603960347825,40.85161784762525,,https://www.census.gov/geographies/reference-files/time-series/geo/gazetteer-files.2024.html
ITC-1835,USA,New York,NY,Broome,Broome,YES,US-CENSUS-FIPS,36007,US-FIPS:36007,STABLE_ID + LOCAL_QA_POLYGON,-75.86183965322286,42.206716,,https://www.census.gov/geographies/reference-files/time-series/geo/gazetteer-files.2024.html
ITC-1836,USA,New York,NY,Cattaraugus,Cattaraugus,YES,US-CENSUS-FIPS,36009,US-FIPS:36009,STABLE_ID + LOCAL_QA_POLYGON,-78.6848377403777,42.3018115,,https://www.census.gov/geographies/reference-files/time-series/geo/gazetteer-files.2024.html
ITC-1837,USA,New York,NY,Cayuga,Cayuga,YES,US-CENSUS-FIPS,36011,US-FIPS:36011,STABLE_ID + LOCAL_QA_POLYGON,-76.60219772587627,43.0192465,,https://www.census.gov/geographies/reference-files/time-series/geo/gazetteer-files.2024.html
ITC-1838,USA,New York,NY,Chautauqua,Chautauqua,YES,US-CENSUS-FIPS,36013,US-FIPS:36013,STABLE_ID + LOCAL_QA_POLYGON,-79.40017351400564,42.277285500000005,,https://www.census.gov/geographies/reference-files/time-series/geo/gazetteer-files.2024.html
ITC-1839,USA,New York,NY,Chemung,Chemung,YES,US-CENSUS-FIPS,36015,US-FIPS:36015,STABLE_ID + LOCAL_QA_POLYGON,-76.76215911559177,42.1465725,,https://www.census.gov/geographies/reference-files/time-series/geo/gazetteer-files.2024.html
ITC-1840,USA,New York,NY,Chenango,Chenango,YES,US-CENSUS-FIPS,36017,US-FIPS:36017,STABLE_ID + LOCAL_QA_POLYGON,-75.63476060424556,42.4704275,,https://www.census.gov/geographies/reference-files/time-series/geo/gazetteer-files.2024.html
ITC-1841,USA,New York,NY,Clinton,Clinton,YES,US-CENSUS-FIPS,36019,US-FIPS:36019,STABLE_ID + LOCAL_QA_POLYGON,-73.6764495401953,44.717382,,https://www.census.gov/geographies/reference-files/time-series/geo/gazetteer-files.2024.html
ITC-1842,USA,New York,NY,Columbia,Columbia,YES,US-CENSUS-FIPS,36021,US-FIPS:36021,STABLE_ID + LOCAL_QA_POLYGON,-73.64136093868237,42.243810499999995,,https://www.census.gov/geographies/reference-files/time-series/geo/gazetteer-files.2024.html
ITC-1843,USA,New York,NY,Cortland,Cortland,YES,US-CENSUS-FIPS,36023,US-FIPS:36023,STABLE_ID + LOCAL_QA_POLYGON,-76.0713317561605,42.594916,,https://www.census.gov/geographies/reference-files/time-series/geo/gazetteer-files.2024.html
ITC-1844,USA,New York,NY,Delaware,Delaware,YES,US-CENSUS-FIPS,36025,US-FIPS:36025,STABLE_ID + LOCAL_QA_POLYGON,-74.94720704209348,42.178207,,https://www.census.gov/geographies/reference-files/time-series/geo/gazetteer-files.2024.html
ITC-1845,USA,New York,NY,Dutchess,Dutchess,YES,US-CENSUS-FIPS,36027,US-FIPS:36027,STABLE_ID + LOCAL_QA_POLYGON,-73.72702613965433,41.759364,,https://www.census.gov/geographies/reference-files/time-series/geo/gazetteer-files.2024.html
ITC-1846,USA,New York,NY,Erie,Erie,YES,US-CENSUS-FIPS,36029,US-FIPS:36029,STABLE_ID + LOCAL_QA_POLYGON,-78.66762439699004,42.76802124178525,,https://www.census.gov/geographies/reference-files/time-series/geo/gazetteer-files.2024.html
ITC-1847,USA,New York,NY,Essex,Essex,YES,US-CENSUS-FIPS,36031,US-FIPS:36031,STABLE_ID + LOCAL_QA_POLYGON,-73.74885384973484,44.1450755,,https://www.census.gov/geographies/reference-files/time-series/geo/gazetteer-files.2024.html
ITC-1848,USA,New York,NY,Franklin,Franklin,YES,US-CENSUS-FIPS,36033,US-FIPS:36033,STABLE_ID + LOCAL_QA_POLYGON,-74.25760017950117,44.560567,,https://www.census.gov/geographies/reference-files/time-series/geo/gazetteer-files.2024.html
ITC-1849,USA,New York,NY,Fulton,Fulton,YES,US-CENSUS-FIPS,36035,US-FIPS:36035,STABLE_ID + LOCAL_QA_POLYGON,-74.42684714141936,43.1351035,,https://www.census.gov/geographies/reference-files/time-series/geo/gazetteer-files.2024.html
ITC-1850,USA,New York,NY,Genesee,Genesee,YES,US-CENSUS-FIPS,36037,US-FIPS:36037,STABLE_ID + LOCAL_QA_POLYGON,-78.18647157516259,43.000057,,https://www.census.gov/geographies/reference-files/time-series/geo/gazetteer-files.2024.html
ITC-1851,USA,New York,NY,Greene,Greene,YES,US-CENSUS-FIPS,36039,US-FIPS:36039,STABLE_ID + LOCAL_QA_POLYGON,-74.13181932157832,42.2800065,,https://www.census.gov/geographies/reference-files/time-series/geo/gazetteer-files.2024.html
ITC-1852,USA,New York,NY,Hamilton,Hamilton,YES,US-CENSUS-FIPS,36041,US-FIPS:36041,STABLE_ID + LOCAL_QA_POLYGON,-74.50619460223572,43.69375049999999,,https://www.census.gov/geographies/reference-files/time-series/geo/gazetteer-files.2024.html
ITC-1853,USA,New York,NY,Herkimer,Herkimer,YES,US-CENSUS-FIPS,36043,US-FIPS:36043,STABLE_ID + LOCAL_QA_POLYGON,-74.94121311199908,43.465135000000004,,https://www.census.gov/geographies/reference-files/time-series/geo/gazetteer-files.2024.html
ITC-1854,USA,New York,NY,Jefferson,Jefferson,YES,US-CENSUS-FIPS,36045,US-FIPS:36045,STABLE_ID + LOCAL_QA_POLYGON,-75.81255849363811,44.0352587159044,,https://www.census.gov/geographies/reference-files/time-series/geo/gazetteer-files.2024.html
ITC-1855,USA,New York,NY,Kings,Kings,YES,US-CENSUS-FIPS,36047,US-FIPS:36047,STABLE_ID + LOCAL_QA_POLYGON,-73.9418130079898,40.65305692764154,,https://www.census.gov/geographies/reference-files/time-series/geo/gazetteer-files.2024.html
ITC-1856,USA,New York,NY,Lewis,Lewis,YES,US-CENSUS-FIPS,36049,US-FIPS:36049,STABLE_ID + LOCAL_QA_POLYGON,-75.4914780059291,43.8396505,,https://www.census.gov/geographies/reference-files/time-series/geo/gazetteer-files.2024.html
ITC-1857,USA,New York,NY,Livingston,Livingston,YES,US-CENSUS-FIPS,36051,US-FIPS:36051,STABLE_ID + LOCAL_QA_POLYGON,-77.78136607313363,42.730185,,https://www.census.gov/geographies/reference-files/time-series/geo/gazetteer-files.2024.html
ITC-1858,USA,New York,NY,Madison,Madison,YES,US-CENSUS-FIPS,36053,US-FIPS:36053,STABLE_ID + LOCAL_QA_POLYGON,-75.72625205814018,42.9502035,,https://www.census.gov/geographies/reference-files/time-series/geo/gazetteer-files.2024.html
ITC-1859,USA,New York,NY,Monroe,Monroe,YES,US-CENSUS-FIPS,36055,US-FIPS:36055,STABLE_ID + LOCAL_QA_POLYGON,-77.68573780494543,43.1556185,,https://www.census.gov/geographies/reference-files/time-series/geo/gazetteer-files.2024.html
ITC-1860,USA,New York,NY,Montgomery,Montgomery,YES,US-CENSUS-FIPS,36057,US-FIPS:36057,STABLE_ID + LOCAL_QA_POLYGON,-74.41983975694444,42.909589499999996,,https://www.census.gov/geographies/reference-files/time-series/geo/gazetteer-files.2024.html
ITC-1861,USA,New York,NY,Nassau,Nassau,YES,US-CENSUS-FIPS,36059,US-FIPS:36059,STABLE_ID + LOCAL_QA_POLYGON,-73.56939879833541,40.747997,,https://www.census.gov/geographies/reference-files/time-series/geo/gazetteer-files.2024.html
ITC-1862,USA,New York,NY,New York,New York,YES,US-CENSUS-FIPS,36061,US-FIPS:36061,STABLE_ID + LOCAL_QA_POLYGON,-73.95959756781836,40.7810860692602,,https://www.census.gov/geographies/reference-files/time-series/geo/gazetteer-files.2024.html
ITC-1863,USA,New York,NY,Niagara,Niagara,YES,US-CENSUS-FIPS,36063,US-FIPS:36063,STABLE_ID + LOCAL_QA_POLYGON,-78.75649746913564,43.19555009881405,,https://www.census.gov/geographies/reference-files/time-series/geo/gazetteer-files.2024.html
ITC-1864,USA,New York,NY,Oneida,Oneida,YES,US-CENSUS-FIPS,36065,US-FIPS:36065,STABLE_ID + LOCAL_QA_POLYGON,-75.49699171696466,43.240134999999995,,https://www.census.gov/geographies/reference-files/time-series/geo/gazetteer-files.2024.html
ITC-1865,USA,New York,NY,Onondaga,Onondaga,YES,US-CENSUS-FIPS,36067,US-FIPS:36067,STABLE_ID + LOCAL_QA_POLYGON,-76.20277259921431,43.020815999999996,,https://www.census.gov/geographies/reference-files/time-series/geo/gazetteer-files.2024.html
ITC-1866,USA,New York,NY,Ontario,Ontario,YES,US-CENSUS-FIPS,36069,US-FIPS:36069,STABLE_ID + LOCAL_QA_POLYGON,-77.28195292561571,42.806449,,https://www.census.gov/geographies/reference-files/time-series/geo/gazetteer-files.2024.html
ITC-1867,USA,New York,NY,Orange,Orange,YES,US-CENSUS-FIPS,36071,US-FIPS:36071,STABLE_ID + LOCAL_QA_POLYGON,-74.33128218068455,41.3887175438179,,https://www.census.gov/geographies/reference-files/time-series/geo/gazetteer-files.2024.html
ITC-1868,USA,New York,NY,Orleans,Orleans,YES,US-CENSUS-FIPS,36073,US-FIPS:36073,STABLE_ID + LOCAL_QA_POLYGON,-78.22962559065606,43.2526975,,https://www.census.gov/geographies/reference-files/time-series/geo/gazetteer-files.2024.html
ITC-1869,USA,New York,NY,Oswego,Oswego,YES,US-CENSUS-FIPS,36075,US-FIPS:36075,STABLE_ID + LOCAL_QA_POLYGON,-76.21105896059908,43.43545539705795,,https://www.census.gov/geographies/reference-files/time-series/geo/gazetteer-files.2024.html
ITC-1870,USA,New York,NY,Otsego,Otsego,YES,US-CENSUS-FIPS,36077,US-FIPS:36077,STABLE_ID + LOCAL_QA_POLYGON,-74.98947821397915,42.6117795,,https://www.census.gov/geographies/reference-files/time-series/geo/gazetteer-files.2024.html
ITC-1871,USA,New York,NY,Putnam,Putnam,YES,US-CENSUS-FIPS,36079,US-FIPS:36079,STABLE_ID + LOCAL_QA_POLYGON,-73.75485625323348,41.422372499999994,,https://www.census.gov/geographies/reference-files/time-series/geo/gazetteer-files.2024.html
ITC-1872,USA,New York,NY,Queens,Queens,YES,US-CENSUS-FIPS,36081,US-FIPS:36081,STABLE_ID + LOCAL_QA_POLYGON,-73.79429320686664,40.674105999999995,,https://www.census.gov/geographies/reference-files/time-series/geo/gazetteer-files.2024.html
ITC-1873,USA,New York,NY,Rensselaer,Rensselaer,YES,US-CENSUS-FIPS,36083,US-FIPS:36083,STABLE_ID + LOCAL_QA_POLYGON,-73.48951948073648,42.71373,,https://www.census.gov/geographies/reference-files/time-series/geo/gazetteer-files.2024.html
ITC-1874,USA,New York,NY,Richmond,Richmond,YES,US-CENSUS-FIPS,36085,US-FIPS:36085,STABLE_ID + LOCAL_QA_POLYGON,-74.14597166564342,40.57198379198854,,https://www.census.gov/geographies/reference-files/time-series/geo/gazetteer-files.2024.html
ITC-1875,USA,New York,NY,Rockland,Rockland,YES,US-CENSUS-FIPS,36087,US-FIPS:36087,STABLE_ID + LOCAL_QA_POLYGON,-74.0573492730862,41.1607615,,https://www.census.gov/geographies/reference-files/time-series/geo/gazetteer-files.2024.html
ITC-1876,USA,New York,NY,Saratoga,Saratoga,YES,US-CENSUS-FIPS,36091,US-FIPS:36091,STABLE_ID + LOCAL_QA_POLYGON,-73.84589604410243,43.088164,,https://www.census.gov/geographies/reference-files/time-series/geo/gazetteer-files.2024.html
ITC-1877,USA,New York,NY,Schenectady,Schenectady,YES,US-CENSUS-FIPS,36093,US-FIPS:36093,STABLE_ID + LOCAL_QA_POLYGON,-74.04475209204085,42.8313255,,https://www.census.gov/geographies/reference-files/time-series/geo/gazetteer-files.2024.html
ITC-1878,USA,New York,NY,Schoharie,Schoharie,YES,US-CENSUS-FIPS,36095,US-FIPS:36095,STABLE_ID + LOCAL_QA_POLYGON,-74.4347880524256,42.5944205,,https://www.census.gov/geographies/reference-files/time-series/geo/gazetteer-files.2024.html
ITC-1879,USA,New York,NY,Schuyler,Schuyler,YES,US-CENSUS-FIPS,36097,US-FIPS:36097,STABLE_ID + LOCAL_QA_POLYGON,-76.89574158460358,42.389821,,https://www.census.gov/geographies/reference-files/time-series/geo/gazetteer-files.2024.html
ITC-1880,USA,New York,NY,Seneca,Seneca,YES,US-CENSUS-FIPS,36099,US-FIPS:36099,STABLE_ID + LOCAL_QA_POLYGON,-76.8579196053451,42.782315999999994,,https://www.census.gov/geographies/reference-files/time-series/geo/gazetteer-files.2024.html
ITC-1881,USA,New York,NY,St. Lawrence,St. Lawrence,YES,US-CENSUS-FIPS,36089,US-FIPS:36089,STABLE_ID + LOCAL_QA_POLYGON,-75.16590599939457,44.525492039635445,,https://www.census.gov/geographies/reference-files/time-series/geo/gazetteer-files.2024.html
ITC-1882,USA,New York,NY,Steuben,Steuben,YES,US-CENSUS-FIPS,36101,US-FIPS:36101,STABLE_ID + LOCAL_QA_POLYGON,-77.41840335823252,42.293112,,https://www.census.gov/geographies/reference-files/time-series/geo/gazetteer-files.2024.html
ITC-1883,USA,New York,NY,Suffolk,Suffolk,YES,US-CENSUS-FIPS,36103,US-FIPS:36103,STABLE_ID + LOCAL_QA_POLYGON,-72.90844422412846,40.88749631320535,,https://www.census.gov/geographies/reference-files/time-series/geo/gazetteer-files.2024.html
ITC-1884,USA,New York,NY,Sullivan,Sullivan,YES,US-CENSUS-FIPS,36105,US-FIPS:36105,STABLE_ID + LOCAL_QA_POLYGON,-74.79094113608204,41.71972099999999,,https://www.census.gov/geographies/reference-files/time-series/geo/gazetteer-files.2024.html
ITC-1885,USA,New York,NY,Tioga,Tioga,YES,US-CENSUS-FIPS,36107,US-FIPS:36107,STABLE_ID + LOCAL_QA_POLYGON,-76.3106720066923,42.2045315,,https://www.census.gov/geographies/reference-files/time-series/geo/gazetteer-files.2024.html
ITC-1886,USA,New York,NY,Tompkins,Tompkins,YES,US-CENSUS-FIPS,36109,US-FIPS:36109,STABLE_ID + LOCAL_QA_POLYGON,-76.47280438432418,42.4464275,,https://www.census.gov/geographies/reference-files/time-series/geo/gazetteer-files.2024.html
ITC-1887,USA,New York,NY,Ulster,Ulster,YES,US-CENSUS-FIPS,36111,US-FIPS:36111,STABLE_ID + LOCAL_QA_POLYGON,-74.20354358591563,41.879652,,https://www.census.gov/geographies/reference-files/time-series/geo/gazetteer-files.2024.html
ITC-1888,USA,New York,NY,Warren,Warren,YES,US-CENSUS-FIPS,36113,US-FIPS:36113,STABLE_ID + LOCAL_QA_POLYGON,-73.90656163439313,43.511748499999996,,https://www.census.gov/geographies/reference-files/time-series/geo/gazetteer-files.2024.html
ITC-1889,USA,New York,NY,Washington,Washington,YES,US-CENSUS-FIPS,36115,US-FIPS:36115,STABLE_ID + LOCAL_QA_POLYGON,-73.43021650056153,43.374401999999996,,https://www.census.gov/geographies/reference-files/time-series/geo/gazetteer-files.2024.html
ITC-1890,USA,New York,NY,Wayne,Wayne,YES,US-CENSUS-FIPS,36117,US-FIPS:36117,STABLE_ID + LOCAL_QA_POLYGON,-77.04141515162067,43.172720999999996,,https://www.census.gov/geographies/reference-files/time-series/geo/gazetteer-files.2024.html
ITC-1891,USA,New York,NY,Westchester,Westchester,YES,US-CENSUS-FIPS,36119,US-FIPS:36119,STABLE_ID + LOCAL_QA_POLYGON,-73.78532909690523,41.121965005626905,,https://www.census.gov/geographies/reference-files/time-series/geo/gazetteer-files.2024.html
ITC-1892,USA,New York,NY,Wyoming,Wyoming,YES,US-CENSUS-FIPS,36121,US-FIPS:36121,STABLE_ID + LOCAL_QA_POLYGON,-78.20988377680936,42.696411,,https://www.census.gov/geographies/reference-files/time-series/geo/gazetteer-files.2024.html
ITC-1893,USA,New York,NY,Yates,Yates,YES,US-CENSUS-FIPS,36123,US-FIPS:36123,STABLE_ID + LOCAL_QA_POLYGON,-77.1306386600912,42.6152745,,https://www.census.gov/geographies/reference-files/time-series/geo/gazetteer-files.2024.html
ITC-1894,USA,North Carolina,NC,Alamance,Alamance,YES,US-CENSUS-FIPS,37001,US-FIPS:37001,STABLE_ID + LOCAL_QA_POLYGON,-79.40057346360601,36.0470055,,https://www.census.gov/geographies/reference-files/time-series/geo/gazetteer-files.2024.html
ITC-1895,USA,North Carolina,NC,Alexander,Alexander,YES,US-CENSUS-FIPS,37003,US-FIPS:37003,STABLE_ID + LOCAL_QA_POLYGON,-81.18096645809698,35.915996,,https://www.census.gov/geographies/reference-files/time-series/geo/gazetteer-files.2024.html
ITC-1896,USA,North Carolina,NC,Alleghany,Alleghany,YES,US-CENSUS-FIPS,37005,US-FIPS:37005,STABLE_ID + LOCAL_QA_POLYGON,-81.12604677878579,36.470065,,https://www.census.gov/geographies/reference-files/time-series/geo/gazetteer-files.2024.html
ITC-1897,USA,North Carolina,NC,Anson,Anson,YES,US-CENSUS-FIPS,37007,US-FIPS:37007,STABLE_ID + LOCAL_QA_POLYGON,-80.09924811690394,35.008022,,https://www.census.gov/geographies/reference-files/time-series/geo/gazetteer-files.2024.html
ITC-1898,USA,North Carolina,NC,Ashe,Ashe,YES,US-CENSUS-FIPS,37009,US-FIPS:37009,STABLE_ID + LOCAL_QA_POLYGON,-81.49862178042233,36.414382,,https://www.census.gov/geographies/reference-files/time-series/geo/gazetteer-files.2024.html
ITC-1899,USA,North Carolina,NC,Avery,Avery,YES,US-CENSUS-FIPS,37011,US-FIPS:37011,STABLE_ID + LOCAL_QA_POLYGON,-81.92826830434781,36.099683999999996,,https://www.census.gov/geographies/reference-files/time-series/geo/gazetteer-files.2024.html
ITC-1900,USA,North Carolina,NC,Beaufort,Beaufort,YES,US-CENSUS-FIPS,37013,US-FIPS:37013,STABLE_ID + LOCAL_QA_POLYGON,-76.7812713799052,35.478772778902155,,https://www.census.gov/geographies/reference-files/time-series/geo/gazetteer-files.2024.html
ITC-1901,USA,North Carolina,NC,Bertie,Bertie,YES,US-CENSUS-FIPS,37015,US-FIPS:37015,STABLE_ID + LOCAL_QA_POLYGON,-76.97628692385013,36.026309999999995,,https://www.census.gov/geographies/reference-files/time-series/geo/gazetteer-files.2024.html
ITC-1902,USA,North Carolina,NC,Bladen,Bladen,YES,US-CENSUS-FIPS,37017,US-FIPS:37017,STABLE_ID + LOCAL_QA_POLYGON,-78.56919068015392,34.611945999999996,,https://www.census.gov/geographies/reference-files/time-series/geo/gazetteer-files.2024.html
ITC-1903,USA,North Carolina,NC,Brunswick,Brunswick,YES,US-CENSUS-FIPS,37019,US-FIPS:37019,STABLE_ID + LOCAL_QA_POLYGON,-78.2441301512046,34.105453999999995,,https://www.census.gov/geographies/reference-files/time-series/geo/gazetteer-files.2024.html
ITC-1904,USA,North Carolina,NC,Buncombe,Buncombe,YES,US-CENSUS-FIPS,37021,US-FIPS:37021,STABLE_ID + LOCAL_QA_POLYGON,-82.53918560242734,35.6207415,,https://www.census.gov/geographies/reference-files/time-series/geo/gazetteer-files.2024.html
ITC-1905,USA,North Carolina,NC,Burke,Burke,YES,US-CENSUS-FIPS,37023,US-FIPS:37023,STABLE_ID + LOCAL_QA_POLYGON,-81.75479883655888,35.779478,,https://www.census.gov/geographies/reference-files/time-series/geo/gazetteer-files.2024.html
ITC-1906,USA,North Carolina,NC,Cabarrus,Cabarrus,YES,US-CENSUS-FIPS,37025,US-FIPS:37025,STABLE_ID + LOCAL_QA_POLYGON,-80.54643252912659,35.3455255,,https://www.census.gov/geographies/reference-files/time-series/geo/gazetteer-files.2024.html
ITC-1907,USA,North Carolina,NC,Caldwell,Caldwell,YES,US-CENSUS-FIPS,37027,US-FIPS:37027,STABLE_ID + LOCAL_QA_POLYGON,-81.5595916017214,35.939398999999995,,https://www.census.gov/geographies/reference-files/time-series/geo/gazetteer-files.2024.html
ITC-1908,USA,North Carolina,NC,Camden,Camden,YES,US-CENSUS-FIPS,37029,US-FIPS:37029,STABLE_ID + LOCAL_QA_POLYGON,-76.17008935839476,36.357121,,https://www.census.gov/geographies/reference-files/time-series/geo/gazetteer-files.2024.html
ITC-1909,USA,North Carolina,NC,Carteret,Carteret,YES,US-CENSUS-FIPS,37031,US-FIPS:37031,STABLE_ID + LOCAL_QA_POLYGON,-76.66899186027663,34.831481999999994,,https://www.census.gov/geographies/reference-files/time-series/geo/gazetteer-files.2024.html
ITC-1910,USA,North Carolina,NC,Caswell,Caswell,YES,US-CENSUS-FIPS,37033,US-FIPS:37033,STABLE_ID + LOCAL_QA_POLYGON,-79.33520861674765,36.3929035,,https://www.census.gov/geographies/reference-files/time-series/geo/gazetteer-files.2024.html
ITC-1911,USA,North Carolina,NC,Catawba,Catawba,YES,US-CENSUS-FIPS,37035,US-FIPS:37035,STABLE_ID + LOCAL_QA_POLYGON,-81.20503389768575,35.6850435,,https://www.census.gov/geographies/reference-files/time-series/geo/gazetteer-files.2024.html
ITC-1912,USA,North Carolina,NC,Chatham,Chatham,YES,US-CENSUS-FIPS,37037,US-FIPS:37037,STABLE_ID + LOCAL_QA_POLYGON,-79.25650456323359,35.693723999999996,,https://www.census.gov/geographies/reference-files/time-series/geo/gazetteer-files.2024.html
ITC-1913,USA,North Carolina,NC,Cherokee,Cherokee,YES,US-CENSUS-FIPS,37039,US-FIPS:37039,STABLE_ID + LOCAL_QA_POLYGON,-84.07705257129427,35.1396495,,https://www.census.gov/geographies/reference-files/time-series/geo/gazetteer-files.2024.html
ITC-1914,USA,North Carolina,NC,Chowan,Chowan,YES,US-CENSUS-FIPS,37041,US-FIPS:37041,STABLE_ID + LOCAL_QA_POLYGON,-76.65082917757772,36.17230204021615,,https://www.census.gov/geographies/reference-files/time-series/geo/gazetteer-files.2024.html
ITC-1915,USA,North Carolina,NC,Clay,Clay,YES,US-CENSUS-FIPS,37043,US-FIPS:37043,STABLE_ID + LOCAL_QA_POLYGON,-83.7496418736462,35.0738465,,https://www.census.gov/geographies/reference-files/time-series/geo/gazetteer-files.2024.html
ITC-1916,USA,North Carolina,NC,Cleveland,Cleveland,YES,US-CENSUS-FIPS,37045,US-FIPS:37045,STABLE_ID + LOCAL_QA_POLYGON,-81.55832203668194,35.371611,,https://www.census.gov/geographies/reference-files/time-series/geo/gazetteer-files.2024.html
ITC-1917,USA,North Carolina,NC,Columbus,Columbus,YES,US-CENSUS-FIPS,37047,US-FIPS:37047,STABLE_ID + LOCAL_QA_POLYGON,-78.6223496037503,34.21435604120725,,https://www.census.gov/geographies/reference-files/time-series/geo/gazetteer-files.2024.html
ITC-1918,USA,North Carolina,NC,Craven,Craven,YES,US-CENSUS-FIPS,37049,US-FIPS:37049,STABLE_ID + LOCAL_QA_POLYGON,-77.141973403955,35.11095117744145,,https://www.census.gov/geographies/reference-files/time-series/geo/gazetteer-files.2024.html
ITC-1919,USA,North Carolina,NC,Cumberland,Cumberland,YES,US-CENSUS-FIPS,37051,US-FIPS:37051,STABLE_ID + LOCAL_QA_POLYGON,-78.87149588694854,35.050267,,https://www.census.gov/geographies/reference-files/time-series/geo/gazetteer-files.2024.html
ITC-1920,USA,North Carolina,NC,Currituck,Currituck,YES,US-CENSUS-FIPS,37053,US-FIPS:37053,STABLE_ID + LOCAL_QA_POLYGON,-75.94677481048029,36.311966,,https://www.census.gov/geographies/reference-files/time-series/geo/gazetteer-files.2024.html
ITC-1921,USA,North Carolina,NC,Dare,Dare,YES,US-CENSUS-FIPS,37055,US-FIPS:37055,STABLE_ID + LOCAL_QA_POLYGON,-75.8633724300579,35.7746477283324,,https://www.census.gov/geographies/reference-files/time-series/geo/gazetteer-files.2024.html
ITC-1922,USA,North Carolina,NC,Davidson,Davidson,YES,US-CENSUS-FIPS,37057,US-FIPS:37057,STABLE_ID + LOCAL_QA_POLYGON,-80.25353526552783,35.76261699999999,,https://www.census.gov/geographies/reference-files/time-series/geo/gazetteer-files.2024.html
ITC-1923,USA,North Carolina,NC,Davie,Davie,YES,US-CENSUS-FIPS,37059,US-FIPS:37059,STABLE_ID + LOCAL_QA_POLYGON,-80.53684096535642,35.9002985,,https://www.census.gov/geographies/reference-files/time-series/geo/gazetteer-files.2024.html
ITC-1924,USA,North Carolina,NC,Duplin,Duplin,YES,US-CENSUS-FIPS,37061,US-FIPS:37061,STABLE_ID + LOCAL_QA_POLYGON,-77.9077096150827,34.952888,,https://www.census.gov/geographies/reference-files/time-series/geo/gazetteer-files.2024.html
ITC-1925,USA,North Carolina,NC,Durham,Durham,YES,US-CENSUS-FIPS,37063,US-FIPS:37063,STABLE_ID + LOCAL_QA_POLYGON,-78.86819997573681,36.0501985,,https://www.census.gov/geographies/reference-files/time-series/geo/gazetteer-files.2024.html
ITC-1926,USA,North Carolina,NC,Edgecombe,Edgecombe,YES,US-CENSUS-FIPS,37065,US-FIPS:37065,STABLE_ID + LOCAL_QA_POLYGON,-77.57774972134574,35.9128185,,https://www.census.gov/geographies/reference-files/time-series/geo/gazetteer-files.2024.html
ITC-1927,USA,North Carolina,NC,Forsyth,Forsyth,YES,US-CENSUS-FIPS,37067,US-FIPS:37067,STABLE_ID + LOCAL_QA_POLYGON,-80.25932802490878,36.117014499999996,,https://www.census.gov/geographies/reference-files/time-series/geo/gazetteer-files.2024.html
ITC-1928,USA,North Carolina,NC,Franklin,Franklin,YES,US-CENSUS-FIPS,37069,US-FIPS:37069,STABLE_ID + LOCAL_QA_POLYGON,-78.32836390536862,36.047130499999994,,https://www.census.gov/geographies/reference-files/time-series/geo/gazetteer-files.2024.html
ITC-1929,USA,North Carolina,NC,Gaston,Gaston,YES,US-CENSUS-FIPS,37071,US-FIPS:37071,STABLE_ID + LOCAL_QA_POLYGON,-81.18216467788653,35.283322999999996,,https://www.census.gov/geographies/reference-files/time-series/geo/gazetteer-files.2024.html
ITC-1930,USA,North Carolina,NC,Gates,Gates,YES,US-CENSUS-FIPS,37073,US-FIPS:37073,STABLE_ID + LOCAL_QA_POLYGON,-76.70907683836478,36.4205845,,https://www.census.gov/geographies/reference-files/time-series/geo/gazetteer-files.2024.html
ITC-1931,USA,North Carolina,NC,Graham,Graham,YES,US-CENSUS-FIPS,37075,US-FIPS:37075,STABLE_ID + LOCAL_QA_POLYGON,-83.83269447883747,35.342688499999994,,https://www.census.gov/geographies/reference-files/time-series/geo/gazetteer-files.2024.html
ITC-1932,USA,North Carolina,NC,Granville,Granville,YES,US-CENSUS-FIPS,37077,US-FIPS:37077,STABLE_ID + LOCAL_QA_POLYGON,-78.65598121276082,36.2882905,,https://www.census.gov/geographies/reference-files/time-series/geo/gazetteer-files.2024.html
ITC-1933,USA,North Carolina,NC,Greene,Greene,YES,US-CENSUS-FIPS,37079,US-FIPS:37079,STABLE_ID + LOCAL_QA_POLYGON,-77.66784600001053,35.499746,,https://www.census.gov/geographies/reference-files/time-series/geo/gazetteer-files.2024.html
ITC-1934,USA,North Carolina,NC,Guilford,Guilford,YES,US-CENSUS-FIPS,37081,US-FIPS:37081,STABLE_ID + LOCAL_QA_POLYGON,-79.79008858734177,36.075396999999995,,https://www.census.gov/geographies/reference-files/time-series/geo/gazetteer-files.2024.html
ITC-1935,USA,North Carolina,NC,Halifax,Halifax,YES,US-CENSUS-FIPS,37083,US-FIPS:37083,STABLE_ID + LOCAL_QA_POLYGON,-77.68442740794207,36.257588999999996,,https://www.census.gov/geographies/reference-files/time-series/geo/gazetteer-files.2024.html
ITC-1936,USA,North Carolina,NC,Harnett,Harnett,YES,US-CENSUS-FIPS,37085,US-FIPS:37085,STABLE_ID + LOCAL_QA_POLYGON,-78.83917625596834,35.386865,,https://www.census.gov/geographies/reference-files/time-series/geo/gazetteer-files.2024.html
ITC-1937,USA,North Carolina,NC,Haywood,Haywood,YES,US-CENSUS-FIPS,37087,US-FIPS:37087,STABLE_ID + LOCAL_QA_POLYGON,-82.9658042533365,35.542473,,https://www.census.gov/geographies/reference-files/time-series/geo/gazetteer-files.2024.html
ITC-1938,USA,North Carolina,NC,Henderson,Henderson,YES,US-CENSUS-FIPS,37089,US-FIPS:37089,STABLE_ID + LOCAL_QA_POLYGON,-82.47369144593912,35.3213605,,https://www.census.gov/geographies/reference-files/time-series/geo/gazetteer-files.2024.html
ITC-1939,USA,North Carolina,NC,Hertford,Hertford,YES,US-CENSUS-FIPS,37091,US-FIPS:37091,STABLE_ID + LOCAL_QA_POLYGON,-77.03091015647871,36.393099,,https://www.census.gov/geographies/reference-files/time-series/geo/gazetteer-files.2024.html
ITC-1940,USA,North Carolina,NC,Hoke,Hoke,YES,US-CENSUS-FIPS,37093,US-FIPS:37093,STABLE_ID + LOCAL_QA_POLYGON,-79.25971807916716,35.0235845,,https://www.census.gov/geographies/reference-files/time-series/geo/gazetteer-files.2024.html
ITC-1941,USA,North Carolina,NC,Hyde,Hyde,YES,US-CENSUS-FIPS,37095,US-FIPS:37095,STABLE_ID + LOCAL_QA_POLYGON,-76.21606192775245,35.51910432909965,,https://www.census.gov/geographies/reference-files/time-series/geo/gazetteer-files.2024.html
ITC-1942,USA,North Carolina,NC,Iredell,Iredell,YES,US-CENSUS-FIPS,37097,US-FIPS:37097,STABLE_ID + LOCAL_QA_POLYGON,-80.92106461150203,35.771906,,https://www.census.gov/geographies/reference-files/time-series/geo/gazetteer-files.2024.html
ITC-1943,USA,North Carolina,NC,Jackson,Jackson,YES,US-CENSUS-FIPS,37099,US-FIPS:37099,STABLE_ID + LOCAL_QA_POLYGON,-83.1162101338775,35.262233499999994,,https://www.census.gov/geographies/reference-files/time-series/geo/gazetteer-files.2024.html
ITC-1944,USA,North Carolina,NC,Johnston,Johnston,YES,US-CENSUS-FIPS,37101,US-FIPS:37101,STABLE_ID + LOCAL_QA_POLYGON,-78.37993081380496,35.5455345,,https://www.census.gov/geographies/reference-files/time-series/geo/gazetteer-files.2024.html
ITC-1945,USA,North Carolina,NC,Jones,Jones,YES,US-CENSUS-FIPS,37103,US-FIPS:37103,STABLE_ID + LOCAL_QA_POLYGON,-77.41022003989454,35.014799999999994,,https://www.census.gov/geographies/reference-files/time-series/geo/gazetteer-files.2024.html
ITC-1946,USA,North Carolina,NC,Lee,Lee,YES,US-CENSUS-FIPS,37105,US-FIPS:37105,STABLE_ID + LOCAL_QA_POLYGON,-79.18900677473982,35.467832,,https://www.census.gov/geographies/reference-files/time-series/geo/gazetteer-files.2024.html
ITC-1947,USA,North Carolina,NC,Lenoir,Lenoir,YES,US-CENSUS-FIPS,37107,US-FIPS:37107,STABLE_ID + LOCAL_QA_POLYGON,-77.67421585958112,35.2033985,,https://www.census.gov/geographies/reference-files/time-series/geo/gazetteer-files.2024.html
ITC-1948,USA,North Carolina,NC,Lincoln,Lincoln,YES,US-CENSUS-FIPS,37109,US-FIPS:37109,STABLE_ID + LOCAL_QA_POLYGON,-81.21792773434959,35.484826,,https://www.census.gov/geographies/reference-files/time-series/geo/gazetteer-files.2024.html
ITC-1949,USA,North Carolina,NC,Macon,Macon,YES,US-CENSUS-FIPS,37113,US-FIPS:37113,STABLE_ID + LOCAL_QA_POLYGON,-83.47978118381334,35.161643,,https://www.census.gov/geographies/reference-files/time-series/geo/gazetteer-files.2024.html
ITC-1950,USA,North Carolina,NC,Madison,Madison,YES,US-CENSUS-FIPS,37115,US-FIPS:37115,STABLE_ID + LOCAL_QA_POLYGON,-82.6652830510604,35.871567,,https://www.census.gov/geographies/reference-files/time-series/geo/gazetteer-files.2024.html
ITC-1951,USA,North Carolina,NC,Martin,Martin,YES,US-CENSUS-FIPS,37117,US-FIPS:37117,STABLE_ID + LOCAL_QA_POLYGON,-77.19518730792477,35.866431500000004,,https://www.census.gov/geographies/reference-files/time-series/geo/gazetteer-files.2024.html
ITC-1952,USA,North Carolina,NC,McDowell,McDowell,YES,US-CENSUS-FIPS,37111,US-FIPS:37111,STABLE_ID + LOCAL_QA_POLYGON,-82.04308417705242,35.7387825,,https://www.census.gov/geographies/reference-files/time-series/geo/gazetteer-files.2024.html
ITC-1953,USA,North Carolina,NC,Mecklenburg,Mecklenburg,YES,US-CENSUS-FIPS,37119,US-FIPS:37119,STABLE_ID + LOCAL_QA_POLYGON,-80.83106776027866,35.2586335,,https://www.census.gov/geographies/reference-files/time-series/geo/gazetteer-files.2024.html
ITC-1954,USA,North Carolina,NC,Mitchell,Mitchell,YES,US-CENSUS-FIPS,37121,US-FIPS:37121,STABLE_ID + LOCAL_QA_POLYGON,-82.12769452115083,35.9919915,,https://www.census.gov/geographies/reference-files/time-series/geo/gazetteer-files.2024.html
ITC-1955,USA,North Carolina,NC,Montgomery,Montgomery,YES,US-CENSUS-FIPS,37123,US-FIPS:37123,STABLE_ID + LOCAL_QA_POLYGON,-79.89845373632187,35.32365299999999,,https://www.census.gov/geographies/reference-files/time-series/geo/gazetteer-files.2024.html
ITC-1956,USA,North Carolina,NC,Moore,Moore,YES,US-CENSUS-FIPS,37125,US-FIPS:37125,STABLE_ID + LOCAL_QA_POLYGON,-79.46189794055832,35.27933899999999,,https://www.census.gov/geographies/reference-files/time-series/geo/gazetteer-files.2024.html
ITC-1957,USA,North Carolina,NC,Nash,Nash,YES,US-CENSUS-FIPS,37127,US-FIPS:37127,STABLE_ID + LOCAL_QA_POLYGON,-77.97581531191327,35.965638,,https://www.census.gov/geographies/reference-files/time-series/geo/gazetteer-files.2024.html
ITC-1958,USA,North Carolina,NC,New Hanover,New Hanover,YES,US-CENSUS-FIPS,37129,US-FIPS:37129,STABLE_ID + LOCAL_QA_POLYGON,-77.8935044830369,34.1559225,,https://www.census.gov/geographies/reference-files/time-series/geo/gazetteer-files.2024.html
ITC-1959,USA,North Carolina,NC,Northampton,Northampton,YES,US-CENSUS-FIPS,37131,US-FIPS:37131,STABLE_ID + LOCAL_QA_POLYGON,-77.36952930653395,36.3555535,,https://www.census.gov/geographies/reference-files/time-series/geo/gazetteer-files.2024.html
ITC-1960,USA,North Carolina,NC,Onslow,Onslow,YES,US-CENSUS-FIPS,37133,US-FIPS:37133,STABLE_ID + LOCAL_QA_POLYGON,-77.39110294041126,34.711428,,https://www.census.gov/geographies/reference-files/time-series/geo/gazetteer-files.2024.html
ITC-1961,USA,North Carolina,NC,Orange,Orange,YES,US-CENSUS-FIPS,37135,US-FIPS:37135,STABLE_ID + LOCAL_QA_POLYGON,-79.12223166544482,36.054192,,https://www.census.gov/geographies/reference-files/time-series/geo/gazetteer-files.2024.html
ITC-1962,USA,North Carolina,NC,Pamlico,Pamlico,YES,US-CENSUS-FIPS,37137,US-FIPS:37137,STABLE_ID + LOCAL_QA_POLYGON,-76.76167520379461,35.150850969669804,,https://www.census.gov/geographies/reference-files/time-series/geo/gazetteer-files.2024.html
ITC-1963,USA,North Carolina,NC,Pasquotank,Pasquotank,YES,US-CENSUS-FIPS,37139,US-FIPS:37139,STABLE_ID + LOCAL_QA_POLYGON,-76.306710957652,36.317092,,https://www.census.gov/geographies/reference-files/time-series/geo/gazetteer-files.2024.html
ITC-1964,USA,North Carolina,NC,Pender,Pender,YES,US-CENSUS-FIPS,37141,US-FIPS:37141,STABLE_ID + LOCAL_QA_POLYGON,-77.921013334278,34.5126895,,https://www.census.gov/geographies/reference-files/time-series/geo/gazetteer-files.2024.html
ITC-1965,USA,North Carolina,NC,Perquimans,Perquimans,YES,US-CENSUS-FIPS,37143,US-FIPS:37143,STABLE_ID + LOCAL_QA_POLYGON,-76.44698770414294,36.226735000000005,,https://www.census.gov/geographies/reference-files/time-series/geo/gazetteer-files.2024.html
ITC-1966,USA,North Carolina,NC,Person,Person,YES,US-CENSUS-FIPS,37145,US-FIPS:37145,STABLE_ID + LOCAL_QA_POLYGON,-78.97315773288867,36.37364649999999,,https://www.census.gov/geographies/reference-files/time-series/geo/gazetteer-files.2024.html
ITC-1967,USA,North Carolina,NC,Pitt,Pitt,YES,US-CENSUS-FIPS,37147,US-FIPS:37147,STABLE_ID + LOCAL_QA_POLYGON,-77.36777394531362,35.580515999999996,,https://www.census.gov/geographies/reference-files/time-series/geo/gazetteer-files.2024.html
ITC-1968,USA,North Carolina,NC,Polk,Polk,YES,US-CENSUS-FIPS,37149,US-FIPS:37149,STABLE_ID + LOCAL_QA_POLYGON,-82.17614740497098,35.2973855,,https://www.census.gov/geographies/reference-files/time-series/geo/gazetteer-files.2024.html
ITC-1969,USA,North Carolina,NC,Randolph,Randolph,YES,US-CENSUS-FIPS,37151,US-FIPS:37151,STABLE_ID + LOCAL_QA_POLYGON,-79.80302071349968,35.7107655,,https://www.census.gov/geographies/reference-files/time-series/geo/gazetteer-files.2024.html
ITC-1970,USA,North Carolina,NC,Richmond,Richmond,YES,US-CENSUS-FIPS,37153,US-FIPS:37153,STABLE_ID + LOCAL_QA_POLYGON,-79.72837448851256,34.9939325,,https://www.census.gov/geographies/reference-files/time-series/geo/gazetteer-files.2024.html
ITC-1971,USA,North Carolina,NC,Robeson,Robeson,YES,US-CENSUS-FIPS,37155,US-FIPS:37155,STABLE_ID + LOCAL_QA_POLYGON,-79.14293894575147,34.626166999999995,,https://www.census.gov/geographies/reference-files/time-series/geo/gazetteer-files.2024.html
ITC-1972,USA,North Carolina,NC,Rockingham,Rockingham,YES,US-CENSUS-FIPS,37157,US-FIPS:37157,STABLE_ID + LOCAL_QA_POLYGON,-79.77773029706177,36.395072,,https://www.census.gov/geographies/reference-files/time-series/geo/gazetteer-files.2024.html
ITC-1973,USA,North Carolina,NC,Rowan,Rowan,YES,US-CENSUS-FIPS,37159,US-FIPS:37159,STABLE_ID + LOCAL_QA_POLYGON,-80.55066116227802,35.683693500000004,,https://www.census.gov/geographies/reference-files/time-series/geo/gazetteer-files.2024.html
ITC-1974,USA,North Carolina,NC,Rutherford,Rutherford,YES,US-CENSUS-FIPS,37161,US-FIPS:37161,STABLE_ID + LOCAL_QA_POLYGON,-81.91419011547703,35.3962685,,https://www.census.gov/geographies/reference-files/time-series/geo/gazetteer-files.2024.html
ITC-1975,USA,North Carolina,NC,Sampson,Sampson,YES,US-CENSUS-FIPS,37163,US-FIPS:37163,STABLE_ID + LOCAL_QA_POLYGON,-78.36128278152236,34.93415,,https://www.census.gov/geographies/reference-files/time-series/geo/gazetteer-files.2024.html
ITC-1976,USA,North Carolina,NC,Scotland,Scotland,YES,US-CENSUS-FIPS,37165,US-FIPS:37165,STABLE_ID + LOCAL_QA_POLYGON,-79.48443206241379,34.836341,,https://www.census.gov/geographies/reference-files/time-series/geo/gazetteer-files.2024.html
ITC-1977,USA,North Carolina,NC,Stanly,Stanly,YES,US-CENSUS-FIPS,37167,US-FIPS:37167,STABLE_ID + LOCAL_QA_POLYGON,-80.2473985016587,35.32365299999999,,https://www.census.gov/geographies/reference-files/time-series/geo/gazetteer-files.2024.html
ITC-1978,USA,North Carolina,NC,Stokes,Stokes,YES,US-CENSUS-FIPS,37169,US-FIPS:37169,STABLE_ID + LOCAL_QA_POLYGON,-80.23980278715494,36.391407,,https://www.census.gov/geographies/reference-files/time-series/geo/gazetteer-files.2024.html
ITC-1979,USA,North Carolina,NC,Surry,Surry,YES,US-CENSUS-FIPS,37171,US-FIPS:37171,STABLE_ID + LOCAL_QA_POLYGON,-80.70655908940236,36.400148,,https://www.census.gov/geographies/reference-files/time-series/geo/gazetteer-files.2024.html
ITC-1980,USA,North Carolina,NC,Swain,Swain,YES,US-CENSUS-FIPS,37173,US-FIPS:37173,STABLE_ID + LOCAL_QA_POLYGON,-83.59730786010607,35.4868065,,https://www.census.gov/geographies/reference-files/time-series/geo/gazetteer-files.2024.html
ITC-1981,USA,North Carolina,NC,Transylvania,Transylvania,YES,US-CENSUS-FIPS,37175,US-FIPS:37175,STABLE_ID + LOCAL_QA_POLYGON,-82.76973864670356,35.225438999999994,,https://www.census.gov/geographies/reference-files/time-series/geo/gazetteer-files.2024.html
ITC-1982,USA,North Carolina,NC,Tyrrell,Tyrrell,YES,US-CENSUS-FIPS,37177,US-FIPS:37177,STABLE_ID + LOCAL_QA_POLYGON,-76.22384797309272,35.797670591459,,https://www.census.gov/geographies/reference-files/time-series/geo/gazetteer-files.2024.html
ITC-1983,USA,North Carolina,NC,Union,Union,YES,US-CENSUS-FIPS,37179,US-FIPS:37179,STABLE_ID + LOCAL_QA_POLYGON,-80.5628581447355,35.0110745,,https://www.census.gov/geographies/reference-files/time-series/geo/gazetteer-files.2024.html
ITC-1984,USA,North Carolina,NC,Vance,Vance,YES,US-CENSUS-FIPS,37181,US-FIPS:37181,STABLE_ID + LOCAL_QA_POLYGON,-78.39888645975174,36.354361,,https://www.census.gov/geographies/reference-files/time-series/geo/gazetteer-files.2024.html
ITC-1985,USA,North Carolina,NC,Wake,Wake,YES,US-CENSUS-FIPS,37183,US-FIPS:37183,STABLE_ID + LOCAL_QA_POLYGON,-78.60906905349648,35.79848,,https://www.census.gov/geographies/reference-files/time-series/geo/gazetteer-files.2024.html
ITC-1986,USA,North Carolina,NC,Warren,Warren,YES,US-CENSUS-FIPS,37185,US-FIPS:37185,STABLE_ID + LOCAL_QA_POLYGON,-78.10308707401369,36.3717525,,https://www.census.gov/geographies/reference-files/time-series/geo/gazetteer-files.2024.html
ITC-1987,USA,North Carolina,NC,Washington,Washington,YES,US-CENSUS-FIPS,37187,US-FIPS:37187,STABLE_ID + LOCAL_QA_POLYGON,-76.57662642844593,35.84185049999999,,https://www.census.gov/geographies/reference-files/time-series/geo/gazetteer-files.2024.html
ITC-1988,USA,North Carolina,NC,Watauga,Watauga,YES,US-CENSUS-FIPS,37189,US-FIPS:37189,STABLE_ID + LOCAL_QA_POLYGON,-81.70431812438491,36.2515255,,https://www.census.gov/geographies/reference-files/time-series/geo/gazetteer-files.2024.html
ITC-1989,USA,North Carolina,NC,Wayne,Wayne,YES,US-CENSUS-FIPS,37191,US-FIPS:37191,STABLE_ID + LOCAL_QA_POLYGON,-77.98191251845557,35.371581500000005,,https://www.census.gov/geographies/reference-files/time-series/geo/gazetteer-files.2024.html
ITC-1990,USA,North Carolina,NC,Wilkes,Wilkes,YES,US-CENSUS-FIPS,37193,US-FIPS:37193,STABLE_ID + LOCAL_QA_POLYGON,-81.1697510770216,36.2180905,,https://www.census.gov/geographies/reference-files/time-series/geo/gazetteer-files.2024.html
ITC-1991,USA,North Carolina,NC,Wilson,Wilson,YES,US-CENSUS-FIPS,37195,US-FIPS:37195,STABLE_ID + LOCAL_QA_POLYGON,-77.9477979052374,35.726015000000004,,https://www.census.gov/geographies/reference-files/time-series/geo/gazetteer-files.2024.html
ITC-1992,USA,North Carolina,NC,Yadkin,Yadkin,YES,US-CENSUS-FIPS,37197,US-FIPS:37197,STABLE_ID + LOCAL_QA_POLYGON,-80.65734224277584,36.1654,,https://www.census.gov/geographies/reference-files/time-series/geo/gazetteer-files.2024.html
ITC-1993,USA,North Carolina,NC,Yancey,Yancey,YES,US-CENSUS-FIPS,37199,US-FIPS:37199,STABLE_ID + LOCAL_QA_POLYGON,-82.29733764140701,35.891566499999996,,https://www.census.gov/geographies/reference-files/time-series/geo/gazetteer-files.2024.html
ITC-1994,USA,North Dakota,ND,Adams,Adams,YES,US-CENSUS-FIPS,38001,US-FIPS:38001,STABLE_ID + LOCAL_QA_POLYGON,-102.49687044375163,46.100072499999996,,https://www.census.gov/geographies/reference-files/time-series/geo/gazetteer-files.2024.html
ITC-1995,USA,North Dakota,ND,Barnes,Barnes,YES,US-CENSUS-FIPS,38003,US-FIPS:38003,STABLE_ID + LOCAL_QA_POLYGON,-98.06043633023262,46.936479,,https://www.census.gov/geographies/reference-files/time-series/geo/gazetteer-files.2024.html
ITC-1996,USA,North Dakota,ND,Benson,Benson,YES,US-CENSUS-FIPS,38005,US-FIPS:38005,STABLE_ID + LOCAL_QA_POLYGON,-99.48116516774277,48.109978,,https://www.census.gov/geographies/reference-files/time-series/geo/gazetteer-files.2024.html
ITC-1997,USA,North Dakota,ND,Billings,Billings,YES,US-CENSUS-FIPS,38007,US-FIPS:38007,STABLE_ID + LOCAL_QA_POLYGON,-103.42036911863065,46.960336,,https://www.census.gov/geographies/reference-files/time-series/geo/gazetteer-files.2024.html
ITC-1998,USA,North Dakota,ND,Bottineau,Bottineau,YES,US-CENSUS-FIPS,38009,US-FIPS:38009,STABLE_ID + LOCAL_QA_POLYGON,-100.83979204705537,48.781576,,https://www.census.gov/geographies/reference-files/time-series/geo/gazetteer-files.2024.html
ITC-1999,USA,North Dakota,ND,Bowman,Bowman,YES,US-CENSUS-FIPS,38011,US-FIPS:38011,STABLE_ID + LOCAL_QA_POLYGON,-103.52068394487137,46.100327,,https://www.census.gov/geographies/reference-files/time-series/geo/gazetteer-files.2024.html
ITC-2000,USA,North Dakota,ND,Burke,Burke,YES,US-CENSUS-FIPS,38013,US-FIPS:38013,STABLE_ID + LOCAL_QA_POLYGON,-102.54602082418708,48.785482,,https://www.census.gov/geographies/reference-files/time-series/geo/gazetteer-files.2024.html
ITC-2001,USA,North Dakota,ND,Burleigh,Burleigh,YES,US-CENSUS-FIPS,38015,US-FIPS:38015,STABLE_ID + LOCAL_QA_POLYGON,-100.50641865735332,46.979519499999995,,https://www.census.gov/geographies/reference-files/time-series/geo/gazetteer-files.2024.html
ITC-2002,USA,North Dakota,ND,Cass,Cass,YES,US-CENSUS-FIPS,38017,US-FIPS:38017,STABLE_ID + LOCAL_QA_POLYGON,-97.23639994154644,46.934863,,https://www.census.gov/geographies/reference-files/time-series/geo/gazetteer-files.2024.html
ITC-2003,USA,North Dakota,ND,Cavalier,Cavalier,YES,US-CENSUS-FIPS,38019,US-FIPS:38019,STABLE_ID + LOCAL_QA_POLYGON,-98.47540746545783,48.782962999999995,,https://www.census.gov/geographies/reference-files/time-series/geo/gazetteer-files.2024.html
ITC-2004,USA,North Dakota,ND,Dickey,Dickey,YES,US-CENSUS-FIPS,38021,US-FIPS:38021,STABLE_ID + LOCAL_QA_POLYGON,-98.50566942715929,46.10442499999999,,https://www.census.gov/geographies/reference-files/time-series/geo/gazetteer-files.2024.html
ITC-2005,USA,North Dakota,ND,Divide,Divide,YES,US-CENSUS-FIPS,38023,US-FIPS:38023,STABLE_ID + LOCAL_QA_POLYGON,-103.49427903164701,48.830489,,https://www.census.gov/geographies/reference-files/time-series/geo/gazetteer-files.2024.html
ITC-2006,USA,North Dakota,ND,Dunn,Dunn,YES,US-CENSUS-FIPS,38025,US-FIPS:38025,STABLE_ID + LOCAL_QA_POLYGON,-102.65246509759481,47.429528,,https://www.census.gov/geographies/reference-files/time-series/geo/gazetteer-files.2024.html
ITC-2007,USA,North Dakota,ND,Eddy,Eddy,YES,US-CENSUS-FIPS,38027,US-FIPS:38027,STABLE_ID + LOCAL_QA_POLYGON,-98.91132491987838,47.701673,,https://www.census.gov/geographies/reference-files/time-series/geo/gazetteer-files.2024.html
ITC-2008,USA,North Dakota,ND,Emmons,Emmons,YES,US-CENSUS-FIPS,38029,US-FIPS:38029,STABLE_ID + LOCAL_QA_POLYGON,-100.24695340567968,46.286553999999995,,https://www.census.gov/geographies/reference-files/time-series/geo/gazetteer-files.2024.html
ITC-2009,USA,North Dakota,ND,Foster,Foster,YES,US-CENSUS-FIPS,38031,US-FIPS:38031,STABLE_ID + LOCAL_QA_POLYGON,-98.88297423661791,47.4543645,,https://www.census.gov/geographies/reference-files/time-series/geo/gazetteer-files.2024.html
ITC-2010,USA,North Dakota,ND,Golden Valley,Golden Valley,YES,US-CENSUS-FIPS,38033,US-FIPS:38033,STABLE_ID + LOCAL_QA_POLYGON,-103.82760537655774,46.937445999999994,,https://www.census.gov/geographies/reference-files/time-series/geo/gazetteer-files.2024.html
ITC-2011,USA,North Dakota,ND,Grand Forks,Grand Forks,YES,US-CENSUS-FIPS,38035,US-FIPS:38035,STABLE_ID + LOCAL_QA_POLYGON,-97.45925843766392,47.934929,,https://www.census.gov/geographies/reference-files/time-series/geo/gazetteer-files.2024.html
ITC-2012,USA,North Dakota,ND,Grant,Grant,YES,US-CENSUS-FIPS,38037,US-FIPS:38037,STABLE_ID + LOCAL_QA_POLYGON,-101.54801113852594,46.3644245,,https://www.census.gov/geographies/reference-files/time-series/geo/gazetteer-files.2024.html
ITC-2013,USA,North Dakota,ND,Griggs,Griggs,YES,US-CENSUS-FIPS,38039,US-FIPS:38039,STABLE_ID + LOCAL_QA_POLYGON,-98.24262560556959,47.46459899999999,,https://www.census.gov/geographies/reference-files/time-series/geo/gazetteer-files.2024.html
ITC-2014,USA,North Dakota,ND,Hettinger,Hettinger,YES,US-CENSUS-FIPS,38041,US-FIPS:38041,STABLE_ID + LOCAL_QA_POLYGON,-102.48678054627065,46.4160155,,https://www.census.gov/geographies/reference-files/time-series/geo/gazetteer-files.2024.html
ITC-2015,USA,North Dakota,ND,Kidder,Kidder,YES,US-CENSUS-FIPS,38043,US-FIPS:38043,STABLE_ID + LOCAL_QA_POLYGON,-99.76104172400812,46.958454,,https://www.census.gov/geographies/reference-files/time-series/geo/gazetteer-files.2024.html
ITC-2016,USA,North Dakota,ND,LaMoure,LaMoure,YES,US-CENSUS-FIPS,38045,US-FIPS:38045,STABLE_ID + LOCAL_QA_POLYGON,-98.53564395598755,46.456826,,https://www.census.gov/geographies/reference-files/time-series/geo/gazetteer-files.2024.html
ITC-2017,USA,North Dakota,ND,Logan,Logan,YES,US-CENSUS-FIPS,38047,US-FIPS:38047,STABLE_ID + LOCAL_QA_POLYGON,-99.47686119865338,46.461324999999995,,https://www.census.gov/geographies/reference-files/time-series/geo/gazetteer-files.2024.html
ITC-2018,USA,North Dakota,ND,McHenry,McHenry,YES,US-CENSUS-FIPS,38049,US-FIPS:38049,STABLE_ID + LOCAL_QA_POLYGON,-100.6257385062066,48.2615715,,https://www.census.gov/geographies/reference-files/time-series/geo/gazetteer-files.2024.html
ITC-2019,USA,North Dakota,ND,McIntosh,McIntosh,YES,US-CENSUS-FIPS,38051,US-FIPS:38051,STABLE_ID + LOCAL_QA_POLYGON,-99.4415959795346,46.106465,,https://www.census.gov/geographies/reference-files/time-series/geo/gazetteer-files.2024.html
ITC-2020,USA,North Dakota,ND,McKenzie,McKenzie,YES,US-CENSUS-FIPS,38053,US-FIPS:38053,STABLE_ID + LOCAL_QA_POLYGON,-103.34287473886562,47.7225555,,https://www.census.gov/geographies/reference-files/time-series/geo/gazetteer-files.2024.html
ITC-2021,USA,North Dakota,ND,McLean,McLean,YES,US-CENSUS-FIPS,38055,US-FIPS:38055,STABLE_ID + LOCAL_QA_POLYGON,-101.03714724593922,47.5027305,,https://www.census.gov/geographies/reference-files/time-series/geo/gazetteer-files.2024.html
ITC-2022,USA,North Dakota,ND,Mercer,Mercer,YES,US-CENSUS-FIPS,38057,US-FIPS:38057,STABLE_ID + LOCAL_QA_POLYGON,-101.7125682329166,47.276895999999994,,https://www.census.gov/geographies/reference-files/time-series/geo/gazetteer-files.2024.html
ITC-2023,USA,North Dakota,ND,Morton,Morton,YES,US-CENSUS-FIPS,38059,US-FIPS:38059,STABLE_ID + LOCAL_QA_POLYGON,-101.18890352511869,46.6328685,,https://www.census.gov/geographies/reference-files/time-series/geo/gazetteer-files.2024.html
ITC-2024,USA,North Dakota,ND,Mountrail,Mountrail,YES,US-CENSUS-FIPS,38061,US-FIPS:38061,STABLE_ID + LOCAL_QA_POLYGON,-102.3751717727875,48.1636415,,https://www.census.gov/geographies/reference-files/time-series/geo/gazetteer-files.2024.html
ITC-2025,USA,North Dakota,ND,Nelson,Nelson,YES,US-CENSUS-FIPS,38063,US-FIPS:38063,STABLE_ID + LOCAL_QA_POLYGON,-98.20381442489472,47.936001499999996,,https://www.census.gov/geographies/reference-files/time-series/geo/gazetteer-files.2024.html
ITC-2026,USA,North Dakota,ND,Oliver,Oliver,YES,US-CENSUS-FIPS,38065,US-FIPS:38065,STABLE_ID + LOCAL_QA_POLYGON,-101.354644301561,47.139180999999994,,https://www.census.gov/geographies/reference-files/time-series/geo/gazetteer-files.2024.html
ITC-2027,USA,North Dakota,ND,Pembina,Pembina,YES,US-CENSUS-FIPS,38067,US-FIPS:38067,STABLE_ID + LOCAL_QA_POLYGON,-97.55005398763623,48.7693176817887,,https://www.census.gov/geographies/reference-files/time-series/geo/gazetteer-files.2024.html
ITC-2028,USA,North Dakota,ND,Pierce,Pierce,YES,US-CENSUS-FIPS,38069,US-FIPS:38069,STABLE_ID + LOCAL_QA_POLYGON,-100.04246818220801,48.196186999999995,,https://www.census.gov/geographies/reference-files/time-series/geo/gazetteer-files.2024.html
ITC-2029,USA,North Dakota,ND,Ramsey,Ramsey,YES,US-CENSUS-FIPS,38071,US-FIPS:38071,STABLE_ID + LOCAL_QA_POLYGON,-98.74614865979838,48.21674,,https://www.census.gov/geographies/reference-files/time-series/geo/gazetteer-files.2024.html
ITC-2030,USA,North Dakota,ND,Ransom,Ransom,YES,US-CENSUS-FIPS,38073,US-FIPS:38073,STABLE_ID + LOCAL_QA_POLYGON,-97.65715558093962,46.4565635,,https://www.census.gov/geographies/reference-files/time-series/geo/gazetteer-files.2024.html
ITC-2031,USA,North Dakota,ND,Renville,Renville,YES,US-CENSUS-FIPS,38075,US-FIPS:38075,STABLE_ID + LOCAL_QA_POLYGON,-101.75906353393262,48.72740399999999,,https://www.census.gov/geographies/reference-files/time-series/geo/gazetteer-files.2024.html
ITC-2032,USA,North Dakota,ND,Richland,Richland,YES,US-CENSUS-FIPS,38077,US-FIPS:38077,STABLE_ID + LOCAL_QA_POLYGON,-96.9388591516133,46.2846169900628,,https://www.census.gov/geographies/reference-files/time-series/geo/gazetteer-files.2024.html
ITC-2033,USA,North Dakota,ND,Rolette,Rolette,YES,US-CENSUS-FIPS,38079,US-FIPS:38079,STABLE_ID + LOCAL_QA_POLYGON,-99.85438967354244,48.772493999999995,,https://www.census.gov/geographies/reference-files/time-series/geo/gazetteer-files.2024.html
ITC-2034,USA,North Dakota,ND,Sargent,Sargent,YES,US-CENSUS-FIPS,38081,US-FIPS:38081,STABLE_ID + LOCAL_QA_POLYGON,-97.63346973946236,46.109035999999996,,https://www.census.gov/geographies/reference-files/time-series/geo/gazetteer-files.2024.html
ITC-2035,USA,North Dakota,ND,Sheridan,Sheridan,YES,US-CENSUS-FIPS,38083,US-FIPS:38083,STABLE_ID + LOCAL_QA_POLYGON,-100.35311815768955,47.559994,,https://www.census.gov/geographies/reference-files/time-series/geo/gazetteer-files.2024.html
ITC-2036,USA,North Dakota,ND,Sioux,Sioux,YES,US-CENSUS-FIPS,38085,US-FIPS:38085,STABLE_ID + LOCAL_QA_POLYGON,-100.89842432098568,46.185643999999996,,https://www.census.gov/geographies/reference-files/time-series/geo/gazetteer-files.2024.html
ITC-2037,USA,North Dakota,ND,Slope,Slope,YES,US-CENSUS-FIPS,38087,US-FIPS:38087,STABLE_ID + LOCAL_QA_POLYGON,-103.48544816420252,46.4465155,,https://www.census.gov/geographies/reference-files/time-series/geo/gazetteer-files.2024.html
ITC-2038,USA,North Dakota,ND,Stark,Stark,YES,US-CENSUS-FIPS,38089,US-FIPS:38089,STABLE_ID + LOCAL_QA_POLYGON,-102.66386298105151,46.793171,,https://www.census.gov/geographies/reference-files/time-series/geo/gazetteer-files.2024.html
ITC-2039,USA,North Dakota,ND,Steele,Steele,YES,US-CENSUS-FIPS,38091,US-FIPS:38091,STABLE_ID + LOCAL_QA_POLYGON,-97.7295560719847,47.46661949999999,,https://www.census.gov/geographies/reference-files/time-series/geo/gazetteer-files.2024.html
ITC-2040,USA,North Dakota,ND,Stutsman,Stutsman,YES,US-CENSUS-FIPS,38093,US-FIPS:38093,STABLE_ID + LOCAL_QA_POLYGON,-98.94295740472124,46.968958,,https://www.census.gov/geographies/reference-files/time-series/geo/gazetteer-files.2024.html
ITC-2041,USA,North Dakota,ND,Towner,Towner,YES,US-CENSUS-FIPS,38095,US-FIPS:38095,STABLE_ID + LOCAL_QA_POLYGON,-99.23171503495061,48.685228499999994,,https://www.census.gov/geographies/reference-files/time-series/geo/gazetteer-files.2024.html
ITC-2042,USA,North Dakota,ND,Traill,Traill,YES,US-CENSUS-FIPS,38097,US-FIPS:38097,STABLE_ID + LOCAL_QA_POLYGON,-97.16631503254172,47.45526178649814,,https://www.census.gov/geographies/reference-files/time-series/geo/gazetteer-files.2024.html
ITC-2043,USA,North Dakota,ND,Walsh,Walsh,YES,US-CENSUS-FIPS,38099,US-FIPS:38099,STABLE_ID + LOCAL_QA_POLYGON,-97.71982265735952,48.36793150188615,,https://www.census.gov/geographies/reference-files/time-series/geo/gazetteer-files.2024.html
ITC-2044,USA,North Dakota,ND,Ward,Ward,YES,US-CENSUS-FIPS,38101,US-FIPS:38101,STABLE_ID + LOCAL_QA_POLYGON,-101.4680180966721,48.327951,,https://www.census.gov/geographies/reference-files/time-series/geo/gazetteer-files.2024.html
ITC-2045,USA,North Dakota,ND,Wells,Wells,YES,US-CENSUS-FIPS,38103,US-FIPS:38103,STABLE_ID + LOCAL_QA_POLYGON,-99.64940376377332,47.569599999999994,,https://www.census.gov/geographies/reference-files/time-series/geo/gazetteer-files.2024.html
ITC-2046,USA,North Dakota,ND,Williams,Williams,YES,US-CENSUS-FIPS,38105,US-FIPS:38105,STABLE_ID + LOCAL_QA_POLYGON,-103.43717664957461,48.29177124264515,,https://www.census.gov/geographies/reference-files/time-series/geo/gazetteer-files.2024.html
ITC-2047,USA,Ohio,OH,Adams,Adams,YES,US-CENSUS-FIPS,39001,US-FIPS:39001,STABLE_ID + LOCAL_QA_POLYGON,-83.47920576973038,38.827321999999995,,https://www.census.gov/geographies/reference-files/time-series/geo/gazetteer-files.2024.html
ITC-2048,USA,Ohio,OH,Allen,Allen,YES,US-CENSUS-FIPS,39003,US-FIPS:39003,STABLE_ID + LOCAL_QA_POLYGON,-84.13855300062261,40.780022,,https://www.census.gov/geographies/reference-files/time-series/geo/gazetteer-files.2024.html
ITC-2049,USA,Ohio,OH,Ashland,Ashland,YES,US-CENSUS-FIPS,39005,US-FIPS:39005,STABLE_ID + LOCAL_QA_POLYGON,-82.26743950684022,40.811017,,https://www.census.gov/geographies/reference-files/time-series/geo/gazetteer-files.2024.html
ITC-2050,USA,Ohio,OH,Ashtabula,Ashtabula,YES,US-CENSUS-FIPS,39007,US-FIPS:39007,STABLE_ID + LOCAL_QA_POLYGON,-80.76178491455636,41.734213,,https://www.census.gov/geographies/reference-files/time-series/geo/gazetteer-files.2024.html
ITC-2051,USA,Ohio,OH,Athens,Athens,YES,US-CENSUS-FIPS,39009,US-FIPS:39009,STABLE_ID + LOCAL_QA_POLYGON,-82.07076317906592,39.366028,,https://www.census.gov/geographies/reference-files/time-series/geo/gazetteer-files.2024.html
ITC-2052,USA,Ohio,OH,Auglaize,Auglaize,YES,US-CENSUS-FIPS,39011,US-FIPS:39011,STABLE_ID + LOCAL_QA_POLYGON,-84.22454705422874,40.52111049999999,,https://www.census.gov/geographies/reference-files/time-series/geo/gazetteer-files.2024.html
ITC-2053,USA,Ohio,OH,Belmont,Belmont,YES,US-CENSUS-FIPS,39013,US-FIPS:39013,STABLE_ID + LOCAL_QA_POLYGON,-80.98655789480112,40.01136647262474,,https://www.census.gov/geographies/reference-files/time-series/geo/gazetteer-files.2024.html
ITC-2054,USA,Ohio,OH,Brown,Brown,YES,US-CENSUS-FIPS,39015,US-FIPS:39015,STABLE_ID + LOCAL_QA_POLYGON,-83.85492595735704,38.94695899999999,,https://www.census.gov/geographies/reference-files/time-series/geo/gazetteer-files.2024.html
ITC-2055,USA,Ohio,OH,Butler,Butler,YES,US-CENSUS-FIPS,39017,US-FIPS:39017,STABLE_ID + LOCAL_QA_POLYGON,-84.57699417386301,39.4481885,,https://www.census.gov/geographies/reference-files/time-series/geo/gazetteer-files.2024.html
ITC-2056,USA,Ohio,OH,Carroll,Carroll,YES,US-CENSUS-FIPS,39019,US-FIPS:39019,STABLE_ID + LOCAL_QA_POLYGON,-81.09213236858733,40.572978,,https://www.census.gov/geographies/reference-files/time-series/geo/gazetteer-files.2024.html
ITC-2057,USA,Ohio,OH,Champaign,Champaign,YES,US-CENSUS-FIPS,39021,US-FIPS:39021,STABLE_ID + LOCAL_QA_POLYGON,-83.76294370929904,40.156425999999996,,https://www.census.gov/geographies/reference-files/time-series/geo/gazetteer-files.2024.html
ITC-2058,USA,Ohio,OH,Clark,Clark,YES,US-CENSUS-FIPS,39023,US-FIPS:39023,STABLE_ID + LOCAL_QA_POLYGON,-83.79738197862002,39.9052525,,https://www.census.gov/geographies/reference-files/time-series/geo/gazetteer-files.2024.html
ITC-2059,USA,Ohio,OH,Clermont,Clermont,YES,US-CENSUS-FIPS,39025,US-FIPS:39025,STABLE_ID + LOCAL_QA_POLYGON,-84.16872430290576,39.0195309777672,,https://www.census.gov/geographies/reference-files/time-series/geo/gazetteer-files.2024.html
ITC-2060,USA,Ohio,OH,Clinton,Clinton,YES,US-CENSUS-FIPS,39027,US-FIPS:39027,STABLE_ID + LOCAL_QA_POLYGON,-83.79180518779557,39.3902265,,https://www.census.gov/geographies/reference-files/time-series/geo/gazetteer-files.2024.html
ITC-2061,USA,Ohio,OH,Columbiana,Columbiana,YES,US-CENSUS-FIPS,39029,US-FIPS:39029,STABLE_ID + LOCAL_QA_POLYGON,-80.80306453502837,40.7603845,,https://www.census.gov/geographies/reference-files/time-series/geo/gazetteer-files.2024.html
ITC-2062,USA,Ohio,OH,Coshocton,Coshocton,YES,US-CENSUS-FIPS,39031,US-FIPS:39031,STABLE_ID + LOCAL_QA_POLYGON,-81.90563169020268,40.303999,,https://www.census.gov/geographies/reference-files/time-series/geo/gazetteer-files.2024.html
ITC-2063,USA,Ohio,OH,Crawford,Crawford,YES,US-CENSUS-FIPS,39033,US-FIPS:39033,STABLE_ID + LOCAL_QA_POLYGON,-82.91863720559094,40.8514875,,https://www.census.gov/geographies/reference-files/time-series/geo/gazetteer-files.2024.html
ITC-2064,USA,Ohio,OH,Cuyahoga,Cuyahoga,YES,US-CENSUS-FIPS,39035,US-FIPS:39035,STABLE_ID + LOCAL_QA_POLYGON,-81.68056113906249,41.4524055,,https://www.census.gov/geographies/reference-files/time-series/geo/gazetteer-files.2024.html
ITC-2065,USA,Ohio,OH,Darke,Darke,YES,US-CENSUS-FIPS,39037,US-FIPS:39037,STABLE_ID + LOCAL_QA_POLYGON,-84.61956030973101,40.132963000000004,,https://www.census.gov/geographies/reference-files/time-series/geo/gazetteer-files.2024.html
ITC-2066,USA,Ohio,OH,Defiance,Defiance,YES,US-CENSUS-FIPS,39039,US-FIPS:39039,STABLE_ID + LOCAL_QA_POLYGON,-84.5155240584873,41.2917515,,https://www.census.gov/geographies/reference-files/time-series/geo/gazetteer-files.2024.html
ITC-2067,USA,Ohio,OH,Delaware,Delaware,YES,US-CENSUS-FIPS,39041,US-FIPS:39041,STABLE_ID + LOCAL_QA_POLYGON,-82.99967112869756,40.2863615,,https://www.census.gov/geographies/reference-files/time-series/geo/gazetteer-files.2024.html
ITC-2068,USA,Ohio,OH,Erie,Erie,YES,US-CENSUS-FIPS,39043,US-FIPS:39043,STABLE_ID + LOCAL_QA_POLYGON,-82.687376873236,41.38964201940835,,https://www.census.gov/geographies/reference-files/time-series/geo/gazetteer-files.2024.html
ITC-2069,USA,Ohio,OH,Fairfield,Fairfield,YES,US-CENSUS-FIPS,39045,US-FIPS:39045,STABLE_ID + LOCAL_QA_POLYGON,-82.6161594531169,39.747865,,https://www.census.gov/geographies/reference-files/time-series/geo/gazetteer-files.2024.html
ITC-2070,USA,Ohio,OH,Fayette,Fayette,YES,US-CENSUS-FIPS,39047,US-FIPS:39047,STABLE_ID + LOCAL_QA_POLYGON,-83.4403918902916,39.547218,,https://www.census.gov/geographies/reference-files/time-series/geo/gazetteer-files.2024.html
ITC-2071,USA,Ohio,OH,Franklin,Franklin,YES,US-CENSUS-FIPS,39049,US-FIPS:39049,STABLE_ID + LOCAL_QA_POLYGON,-83.01328876490746,39.969483999999994,,https://www.census.gov/geographies/reference-files/time-series/geo/gazetteer-files.2024.html
ITC-2072,USA,Ohio,OH,Fulton,Fulton,YES,US-CENSUS-FIPS,39051,US-FIPS:39051,STABLE_ID + LOCAL_QA_POLYGON,-84.13183312323734,41.602572499999994,,https://www.census.gov/geographies/reference-files/time-series/geo/gazetteer-files.2024.html
ITC-2073,USA,Ohio,OH,Gallia,Gallia,YES,US-CENSUS-FIPS,39053,US-FIPS:39053,STABLE_ID + LOCAL_QA_POLYGON,-82.38717217213039,38.8119125,,https://www.census.gov/geographies/reference-files/time-series/geo/gazetteer-files.2024.html
ITC-2074,USA,Ohio,OH,Geauga,Geauga,YES,US-CENSUS-FIPS,39055,US-FIPS:39055,STABLE_ID + LOCAL_QA_POLYGON,-81.19690040236262,41.5286295,,https://www.census.gov/geographies/reference-files/time-series/geo/gazetteer-files.2024.html
ITC-2075,USA,Ohio,OH,Greene,Greene,YES,US-CENSUS-FIPS,39057,US-FIPS:39057,STABLE_ID + LOCAL_QA_POLYGON,-83.88028864270976,39.701803999999996,,https://www.census.gov/geographies/reference-files/time-series/geo/gazetteer-files.2024.html
ITC-2076,USA,Ohio,OH,Guernsey,Guernsey,YES,US-CENSUS-FIPS,39059,US-FIPS:39059,STABLE_ID + LOCAL_QA_POLYGON,-81.47722373779101,40.0249635,,https://www.census.gov/geographies/reference-files/time-series/geo/gazetteer-files.2024.html
ITC-2077,USA,Ohio,OH,Hamilton,Hamilton,YES,US-CENSUS-FIPS,39061,US-FIPS:39061,STABLE_ID + LOCAL_QA_POLYGON,-84.5581016305055,39.1668285,,https://www.census.gov/geographies/reference-files/time-series/geo/gazetteer-files.2024.html
ITC-2078,USA,Ohio,OH,Hancock,Hancock,YES,US-CENSUS-FIPS,39063,US-FIPS:39063,STABLE_ID + LOCAL_QA_POLYGON,-83.65054411088965,41.010358,,https://www.census.gov/geographies/reference-files/time-series/geo/gazetteer-files.2024.html
ITC-2079,USA,Ohio,OH,Hardin,Hardin,YES,US-CENSUS-FIPS,39065,US-FIPS:39065,STABLE_ID + LOCAL_QA_POLYGON,-83.64996201185525,40.6599695,,https://www.census.gov/geographies/reference-files/time-series/geo/gazetteer-files.2024.html
ITC-2080,USA,Ohio,OH,Harrison,Harrison,YES,US-CENSUS-FIPS,39067,US-FIPS:39067,STABLE_ID + LOCAL_QA_POLYGON,-81.1050610323058,40.2996815,,https://www.census.gov/geographies/reference-files/time-series/geo/gazetteer-files.2024.html
ITC-2081,USA,Ohio,OH,Henry,Henry,YES,US-CENSUS-FIPS,39069,US-FIPS:39069,STABLE_ID + LOCAL_QA_POLYGON,-84.05532250003891,41.3212185,,https://www.census.gov/geographies/reference-files/time-series/geo/gazetteer-files.2024.html
ITC-2082,USA,Ohio,OH,Highland,Highland,YES,US-CENSUS-FIPS,39071,US-FIPS:39071,STABLE_ID + LOCAL_QA_POLYGON,-83.6082137288771,39.210215,,https://www.census.gov/geographies/reference-files/time-series/geo/gazetteer-files.2024.html
ITC-2083,USA,Ohio,OH,Hocking,Hocking,YES,US-CENSUS-FIPS,39073,US-FIPS:39073,STABLE_ID + LOCAL_QA_POLYGON,-82.44960984081784,39.5125865,,https://www.census.gov/geographies/reference-files/time-series/geo/gazetteer-files.2024.html
ITC-2084,USA,Ohio,OH,Holmes,Holmes,YES,US-CENSUS-FIPS,39075,US-FIPS:39075,STABLE_ID + LOCAL_QA_POLYGON,-81.92247396700347,40.561196499999994,,https://www.census.gov/geographies/reference-files/time-series/geo/gazetteer-files.2024.html
ITC-2085,USA,Ohio,OH,Huron,Huron,YES,US-CENSUS-FIPS,39077,US-FIPS:39077,STABLE_ID + LOCAL_QA_POLYGON,-82.58799064872338,41.140975999999995,,https://www.census.gov/geographies/reference-files/time-series/geo/gazetteer-files.2024.html
ITC-2086,USA,Ohio,OH,Jackson,Jackson,YES,US-CENSUS-FIPS,39079,US-FIPS:39079,STABLE_ID + LOCAL_QA_POLYGON,-82.61742355660898,39.02701,,https://www.census.gov/geographies/reference-files/time-series/geo/gazetteer-files.2024.html
ITC-2087,USA,Ohio,OH,Jefferson,Jefferson,YES,US-CENSUS-FIPS,39081,US-FIPS:39081,STABLE_ID + LOCAL_QA_POLYGON,-80.74192333222993,40.37698036380695,,https://www.census.gov/geographies/reference-files/time-series/geo/gazetteer-files.2024.html
ITC-2088,USA,Ohio,OH,Knox,Knox,YES,US-CENSUS-FIPS,39083,US-FIPS:39083,STABLE_ID + LOCAL_QA_POLYGON,-82.4139467210441,40.41184,,https://www.census.gov/geographies/reference-files/time-series/geo/gazetteer-files.2024.html
ITC-2089,USA,Ohio,OH,Lake,Lake,YES,US-CENSUS-FIPS,39085,US-FIPS:39085,STABLE_ID + LOCAL_QA_POLYGON,-81.24072978215821,41.712624032780994,,https://www.census.gov/geographies/reference-files/time-series/geo/gazetteer-files.2024.html
ITC-2090,USA,Ohio,OH,Lawrence,Lawrence,YES,US-CENSUS-FIPS,39087,US-FIPS:39087,STABLE_ID + LOCAL_QA_POLYGON,-82.55788921999162,38.628147999999996,,https://www.census.gov/geographies/reference-files/time-series/geo/gazetteer-files.2024.html
ITC-2091,USA,Ohio,OH,Licking,Licking,YES,US-CENSUS-FIPS,39089,US-FIPS:39089,STABLE_ID + LOCAL_QA_POLYGON,-82.477720549129,40.094656,,https://www.census.gov/geographies/reference-files/time-series/geo/gazetteer-files.2024.html
ITC-2092,USA,Ohio,OH,Logan,Logan,YES,US-CENSUS-FIPS,39091,US-FIPS:39091,STABLE_ID + LOCAL_QA_POLYGON,-83.76942862862555,40.384640499999996,,https://www.census.gov/geographies/reference-files/time-series/geo/gazetteer-files.2024.html
ITC-2093,USA,Ohio,OH,Lorain,Lorain,YES,US-CENSUS-FIPS,39093,US-FIPS:39093,STABLE_ID + LOCAL_QA_POLYGON,-82.11036314455457,41.297999499999996,,https://www.census.gov/geographies/reference-files/time-series/geo/gazetteer-files.2024.html
ITC-2094,USA,Ohio,OH,Lucas,Lucas,YES,US-CENSUS-FIPS,39095,US-FIPS:39095,STABLE_ID + LOCAL_QA_POLYGON,-83.74589360848134,41.574123,,https://www.census.gov/geographies/reference-files/time-series/geo/gazetteer-files.2024.html
ITC-2095,USA,Ohio,OH,Madison,Madison,YES,US-CENSUS-FIPS,39097,US-FIPS:39097,STABLE_ID + LOCAL_QA_POLYGON,-83.39897890396108,39.903251499999996,,https://www.census.gov/geographies/reference-files/time-series/geo/gazetteer-files.2024.html
ITC-2096,USA,Ohio,OH,Mahoning,Mahoning,YES,US-CENSUS-FIPS,39099,US-FIPS:39099,STABLE_ID + LOCAL_QA_POLYGON,-80.7604084661738,41.018542499999995,,https://www.census.gov/geographies/reference-files/time-series/geo/gazetteer-files.2024.html
ITC-2097,USA,Ohio,OH,Marion,Marion,YES,US-CENSUS-FIPS,39101,US-FIPS:39101,STABLE_ID + LOCAL_QA_POLYGON,-83.18846654557368,40.5766275,,https://www.census.gov/geographies/reference-files/time-series/geo/gazetteer-files.2024.html
ITC-2098,USA,Ohio,OH,Medina,Medina,YES,US-CENSUS-FIPS,39103,US-FIPS:39103,STABLE_ID + LOCAL_QA_POLYGON,-81.92850429382676,41.131958999999995,,https://www.census.gov/geographies/reference-files/time-series/geo/gazetteer-files.2024.html
ITC-2099,USA,Ohio,OH,Meigs,Meigs,YES,US-CENSUS-FIPS,39105,US-FIPS:39105,STABLE_ID + LOCAL_QA_POLYGON,-82.05590518211017,39.038466,,https://www.census.gov/geographies/reference-files/time-series/geo/gazetteer-files.2024.html
ITC-2100,USA,Ohio,OH,Mercer,Mercer,YES,US-CENSUS-FIPS,39107,US-FIPS:39107,STABLE_ID + LOCAL_QA_POLYGON,-84.62893276652716,40.54049532159439,,https://www.census.gov/geographies/reference-files/time-series/geo/gazetteer-files.2024.html
ITC-2101,USA,Ohio,OH,Miami,Miami,YES,US-CENSUS-FIPS,39109,US-FIPS:39109,STABLE_ID + LOCAL_QA_POLYGON,-84.2328352847077,40.031035,,https://www.census.gov/geographies/reference-files/time-series/geo/gazetteer-files.2024.html
ITC-2102,USA,Ohio,OH,Monroe,Monroe,YES,US-CENSUS-FIPS,39111,US-FIPS:39111,STABLE_ID + LOCAL_QA_POLYGON,-81.05678707737815,39.704576,,https://www.census.gov/geographies/reference-files/time-series/geo/gazetteer-files.2024.html
ITC-2103,USA,Ohio,OH,Montgomery,Montgomery,YES,US-CENSUS-FIPS,39113,US-FIPS:39113,STABLE_ID + LOCAL_QA_POLYGON,-84.29150475749347,39.74955,,https://www.census.gov/geographies/reference-files/time-series/geo/gazetteer-files.2024.html
ITC-2104,USA,Ohio,OH,Morgan,Morgan,YES,US-CENSUS-FIPS,39115,US-FIPS:39115,STABLE_ID + LOCAL_QA_POLYGON,-81.8108060172298,39.6152285,,https://www.census.gov/geographies/reference-files/time-series/geo/gazetteer-files.2024.html
ITC-2105,USA,Ohio,OH,Morrow,Morrow,YES,US-CENSUS-FIPS,39117,US-FIPS:39117,STABLE_ID + LOCAL_QA_POLYGON,-82.80054614137697,40.537142,,https://www.census.gov/geographies/reference-files/time-series/geo/gazetteer-files.2024.html
ITC-2106,USA,Ohio,OH,Muskingum,Muskingum,YES,US-CENSUS-FIPS,39119,US-FIPS:39119,STABLE_ID + LOCAL_QA_POLYGON,-81.96229153850058,39.965325,,https://www.census.gov/geographies/reference-files/time-series/geo/gazetteer-files.2024.html
ITC-2107,USA,Ohio,OH,Noble,Noble,YES,US-CENSUS-FIPS,39121,US-FIPS:39121,STABLE_ID + LOCAL_QA_POLYGON,-81.50724311705628,39.7638755,,https://www.census.gov/geographies/reference-files/time-series/geo/gazetteer-files.2024.html
ITC-2108,USA,Ohio,OH,Ottawa,Ottawa,YES,US-CENSUS-FIPS,39123,US-FIPS:39123,STABLE_ID + LOCAL_QA_POLYGON,-83.2088349502858,41.54024659479685,,https://www.census.gov/geographies/reference-files/time-series/geo/gazetteer-files.2024.html
ITC-2109,USA,Ohio,OH,Paulding,Paulding,YES,US-CENSUS-FIPS,39125,US-FIPS:39125,STABLE_ID + LOCAL_QA_POLYGON,-84.57254619238978,41.1215865,,https://www.census.gov/geographies/reference-files/time-series/geo/gazetteer-files.2024.html
ITC-2110,USA,Ohio,OH,Perry,Perry,YES,US-CENSUS-FIPS,39127,US-FIPS:39127,STABLE_ID + LOCAL_QA_POLYGON,-82.22268820626253,39.7409025,,https://www.census.gov/geographies/reference-files/time-series/geo/gazetteer-files.2024.html
ITC-2111,USA,Ohio,OH,Pickaway,Pickaway,YES,US-CENSUS-FIPS,39129,US-FIPS:39129,STABLE_ID + LOCAL_QA_POLYGON,-83.04597922910843,39.640593499999994,,https://www.census.gov/geographies/reference-files/time-series/geo/gazetteer-files.2024.html
ITC-2112,USA,Ohio,OH,Pike,Pike,YES,US-CENSUS-FIPS,39131,US-FIPS:39131,STABLE_ID + LOCAL_QA_POLYGON,-83.08839739986263,39.0743425,,https://www.census.gov/geographies/reference-files/time-series/geo/gazetteer-files.2024.html
ITC-2113,USA,Ohio,OH,Portage,Portage,YES,US-CENSUS-FIPS,39133,US-FIPS:39133,STABLE_ID + LOCAL_QA_POLYGON,-81.19746734187649,41.167269000000005,,https://www.census.gov/geographies/reference-files/time-series/geo/gazetteer-files.2024.html
ITC-2114,USA,Ohio,OH,Preble,Preble,YES,US-CENSUS-FIPS,39135,US-FIPS:39135,STABLE_ID + LOCAL_QA_POLYGON,-84.64790632636453,39.735057568109795,,https://www.census.gov/geographies/reference-files/time-series/geo/gazetteer-files.2024.html
ITC-2115,USA,Ohio,OH,Putnam,Putnam,YES,US-CENSUS-FIPS,39137,US-FIPS:39137,STABLE_ID + LOCAL_QA_POLYGON,-84.11141643740918,41.012478,,https://www.census.gov/geographies/reference-files/time-series/geo/gazetteer-files.2024.html
ITC-2116,USA,Ohio,OH,Richland,Richland,YES,US-CENSUS-FIPS,39139,US-FIPS:39139,STABLE_ID + LOCAL_QA_POLYGON,-82.55243935297253,40.7739825,,https://www.census.gov/geographies/reference-files/time-series/geo/gazetteer-files.2024.html
ITC-2117,USA,Ohio,OH,Ross,Ross,YES,US-CENSUS-FIPS,39141,US-FIPS:39141,STABLE_ID + LOCAL_QA_POLYGON,-83.06488422173493,39.3425405,,https://www.census.gov/geographies/reference-files/time-series/geo/gazetteer-files.2024.html
ITC-2118,USA,Ohio,OH,Sandusky,Sandusky,YES,US-CENSUS-FIPS,39143,US-FIPS:39143,STABLE_ID + LOCAL_QA_POLYGON,-83.13084716768407,41.374517999999995,,https://www.census.gov/geographies/reference-files/time-series/geo/gazetteer-files.2024.html
ITC-2119,USA,Ohio,OH,Scioto,Scioto,YES,US-CENSUS-FIPS,39145,US-FIPS:39145,STABLE_ID + LOCAL_QA_POLYGON,-82.96174365042322,38.798075499999996,,https://www.census.gov/geographies/reference-files/time-series/geo/gazetteer-files.2024.html
ITC-2120,USA,Ohio,OH,Seneca,Seneca,YES,US-CENSUS-FIPS,39147,US-FIPS:39147,STABLE_ID + LOCAL_QA_POLYGON,-83.12787887631679,41.124021,,https://www.census.gov/geographies/reference-files/time-series/geo/gazetteer-files.2024.html
ITC-2121,USA,Ohio,OH,Shelby,Shelby,YES,US-CENSUS-FIPS,39149,US-FIPS:39149,STABLE_ID + LOCAL_QA_POLYGON,-84.21924463305322,40.331053999999995,,https://www.census.gov/geographies/reference-files/time-series/geo/gazetteer-files.2024.html
ITC-2122,USA,Ohio,OH,Stark,Stark,YES,US-CENSUS-FIPS,39151,US-FIPS:39151,STABLE_ID + LOCAL_QA_POLYGON,-81.36743734610168,40.809721999999994,,https://www.census.gov/geographies/reference-files/time-series/geo/gazetteer-files.2024.html
ITC-2123,USA,Ohio,OH,Summit,Summit,YES,US-CENSUS-FIPS,39153,US-FIPS:39153,STABLE_ID + LOCAL_QA_POLYGON,-81.53962957923102,41.131524,,https://www.census.gov/geographies/reference-files/time-series/geo/gazetteer-files.2024.html
ITC-2124,USA,Ohio,OH,Trumbull,Trumbull,YES,US-CENSUS-FIPS,39155,US-FIPS:39155,STABLE_ID + LOCAL_QA_POLYGON,-80.76123528051906,41.32248363866965,,https://www.census.gov/geographies/reference-files/time-series/geo/gazetteer-files.2024.html
ITC-2125,USA,Ohio,OH,Tuscarawas,Tuscarawas,YES,US-CENSUS-FIPS,39157,US-FIPS:39157,STABLE_ID + LOCAL_QA_POLYGON,-81.48955624223305,40.4397555,,https://www.census.gov/geographies/reference-files/time-series/geo/gazetteer-files.2024.html
ITC-2126,USA,Ohio,OH,Union,Union,YES,US-CENSUS-FIPS,39159,US-FIPS:39159,STABLE_ID + LOCAL_QA_POLYGON,-83.39603295806104,40.308976,,https://www.census.gov/geographies/reference-files/time-series/geo/gazetteer-files.2024.html
ITC-2127,USA,Ohio,OH,Van Wert,Van Wert,YES,US-CENSUS-FIPS,39161,US-FIPS:39161,STABLE_ID + LOCAL_QA_POLYGON,-84.57136384944695,40.83676749999999,,https://www.census.gov/geographies/reference-files/time-series/geo/gazetteer-files.2024.html
ITC-2128,USA,Ohio,OH,Vinton,Vinton,YES,US-CENSUS-FIPS,39163,US-FIPS:39163,STABLE_ID + LOCAL_QA_POLYGON,-82.5151469873726,39.212176,,https://www.census.gov/geographies/reference-files/time-series/geo/gazetteer-files.2024.html
ITC-2129,USA,Ohio,OH,Warren,Warren,YES,US-CENSUS-FIPS,39165,US-FIPS:39165,STABLE_ID + LOCAL_QA_POLYGON,-84.16530353038753,39.424527999999995,,https://www.census.gov/geographies/reference-files/time-series/geo/gazetteer-files.2024.html
ITC-2130,USA,Ohio,OH,Washington,Washington,YES,US-CENSUS-FIPS,39167,US-FIPS:39167,STABLE_ID + LOCAL_QA_POLYGON,-81.51505447991055,39.432131999999996,,https://www.census.gov/geographies/reference-files/time-series/geo/gazetteer-files.2024.html
ITC-2131,USA,Ohio,OH,Wayne,Wayne,YES,US-CENSUS-FIPS,39169,US-FIPS:39169,STABLE_ID + LOCAL_QA_POLYGON,-81.88704723136922,40.833106,,https://www.census.gov/geographies/reference-files/time-series/geo/gazetteer-files.2024.html
ITC-2132,USA,Ohio,OH,Williams,Williams,YES,US-CENSUS-FIPS,39171,US-FIPS:39171,STABLE_ID + LOCAL_QA_POLYGON,-84.59296057468691,41.55694647484725,,https://www.census.gov/geographies/reference-files/time-series/geo/gazetteer-files.2024.html
ITC-2133,USA,Ohio,OH,Wood,Wood,YES,US-CENSUS-FIPS,39173,US-FIPS:39173,STABLE_ID + LOCAL_QA_POLYGON,-83.64973520913699,41.392641999999995,,https://www.census.gov/geographies/reference-files/time-series/geo/gazetteer-files.2024.html
ITC-2134,USA,Ohio,OH,Wyandot,Wyandot,YES,US-CENSUS-FIPS,39175,US-FIPS:39175,STABLE_ID + LOCAL_QA_POLYGON,-83.31398884285969,40.832021499999996,,https://www.census.gov/geographies/reference-files/time-series/geo/gazetteer-files.2024.html
ITC-2135,USA,Oklahoma,OK,Adair,Adair,YES,US-CENSUS-FIPS,40001,US-FIPS:40001,STABLE_ID + LOCAL_QA_POLYGON,-94.66133403580363,35.889111,,https://www.census.gov/geographies/reference-files/time-series/geo/gazetteer-files.2024.html
ITC-2136,USA,Oklahoma,OK,Alfalfa,Alfalfa,YES,US-CENSUS-FIPS,40003,US-FIPS:40003,STABLE_ID + LOCAL_QA_POLYGON,-98.32527458048236,36.73192949999999,,https://www.census.gov/geographies/reference-files/time-series/geo/gazetteer-files.2024.html
ITC-2137,USA,Oklahoma,OK,Atoka,Atoka,YES,US-CENSUS-FIPS,40005,US-FIPS:40005,STABLE_ID + LOCAL_QA_POLYGON,-95.9621249787659,34.41869749999999,,https://www.census.gov/geographies/reference-files/time-series/geo/gazetteer-files.2024.html
ITC-2138,USA,Oklahoma,OK,Beaver,Beaver,YES,US-CENSUS-FIPS,40007,US-FIPS:40007,STABLE_ID + LOCAL_QA_POLYGON,-100.47886332151133,36.7543735,,https://www.census.gov/geographies/reference-files/time-series/geo/gazetteer-files.2024.html
ITC-2139,USA,Oklahoma,OK,Beckham,Beckham,YES,US-CENSUS-FIPS,40009,US-FIPS:40009,STABLE_ID + LOCAL_QA_POLYGON,-99.68248347626462,35.273259499999995,,https://www.census.gov/geographies/reference-files/time-series/geo/gazetteer-files.2024.html
ITC-2140,USA,Oklahoma,OK,Blaine,Blaine,YES,US-CENSUS-FIPS,40011,US-FIPS:40011,STABLE_ID + LOCAL_QA_POLYGON,-98.41949735235494,35.8357605,,https://www.census.gov/geographies/reference-files/time-series/geo/gazetteer-files.2024.html
ITC-2141,USA,Oklahoma,OK,Bryan,Bryan,YES,US-CENSUS-FIPS,40013,US-FIPS:40013,STABLE_ID + LOCAL_QA_POLYGON,-96.24557161425724,33.9220995,,https://www.census.gov/geographies/reference-files/time-series/geo/gazetteer-files.2024.html
ITC-2142,USA,Oklahoma,OK,Caddo,Caddo,YES,US-CENSUS-FIPS,40015,US-FIPS:40015,STABLE_ID + LOCAL_QA_POLYGON,-98.35467990482795,35.196695,,https://www.census.gov/geographies/reference-files/time-series/geo/gazetteer-files.2024.html
ITC-2143,USA,Oklahoma,OK,Canadian,Canadian,YES,US-CENSUS-FIPS,40017,US-FIPS:40017,STABLE_ID + LOCAL_QA_POLYGON,-97.98885519204839,35.526597499999994,,https://www.census.gov/geographies/reference-files/time-series/geo/gazetteer-files.2024.html
ITC-2144,USA,Oklahoma,OK,Carter,Carter,YES,US-CENSUS-FIPS,40019,US-FIPS:40019,STABLE_ID + LOCAL_QA_POLYGON,-97.24803126060482,34.285512,,https://www.census.gov/geographies/reference-files/time-series/geo/gazetteer-files.2024.html
ITC-2145,USA,Oklahoma,OK,Cherokee,Cherokee,YES,US-CENSUS-FIPS,40021,US-FIPS:40021,STABLE_ID + LOCAL_QA_POLYGON,-95.04273620354137,35.8993825,,https://www.census.gov/geographies/reference-files/time-series/geo/gazetteer-files.2024.html
ITC-2146,USA,Oklahoma,OK,Choctaw,Choctaw,YES,US-CENSUS-FIPS,40023,US-FIPS:40023,STABLE_ID + LOCAL_QA_POLYGON,-95.54724243533028,34.009491999999995,,https://www.census.gov/geographies/reference-files/time-series/geo/gazetteer-files.2024.html
ITC-2147,USA,Oklahoma,OK,Cimarron,Cimarron,YES,US-CENSUS-FIPS,40025,US-FIPS:40025,STABLE_ID + LOCAL_QA_POLYGON,-102.51703388399017,36.74086749999999,,https://www.census.gov/geographies/reference-files/time-series/geo/gazetteer-files.2024.html
ITC-2148,USA,Oklahoma,OK,Cleveland,Cleveland,YES,US-CENSUS-FIPS,40027,US-FIPS:40027,STABLE_ID + LOCAL_QA_POLYGON,-97.29102725465839,35.152322999999996,,https://www.census.gov/geographies/reference-files/time-series/geo/gazetteer-files.2024.html
ITC-2149,USA,Oklahoma,OK,Coal,Coal,YES,US-CENSUS-FIPS,40029,US-FIPS:40029,STABLE_ID + LOCAL_QA_POLYGON,-96.30208648131634,34.592985,,https://www.census.gov/geographies/reference-files/time-series/geo/gazetteer-files.2024.html
ITC-2150,USA,Oklahoma,OK,Comanche,Comanche,YES,US-CENSUS-FIPS,40031,US-FIPS:40031,STABLE_ID + LOCAL_QA_POLYGON,-98.48406565983942,34.644932,,https://www.census.gov/geographies/reference-files/time-series/geo/gazetteer-files.2024.html
ITC-2151,USA,Oklahoma,OK,Cotton,Cotton,YES,US-CENSUS-FIPS,40033,US-FIPS:40033,STABLE_ID + LOCAL_QA_POLYGON,-98.37444032810882,34.2848665,,https://www.census.gov/geographies/reference-files/time-series/geo/gazetteer-files.2024.html
ITC-2152,USA,Oklahoma,OK,Craig,Craig,YES,US-CENSUS-FIPS,40035,US-FIPS:40035,STABLE_ID + LOCAL_QA_POLYGON,-95.2155566212854,36.7535465,,https://www.census.gov/geographies/reference-files/time-series/geo/gazetteer-files.2024.html
ITC-2153,USA,Oklahoma,OK,Creek,Creek,YES,US-CENSUS-FIPS,40037,US-FIPS:40037,STABLE_ID + LOCAL_QA_POLYGON,-96.32484882403952,35.908367999999996,,https://www.census.gov/geographies/reference-files/time-series/geo/gazetteer-files.2024.html
ITC-2154,USA,Oklahoma,OK,Custer,Custer,YES,US-CENSUS-FIPS,40039,US-FIPS:40039,STABLE_ID + LOCAL_QA_POLYGON,-99.00454172161099,35.6386975,,https://www.census.gov/geographies/reference-files/time-series/geo/gazetteer-files.2024.html
ITC-2155,USA,Oklahoma,OK,Delaware,Delaware,YES,US-CENSUS-FIPS,40041,US-FIPS:40041,STABLE_ID + LOCAL_QA_POLYGON,-94.80517256426859,36.4171295,,https://www.census.gov/geographies/reference-files/time-series/geo/gazetteer-files.2024.html
ITC-2156,USA,Oklahoma,OK,Dewey,Dewey,YES,US-CENSUS-FIPS,40043,US-FIPS:40043,STABLE_ID + LOCAL_QA_POLYGON,-99.00860792346487,35.9920445,,https://www.census.gov/geographies/reference-files/time-series/geo/gazetteer-files.2024.html
ITC-2157,USA,Oklahoma,OK,Ellis,Ellis,YES,US-CENSUS-FIPS,40045,US-FIPS:40045,STABLE_ID + LOCAL_QA_POLYGON,-99.79812115731747,36.2318295,,https://www.census.gov/geographies/reference-files/time-series/geo/gazetteer-files.2024.html
ITC-2158,USA,Oklahoma,OK,Garfield,Garfield,YES,US-CENSUS-FIPS,40047,US-FIPS:40047,STABLE_ID + LOCAL_QA_POLYGON,-97.78283442561533,36.3799375,,https://www.census.gov/geographies/reference-files/time-series/geo/gazetteer-files.2024.html
ITC-2159,USA,Oklahoma,OK,Garvin,Garvin,YES,US-CENSUS-FIPS,40049,US-FIPS:40049,STABLE_ID + LOCAL_QA_POLYGON,-97.24763570204277,34.680786,,https://www.census.gov/geographies/reference-files/time-series/geo/gazetteer-files.2024.html
ITC-2160,USA,Oklahoma,OK,Grady,Grady,YES,US-CENSUS-FIPS,40051,US-FIPS:40051,STABLE_ID + LOCAL_QA_POLYGON,-97.88178211493599,35.0368855,,https://www.census.gov/geographies/reference-files/time-series/geo/gazetteer-files.2024.html
ITC-2161,USA,Oklahoma,OK,Grant,Grant,YES,US-CENSUS-FIPS,40053,US-FIPS:40053,STABLE_ID + LOCAL_QA_POLYGON,-97.78628743675364,36.782182,,https://www.census.gov/geographies/reference-files/time-series/geo/gazetteer-files.2024.html
ITC-2162,USA,Oklahoma,OK,Greer,Greer,YES,US-CENSUS-FIPS,40055,US-FIPS:40055,STABLE_ID + LOCAL_QA_POLYGON,-99.51418216444331,34.9200865,,https://www.census.gov/geographies/reference-files/time-series/geo/gazetteer-files.2024.html
ITC-2163,USA,Oklahoma,OK,Harmon,Harmon,YES,US-CENSUS-FIPS,40057,US-FIPS:40057,STABLE_ID + LOCAL_QA_POLYGON,-99.86029916314841,34.782047,,https://www.census.gov/geographies/reference-files/time-series/geo/gazetteer-files.2024.html
ITC-2164,USA,Oklahoma,OK,Harper,Harper,YES,US-CENSUS-FIPS,40059,US-FIPS:40059,STABLE_ID + LOCAL_QA_POLYGON,-99.64943709531474,36.808259,,https://www.census.gov/geographies/reference-files/time-series/geo/gazetteer-files.2024.html
ITC-2165,USA,Oklahoma,OK,Haskell,Haskell,YES,US-CENSUS-FIPS,40061,US-FIPS:40061,STABLE_ID + LOCAL_QA_POLYGON,-95.13265001760519,35.253054,,https://www.census.gov/geographies/reference-files/time-series/geo/gazetteer-files.2024.html
ITC-2166,USA,Oklahoma,OK,Hughes,Hughes,YES,US-CENSUS-FIPS,40063,US-FIPS:40063,STABLE_ID + LOCAL_QA_POLYGON,-96.28974887077084,35.0355625,,https://www.census.gov/geographies/reference-files/time-series/geo/gazetteer-files.2024.html
ITC-2167,USA,Oklahoma,OK,Jackson,Jackson,YES,US-CENSUS-FIPS,40065,US-FIPS:40065,STABLE_ID + LOCAL_QA_POLYGON,-99.37482672190885,34.598161,,https://www.census.gov/geographies/reference-files/time-series/geo/gazetteer-files.2024.html
ITC-2168,USA,Oklahoma,OK,Jefferson,Jefferson,YES,US-CENSUS-FIPS,40067,US-FIPS:40067,STABLE_ID + LOCAL_QA_POLYGON,-97.83983068894278,34.0690695,,https://www.census.gov/geographies/reference-files/time-series/geo/gazetteer-files.2024.html
ITC-2169,USA,Oklahoma,OK,Johnston,Johnston,YES,US-CENSUS-FIPS,40069,US-FIPS:40069,STABLE_ID + LOCAL_QA_POLYGON,-96.67029026820512,34.3210755,,https://www.census.gov/geographies/reference-files/time-series/geo/gazetteer-files.2024.html
ITC-2170,USA,Oklahoma,OK,Kay,Kay,YES,US-CENSUS-FIPS,40071,US-FIPS:40071,STABLE_ID + LOCAL_QA_POLYGON,-97.10737126541358,36.796431999999996,,https://www.census.gov/geographies/reference-files/time-series/geo/gazetteer-files.2024.html
ITC-2171,USA,Oklahoma,OK,Kingfisher,Kingfisher,YES,US-CENSUS-FIPS,40073,US-FIPS:40073,STABLE_ID + LOCAL_QA_POLYGON,-97.94280040539027,35.927913,,https://www.census.gov/geographies/reference-files/time-series/geo/gazetteer-files.2024.html
ITC-2172,USA,Oklahoma,OK,Kiowa,Kiowa,YES,US-CENSUS-FIPS,40075,US-FIPS:40075,STABLE_ID + LOCAL_QA_POLYGON,-98.89989014367896,34.859098,,https://www.census.gov/geographies/reference-files/time-series/geo/gazetteer-files.2024.html
ITC-2173,USA,Oklahoma,OK,Latimer,Latimer,YES,US-CENSUS-FIPS,40077,US-FIPS:40077,STABLE_ID + LOCAL_QA_POLYGON,-95.2526820482379,34.8710045,,https://www.census.gov/geographies/reference-files/time-series/geo/gazetteer-files.2024.html
ITC-2174,USA,Oklahoma,OK,Le Flore,Le Flore,YES,US-CENSUS-FIPS,40079,US-FIPS:40079,STABLE_ID + LOCAL_QA_POLYGON,-94.68739503112617,34.9565685,,https://www.census.gov/geographies/reference-files/time-series/geo/gazetteer-files.2024.html
ITC-2175,USA,Oklahoma,OK,Lincoln,Lincoln,YES,US-CENSUS-FIPS,40081,US-FIPS:40081,STABLE_ID + LOCAL_QA_POLYGON,-96.88060198546927,35.702711,,https://www.census.gov/geographies/reference-files/time-series/geo/gazetteer-files.2024.html
ITC-2176,USA,Oklahoma,OK,Logan,Logan,YES,US-CENSUS-FIPS,40083,US-FIPS:40083,STABLE_ID + LOCAL_QA_POLYGON,-97.43888278276486,35.944325,,https://www.census.gov/geographies/reference-files/time-series/geo/gazetteer-files.2024.html
ITC-2177,USA,Oklahoma,OK,Love,Love,YES,US-CENSUS-FIPS,40085,US-FIPS:40085,STABLE_ID + LOCAL_QA_POLYGON,-97.34977265978725,33.8937245682764,,https://www.census.gov/geographies/reference-files/time-series/geo/gazetteer-files.2024.html
ITC-2178,USA,Oklahoma,OK,Major,Major,YES,US-CENSUS-FIPS,40093,US-FIPS:40093,STABLE_ID + LOCAL_QA_POLYGON,-98.53259317824836,36.3362755,,https://www.census.gov/geographies/reference-files/time-series/geo/gazetteer-files.2024.html
ITC-2179,USA,Oklahoma,OK,Marshall,Marshall,YES,US-CENSUS-FIPS,40095,US-FIPS:40095,STABLE_ID + LOCAL_QA_POLYGON,-96.77596508952428,33.998233,,https://www.census.gov/geographies/reference-files/time-series/geo/gazetteer-files.2024.html
ITC-2180,USA,Oklahoma,OK,Mayes,Mayes,YES,US-CENSUS-FIPS,40097,US-FIPS:40097,STABLE_ID + LOCAL_QA_POLYGON,-95.22074161340282,36.285563499999995,,https://www.census.gov/geographies/reference-files/time-series/geo/gazetteer-files.2024.html
ITC-2181,USA,Oklahoma,OK,McClain,McClain,YES,US-CENSUS-FIPS,40087,US-FIPS:40087,STABLE_ID + LOCAL_QA_POLYGON,-97.53578940646327,35.097216,,https://www.census.gov/geographies/reference-files/time-series/geo/gazetteer-files.2024.html
ITC-2182,USA,Oklahoma,OK,McCurtain,McCurtain,YES,US-CENSUS-FIPS,40089,US-FIPS:40089,STABLE_ID + LOCAL_QA_POLYGON,-94.81494148639685,34.0745053964104,,https://www.census.gov/geographies/reference-files/time-series/geo/gazetteer-files.2024.html
ITC-2183,USA,Oklahoma,OK,McIntosh,McIntosh,YES,US-CENSUS-FIPS,40091,US-FIPS:40091,STABLE_ID + LOCAL_QA_POLYGON,-95.66311208604188,35.3401125,,https://www.census.gov/geographies/reference-files/time-series/geo/gazetteer-files.2024.html
ITC-2184,USA,Oklahoma,OK,Murray,Murray,YES,US-CENSUS-FIPS,40099,US-FIPS:40099,STABLE_ID + LOCAL_QA_POLYGON,-97.11651241737702,34.474131,,https://www.census.gov/geographies/reference-files/time-series/geo/gazetteer-files.2024.html
ITC-2185,USA,Oklahoma,OK,Muskogee,Muskogee,YES,US-CENSUS-FIPS,40101,US-FIPS:40101,STABLE_ID + LOCAL_QA_POLYGON,-95.42029577004232,35.5602365,,https://www.census.gov/geographies/reference-files/time-series/geo/gazetteer-files.2024.html
ITC-2186,USA,Oklahoma,OK,Noble,Noble,YES,US-CENSUS-FIPS,40103,US-FIPS:40103,STABLE_ID + LOCAL_QA_POLYGON,-97.24663229753001,36.379766000000004,,https://www.census.gov/geographies/reference-files/time-series/geo/gazetteer-files.2024.html
ITC-2187,USA,Oklahoma,OK,Nowata,Nowata,YES,US-CENSUS-FIPS,40105,US-FIPS:40105,STABLE_ID + LOCAL_QA_POLYGON,-95.62095758075796,36.7933675,,https://www.census.gov/geographies/reference-files/time-series/geo/gazetteer-files.2024.html
ITC-2188,USA,Oklahoma,OK,Okfuskee,Okfuskee,YES,US-CENSUS-FIPS,40107,US-FIPS:40107,STABLE_ID + LOCAL_QA_POLYGON,-96.26450387238789,35.4658465,,https://www.census.gov/geographies/reference-files/time-series/geo/gazetteer-files.2024.html
ITC-2189,USA,Oklahoma,OK,Oklahoma,Oklahoma,YES,US-CENSUS-FIPS,40109,US-FIPS:40109,STABLE_ID + LOCAL_QA_POLYGON,-97.40746589893732,35.554211499999994,,https://www.census.gov/geographies/reference-files/time-series/geo/gazetteer-files.2024.html
ITC-2190,USA,Oklahoma,OK,Okmulgee,Okmulgee,YES,US-CENSUS-FIPS,40111,US-FIPS:40111,STABLE_ID + LOCAL_QA_POLYGON,-95.95277260531037,35.617161499999995,,https://www.census.gov/geographies/reference-files/time-series/geo/gazetteer-files.2024.html
ITC-2191,USA,Oklahoma,OK,Osage,Osage,YES,US-CENSUS-FIPS,40113,US-FIPS:40113,STABLE_ID + LOCAL_QA_POLYGON,-96.44716254926212,36.57943399999999,,https://www.census.gov/geographies/reference-files/time-series/geo/gazetteer-files.2024.html
ITC-2192,USA,Oklahoma,OK,Ottawa,Ottawa,YES,US-CENSUS-FIPS,40115,US-FIPS:40115,STABLE_ID + LOCAL_QA_POLYGON,-94.80881116397828,36.83414952963365,,https://www.census.gov/geographies/reference-files/time-series/geo/gazetteer-files.2024.html
ITC-2193,USA,Oklahoma,OK,Pawnee,Pawnee,YES,US-CENSUS-FIPS,40117,US-FIPS:40117,STABLE_ID + LOCAL_QA_POLYGON,-96.77965866089778,36.361829,,https://www.census.gov/geographies/reference-files/time-series/geo/gazetteer-files.2024.html
ITC-2194,USA,Oklahoma,OK,Payne,Payne,YES,US-CENSUS-FIPS,40119,US-FIPS:40119,STABLE_ID + LOCAL_QA_POLYGON,-96.98823314509005,36.093689,,https://www.census.gov/geographies/reference-files/time-series/geo/gazetteer-files.2024.html
ITC-2195,USA,Oklahoma,OK,Pittsburg,Pittsburg,YES,US-CENSUS-FIPS,40121,US-FIPS:40121,STABLE_ID + LOCAL_QA_POLYGON,-95.79838042334903,34.947413999999995,,https://www.census.gov/geographies/reference-files/time-series/geo/gazetteer-files.2024.html
ITC-2196,USA,Oklahoma,OK,Pontotoc,Pontotoc,YES,US-CENSUS-FIPS,40123,US-FIPS:40123,STABLE_ID + LOCAL_QA_POLYGON,-96.66950694763402,34.7310035,,https://www.census.gov/geographies/reference-files/time-series/geo/gazetteer-files.2024.html
ITC-2197,USA,Oklahoma,OK,Pottawatomie,Pottawatomie,YES,US-CENSUS-FIPS,40125,US-FIPS:40125,STABLE_ID + LOCAL_QA_POLYGON,-96.9595199838196,35.1828955,,https://www.census.gov/geographies/reference-files/time-series/geo/gazetteer-files.2024.html
ITC-2198,USA,Oklahoma,OK,Pushmataha,Pushmataha,YES,US-CENSUS-FIPS,40127,US-FIPS:40127,STABLE_ID + LOCAL_QA_POLYGON,-95.41296192660806,34.418465999999995,,https://www.census.gov/geographies/reference-files/time-series/geo/gazetteer-files.2024.html
ITC-2199,USA,Oklahoma,OK,Roger Mills,Roger Mills,YES,US-CENSUS-FIPS,40129,US-FIPS:40129,STABLE_ID + LOCAL_QA_POLYGON,-99.6885073533374,35.725553500000004,,https://www.census.gov/geographies/reference-files/time-series/geo/gazetteer-files.2024.html
ITC-2200,USA,Oklahoma,OK,Rogers,Rogers,YES,US-CENSUS-FIPS,40131,US-FIPS:40131,STABLE_ID + LOCAL_QA_POLYGON,-95.62385964138338,36.336420000000004,,https://www.census.gov/geographies/reference-files/time-series/geo/gazetteer-files.2024.html
ITC-2201,USA,Oklahoma,OK,Seminole,Seminole,YES,US-CENSUS-FIPS,40133,US-FIPS:40133,STABLE_ID + LOCAL_QA_POLYGON,-96.60891467557548,35.164863499999996,,https://www.census.gov/geographies/reference-files/time-series/geo/gazetteer-files.2024.html
ITC-2202,USA,Oklahoma,OK,Sequoyah,Sequoyah,YES,US-CENSUS-FIPS,40135,US-FIPS:40135,STABLE_ID + LOCAL_QA_POLYGON,-94.75256385939188,35.4649455,,https://www.census.gov/geographies/reference-files/time-series/geo/gazetteer-files.2024.html
ITC-2203,USA,Oklahoma,OK,Stephens,Stephens,YES,US-CENSUS-FIPS,40137,US-FIPS:40137,STABLE_ID + LOCAL_QA_POLYGON,-97.85079507895068,34.4961285,,https://www.census.gov/geographies/reference-files/time-series/geo/gazetteer-files.2024.html
ITC-2204,USA,Oklahoma,OK,Texas,Texas,YES,US-CENSUS-FIPS,40139,US-FIPS:40139,STABLE_ID + LOCAL_QA_POLYGON,-101.49295887064073,36.7543735,,https://www.census.gov/geographies/reference-files/time-series/geo/gazetteer-files.2024.html
ITC-2205,USA,Oklahoma,OK,Tillman,Tillman,YES,US-CENSUS-FIPS,40141,US-FIPS:40141,STABLE_ID + LOCAL_QA_POLYGON,-98.93985601436214,34.380221500000005,,https://www.census.gov/geographies/reference-files/time-series/geo/gazetteer-files.2024.html
ITC-2206,USA,Oklahoma,OK,Tulsa,Tulsa,YES,US-CENSUS-FIPS,40143,US-FIPS:40143,STABLE_ID + LOCAL_QA_POLYGON,-96.02983622523358,36.1439115,,https://www.census.gov/geographies/reference-files/time-series/geo/gazetteer-files.2024.html
ITC-2207,USA,Oklahoma,OK,Wagoner,Wagoner,YES,US-CENSUS-FIPS,40145,US-FIPS:40145,STABLE_ID + LOCAL_QA_POLYGON,-95.51960998343745,35.966145499999996,,https://www.census.gov/geographies/reference-files/time-series/geo/gazetteer-files.2024.html
ITC-2208,USA,Oklahoma,OK,Washington,Washington,YES,US-CENSUS-FIPS,40147,US-FIPS:40147,STABLE_ID + LOCAL_QA_POLYGON,-95.9051279311338,36.69479,,https://www.census.gov/geographies/reference-files/time-series/geo/gazetteer-files.2024.html
ITC-2209,USA,Oklahoma,OK,Washita,Washita,YES,US-CENSUS-FIPS,40149,US-FIPS:40149,STABLE_ID + LOCAL_QA_POLYGON,-98.99405666855509,35.280039,,https://www.census.gov/geographies/reference-files/time-series/geo/gazetteer-files.2024.html
ITC-2210,USA,Oklahoma,OK,Woods,Woods,YES,US-CENSUS-FIPS,40151,US-FIPS:40151,STABLE_ID + LOCAL_QA_POLYGON,-98.79256577524168,36.695297,,https://www.census.gov/geographies/reference-files/time-series/geo/gazetteer-files.2024.html
ITC-2211,USA,Oklahoma,OK,Woodward,Woodward,YES,US-CENSUS-FIPS,40153,US-FIPS:40153,STABLE_ID + LOCAL_QA_POLYGON,-99.28293985498092,36.485511,,https://www.census.gov/geographies/reference-files/time-series/geo/gazetteer-files.2024.html
ITC-2212,USA,Oregon,OR,Baker,Baker,YES,US-CENSUS-FIPS,41001,US-FIPS:41001,STABLE_ID + LOCAL_QA_POLYGON,-117.79876192933193,44.667390999999995,,https://www.census.gov/geographies/reference-files/time-series/geo/gazetteer-files.2024.html
ITC-2213,USA,Oregon,OR,Benton,Benton,YES,US-CENSUS-FIPS,41003,US-FIPS:41003,STABLE_ID + LOCAL_QA_POLYGON,-123.40507058770122,44.4981485,,https://www.census.gov/geographies/reference-files/time-series/geo/gazetteer-files.2024.html
ITC-2214,USA,Oregon,OR,Clackamas,Clackamas,YES,US-CENSUS-FIPS,41005,US-FIPS:41005,STABLE_ID + LOCAL_QA_POLYGON,-122.24470120762712,45.173407999999995,,https://www.census.gov/geographies/reference-files/time-series/geo/gazetteer-files.2024.html
ITC-2215,USA,Oregon,OR,Clatsop,Clatsop,YES,US-CENSUS-FIPS,41007,US-FIPS:41007,STABLE_ID + LOCAL_QA_POLYGON,-123.6434260695363,46.024566634782445,,https://www.census.gov/geographies/reference-files/time-series/geo/gazetteer-files.2024.html
ITC-2216,USA,Oregon,OR,Columbia,Columbia,YES,US-CENSUS-FIPS,41009,US-FIPS:41009,STABLE_ID + LOCAL_QA_POLYGON,-123.08487398439601,45.94669999999999,,https://www.census.gov/geographies/reference-files/time-series/geo/gazetteer-files.2024.html
ITC-2217,USA,Oregon,OR,Coos,Coos,YES,US-CENSUS-FIPS,41011,US-FIPS:41011,STABLE_ID + LOCAL_QA_POLYGON,-124.05882397896373,43.148597499999994,,https://www.census.gov/geographies/reference-files/time-series/geo/gazetteer-files.2024.html
ITC-2218,USA,Oregon,OR,Crook,Crook,YES,US-CENSUS-FIPS,41013,US-FIPS:41013,STABLE_ID + LOCAL_QA_POLYGON,-120.32219350384582,44.1321025,,https://www.census.gov/geographies/reference-files/time-series/geo/gazetteer-files.2024.html
ITC-2219,USA,Oregon,OR,Curry,Curry,YES,US-CENSUS-FIPS,41015,US-FIPS:41015,STABLE_ID + LOCAL_QA_POLYGON,-124.21256415824213,42.475907,,https://www.census.gov/geographies/reference-files/time-series/geo/gazetteer-files.2024.html
ITC-2220,USA,Oregon,OR,Deschutes,Deschutes,YES,US-CENSUS-FIPS,41017,US-FIPS:41017,STABLE_ID + LOCAL_QA_POLYGON,-121.40631631910213,44.0004315,,https://www.census.gov/geographies/reference-files/time-series/geo/gazetteer-files.2024.html
ITC-2221,USA,Oregon,OR,Douglas,Douglas,YES,US-CENSUS-FIPS,41019,US-FIPS:41019,STABLE_ID + LOCAL_QA_POLYGON,-122.8888715,43.320699,,https://www.census.gov/geographies/reference-files/time-series/geo/gazetteer-files.2024.html
ITC-2222,USA,Oregon,OR,Gilliam,Gilliam,YES,US-CENSUS-FIPS,41021,US-FIPS:41021,STABLE_ID + LOCAL_QA_POLYGON,-120.24439684707085,45.439631999999996,,https://www.census.gov/geographies/reference-files/time-series/geo/gazetteer-files.2024.html
ITC-2223,USA,Oregon,OR,Grant,Grant,YES,US-CENSUS-FIPS,41023,US-FIPS:41023,STABLE_ID + LOCAL_QA_POLYGON,-119.00987576096968,44.477031999999994,,https://www.census.gov/geographies/reference-files/time-series/geo/gazetteer-files.2024.html
ITC-2224,USA,Oregon,OR,Harney,Harney,YES,US-CENSUS-FIPS,41025,US-FIPS:41025,STABLE_ID + LOCAL_QA_POLYGON,-119.08033124259126,43.009615999999994,,https://www.census.gov/geographies/reference-files/time-series/geo/gazetteer-files.2024.html
ITC-2225,USA,Oregon,OR,Hood River,Hood River,YES,US-CENSUS-FIPS,41027,US-FIPS:41027,STABLE_ID + LOCAL_QA_POLYGON,-121.67191118977965,45.491699999999994,,https://www.census.gov/geographies/reference-files/time-series/geo/gazetteer-files.2024.html
ITC-2226,USA,Oregon,OR,Jackson,Jackson,YES,US-CENSUS-FIPS,41029,US-FIPS:41029,STABLE_ID + LOCAL_QA_POLYGON,-122.7564528174097,42.499961,,https://www.census.gov/geographies/reference-files/time-series/geo/gazetteer-files.2024.html
ITC-2227,USA,Oregon,OR,Jefferson,Jefferson,YES,US-CENSUS-FIPS,41031,US-FIPS:41031,STABLE_ID + LOCAL_QA_POLYGON,-121.09284974536558,44.606790000000004,,https://www.census.gov/geographies/reference-files/time-series/geo/gazetteer-files.2024.html
ITC-2228,USA,Oregon,OR,Josephine,Josephine,YES,US-CENSUS-FIPS,41033,US-FIPS:41033,STABLE_ID + LOCAL_QA_POLYGON,-123.63363501927033,42.39073,,https://www.census.gov/geographies/reference-files/time-series/geo/gazetteer-files.2024.html
ITC-2229,USA,Oregon,OR,Klamath,Klamath,YES,US-CENSUS-FIPS,41035,US-FIPS:41035,STABLE_ID + LOCAL_QA_POLYGON,-121.81671800081787,42.7902175,,https://www.census.gov/geographies/reference-files/time-series/geo/gazetteer-files.2024.html
ITC-2230,USA,Oregon,OR,Lake,Lake,YES,US-CENSUS-FIPS,41037,US-FIPS:41037,STABLE_ID + LOCAL_QA_POLYGON,-120.6468331721183,42.79140099999999,,https://www.census.gov/geographies/reference-files/time-series/geo/gazetteer-files.2024.html
ITC-2231,USA,Oregon,OR,Lane,Lane,YES,US-CENSUS-FIPS,41039,US-FIPS:41039,STABLE_ID + LOCAL_QA_POLYGON,-122.74923458995485,43.8638785,,https://www.census.gov/geographies/reference-files/time-series/geo/gazetteer-files.2024.html
ITC-2232,USA,Oregon,OR,Lincoln,Lincoln,YES,US-CENSUS-FIPS,41041,US-FIPS:41041,STABLE_ID + LOCAL_QA_POLYGON,-123.8307005621339,44.6606599547499,,https://www.census.gov/geographies/reference-files/time-series/geo/gazetteer-files.2024.html
ITC-2233,USA,Oregon,OR,Linn,Linn,YES,US-CENSUS-FIPS,41043,US-FIPS:41043,STABLE_ID + LOCAL_QA_POLYGON,-122.52520282112363,44.4973595,,https://www.census.gov/geographies/reference-files/time-series/geo/gazetteer-files.2024.html
ITC-2234,USA,Oregon,OR,Malheur,Malheur,YES,US-CENSUS-FIPS,41045,US-FIPS:41045,STABLE_ID + LOCAL_QA_POLYGON,-117.62746459008962,43.222910999999996,,https://www.census.gov/geographies/reference-files/time-series/geo/gazetteer-files.2024.html
ITC-2235,USA,Oregon,OR,Marion,Marion,YES,US-CENSUS-FIPS,41047,US-FIPS:41047,STABLE_ID + LOCAL_QA_POLYGON,-122.80366469472789,44.983531,,https://www.census.gov/geographies/reference-files/time-series/geo/gazetteer-files.2024.html
ITC-2236,USA,Oregon,OR,Morrow,Morrow,YES,US-CENSUS-FIPS,41049,US-FIPS:41049,STABLE_ID + LOCAL_QA_POLYGON,-119.57519245411515,45.4627945,,https://www.census.gov/geographies/reference-files/time-series/geo/gazetteer-files.2024.html
ITC-2237,USA,Oregon,OR,Multnomah,Multnomah,YES,US-CENSUS-FIPS,41051,US-FIPS:41051,STABLE_ID + LOCAL_QA_POLYGON,-122.66429508721396,45.5803885,,https://www.census.gov/geographies/reference-files/time-series/geo/gazetteer-files.2024.html
ITC-2238,USA,Oregon,OR,Polk,Polk,YES,US-CENSUS-FIPS,41053,US-FIPS:41053,STABLE_ID + LOCAL_QA_POLYGON,-123.42867261148965,44.8955005,,https://www.census.gov/geographies/reference-files/time-series/geo/gazetteer-files.2024.html
ITC-2239,USA,Oregon,OR,Sherman,Sherman,YES,US-CENSUS-FIPS,41055,US-FIPS:41055,STABLE_ID + LOCAL_QA_POLYGON,-120.68566480526316,45.411046,,https://www.census.gov/geographies/reference-files/time-series/geo/gazetteer-files.2024.html
ITC-2240,USA,Oregon,OR,Tillamook,Tillamook,YES,US-CENSUS-FIPS,41057,US-FIPS:41057,STABLE_ID + LOCAL_QA_POLYGON,-123.71364837809989,45.413754,,https://www.census.gov/geographies/reference-files/time-series/geo/gazetteer-files.2024.html
ITC-2241,USA,Oregon,OR,Umatilla,Umatilla,YES,US-CENSUS-FIPS,41059,US-FIPS:41059,STABLE_ID + LOCAL_QA_POLYGON,-118.63141433353063,45.4976295,,https://www.census.gov/geographies/reference-files/time-series/geo/gazetteer-files.2024.html
ITC-2242,USA,Oregon,OR,Union,Union,YES,US-CENSUS-FIPS,41061,US-FIPS:41061,STABLE_ID + LOCAL_QA_POLYGON,-118.04603964396148,45.396454999999996,,https://www.census.gov/geographies/reference-files/time-series/geo/gazetteer-files.2024.html
ITC-2243,USA,Oregon,OR,Wallowa,Wallowa,YES,US-CENSUS-FIPS,41063,US-FIPS:41063,STABLE_ID + LOCAL_QA_POLYGON,-117.12834692111312,45.535844499999996,,https://www.census.gov/geographies/reference-files/time-series/geo/gazetteer-files.2024.html
ITC-2244,USA,Oregon,OR,Wasco,Wasco,YES,US-CENSUS-FIPS,41065,US-FIPS:41065,STABLE_ID + LOCAL_QA_POLYGON,-121.25241965711845,45.26255449999999,,https://www.census.gov/geographies/reference-files/time-series/geo/gazetteer-files.2024.html
ITC-2245,USA,Oregon,OR,Washington,Washington,YES,US-CENSUS-FIPS,41067,US-FIPS:41067,STABLE_ID + LOCAL_QA_POLYGON,-123.09873842518171,45.5486135,,https://www.census.gov/geographies/reference-files/time-series/geo/gazetteer-files.2024.html
ITC-2246,USA,Oregon,OR,Wheeler,Wheeler,YES,US-CENSUS-FIPS,41069,US-FIPS:41069,STABLE_ID + LOCAL_QA_POLYGON,-120.0197622331001,44.7026135,,https://www.census.gov/geographies/reference-files/time-series/geo/gazetteer-files.2024.html
ITC-2247,USA,Oregon,OR,Yamhill,Yamhill,YES,US-CENSUS-FIPS,41071,US-FIPS:41071,STABLE_ID + LOCAL_QA_POLYGON,-123.23237671691965,45.254397499999996,,https://www.census.gov/geographies/reference-files/time-series/geo/gazetteer-files.2024.html
ITC-2248,USA,Pennsylvania,PA,Adams,Adams,YES,US-CENSUS-FIPS,42001,US-FIPS:42001,STABLE_ID + LOCAL_QA_POLYGON,-77.22600120662625,39.894271,,https://www.census.gov/geographies/reference-files/time-series/geo/gazetteer-files.2024.html
ITC-2249,USA,Pennsylvania,PA,Allegheny,Allegheny,YES,US-CENSUS-FIPS,42003,US-FIPS:42003,STABLE_ID + LOCAL_QA_POLYGON,-80.00855501622345,40.4387755,,https://www.census.gov/geographies/reference-files/time-series/geo/gazetteer-files.2024.html
ITC-2250,USA,Pennsylvania,PA,Armstrong,Armstrong,YES,US-CENSUS-FIPS,42005,US-FIPS:42005,STABLE_ID + LOCAL_QA_POLYGON,-79.45344028167688,40.8439815,,https://www.census.gov/geographies/reference-files/time-series/geo/gazetteer-files.2024.html
ITC-2251,USA,Pennsylvania,PA,Beaver,Beaver,YES,US-CENSUS-FIPS,42007,US-FIPS:42007,STABLE_ID + LOCAL_QA_POLYGON,-80.33328029888693,40.656207499999994,,https://www.census.gov/geographies/reference-files/time-series/geo/gazetteer-files.2024.html
ITC-2252,USA,Pennsylvania,PA,Bedford,Bedford,YES,US-CENSUS-FIPS,42009,US-FIPS:42009,STABLE_ID + LOCAL_QA_POLYGON,-78.48297741262135,40.027029,,https://www.census.gov/geographies/reference-files/time-series/geo/gazetteer-files.2024.html
ITC-2253,USA,Pennsylvania,PA,Berks,Berks,YES,US-CENSUS-FIPS,42011,US-FIPS:42011,STABLE_ID + LOCAL_QA_POLYGON,-75.92821430250737,40.4038075,,https://www.census.gov/geographies/reference-files/time-series/geo/gazetteer-files.2024.html
ITC-2254,USA,Pennsylvania,PA,Blair,Blair,YES,US-CENSUS-FIPS,42013,US-FIPS:42013,STABLE_ID + LOCAL_QA_POLYGON,-78.34839611596547,40.492554999999996,,https://www.census.gov/geographies/reference-files/time-series/geo/gazetteer-files.2024.html
ITC-2255,USA,Pennsylvania,PA,Bradford,Bradford,YES,US-CENSUS-FIPS,42015,US-FIPS:42015,STABLE_ID + LOCAL_QA_POLYGON,-76.51092279988802,41.7720075,,https://www.census.gov/geographies/reference-files/time-series/geo/gazetteer-files.2024.html
ITC-2256,USA,Pennsylvania,PA,Bucks,Bucks,YES,US-CENSUS-FIPS,42017,US-FIPS:42017,STABLE_ID + LOCAL_QA_POLYGON,-75.12821899285714,40.3274445,,https://www.census.gov/geographies/reference-files/time-series/geo/gazetteer-files.2024.html
ITC-2257,USA,Pennsylvania,PA,Butler,Butler,YES,US-CENSUS-FIPS,42019,US-FIPS:42019,STABLE_ID + LOCAL_QA_POLYGON,-79.92614833498952,40.9162835,,https://www.census.gov/geographies/reference-files/time-series/geo/gazetteer-files.2024.html
ITC-2258,USA,Pennsylvania,PA,Cambria,Cambria,YES,US-CENSUS-FIPS,42021,US-FIPS:42021,STABLE_ID + LOCAL_QA_POLYGON,-78.73345531162367,40.48429899999999,,https://www.census.gov/geographies/reference-files/time-series/geo/gazetteer-files.2024.html
ITC-2259,USA,Pennsylvania,PA,Cameron,Cameron,YES,US-CENSUS-FIPS,42023,US-FIPS:42023,STABLE_ID + LOCAL_QA_POLYGON,-78.20435070529052,41.426592,,https://www.census.gov/geographies/reference-files/time-series/geo/gazetteer-files.2024.html
ITC-2260,USA,Pennsylvania,PA,Carbon,Carbon,YES,US-CENSUS-FIPS,42025,US-FIPS:42025,STABLE_ID + LOCAL_QA_POLYGON,-75.75196461243792,40.932027,,https://www.census.gov/geographies/reference-files/time-series/geo/gazetteer-files.2024.html
ITC-2261,USA,Pennsylvania,PA,Centre,Centre,YES,US-CENSUS-FIPS,42027,US-FIPS:42027,STABLE_ID + LOCAL_QA_POLYGON,-77.80558579677418,40.9716495,,https://www.census.gov/geographies/reference-files/time-series/geo/gazetteer-files.2024.html
ITC-2262,USA,Pennsylvania,PA,Chester,Chester,YES,US-CENSUS-FIPS,42029,US-FIPS:42029,STABLE_ID + LOCAL_QA_POLYGON,-75.71394654401641,39.9787345,,https://www.census.gov/geographies/reference-files/time-series/geo/gazetteer-files.2024.html
ITC-2263,USA,Pennsylvania,PA,Clarion,Clarion,YES,US-CENSUS-FIPS,42031,US-FIPS:42031,STABLE_ID + LOCAL_QA_POLYGON,-79.43753908834697,41.202785,,https://www.census.gov/geographies/reference-files/time-series/geo/gazetteer-files.2024.html
ITC-2264,USA,Pennsylvania,PA,Clearfield,Clearfield,YES,US-CENSUS-FIPS,42033,US-FIPS:42033,STABLE_ID + LOCAL_QA_POLYGON,-78.44381531342715,40.988930499999995,,https://www.census.gov/geographies/reference-files/time-series/geo/gazetteer-files.2024.html
ITC-2265,USA,Pennsylvania,PA,Clinton,Clinton,YES,US-CENSUS-FIPS,42035,US-FIPS:42035,STABLE_ID + LOCAL_QA_POLYGON,-77.6239121190581,41.220741,,https://www.census.gov/geographies/reference-files/time-series/geo/gazetteer-files.2024.html
ITC-2266,USA,Pennsylvania,PA,Columbia,Columbia,YES,US-CENSUS-FIPS,42037,US-FIPS:42037,STABLE_ID + LOCAL_QA_POLYGON,-76.39775427418257,41.042939,,https://www.census.gov/geographies/reference-files/time-series/geo/gazetteer-files.2024.html
ITC-2267,USA,Pennsylvania,PA,Crawford,Crawford,YES,US-CENSUS-FIPS,42039,US-FIPS:42039,STABLE_ID + LOCAL_QA_POLYGON,-80.06602769946859,41.6653606569924,,https://www.census.gov/geographies/reference-files/time-series/geo/gazetteer-files.2024.html
ITC-2268,USA,Pennsylvania,PA,Cumberland,Cumberland,YES,US-CENSUS-FIPS,42041,US-FIPS:42041,STABLE_ID + LOCAL_QA_POLYGON,-77.31833919374853,40.137018,,https://www.census.gov/geographies/reference-files/time-series/geo/gazetteer-files.2024.html
ITC-2269,USA,Pennsylvania,PA,Dauphin,Dauphin,YES,US-CENSUS-FIPS,42043,US-FIPS:42043,STABLE_ID + LOCAL_QA_POLYGON,-76.83700253474214,40.3892355,,https://www.census.gov/geographies/reference-files/time-series/geo/gazetteer-files.2024.html
ITC-2270,USA,Pennsylvania,PA,Delaware,Delaware,YES,US-CENSUS-FIPS,42045,US-FIPS:42045,STABLE_ID + LOCAL_QA_POLYGON,-75.37805437999529,39.933972,,https://www.census.gov/geographies/reference-files/time-series/geo/gazetteer-files.2024.html
ITC-2271,USA,Pennsylvania,PA,Elk,Elk,YES,US-CENSUS-FIPS,42047,US-FIPS:42047,STABLE_ID + LOCAL_QA_POLYGON,-78.7569417989428,41.4112545,,https://www.census.gov/geographies/reference-files/time-series/geo/gazetteer-files.2024.html
ITC-2272,USA,Pennsylvania,PA,Erie,Erie,YES,US-CENSUS-FIPS,42049,US-FIPS:42049,STABLE_ID + LOCAL_QA_POLYGON,-80.01409230635579,42.06229491117105,,https://www.census.gov/geographies/reference-files/time-series/geo/gazetteer-files.2024.html
ITC-2273,USA,Pennsylvania,PA,Fayette,Fayette,YES,US-CENSUS-FIPS,42051,US-FIPS:42051,STABLE_ID + LOCAL_QA_POLYGON,-79.65463346945111,39.9334135,,https://www.census.gov/geographies/reference-files/time-series/geo/gazetteer-files.2024.html
ITC-2274,USA,Pennsylvania,PA,Forest,Forest,YES,US-CENSUS-FIPS,42053,US-FIPS:42053,STABLE_ID + LOCAL_QA_POLYGON,-79.23541814715651,41.4852035,,https://www.census.gov/geographies/reference-files/time-series/geo/gazetteer-files.2024.html
ITC-2275,USA,Pennsylvania,PA,Franklin,Franklin,YES,US-CENSUS-FIPS,42055,US-FIPS:42055,STABLE_ID + LOCAL_QA_POLYGON,-77.70647934896738,40.004429,,https://www.census.gov/geographies/reference-files/time-series/geo/gazetteer-files.2024.html
ITC-2276,USA,Pennsylvania,PA,Fulton,Fulton,YES,US-CENSUS-FIPS,42057,US-FIPS:42057,STABLE_ID + LOCAL_QA_POLYGON,-78.09393787305112,39.9429485,,https://www.census.gov/geographies/reference-files/time-series/geo/gazetteer-files.2024.html
ITC-2277,USA,Pennsylvania,PA,Greene,Greene,YES,US-CENSUS-FIPS,42059,US-FIPS:42059,STABLE_ID + LOCAL_QA_POLYGON,-80.22409894132963,39.870025999999996,,https://www.census.gov/geographies/reference-files/time-series/geo/gazetteer-files.2024.html
ITC-2278,USA,Pennsylvania,PA,Huntingdon,Huntingdon,YES,US-CENSUS-FIPS,42061,US-FIPS:42061,STABLE_ID + LOCAL_QA_POLYGON,-78.04751947847353,40.404259999999994,,https://www.census.gov/geographies/reference-files/time-series/geo/gazetteer-files.2024.html
ITC-2279,USA,Pennsylvania,PA,Indiana,Indiana,YES,US-CENSUS-FIPS,42063,US-FIPS:42063,STABLE_ID + LOCAL_QA_POLYGON,-79.09467239630268,40.639449,,https://www.census.gov/geographies/reference-files/time-series/geo/gazetteer-files.2024.html
ITC-2280,USA,Pennsylvania,PA,Jefferson,Jefferson,YES,US-CENSUS-FIPS,42065,US-FIPS:42065,STABLE_ID + LOCAL_QA_POLYGON,-79.00465717848027,41.142888,,https://www.census.gov/geographies/reference-files/time-series/geo/gazetteer-files.2024.html
ITC-2281,USA,Pennsylvania,PA,Juniata,Juniata,YES,US-CENSUS-FIPS,42067,US-FIPS:42067,STABLE_ID + LOCAL_QA_POLYGON,-77.50749187401247,40.4761385,,https://www.census.gov/geographies/reference-files/time-series/geo/gazetteer-files.2024.html
ITC-2282,USA,Pennsylvania,PA,Lackawanna,Lackawanna,YES,US-CENSUS-FIPS,42069,US-FIPS:42069,STABLE_ID + LOCAL_QA_POLYGON,-75.64068211544514,41.401821999999996,,https://www.census.gov/geographies/reference-files/time-series/geo/gazetteer-files.2024.html
ITC-2283,USA,Pennsylvania,PA,Lancaster,Lancaster,YES,US-CENSUS-FIPS,42071,US-FIPS:42071,STABLE_ID + LOCAL_QA_POLYGON,-76.2340686898968,40.0188,,https://www.census.gov/geographies/reference-files/time-series/geo/gazetteer-files.2024.html
ITC-2284,USA,Pennsylvania,PA,Lawrence,Lawrence,YES,US-CENSUS-FIPS,42073,US-FIPS:42073,STABLE_ID + LOCAL_QA_POLYGON,-80.34175728729755,40.98617944191105,,https://www.census.gov/geographies/reference-files/time-series/geo/gazetteer-files.2024.html
ITC-2285,USA,Pennsylvania,PA,Lebanon,Lebanon,YES,US-CENSUS-FIPS,42075,US-FIPS:42075,STABLE_ID + LOCAL_QA_POLYGON,-76.4431259259186,40.375428,,https://www.census.gov/geographies/reference-files/time-series/geo/gazetteer-files.2024.html
ITC-2286,USA,Pennsylvania,PA,Lehigh,Lehigh,YES,US-CENSUS-FIPS,42077,US-FIPS:42077,STABLE_ID + LOCAL_QA_POLYGON,-75.58266473601148,40.6020075,,https://www.census.gov/geographies/reference-files/time-series/geo/gazetteer-files.2024.html
ITC-2287,USA,Pennsylvania,PA,Luzerne,Luzerne,YES,US-CENSUS-FIPS,42079,US-FIPS:42079,STABLE_ID + LOCAL_QA_POLYGON,-75.95476838749619,41.165734,,https://www.census.gov/geographies/reference-files/time-series/geo/gazetteer-files.2024.html
ITC-2288,USA,Pennsylvania,PA,Lycoming,Lycoming,YES,US-CENSUS-FIPS,42081,US-FIPS:42081,STABLE_ID + LOCAL_QA_POLYGON,-77.05333882016902,41.33004149999999,,https://www.census.gov/geographies/reference-files/time-series/geo/gazetteer-files.2024.html
ITC-2289,USA,Pennsylvania,PA,McKean,McKean,YES,US-CENSUS-FIPS,42083,US-FIPS:42083,STABLE_ID + LOCAL_QA_POLYGON,-78.57765782618554,41.7849675,,https://www.census.gov/geographies/reference-files/time-series/geo/gazetteer-files.2024.html
ITC-2290,USA,Pennsylvania,PA,Mercer,Mercer,YES,US-CENSUS-FIPS,42085,US-FIPS:42085,STABLE_ID + LOCAL_QA_POLYGON,-80.25932932429019,41.2898435,,https://www.census.gov/geographies/reference-files/time-series/geo/gazetteer-files.2024.html
ITC-2291,USA,Pennsylvania,PA,Mifflin,Mifflin,YES,US-CENSUS-FIPS,42087,US-FIPS:42087,STABLE_ID + LOCAL_QA_POLYGON,-77.64761525679812,40.603367,,https://www.census.gov/geographies/reference-files/time-series/geo/gazetteer-files.2024.html
ITC-2292,USA,Pennsylvania,PA,Monroe,Monroe,YES,US-CENSUS-FIPS,42089,US-FIPS:42089,STABLE_ID + LOCAL_QA_POLYGON,-75.29196346049693,41.033023,,https://www.census.gov/geographies/reference-files/time-series/geo/gazetteer-files.2024.html
ITC-2293,USA,Pennsylvania,PA,Montgomery,Montgomery,YES,US-CENSUS-FIPS,42091,US-FIPS:42091,STABLE_ID + LOCAL_QA_POLYGON,-75.36391871210665,40.2129755,,https://www.census.gov/geographies/reference-files/time-series/geo/gazetteer-files.2024.html
ITC-2294,USA,Pennsylvania,PA,Montour,Montour,YES,US-CENSUS-FIPS,42093,US-FIPS:42093,STABLE_ID + LOCAL_QA_POLYGON,-76.6629232199777,41.0277715,,https://www.census.gov/geographies/reference-files/time-series/geo/gazetteer-files.2024.html
ITC-2295,USA,Pennsylvania,PA,Northampton,Northampton,YES,US-CENSUS-FIPS,42095,US-FIPS:42095,STABLE_ID + LOCAL_QA_POLYGON,-75.39894781304997,40.752783857521194,,https://www.census.gov/geographies/reference-files/time-series/geo/gazetteer-files.2024.html
ITC-2296,USA,Pennsylvania,PA,Northumberland,Northumberland,YES,US-CENSUS-FIPS,42097,US-FIPS:42097,STABLE_ID + LOCAL_QA_POLYGON,-76.69046971960512,40.889979499999995,,https://www.census.gov/geographies/reference-files/time-series/geo/gazetteer-files.2024.html
ITC-2297,USA,Pennsylvania,PA,Perry,Perry,YES,US-CENSUS-FIPS,42099,US-FIPS:42099,STABLE_ID + LOCAL_QA_POLYGON,-77.26916147281887,40.4063955,,https://www.census.gov/geographies/reference-files/time-series/geo/gazetteer-files.2024.html
ITC-2298,USA,Pennsylvania,PA,Philadelphia,Philadelphia,YES,US-CENSUS-FIPS,42101,US-FIPS:42101,STABLE_ID + LOCAL_QA_POLYGON,-75.13896802504581,40.001910406854094,,https://www.census.gov/geographies/reference-files/time-series/geo/gazetteer-files.2024.html
ITC-2299,USA,Pennsylvania,PA,Pike,Pike,YES,US-CENSUS-FIPS,42103,US-FIPS:42103,STABLE_ID + LOCAL_QA_POLYGON,-75.05209062229568,41.340852999999996,,https://www.census.gov/geographies/reference-files/time-series/geo/gazetteer-files.2024.html
ITC-2300,USA,Pennsylvania,PA,Potter,Potter,YES,US-CENSUS-FIPS,42105,US-FIPS:42105,STABLE_ID + LOCAL_QA_POLYGON,-77.90467929962308,41.772819999999996,,https://www.census.gov/geographies/reference-files/time-series/geo/gazetteer-files.2024.html
ITC-2301,USA,Pennsylvania,PA,Schuylkill,Schuylkill,YES,US-CENSUS-FIPS,42107,US-FIPS:42107,STABLE_ID + LOCAL_QA_POLYGON,-76.16110542552569,40.720046999999994,,https://www.census.gov/geographies/reference-files/time-series/geo/gazetteer-files.2024.html
ITC-2302,USA,Pennsylvania,PA,Snyder,Snyder,YES,US-CENSUS-FIPS,42109,US-FIPS:42109,STABLE_ID + LOCAL_QA_POLYGON,-77.10641535648998,40.762699999999995,,https://www.census.gov/geographies/reference-files/time-series/geo/gazetteer-files.2024.html
ITC-2303,USA,Pennsylvania,PA,Somerset,Somerset,YES,US-CENSUS-FIPS,42111,US-FIPS:42111,STABLE_ID + LOCAL_QA_POLYGON,-79.03985966581581,40.008824000000004,,https://www.census.gov/geographies/reference-files/time-series/geo/gazetteer-files.2024.html
ITC-2304,USA,Pennsylvania,PA,Sullivan,Sullivan,YES,US-CENSUS-FIPS,42113,US-FIPS:42113,STABLE_ID + LOCAL_QA_POLYGON,-76.50933377000513,41.4386235,,https://www.census.gov/geographies/reference-files/time-series/geo/gazetteer-files.2024.html
ITC-2305,USA,Pennsylvania,PA,Susquehanna,Susquehanna,YES,US-CENSUS-FIPS,42115,US-FIPS:42115,STABLE_ID + LOCAL_QA_POLYGON,-75.80057300468847,41.814578,,https://www.census.gov/geographies/reference-files/time-series/geo/gazetteer-files.2024.html
ITC-2306,USA,Pennsylvania,PA,Tioga,Tioga,YES,US-CENSUS-FIPS,42117,US-FIPS:42117,STABLE_ID + LOCAL_QA_POLYGON,-77.24948348056427,41.760932,,https://www.census.gov/geographies/reference-files/time-series/geo/gazetteer-files.2024.html
ITC-2307,USA,Pennsylvania,PA,Union,Union,YES,US-CENSUS-FIPS,42119,US-FIPS:42119,STABLE_ID + LOCAL_QA_POLYGON,-77.04767209194534,40.978675499999994,,https://www.census.gov/geographies/reference-files/time-series/geo/gazetteer-files.2024.html
ITC-2308,USA,Pennsylvania,PA,Venango,Venango,YES,US-CENSUS-FIPS,42121,US-FIPS:42121,STABLE_ID + LOCAL_QA_POLYGON,-79.738840371301,41.394987,,https://www.census.gov/geographies/reference-files/time-series/geo/gazetteer-files.2024.html
ITC-2309,USA,Pennsylvania,PA,Warren,Warren,YES,US-CENSUS-FIPS,42123,US-FIPS:42123,STABLE_ID + LOCAL_QA_POLYGON,-79.28098592990237,41.8079165,,https://www.census.gov/geographies/reference-files/time-series/geo/gazetteer-files.2024.html
ITC-2310,USA,Pennsylvania,PA,Washington,Washington,YES,US-CENSUS-FIPS,42125,US-FIPS:42125,STABLE_ID + LOCAL_QA_POLYGON,-80.23842713732355,40.21485799999999,,https://www.census.gov/geographies/reference-files/time-series/geo/gazetteer-files.2024.html
ITC-2311,USA,Pennsylvania,PA,Wayne,Wayne,YES,US-CENSUS-FIPS,42127,US-FIPS:42127,STABLE_ID + LOCAL_QA_POLYGON,-75.26132049634995,41.6160945,,https://www.census.gov/geographies/reference-files/time-series/geo/gazetteer-files.2024.html
ITC-2312,USA,Pennsylvania,PA,Westmoreland,Westmoreland,YES,US-CENSUS-FIPS,42129,US-FIPS:42129,STABLE_ID + LOCAL_QA_POLYGON,-79.38643291564492,40.3609955,,https://www.census.gov/geographies/reference-files/time-series/geo/gazetteer-files.2024.html
ITC-2313,USA,Pennsylvania,PA,Wyoming,Wyoming,YES,US-CENSUS-FIPS,42131,US-FIPS:42131,STABLE_ID + LOCAL_QA_POLYGON,-76.00955113616021,41.518187,,https://www.census.gov/geographies/reference-files/time-series/geo/gazetteer-files.2024.html
ITC-2314,USA,Pennsylvania,PA,York,York,YES,US-CENSUS-FIPS,42133,US-FIPS:42133,STABLE_ID + LOCAL_QA_POLYGON,-76.7421370159053,39.9716295,,https://www.census.gov/geographies/reference-files/time-series/geo/gazetteer-files.2024.html
ITC-2315,USA,Puerto Rico,PR,Adjuntas,Adjuntas,YES,US-CENSUS-FIPS,72001,US-FIPS:72001,STABLE_ID + LOCAL_QA_POLYGON,-66.75246504248221,18.181124500000003,,https://www.census.gov/geographies/reference-files/time-series/geo/gazetteer-files.2024.html
ITC-2316,USA,Puerto Rico,PR,Aguada,Aguada,YES,US-CENSUS-FIPS,72003,US-FIPS:72003,STABLE_ID + LOCAL_QA_POLYGON,-67.17816092607518,18.3642115,,https://www.census.gov/geographies/reference-files/time-series/geo/gazetteer-files.2024.html
ITC-2317,USA,Puerto Rico,PR,Aguadilla,Aguadilla,YES,US-CENSUS-FIPS,72005,US-FIPS:72005,STABLE_ID + LOCAL_QA_POLYGON,-67.11817017571619,18.449497,,https://www.census.gov/geographies/reference-files/time-series/geo/gazetteer-files.2024.html
ITC-2318,USA,Puerto Rico,PR,Aguas Buenas,Aguas Buenas,YES,US-CENSUS-FIPS,72007,US-FIPS:72007,STABLE_ID + LOCAL_QA_POLYGON,-66.13036696708903,18.251406,,https://www.census.gov/geographies/reference-files/time-series/geo/gazetteer-files.2024.html
ITC-2319,USA,Puerto Rico,PR,Aibonito,Aibonito,YES,US-CENSUS-FIPS,72009,US-FIPS:72009,STABLE_ID + LOCAL_QA_POLYGON,-66.26964760425764,18.128355999999997,,https://www.census.gov/geographies/reference-files/time-series/geo/gazetteer-files.2024.html
ITC-2320,USA,Puerto Rico,PR,Añasco,Añasco,YES,US-CENSUS-FIPS,72011,US-FIPS:72011,STABLE_ID + LOCAL_QA_POLYGON,-67.11586945062581,18.28371,,https://www.census.gov/geographies/reference-files/time-series/geo/gazetteer-files.2024.html
ITC-2321,USA,Puerto Rico,PR,Arecibo,Arecibo,YES,US-CENSUS-FIPS,72013,US-FIPS:72013,STABLE_ID + LOCAL_QA_POLYGON,-66.68100631299868,18.4029035,,https://www.census.gov/geographies/reference-files/time-series/geo/gazetteer-files.2024.html
ITC-2322,USA,Puerto Rico,PR,Arroyo,Arroyo,YES,US-CENSUS-FIPS,72015,US-FIPS:72015,STABLE_ID + LOCAL_QA_POLYGON,-66.05382259672893,17.996893999999998,,https://www.census.gov/geographies/reference-files/time-series/geo/gazetteer-files.2024.html
ITC-2323,USA,Puerto Rico,PR,Barceloneta,Barceloneta,YES,US-CENSUS-FIPS,72017,US-FIPS:72017,STABLE_ID + LOCAL_QA_POLYGON,-66.56200575576631,18.440026,,https://www.census.gov/geographies/reference-files/time-series/geo/gazetteer-files.2024.html
ITC-2324,USA,Puerto Rico,PR,Barranquitas,Barranquitas,YES,US-CENSUS-FIPS,72019,US-FIPS:72019,STABLE_ID + LOCAL_QA_POLYGON,-66.30795823536839,18.202692,,https://www.census.gov/geographies/reference-files/time-series/geo/gazetteer-files.2024.html
ITC-2325,USA,Puerto Rico,PR,Bayamón,Bayamón,YES,US-CENSUS-FIPS,72021,US-FIPS:72021,STABLE_ID + LOCAL_QA_POLYGON,-66.16858121102189,18.34407,,https://www.census.gov/geographies/reference-files/time-series/geo/gazetteer-files.2024.html
ITC-2326,USA,Puerto Rico,PR,Cabo Rojo,Cabo Rojo,YES,US-CENSUS-FIPS,72023,US-FIPS:72023,STABLE_ID + LOCAL_QA_POLYGON,-67.1576615303667,18.0498997206678,,https://www.census.gov/geographies/reference-files/time-series/geo/gazetteer-files.2024.html
ITC-2327,USA,Puerto Rico,PR,Caguas,Caguas,YES,US-CENSUS-FIPS,72025,US-FIPS:72025,STABLE_ID + LOCAL_QA_POLYGON,-66.05609141990789,18.2128405,,https://www.census.gov/geographies/reference-files/time-series/geo/gazetteer-files.2024.html
ITC-2328,USA,Puerto Rico,PR,Camuy,Camuy,YES,US-CENSUS-FIPS,72027,US-FIPS:72027,STABLE_ID + LOCAL_QA_POLYGON,-66.8621522336919,18.417402499999998,,https://www.census.gov/geographies/reference-files/time-series/geo/gazetteer-files.2024.html
ITC-2329,USA,Puerto Rico,PR,Canóvanas,Canóvanas,YES,US-CENSUS-FIPS,72029,US-FIPS:72029,STABLE_ID + LOCAL_QA_POLYGON,-65.88851994748387,18.334184,,https://www.census.gov/geographies/reference-files/time-series/geo/gazetteer-files.2024.html
ITC-2330,USA,Puerto Rico,PR,Carolina,Carolina,YES,US-CENSUS-FIPS,72031,US-FIPS:72031,STABLE_ID + LOCAL_QA_POLYGON,-65.95259474256493,18.363898499999998,,https://www.census.gov/geographies/reference-files/time-series/geo/gazetteer-files.2024.html
ITC-2331,USA,Puerto Rico,PR,Cataño,Cataño,YES,US-CENSUS-FIPS,72033,US-FIPS:72033,STABLE_ID + LOCAL_QA_POLYGON,-66.13618208998527,18.4409265,,https://www.census.gov/geographies/reference-files/time-series/geo/gazetteer-files.2024.html
ITC-2332,USA,Puerto Rico,PR,Cayey,Cayey,YES,US-CENSUS-FIPS,72035,US-FIPS:72035,STABLE_ID + LOCAL_QA_POLYGON,-66.1639408177759,18.103428,,https://www.census.gov/geographies/reference-files/time-series/geo/gazetteer-files.2024.html
ITC-2333,USA,Puerto Rico,PR,Ceiba,Ceiba,YES,US-CENSUS-FIPS,72037,US-FIPS:72037,STABLE_ID + LOCAL_QA_POLYGON,-65.64468929286403,18.24838823630255,,https://www.census.gov/geographies/reference-files/time-series/geo/gazetteer-files.2024.html
ITC-2334,USA,Puerto Rico,PR,Ciales,Ciales,YES,US-CENSUS-FIPS,72039,US-FIPS:72039,STABLE_ID + LOCAL_QA_POLYGON,-66.50736951523297,18.263561,,https://www.census.gov/geographies/reference-files/time-series/geo/gazetteer-files.2024.html
ITC-2335,USA,Puerto Rico,PR,Cidra,Cidra,YES,US-CENSUS-FIPS,72041,US-FIPS:72041,STABLE_ID + LOCAL_QA_POLYGON,-66.15718308235455,18.181500999999997,,https://www.census.gov/geographies/reference-files/time-series/geo/gazetteer-files.2024.html
ITC-2336,USA,Puerto Rico,PR,Coamo,Coamo,YES,US-CENSUS-FIPS,72043,US-FIPS:72043,STABLE_ID + LOCAL_QA_POLYGON,-66.35359260546883,18.096235,,https://www.census.gov/geographies/reference-files/time-series/geo/gazetteer-files.2024.html
ITC-2337,USA,Puerto Rico,PR,Comerío,Comerío,YES,US-CENSUS-FIPS,72045,US-FIPS:72045,STABLE_ID + LOCAL_QA_POLYGON,-66.21869171902226,18.2251515,,https://www.census.gov/geographies/reference-files/time-series/geo/gazetteer-files.2024.html
ITC-2338,USA,Puerto Rico,PR,Corozal,Corozal,YES,US-CENSUS-FIPS,72047,US-FIPS:72047,STABLE_ID + LOCAL_QA_POLYGON,-66.32864030412762,18.305885,,https://www.census.gov/geographies/reference-files/time-series/geo/gazetteer-files.2024.html
ITC-2339,USA,Puerto Rico,PR,Culebra,Culebra,YES,US-CENSUS-FIPS,72049,US-FIPS:72049,STABLE_ID + LOCAL_QA_POLYGON,-65.28204820001429,18.312222296853598,,https://www.census.gov/geographies/reference-files/time-series/geo/gazetteer-files.2024.html
ITC-2340,USA,Puerto Rico,PR,Dorado,Dorado,YES,US-CENSUS-FIPS,72051,US-FIPS:72051,STABLE_ID + LOCAL_QA_POLYGON,-66.27980587151393,18.432446999999996,,https://www.census.gov/geographies/reference-files/time-series/geo/gazetteer-files.2024.html
ITC-2341,USA,Puerto Rico,PR,Fajardo,Fajardo,YES,US-CENSUS-FIPS,72053,US-FIPS:72053,STABLE_ID + LOCAL_QA_POLYGON,-65.65651069199805,18.326938008941,,https://www.census.gov/geographies/reference-files/time-series/geo/gazetteer-files.2024.html
ITC-2342,USA,Puerto Rico,PR,Florida,Florida,YES,US-CENSUS-FIPS,72054,US-FIPS:72054,STABLE_ID + LOCAL_QA_POLYGON,-66.56007342938338,18.376171,,https://www.census.gov/geographies/reference-files/time-series/geo/gazetteer-files.2024.html
ITC-2343,USA,Puerto Rico,PR,Guánica,Guánica,YES,US-CENSUS-FIPS,72055,US-FIPS:72055,STABLE_ID + LOCAL_QA_POLYGON,-66.91490665873577,17.9831345,,https://www.census.gov/geographies/reference-files/time-series/geo/gazetteer-files.2024.html
ITC-2344,USA,Puerto Rico,PR,Guayama,Guayama,YES,US-CENSUS-FIPS,72057,US-FIPS:72057,STABLE_ID + LOCAL_QA_POLYGON,-66.14604168673415,18.018493499999998,,https://www.census.gov/geographies/reference-files/time-series/geo/gazetteer-files.2024.html
ITC-2345,USA,Puerto Rico,PR,Guayanilla,Guayanilla,YES,US-CENSUS-FIPS,72059,US-FIPS:72059,STABLE_ID + LOCAL_QA_POLYGON,-66.79550148218122,18.0440765,,https://www.census.gov/geographies/reference-files/time-series/geo/gazetteer-files.2024.html
ITC-2346,USA,Puerto Rico,PR,Guaynabo,Guaynabo,YES,US-CENSUS-FIPS,72061,US-FIPS:72061,STABLE_ID + LOCAL_QA_POLYGON,-66.11555890179591,18.358891999999997,,https://www.census.gov/geographies/reference-files/time-series/geo/gazetteer-files.2024.html
ITC-2347,USA,Puerto Rico,PR,Gurabo,Gurabo,YES,US-CENSUS-FIPS,72063,US-FIPS:72063,STABLE_ID + LOCAL_QA_POLYGON,-65.97492406511284,18.2564585,,https://www.census.gov/geographies/reference-files/time-series/geo/gazetteer-files.2024.html
ITC-2348,USA,Puerto Rico,PR,Hatillo,Hatillo,YES,US-CENSUS-FIPS,72065,US-FIPS:72065,STABLE_ID + LOCAL_QA_POLYGON,-66.79588386782456,18.407988,,https://www.census.gov/geographies/reference-files/time-series/geo/gazetteer-files.2024.html
ITC-2349,USA,Puerto Rico,PR,Hormigueros,Hormigueros,YES,US-CENSUS-FIPS,72067,US-FIPS:72067,STABLE_ID + LOCAL_QA_POLYGON,-67.11403900166772,18.1325275,,https://www.census.gov/geographies/reference-files/time-series/geo/gazetteer-files.2024.html
ITC-2350,USA,Puerto Rico,PR,Humacao,Humacao,YES,US-CENSUS-FIPS,72069,US-FIPS:72069,STABLE_ID + LOCAL_QA_POLYGON,-65.820977844212,18.136271605958697,,https://www.census.gov/geographies/reference-files/time-series/geo/gazetteer-files.2024.html
ITC-2351,USA,Puerto Rico,PR,Isabela,Isabela,YES,US-CENSUS-FIPS,72071,US-FIPS:72071,STABLE_ID + LOCAL_QA_POLYGON,-67.00544694082615,18.445749,,https://www.census.gov/geographies/reference-files/time-series/geo/gazetteer-files.2024.html
ITC-2352,USA,Puerto Rico,PR,Jayuya,Jayuya,YES,US-CENSUS-FIPS,72073,US-FIPS:72073,STABLE_ID + LOCAL_QA_POLYGON,-66.5895826689455,18.2275255,,https://www.census.gov/geographies/reference-files/time-series/geo/gazetteer-files.2024.html
ITC-2353,USA,Puerto Rico,PR,Juana Díaz,Juana Díaz,YES,US-CENSUS-FIPS,72075,US-FIPS:72075,STABLE_ID + LOCAL_QA_POLYGON,-66.4884929887107,18.064758499999996,,https://www.census.gov/geographies/reference-files/time-series/geo/gazetteer-files.2024.html
ITC-2354,USA,Puerto Rico,PR,Juncos,Juncos,YES,US-CENSUS-FIPS,72077,US-FIPS:72077,STABLE_ID + LOCAL_QA_POLYGON,-65.91413163590649,18.207054499999998,,https://www.census.gov/geographies/reference-files/time-series/geo/gazetteer-files.2024.html
ITC-2355,USA,Puerto Rico,PR,Lajas,Lajas,YES,US-CENSUS-FIPS,72079,US-FIPS:72079,STABLE_ID + LOCAL_QA_POLYGON,-67.03518506416543,18.004089,,https://www.census.gov/geographies/reference-files/time-series/geo/gazetteer-files.2024.html
ITC-2356,USA,Puerto Rico,PR,Lares,Lares,YES,US-CENSUS-FIPS,72081,US-FIPS:72081,STABLE_ID + LOCAL_QA_POLYGON,-66.86790808490103,18.268133499999998,,https://www.census.gov/geographies/reference-files/time-series/geo/gazetteer-files.2024.html
ITC-2357,USA,Puerto Rico,PR,Las Marías,Las Marías,YES,US-CENSUS-FIPS,72083,US-FIPS:72083,STABLE_ID + LOCAL_QA_POLYGON,-66.98242754915677,18.2381965,,https://www.census.gov/geographies/reference-files/time-series/geo/gazetteer-files.2024.html
ITC-2358,USA,Puerto Rico,PR,Las Piedras,Las Piedras,YES,US-CENSUS-FIPS,72085,US-FIPS:72085,STABLE_ID + LOCAL_QA_POLYGON,-65.86206672280979,18.1969165,,https://www.census.gov/geographies/reference-files/time-series/geo/gazetteer-files.2024.html
ITC-2359,USA,Puerto Rico,PR,Loíza,Loíza,YES,US-CENSUS-FIPS,72087,US-FIPS:72087,STABLE_ID + LOCAL_QA_POLYGON,-65.8809797971777,18.418774999999997,,https://www.census.gov/geographies/reference-files/time-series/geo/gazetteer-files.2024.html
ITC-2360,USA,Puerto Rico,PR,Luquillo,Luquillo,YES,US-CENSUS-FIPS,72089,US-FIPS:72089,STABLE_ID + LOCAL_QA_POLYGON,-65.71724331587268,18.3390545,,https://www.census.gov/geographies/reference-files/time-series/geo/gazetteer-files.2024.html
ITC-2361,USA,Puerto Rico,PR,Manatí,Manatí,YES,US-CENSUS-FIPS,72091,US-FIPS:72091,STABLE_ID + LOCAL_QA_POLYGON,-66.49133050738254,18.417555,,https://www.census.gov/geographies/reference-files/time-series/geo/gazetteer-files.2024.html
ITC-2362,USA,Puerto Rico,PR,Maricao,Maricao,YES,US-CENSUS-FIPS,72093,US-FIPS:72093,STABLE_ID + LOCAL_QA_POLYGON,-66.9534774070415,18.172866,,https://www.census.gov/geographies/reference-files/time-series/geo/gazetteer-files.2024.html
ITC-2363,USA,Puerto Rico,PR,Maunabo,Maunabo,YES,US-CENSUS-FIPS,72095,US-FIPS:72095,STABLE_ID + LOCAL_QA_POLYGON,-65.91717516916367,18.0215795,,https://www.census.gov/geographies/reference-files/time-series/geo/gazetteer-files.2024.html
ITC-2364,USA,Puerto Rico,PR,Mayagüez,Mayagüez,YES,US-CENSUS-FIPS,72097,US-FIPS:72097,STABLE_ID + LOCAL_QA_POLYGON,-67.09447817134,18.21140243835585,,https://www.census.gov/geographies/reference-files/time-series/geo/gazetteer-files.2024.html
ITC-2365,USA,Puerto Rico,PR,Moca,Moca,YES,US-CENSUS-FIPS,72099,US-FIPS:72099,STABLE_ID + LOCAL_QA_POLYGON,-67.0824757910757,18.3837615,,https://www.census.gov/geographies/reference-files/time-series/geo/gazetteer-files.2024.html
ITC-2366,USA,Puerto Rico,PR,Morovis,Morovis,YES,US-CENSUS-FIPS,72101,US-FIPS:72101,STABLE_ID + LOCAL_QA_POLYGON,-66.41241455248698,18.316190499999998,,https://www.census.gov/geographies/reference-files/time-series/geo/gazetteer-files.2024.html
ITC-2367,USA,Puerto Rico,PR,Naguabo,Naguabo,YES,US-CENSUS-FIPS,72103,US-FIPS:72103,STABLE_ID + LOCAL_QA_POLYGON,-65.75788922075975,18.235131,,https://www.census.gov/geographies/reference-files/time-series/geo/gazetteer-files.2024.html
ITC-2368,USA,Puerto Rico,PR,Naranjito,Naranjito,YES,US-CENSUS-FIPS,72105,US-FIPS:72105,STABLE_ID + LOCAL_QA_POLYGON,-66.24821182066773,18.28779,,https://www.census.gov/geographies/reference-files/time-series/geo/gazetteer-files.2024.html
ITC-2369,USA,Puerto Rico,PR,Orocovis,Orocovis,YES,US-CENSUS-FIPS,72107,US-FIPS:72107,STABLE_ID + LOCAL_QA_POLYGON,-66.43491608342146,18.221342,,https://www.census.gov/geographies/reference-files/time-series/geo/gazetteer-files.2024.html
ITC-2370,USA,Puerto Rico,PR,Patillas,Patillas,YES,US-CENSUS-FIPS,72109,US-FIPS:72109,STABLE_ID + LOCAL_QA_POLYGON,-66.01773010893936,18.0387975,,https://www.census.gov/geographies/reference-files/time-series/geo/gazetteer-files.2024.html
ITC-2371,USA,Puerto Rico,PR,Peñuelas,Peñuelas,YES,US-CENSUS-FIPS,72111,US-FIPS:72111,STABLE_ID + LOCAL_QA_POLYGON,-66.7206773730945,18.055435,,https://www.census.gov/geographies/reference-files/time-series/geo/gazetteer-files.2024.html
ITC-2372,USA,Puerto Rico,PR,Ponce,Ponce,YES,US-CENSUS-FIPS,72113,US-FIPS:72113,STABLE_ID + LOCAL_QA_POLYGON,-66.61371498844629,18.0675205,,https://www.census.gov/geographies/reference-files/time-series/geo/gazetteer-files.2024.html
ITC-2373,USA,Puerto Rico,PR,Quebradillas,Quebradillas,YES,US-CENSUS-FIPS,72115,US-FIPS:72115,STABLE_ID + LOCAL_QA_POLYGON,-66.92241601626476,18.428253499999997,,https://www.census.gov/geographies/reference-files/time-series/geo/gazetteer-files.2024.html
ITC-2374,USA,Puerto Rico,PR,Rincón,Rincón,YES,US-CENSUS-FIPS,72117,US-FIPS:72117,STABLE_ID + LOCAL_QA_POLYGON,-67.23351261028958,18.33619103621905,,https://www.census.gov/geographies/reference-files/time-series/geo/gazetteer-files.2024.html
ITC-2375,USA,Puerto Rico,PR,Río Grande,Río Grande,YES,US-CENSUS-FIPS,72119,US-FIPS:72119,STABLE_ID + LOCAL_QA_POLYGON,-65.8176484073746,18.3495915,,https://www.census.gov/geographies/reference-files/time-series/geo/gazetteer-files.2024.html
ITC-2376,USA,Puerto Rico,PR,Sabana Grande,Sabana Grande,YES,US-CENSUS-FIPS,72121,US-FIPS:72121,STABLE_ID + LOCAL_QA_POLYGON,-66.94990344285713,18.0872945,,https://www.census.gov/geographies/reference-files/time-series/geo/gazetteer-files.2024.html
ITC-2377,USA,Puerto Rico,PR,Salinas,Salinas,YES,US-CENSUS-FIPS,72123,US-FIPS:72123,STABLE_ID + LOCAL_QA_POLYGON,-66.26752480792202,18.013548999999998,,https://www.census.gov/geographies/reference-files/time-series/geo/gazetteer-files.2024.html
ITC-2378,USA,Puerto Rico,PR,San Germán,San Germán,YES,US-CENSUS-FIPS,72125,US-FIPS:72125,STABLE_ID + LOCAL_QA_POLYGON,-67.0293671413074,18.1144035,,https://www.census.gov/geographies/reference-files/time-series/geo/gazetteer-files.2024.html
ITC-2379,USA,Puerto Rico,PR,San Juan,San Juan,YES,US-CENSUS-FIPS,72127,US-FIPS:72127,STABLE_ID + LOCAL_QA_POLYGON,-66.0535918558726,18.383584499999998,,https://www.census.gov/geographies/reference-files/time-series/geo/gazetteer-files.2024.html
ITC-2380,USA,Puerto Rico,PR,San Lorenzo,San Lorenzo,YES,US-CENSUS-FIPS,72129,US-FIPS:72129,STABLE_ID + LOCAL_QA_POLYGON,-65.97529513017119,18.150832,,https://www.census.gov/geographies/reference-files/time-series/geo/gazetteer-files.2024.html
ITC-2381,USA,Puerto Rico,PR,San Sebastián,San Sebastián,YES,US-CENSUS-FIPS,72131,US-FIPS:72131,STABLE_ID + LOCAL_QA_POLYGON,-66.97278711963742,18.322834999999998,,https://www.census.gov/geographies/reference-files/time-series/geo/gazetteer-files.2024.html
ITC-2382,USA,Puerto Rico,PR,Santa Isabel,Santa Isabel,YES,US-CENSUS-FIPS,72133,US-FIPS:72133,STABLE_ID + LOCAL_QA_POLYGON,-66.39226027078587,17.9910495,,https://www.census.gov/geographies/reference-files/time-series/geo/gazetteer-files.2024.html
ITC-2383,USA,Puerto Rico,PR,Toa Alta,Toa Alta,YES,US-CENSUS-FIPS,72135,US-FIPS:72135,STABLE_ID + LOCAL_QA_POLYGON,-66.2455984478022,18.357661,,https://www.census.gov/geographies/reference-files/time-series/geo/gazetteer-files.2024.html
ITC-2384,USA,Puerto Rico,PR,Toa Baja,Toa Baja,YES,US-CENSUS-FIPS,72137,US-FIPS:72137,STABLE_ID + LOCAL_QA_POLYGON,-66.21670408472303,18.427327,,https://www.census.gov/geographies/reference-files/time-series/geo/gazetteer-files.2024.html
ITC-2385,USA,Puerto Rico,PR,Trujillo Alto,Trujillo Alto,YES,US-CENSUS-FIPS,72139,US-FIPS:72139,STABLE_ID + LOCAL_QA_POLYGON,-66.00131750936418,18.338084,,https://www.census.gov/geographies/reference-files/time-series/geo/gazetteer-files.2024.html
ITC-2386,USA,Puerto Rico,PR,Utuado,Utuado,YES,US-CENSUS-FIPS,72141,US-FIPS:72141,STABLE_ID + LOCAL_QA_POLYGON,-66.71435830696146,18.2508635,,https://www.census.gov/geographies/reference-files/time-series/geo/gazetteer-files.2024.html
ITC-2387,USA,Puerto Rico,PR,Vega Alta,Vega Alta,YES,US-CENSUS-FIPS,72143,US-FIPS:72143,STABLE_ID + LOCAL_QA_POLYGON,-66.33192292471355,18.408804,,https://www.census.gov/geographies/reference-files/time-series/geo/gazetteer-files.2024.html
ITC-2388,USA,Puerto Rico,PR,Vega Baja,Vega Baja,YES,US-CENSUS-FIPS,72145,US-FIPS:72145,STABLE_ID + LOCAL_QA_POLYGON,-66.39949815996012,18.41668,,https://www.census.gov/geographies/reference-files/time-series/geo/gazetteer-files.2024.html
ITC-2389,USA,Puerto Rico,PR,Vieques,Vieques,YES,US-CENSUS-FIPS,72147,US-FIPS:72147,STABLE_ID + LOCAL_QA_POLYGON,-65.4355444006384,18.12129610397685,,https://www.census.gov/geographies/reference-files/time-series/geo/gazetteer-files.2024.html
ITC-2390,USA,Puerto Rico,PR,Villalba,Villalba,YES,US-CENSUS-FIPS,72149,US-FIPS:72149,STABLE_ID + LOCAL_QA_POLYGON,-66.47540677646325,18.129945,,https://www.census.gov/geographies/reference-files/time-series/geo/gazetteer-files.2024.html
ITC-2391,USA,Puerto Rico,PR,Yabucoa,Yabucoa,YES,US-CENSUS-FIPS,72151,US-FIPS:72151,STABLE_ID + LOCAL_QA_POLYGON,-65.90394712338787,18.068599999999996,,https://www.census.gov/geographies/reference-files/time-series/geo/gazetteer-files.2024.html
ITC-2392,USA,Puerto Rico,PR,Yauco,Yauco,YES,US-CENSUS-FIPS,72153,US-FIPS:72153,STABLE_ID + LOCAL_QA_POLYGON,-66.8625699601193,18.063246,,https://www.census.gov/geographies/reference-files/time-series/geo/gazetteer-files.2024.html
ITC-2393,USA,Rhode Island,RI,Bristol,Bristol,YES,US-CENSUS-FIPS,44001,US-FIPS:44001,STABLE_ID + LOCAL_QA_POLYGON,-71.26132541091621,41.7088516312244,,https://www.census.gov/geographies/reference-files/time-series/geo/gazetteer-files.2024.html
ITC-2394,USA,Rhode Island,RI,Kent,Kent,YES,US-CENSUS-FIPS,44003,US-FIPS:44003,STABLE_ID + LOCAL_QA_POLYGON,-71.6180507574409,41.6816529193198,,https://www.census.gov/geographies/reference-files/time-series/geo/gazetteer-files.2024.html
ITC-2395,USA,Rhode Island,RI,Newport,Newport,YES,US-CENSUS-FIPS,44005,US-FIPS:44005,STABLE_ID + LOCAL_QA_POLYGON,-71.16895988631438,41.56128227628385,,https://www.census.gov/geographies/reference-files/time-series/geo/gazetteer-files.2024.html
ITC-2396,USA,Rhode Island,RI,Providence,Providence,YES,US-CENSUS-FIPS,44007,US-FIPS:44007,STABLE_ID + LOCAL_QA_POLYGON,-71.56583275092561,41.869086054469506,,https://www.census.gov/geographies/reference-files/time-series/geo/gazetteer-files.2024.html
ITC-2397,USA,Rhode Island,RI,Washington,Washington,YES,US-CENSUS-FIPS,44009,US-FIPS:44009,STABLE_ID + LOCAL_QA_POLYGON,-71.60627372785595,41.480003452932095,,https://www.census.gov/geographies/reference-files/time-series/geo/gazetteer-files.2024.html
ITC-2398,USA,South Carolina,SC,Abbeville,Abbeville,YES,US-CENSUS-FIPS,45001,US-FIPS:45001,STABLE_ID + LOCAL_QA_POLYGON,-82.47246374915703,34.25288449999999,,https://www.census.gov/geographies/reference-files/time-series/geo/gazetteer-files.2024.html
ITC-2399,USA,South Carolina,SC,Aiken,Aiken,YES,US-CENSUS-FIPS,45003,US-FIPS:45003,STABLE_ID + LOCAL_QA_POLYGON,-81.66298964385003,33.5363985,,https://www.census.gov/geographies/reference-files/time-series/geo/gazetteer-files.2024.html
ITC-2400,USA,South Carolina,SC,Allendale,Allendale,YES,US-CENSUS-FIPS,45005,US-FIPS:45005,STABLE_ID + LOCAL_QA_POLYGON,-81.36387358107034,32.95152441796715,,https://www.census.gov/geographies/reference-files/time-series/geo/gazetteer-files.2024.html
ITC-2401,USA,South Carolina,SC,Anderson,Anderson,YES,US-CENSUS-FIPS,45007,US-FIPS:45007,STABLE_ID + LOCAL_QA_POLYGON,-82.65881618036437,34.5150405,,https://www.census.gov/geographies/reference-files/time-series/geo/gazetteer-files.2024.html
ITC-2402,USA,South Carolina,SC,Bamberg,Bamberg,YES,US-CENSUS-FIPS,45009,US-FIPS:45009,STABLE_ID + LOCAL_QA_POLYGON,-81.03379775603105,33.233276000000004,,https://www.census.gov/geographies/reference-files/time-series/geo/gazetteer-files.2024.html
ITC-2403,USA,South Carolina,SC,Barnwell,Barnwell,YES,US-CENSUS-FIPS,45011,US-FIPS:45011,STABLE_ID + LOCAL_QA_POLYGON,-81.4288718755314,33.288689,,https://www.census.gov/geographies/reference-files/time-series/geo/gazetteer-files.2024.html
ITC-2404,USA,South Carolina,SC,Beaufort,Beaufort,YES,US-CENSUS-FIPS,45013,US-FIPS:45013,STABLE_ID + LOCAL_QA_POLYGON,-80.63542535651297,32.390179297216996,,https://www.census.gov/geographies/reference-files/time-series/geo/gazetteer-files.2024.html
ITC-2405,USA,South Carolina,SC,Berkeley,Berkeley,YES,US-CENSUS-FIPS,45015,US-FIPS:45015,STABLE_ID + LOCAL_QA_POLYGON,-79.91053951961814,33.16346,,https://www.census.gov/geographies/reference-files/time-series/geo/gazetteer-files.2024.html
ITC-2406,USA,South Carolina,SC,Calhoun,Calhoun,YES,US-CENSUS-FIPS,45017,US-FIPS:45017,STABLE_ID + LOCAL_QA_POLYGON,-80.78671083273173,33.675049,,https://www.census.gov/geographies/reference-files/time-series/geo/gazetteer-files.2024.html
ITC-2407,USA,South Carolina,SC,Charleston,Charleston,YES,US-CENSUS-FIPS,45019,US-FIPS:45019,STABLE_ID + LOCAL_QA_POLYGON,-80.06108040820078,32.854155500000005,,https://www.census.gov/geographies/reference-files/time-series/geo/gazetteer-files.2024.html
ITC-2408,USA,South Carolina,SC,Cherokee,Cherokee,YES,US-CENSUS-FIPS,45021,US-FIPS:45021,STABLE_ID + LOCAL_QA_POLYGON,-81.63407955190866,35.01295999999999,,https://www.census.gov/geographies/reference-files/time-series/geo/gazetteer-files.2024.html
ITC-2409,USA,South Carolina,SC,Chester,Chester,YES,US-CENSUS-FIPS,45023,US-FIPS:45023,STABLE_ID + LOCAL_QA_POLYGON,-81.1660833829819,34.6803455,,https://www.census.gov/geographies/reference-files/time-series/geo/gazetteer-files.2024.html
ITC-2410,USA,South Carolina,SC,Chesterfield,Chesterfield,YES,US-CENSUS-FIPS,45025,US-FIPS:45025,STABLE_ID + LOCAL_QA_POLYGON,-80.09580861857248,34.5907625,,https://www.census.gov/geographies/reference-files/time-series/geo/gazetteer-files.2024.html
ITC-2411,USA,South Carolina,SC,Clarendon,Clarendon,YES,US-CENSUS-FIPS,45027,US-FIPS:45027,STABLE_ID + LOCAL_QA_POLYGON,-80.24647405502047,33.688596,,https://www.census.gov/geographies/reference-files/time-series/geo/gazetteer-files.2024.html
ITC-2412,USA,South Carolina,SC,Colleton,Colleton,YES,US-CENSUS-FIPS,45029,US-FIPS:45029,STABLE_ID + LOCAL_QA_POLYGON,-80.65109421514722,32.825719,,https://www.census.gov/geographies/reference-files/time-series/geo/gazetteer-files.2024.html
ITC-2413,USA,South Carolina,SC,Darlington,Darlington,YES,US-CENSUS-FIPS,45031,US-FIPS:45031,STABLE_ID + LOCAL_QA_POLYGON,-79.91173907344098,34.309858500000004,,https://www.census.gov/geographies/reference-files/time-series/geo/gazetteer-files.2024.html
ITC-2414,USA,South Carolina,SC,Dillon,Dillon,YES,US-CENSUS-FIPS,45033,US-FIPS:45033,STABLE_ID + LOCAL_QA_POLYGON,-79.39242502961204,34.42944984809385,,https://www.census.gov/geographies/reference-files/time-series/geo/gazetteer-files.2024.html
ITC-2415,USA,South Carolina,SC,Dorchester,Dorchester,YES,US-CENSUS-FIPS,45035,US-FIPS:45035,STABLE_ID + LOCAL_QA_POLYGON,-80.42755350401804,33.076986500000004,,https://www.census.gov/geographies/reference-files/time-series/geo/gazetteer-files.2024.html
ITC-2416,USA,South Carolina,SC,Edgefield,Edgefield,YES,US-CENSUS-FIPS,45037,US-FIPS:45037,STABLE_ID + LOCAL_QA_POLYGON,-81.94761018019913,33.754013,,https://www.census.gov/geographies/reference-files/time-series/geo/gazetteer-files.2024.html
ITC-2417,USA,South Carolina,SC,Fairfield,Fairfield,YES,US-CENSUS-FIPS,45039,US-FIPS:45039,STABLE_ID + LOCAL_QA_POLYGON,-81.0783418877072,34.371162,,https://www.census.gov/geographies/reference-files/time-series/geo/gazetteer-files.2024.html
ITC-2418,USA,South Carolina,SC,Florence,Florence,YES,US-CENSUS-FIPS,45041,US-FIPS:45041,STABLE_ID + LOCAL_QA_POLYGON,-79.75290036237828,34.041923,,https://www.census.gov/geographies/reference-files/time-series/geo/gazetteer-files.2024.html
ITC-2419,USA,South Carolina,SC,Georgetown,Georgetown,YES,US-CENSUS-FIPS,45043,US-FIPS:45043,STABLE_ID + LOCAL_QA_POLYGON,-79.34910605088146,33.44579723494955,,https://www.census.gov/geographies/reference-files/time-series/geo/gazetteer-files.2024.html
ITC-2420,USA,South Carolina,SC,Greenville,Greenville,YES,US-CENSUS-FIPS,45045,US-FIPS:45045,STABLE_ID + LOCAL_QA_POLYGON,-82.35119768988048,34.8492945,,https://www.census.gov/geographies/reference-files/time-series/geo/gazetteer-files.2024.html
ITC-2421,USA,South Carolina,SC,Greenwood,Greenwood,YES,US-CENSUS-FIPS,45047,US-FIPS:45047,STABLE_ID + LOCAL_QA_POLYGON,-82.07974080687595,34.1813885,,https://www.census.gov/geographies/reference-files/time-series/geo/gazetteer-files.2024.html
ITC-2422,USA,South Carolina,SC,Hampton,Hampton,YES,US-CENSUS-FIPS,45049,US-FIPS:45049,STABLE_ID + LOCAL_QA_POLYGON,-81.10278309359937,32.791630999999995,,https://www.census.gov/geographies/reference-files/time-series/geo/gazetteer-files.2024.html
ITC-2423,USA,South Carolina,SC,Horry,Horry,YES,US-CENSUS-FIPS,45051,US-FIPS:45051,STABLE_ID + LOCAL_QA_POLYGON,-78.9730315179755,33.9345325,,https://www.census.gov/geographies/reference-files/time-series/geo/gazetteer-files.2024.html
ITC-2424,USA,South Carolina,SC,Jasper,Jasper,YES,US-CENSUS-FIPS,45053,US-FIPS:45053,STABLE_ID + LOCAL_QA_POLYGON,-81.01082805729166,32.3940415,,https://www.census.gov/geographies/reference-files/time-series/geo/gazetteer-files.2024.html
ITC-2425,USA,South Carolina,SC,Kershaw,Kershaw,YES,US-CENSUS-FIPS,45055,US-FIPS:45055,STABLE_ID + LOCAL_QA_POLYGON,-80.55649652750476,34.341393,,https://www.census.gov/geographies/reference-files/time-series/geo/gazetteer-files.2024.html
ITC-2426,USA,South Carolina,SC,Lancaster,Lancaster,YES,US-CENSUS-FIPS,45057,US-FIPS:45057,STABLE_ID + LOCAL_QA_POLYGON,-80.6948724017762,34.767278,,https://www.census.gov/geographies/reference-files/time-series/geo/gazetteer-files.2024.html
ITC-2427,USA,South Carolina,SC,Laurens,Laurens,YES,US-CENSUS-FIPS,45059,US-FIPS:45059,STABLE_ID + LOCAL_QA_POLYGON,-81.98296331275509,34.4966615,,https://www.census.gov/geographies/reference-files/time-series/geo/gazetteer-files.2024.html
ITC-2428,USA,South Carolina,SC,Lee,Lee,YES,US-CENSUS-FIPS,45061,US-FIPS:45061,STABLE_ID + LOCAL_QA_POLYGON,-80.31733114797441,34.159285499999996,,https://www.census.gov/geographies/reference-files/time-series/geo/gazetteer-files.2024.html
ITC-2429,USA,South Carolina,SC,Lexington,Lexington,YES,US-CENSUS-FIPS,45063,US-FIPS:45063,STABLE_ID + LOCAL_QA_POLYGON,-81.28389377421445,33.923505,,https://www.census.gov/geographies/reference-files/time-series/geo/gazetteer-files.2024.html
ITC-2430,USA,South Carolina,SC,Marion,Marion,YES,US-CENSUS-FIPS,45067,US-FIPS:45067,STABLE_ID + LOCAL_QA_POLYGON,-79.42245221525793,33.9975855,,https://www.census.gov/geographies/reference-files/time-series/geo/gazetteer-files.2024.html
ITC-2431,USA,South Carolina,SC,Marlboro,Marlboro,YES,US-CENSUS-FIPS,45069,US-FIPS:45069,STABLE_ID + LOCAL_QA_POLYGON,-79.65682846078533,34.550951999999995,,https://www.census.gov/geographies/reference-files/time-series/geo/gazetteer-files.2024.html
ITC-2432,USA,South Carolina,SC,McCormick,McCormick,YES,US-CENSUS-FIPS,45065,US-FIPS:45065,STABLE_ID + LOCAL_QA_POLYGON,-82.2340253779937,33.835364999999996,,https://www.census.gov/geographies/reference-files/time-series/geo/gazetteer-files.2024.html
ITC-2433,USA,South Carolina,SC,Newberry,Newberry,YES,US-CENSUS-FIPS,45071,US-FIPS:45071,STABLE_ID + LOCAL_QA_POLYGON,-81.62232562692961,34.3013785,,https://www.census.gov/geographies/reference-files/time-series/geo/gazetteer-files.2024.html
ITC-2434,USA,South Carolina,SC,Oconee,Oconee,YES,US-CENSUS-FIPS,45073,US-FIPS:45073,STABLE_ID + LOCAL_QA_POLYGON,-83.10704151607511,34.76405199999999,,https://www.census.gov/geographies/reference-files/time-series/geo/gazetteer-files.2024.html
ITC-2435,USA,South Carolina,SC,Orangeburg,Orangeburg,YES,US-CENSUS-FIPS,45075,US-FIPS:45075,STABLE_ID + LOCAL_QA_POLYGON,-80.80831655998347,33.4419855,,https://www.census.gov/geographies/reference-files/time-series/geo/gazetteer-files.2024.html
ITC-2436,USA,South Carolina,SC,Pickens,Pickens,YES,US-CENSUS-FIPS,45077,US-FIPS:45077,STABLE_ID + LOCAL_QA_POLYGON,-82.69250680339692,34.852478,,https://www.census.gov/geographies/reference-files/time-series/geo/gazetteer-files.2024.html
ITC-2437,USA,South Carolina,SC,Richland,Richland,YES,US-CENSUS-FIPS,45079,US-FIPS:45079,STABLE_ID + LOCAL_QA_POLYGON,-80.84964467404056,34.005745,,https://www.census.gov/geographies/reference-files/time-series/geo/gazetteer-files.2024.html
ITC-2438,USA,South Carolina,SC,Saluda,Saluda,YES,US-CENSUS-FIPS,45081,US-FIPS:45081,STABLE_ID + LOCAL_QA_POLYGON,-81.74657651601186,34.00149,,https://www.census.gov/geographies/reference-files/time-series/geo/gazetteer-files.2024.html
ITC-2439,USA,South Carolina,SC,Spartanburg,Spartanburg,YES,US-CENSUS-FIPS,45083,US-FIPS:45083,STABLE_ID + LOCAL_QA_POLYGON,-81.97983745468078,34.889534499999996,,https://www.census.gov/geographies/reference-files/time-series/geo/gazetteer-files.2024.html
ITC-2440,USA,South Carolina,SC,Sumter,Sumter,YES,US-CENSUS-FIPS,45085,US-FIPS:45085,STABLE_ID + LOCAL_QA_POLYGON,-80.34141153134715,33.9061725,,https://www.census.gov/geographies/reference-files/time-series/geo/gazetteer-files.2024.html
ITC-2441,USA,South Carolina,SC,Union,Union,YES,US-CENSUS-FIPS,45087,US-FIPS:45087,STABLE_ID + LOCAL_QA_POLYGON,-81.63958063983367,34.67885,,https://www.census.gov/geographies/reference-files/time-series/geo/gazetteer-files.2024.html
ITC-2442,USA,South Carolina,SC,Williamsburg,Williamsburg,YES,US-CENSUS-FIPS,45089,US-FIPS:45089,STABLE_ID + LOCAL_QA_POLYGON,-79.74125396607111,33.604862999999995,,https://www.census.gov/geographies/reference-files/time-series/geo/gazetteer-files.2024.html
ITC-2443,USA,South Carolina,SC,York,York,YES,US-CENSUS-FIPS,45091,US-FIPS:45091,STABLE_ID + LOCAL_QA_POLYGON,-81.18827991776175,34.992684,,https://www.census.gov/geographies/reference-files/time-series/geo/gazetteer-files.2024.html
ITC-2444,USA,South Dakota,SD,Aurora,Aurora,YES,US-CENSUS-FIPS,46003,US-FIPS:46003,STABLE_ID + LOCAL_QA_POLYGON,-98.5602927611306,43.713046,,https://www.census.gov/geographies/reference-files/time-series/geo/gazetteer-files.2024.html
ITC-2445,USA,South Dakota,SD,Beadle,Beadle,YES,US-CENSUS-FIPS,46005,US-FIPS:46005,STABLE_ID + LOCAL_QA_POLYGON,-98.27727840131682,44.4031935,,https://www.census.gov/geographies/reference-files/time-series/geo/gazetteer-files.2024.html
ITC-2446,USA,South Dakota,SD,Bennett,Bennett,YES,US-CENSUS-FIPS,46007,US-FIPS:46007,STABLE_ID + LOCAL_QA_POLYGON,-101.66863461304183,43.192420999999996,,https://www.census.gov/geographies/reference-files/time-series/geo/gazetteer-files.2024.html
ITC-2447,USA,South Dakota,SD,Bon Homme,Bon Homme,YES,US-CENSUS-FIPS,46009,US-FIPS:46009,STABLE_ID + LOCAL_QA_POLYGON,-97.86524350228996,42.9657945,,https://www.census.gov/geographies/reference-files/time-series/geo/gazetteer-files.2024.html
ITC-2448,USA,South Dakota,SD,Brookings,Brookings,YES,US-CENSUS-FIPS,46011,US-FIPS:46011,STABLE_ID + LOCAL_QA_POLYGON,-96.7904476174883,44.369907999999995,,https://www.census.gov/geographies/reference-files/time-series/geo/gazetteer-files.2024.html
ITC-2449,USA,South Dakota,SD,Brown,Brown,YES,US-CENSUS-FIPS,46013,US-FIPS:46013,STABLE_ID + LOCAL_QA_POLYGON,-98.35088370219067,45.589862499999995,,https://www.census.gov/geographies/reference-files/time-series/geo/gazetteer-files.2024.html
ITC-2450,USA,South Dakota,SD,Brule,Brule,YES,US-CENSUS-FIPS,46015,US-FIPS:46015,STABLE_ID + LOCAL_QA_POLYGON,-99.1009971051486,43.7181985,,https://www.census.gov/geographies/reference-files/time-series/geo/gazetteer-files.2024.html
ITC-2451,USA,South Dakota,SD,Buffalo,Buffalo,YES,US-CENSUS-FIPS,46017,US-FIPS:46017,STABLE_ID + LOCAL_QA_POLYGON,-99.22645778305827,44.065124499999996,,https://www.census.gov/geographies/reference-files/time-series/geo/gazetteer-files.2024.html
ITC-2452,USA,South Dakota,SD,Butte,Butte,YES,US-CENSUS-FIPS,46019,US-FIPS:46019,STABLE_ID + LOCAL_QA_POLYGON,-103.50777023995451,44.9362085,,https://www.census.gov/geographies/reference-files/time-series/geo/gazetteer-files.2024.html
ITC-2453,USA,South Dakota,SD,Campbell,Campbell,YES,US-CENSUS-FIPS,46021,US-FIPS:46021,STABLE_ID + LOCAL_QA_POLYGON,-100.03379347705513,45.7695595,,https://www.census.gov/geographies/reference-files/time-series/geo/gazetteer-files.2024.html
ITC-2454,USA,South Dakota,SD,Charles Mix,Charles Mix,YES,US-CENSUS-FIPS,46023,US-FIPS:46023,STABLE_ID + LOCAL_QA_POLYGON,-98.47493108594782,43.170946,,https://www.census.gov/geographies/reference-files/time-series/geo/gazetteer-files.2024.html
ITC-2455,USA,South Dakota,SD,Clark,Clark,YES,US-CENSUS-FIPS,46025,US-FIPS:46025,STABLE_ID + LOCAL_QA_POLYGON,-97.73417729760564,44.841019,,https://www.census.gov/geographies/reference-files/time-series/geo/gazetteer-files.2024.html
ITC-2456,USA,South Dakota,SD,Clay,Clay,YES,US-CENSUS-FIPS,46027,US-FIPS:46027,STABLE_ID + LOCAL_QA_POLYGON,-96.98319837501505,42.9002315,,https://www.census.gov/geographies/reference-files/time-series/geo/gazetteer-files.2024.html
ITC-2457,USA,South Dakota,SD,Codington,Codington,YES,US-CENSUS-FIPS,46029,US-FIPS:46029,STABLE_ID + LOCAL_QA_POLYGON,-97.18832923380754,44.977526499999996,,https://www.census.gov/geographies/reference-files/time-series/geo/gazetteer-files.2024.html
ITC-2458,USA,South Dakota,SD,Corson,Corson,YES,US-CENSUS-FIPS,46031,US-FIPS:46031,STABLE_ID + LOCAL_QA_POLYGON,-101.15725020549785,45.71616,,https://www.census.gov/geographies/reference-files/time-series/geo/gazetteer-files.2024.html
ITC-2459,USA,South Dakota,SD,Custer,Custer,YES,US-CENSUS-FIPS,46033,US-FIPS:46033,STABLE_ID + LOCAL_QA_POLYGON,-103.48183929127391,43.6667765,,https://www.census.gov/geographies/reference-files/time-series/geo/gazetteer-files.2024.html
ITC-2460,USA,South Dakota,SD,Davison,Davison,YES,US-CENSUS-FIPS,46035,US-FIPS:46035,STABLE_ID + LOCAL_QA_POLYGON,-98.14613957363487,43.674251999999996,,https://www.census.gov/geographies/reference-files/time-series/geo/gazetteer-files.2024.html
ITC-2461,USA,South Dakota,SD,Day,Day,YES,US-CENSUS-FIPS,46037,US-FIPS:46037,STABLE_ID + LOCAL_QA_POLYGON,-97.60366414389597,45.36314,,https://www.census.gov/geographies/reference-files/time-series/geo/gazetteer-files.2024.html
ITC-2462,USA,South Dakota,SD,Deuel,Deuel,YES,US-CENSUS-FIPS,46039,US-FIPS:46039,STABLE_ID + LOCAL_QA_POLYGON,-96.66799837221174,44.761148999999996,,https://www.census.gov/geographies/reference-files/time-series/geo/gazetteer-files.2024.html
ITC-2463,USA,South Dakota,SD,Dewey,Dewey,YES,US-CENSUS-FIPS,46041,US-FIPS:46041,STABLE_ID + LOCAL_QA_POLYGON,-100.90618565304787,45.0951005,,https://www.census.gov/geographies/reference-files/time-series/geo/gazetteer-files.2024.html
ITC-2464,USA,South Dakota,SD,Douglas,Douglas,YES,US-CENSUS-FIPS,46043,US-FIPS:46043,STABLE_ID + LOCAL_QA_POLYGON,-98.35267555270977,43.346867,,https://www.census.gov/geographies/reference-files/time-series/geo/gazetteer-files.2024.html
ITC-2465,USA,South Dakota,SD,Edmunds,Edmunds,YES,US-CENSUS-FIPS,46045,US-FIPS:46045,STABLE_ID + LOCAL_QA_POLYGON,-99.21520681645777,45.418473,,https://www.census.gov/geographies/reference-files/time-series/geo/gazetteer-files.2024.html
ITC-2466,USA,South Dakota,SD,Fall River,Fall River,YES,US-CENSUS-FIPS,46047,US-FIPS:46047,STABLE_ID + LOCAL_QA_POLYGON,-103.5273467110421,43.25173649999999,,https://www.census.gov/geographies/reference-files/time-series/geo/gazetteer-files.2024.html
ITC-2467,USA,South Dakota,SD,Faulk,Faulk,YES,US-CENSUS-FIPS,46049,US-FIPS:46049,STABLE_ID + LOCAL_QA_POLYGON,-99.14522768881217,45.0747935,,https://www.census.gov/geographies/reference-files/time-series/geo/gazetteer-files.2024.html
ITC-2468,USA,South Dakota,SD,Grant,Grant,YES,US-CENSUS-FIPS,46051,US-FIPS:46051,STABLE_ID + LOCAL_QA_POLYGON,-96.77372142738827,45.151478499999996,,https://www.census.gov/geographies/reference-files/time-series/geo/gazetteer-files.2024.html
ITC-2469,USA,South Dakota,SD,Gregory,Gregory,YES,US-CENSUS-FIPS,46053,US-FIPS:46053,STABLE_ID + LOCAL_QA_POLYGON,-99.24036892607185,43.2485515,,https://www.census.gov/geographies/reference-files/time-series/geo/gazetteer-files.2024.html
ITC-2470,USA,South Dakota,SD,Haakon,Haakon,YES,US-CENSUS-FIPS,46055,US-FIPS:46055,STABLE_ID + LOCAL_QA_POLYGON,-101.57809750472632,44.364788,,https://www.census.gov/geographies/reference-files/time-series/geo/gazetteer-files.2024.html
ITC-2471,USA,South Dakota,SD,Hamlin,Hamlin,YES,US-CENSUS-FIPS,46057,US-FIPS:46057,STABLE_ID + LOCAL_QA_POLYGON,-97.18854421538563,44.652325499999996,,https://www.census.gov/geographies/reference-files/time-series/geo/gazetteer-files.2024.html
ITC-2472,USA,South Dakota,SD,Hand,Hand,YES,US-CENSUS-FIPS,46059,US-FIPS:46059,STABLE_ID + LOCAL_QA_POLYGON,-99.00092823249757,44.542674,,https://www.census.gov/geographies/reference-files/time-series/geo/gazetteer-files.2024.html
ITC-2473,USA,South Dakota,SD,Hanson,Hanson,YES,US-CENSUS-FIPS,46061,US-FIPS:46061,STABLE_ID + LOCAL_QA_POLYGON,-97.78660255724208,43.683279999999996,,https://www.census.gov/geographies/reference-files/time-series/geo/gazetteer-files.2024.html
ITC-2474,USA,South Dakota,SD,Harding,Harding,YES,US-CENSUS-FIPS,46063,US-FIPS:46063,STABLE_ID + LOCAL_QA_POLYGON,-103.49636982779059,45.60991,,https://www.census.gov/geographies/reference-files/time-series/geo/gazetteer-files.2024.html
ITC-2475,USA,South Dakota,SD,Hughes,Hughes,YES,US-CENSUS-FIPS,46065,US-FIPS:46065,STABLE_ID + LOCAL_QA_POLYGON,-99.91187399615505,44.32365349999999,,https://www.census.gov/geographies/reference-files/time-series/geo/gazetteer-files.2024.html
ITC-2476,USA,South Dakota,SD,Hutchinson,Hutchinson,YES,US-CENSUS-FIPS,46067,US-FIPS:46067,STABLE_ID + LOCAL_QA_POLYGON,-97.75578288143643,43.3345085,,https://www.census.gov/geographies/reference-files/time-series/geo/gazetteer-files.2024.html
ITC-2477,USA,South Dakota,SD,Hyde,Hyde,YES,US-CENSUS-FIPS,46069,US-FIPS:46069,STABLE_ID + LOCAL_QA_POLYGON,-99.48212667427072,44.537955,,https://www.census.gov/geographies/reference-files/time-series/geo/gazetteer-files.2024.html
ITC-2478,USA,South Dakota,SD,Jackson,Jackson,YES,US-CENSUS-FIPS,46071,US-FIPS:46071,STABLE_ID + LOCAL_QA_POLYGON,-101.6314072987993,43.692063,,https://www.census.gov/geographies/reference-files/time-series/geo/gazetteer-files.2024.html
ITC-2479,USA,South Dakota,SD,Jerauld,Jerauld,YES,US-CENSUS-FIPS,46073,US-FIPS:46073,STABLE_ID + LOCAL_QA_POLYGON,-98.62917628310431,44.057475499999995,,https://www.census.gov/geographies/reference-files/time-series/geo/gazetteer-files.2024.html
ITC-2480,USA,South Dakota,SD,Jones,Jones,YES,US-CENSUS-FIPS,46075,US-FIPS:46075,STABLE_ID + LOCAL_QA_POLYGON,-100.71554415983272,43.945609,,https://www.census.gov/geographies/reference-files/time-series/geo/gazetteer-files.2024.html
ITC-2481,USA,South Dakota,SD,Kingsbury,Kingsbury,YES,US-CENSUS-FIPS,46077,US-FIPS:46077,STABLE_ID + LOCAL_QA_POLYGON,-97.49097963915979,44.369907999999995,,https://www.census.gov/geographies/reference-files/time-series/geo/gazetteer-files.2024.html
ITC-2482,USA,South Dakota,SD,Lake,Lake,YES,US-CENSUS-FIPS,46079,US-FIPS:46079,STABLE_ID + LOCAL_QA_POLYGON,-97.12936997908943,44.018636,,https://www.census.gov/geographies/reference-files/time-series/geo/gazetteer-files.2024.html
ITC-2483,USA,South Dakota,SD,Lawrence,Lawrence,YES,US-CENSUS-FIPS,46081,US-FIPS:46081,STABLE_ID + LOCAL_QA_POLYGON,-103.8123237138526,44.3831816431076,,https://www.census.gov/geographies/reference-files/time-series/geo/gazetteer-files.2024.html
ITC-2484,USA,South Dakota,SD,Lincoln,Lincoln,YES,US-CENSUS-FIPS,46083,US-FIPS:46083,STABLE_ID + LOCAL_QA_POLYGON,-96.7517225214603,43.291977325718904,,https://www.census.gov/geographies/reference-files/time-series/geo/gazetteer-files.2024.html
ITC-2485,USA,South Dakota,SD,Lyman,Lyman,YES,US-CENSUS-FIPS,46085,US-FIPS:46085,STABLE_ID + LOCAL_QA_POLYGON,-99.8394592300015,43.852965999999995,,https://www.census.gov/geographies/reference-files/time-series/geo/gazetteer-files.2024.html
ITC-2486,USA,South Dakota,SD,Marshall,Marshall,YES,US-CENSUS-FIPS,46091,US-FIPS:46091,STABLE_ID + LOCAL_QA_POLYGON,-97.60340183268451,45.7479265,,https://www.census.gov/geographies/reference-files/time-series/geo/gazetteer-files.2024.html
ITC-2487,USA,South Dakota,SD,McCook,McCook,YES,US-CENSUS-FIPS,46087,US-FIPS:46087,STABLE_ID + LOCAL_QA_POLYGON,-97.36796689947259,43.674464,,https://www.census.gov/geographies/reference-files/time-series/geo/gazetteer-files.2024.html
ITC-2488,USA,South Dakota,SD,McPherson,McPherson,YES,US-CENSUS-FIPS,46089,US-FIPS:46089,STABLE_ID + LOCAL_QA_POLYGON,-99.22134773814221,45.766245999999995,,https://www.census.gov/geographies/reference-files/time-series/geo/gazetteer-files.2024.html
ITC-2489,USA,South Dakota,SD,Meade,Meade,YES,US-CENSUS-FIPS,46093,US-FIPS:46093,STABLE_ID + LOCAL_QA_POLYGON,-102.78429705112131,44.5618215,,https://www.census.gov/geographies/reference-files/time-series/geo/gazetteer-files.2024.html
ITC-2490,USA,South Dakota,SD,Mellette,Mellette,YES,US-CENSUS-FIPS,46095,US-FIPS:46095,STABLE_ID + LOCAL_QA_POLYGON,-100.72947390450614,43.623593,,https://www.census.gov/geographies/reference-files/time-series/geo/gazetteer-files.2024.html
ITC-2491,USA,South Dakota,SD,Miner,Miner,YES,US-CENSUS-FIPS,46097,US-FIPS:46097,STABLE_ID + LOCAL_QA_POLYGON,-97.61045181182804,44.0160085,,https://www.census.gov/geographies/reference-files/time-series/geo/gazetteer-files.2024.html
ITC-2492,USA,South Dakota,SD,Minnehaha,Minnehaha,YES,US-CENSUS-FIPS,46099,US-FIPS:46099,STABLE_ID + LOCAL_QA_POLYGON,-96.7914261622095,43.674464,,https://www.census.gov/geographies/reference-files/time-series/geo/gazetteer-files.2024.html
ITC-2493,USA,South Dakota,SD,Moody,Moody,YES,US-CENSUS-FIPS,46101,US-FIPS:46101,STABLE_ID + LOCAL_QA_POLYGON,-96.67102084604072,44.0221545,,https://www.census.gov/geographies/reference-files/time-series/geo/gazetteer-files.2024.html
ITC-2494,USA,South Dakota,SD,Pennington,Pennington,YES,US-CENSUS-FIPS,46103,US-FIPS:46103,STABLE_ID + LOCAL_QA_POLYGON,-103.03105766940581,44.102230999999996,,https://www.census.gov/geographies/reference-files/time-series/geo/gazetteer-files.2024.html
ITC-2495,USA,South Dakota,SD,Perkins,Perkins,YES,US-CENSUS-FIPS,46105,US-FIPS:46105,STABLE_ID + LOCAL_QA_POLYGON,-102.47525424227258,45.487545,,https://www.census.gov/geographies/reference-files/time-series/geo/gazetteer-files.2024.html
ITC-2496,USA,South Dakota,SD,Potter,Potter,YES,US-CENSUS-FIPS,46107,US-FIPS:46107,STABLE_ID + LOCAL_QA_POLYGON,-99.9480835953831,45.07205999999999,,https://www.census.gov/geographies/reference-files/time-series/geo/gazetteer-files.2024.html
ITC-2497,USA,South Dakota,SD,Roberts,Roberts,YES,US-CENSUS-FIPS,46109,US-FIPS:46109,STABLE_ID + LOCAL_QA_POLYGON,-97.03957384563438,45.617126,,https://www.census.gov/geographies/reference-files/time-series/geo/gazetteer-files.2024.html
ITC-2498,USA,South Dakota,SD,Sanborn,Sanborn,YES,US-CENSUS-FIPS,46111,US-FIPS:46111,STABLE_ID + LOCAL_QA_POLYGON,-98.09128581829037,44.017084999999994,,https://www.census.gov/geographies/reference-files/time-series/geo/gazetteer-files.2024.html
ITC-2499,USA,South Dakota,SD,Shannon,Shannon,YES,US-CENSUS-FIPS,46113,US-FIPS:46113,STABLE_ID + LOCAL_QA_POLYGON,-102.55558856876745,43.34841,,https://www.census.gov/geographies/reference-files/time-series/geo/gazetteer-files.2024.html
ITC-2500,USA,South Dakota,SD,Spink,Spink,YES,US-CENSUS-FIPS,46115,US-FIPS:46115,STABLE_ID + LOCAL_QA_POLYGON,-98.34966636300041,44.9453455,,https://www.census.gov/geographies/reference-files/time-series/geo/gazetteer-files.2024.html
ITC-2501,USA,South Dakota,SD,Stanley,Stanley,YES,US-CENSUS-FIPS,46117,US-FIPS:46117,STABLE_ID + LOCAL_QA_POLYGON,-100.86787161218328,44.475669999999994,,https://www.census.gov/geographies/reference-files/time-series/geo/gazetteer-files.2024.html
ITC-2502,USA,South Dakota,SD,Sully,Sully,YES,US-CENSUS-FIPS,46119,US-FIPS:46119,STABLE_ID + LOCAL_QA_POLYGON,-100.14927991194544,44.7242475,,https://www.census.gov/geographies/reference-files/time-series/geo/gazetteer-files.2024.html
ITC-2503,USA,South Dakota,SD,Todd,Todd,YES,US-CENSUS-FIPS,46121,US-FIPS:46121,STABLE_ID + LOCAL_QA_POLYGON,-100.7209047082526,43.198792999999995,,https://www.census.gov/geographies/reference-files/time-series/geo/gazetteer-files.2024.html
ITC-2504,USA,South Dakota,SD,Tripp,Tripp,YES,US-CENSUS-FIPS,46123,US-FIPS:46123,STABLE_ID + LOCAL_QA_POLYGON,-99.87405389730188,43.3646935,,https://www.census.gov/geographies/reference-files/time-series/geo/gazetteer-files.2024.html
ITC-2505,USA,South Dakota,SD,Turner,Turner,YES,US-CENSUS-FIPS,46125,US-FIPS:46125,STABLE_ID + LOCAL_QA_POLYGON,-97.16229676938525,43.293162499999994,,https://www.census.gov/geographies/reference-files/time-series/geo/gazetteer-files.2024.html
ITC-2506,USA,South Dakota,SD,Union,Union,YES,US-CENSUS-FIPS,46127,US-FIPS:46127,STABLE_ID + LOCAL_QA_POLYGON,-96.71368297465399,42.7812195,,https://www.census.gov/geographies/reference-files/time-series/geo/gazetteer-files.2024.html
ITC-2507,USA,South Dakota,SD,Walworth,Walworth,YES,US-CENSUS-FIPS,46129,US-FIPS:46129,STABLE_ID + LOCAL_QA_POLYGON,-100.00608858373533,45.4202905,,https://www.census.gov/geographies/reference-files/time-series/geo/gazetteer-files.2024.html
ITC-2508,USA,South Dakota,SD,Yankton,Yankton,YES,US-CENSUS-FIPS,46135,US-FIPS:46135,STABLE_ID + LOCAL_QA_POLYGON,-97.39784913163368,42.981274,,https://www.census.gov/geographies/reference-files/time-series/geo/gazetteer-files.2024.html
ITC-2509,USA,South Dakota,SD,Ziebach,Ziebach,YES,US-CENSUS-FIPS,46137,US-FIPS:46137,STABLE_ID + LOCAL_QA_POLYGON,-101.56817589015725,44.9719565,,https://www.census.gov/geographies/reference-files/time-series/geo/gazetteer-files.2024.html
ITC-2510,USA,Tennessee,TN,Anderson,Anderson,YES,US-CENSUS-FIPS,47001,US-FIPS:47001,STABLE_ID + LOCAL_QA_POLYGON,-84.22846535164302,36.106786,,https://www.census.gov/geographies/reference-files/time-series/geo/gazetteer-files.2024.html
ITC-2511,USA,Tennessee,TN,Bedford,Bedford,YES,US-CENSUS-FIPS,47003,US-FIPS:47003,STABLE_ID + LOCAL_QA_POLYGON,-86.45057769385092,35.51182899999999,,https://www.census.gov/geographies/reference-files/time-series/geo/gazetteer-files.2024.html
ITC-2512,USA,Tennessee,TN,Benton,Benton,YES,US-CENSUS-FIPS,47005,US-FIPS:47005,STABLE_ID + LOCAL_QA_POLYGON,-88.08294776712302,36.086783,,https://www.census.gov/geographies/reference-files/time-series/geo/gazetteer-files.2024.html
ITC-2513,USA,Tennessee,TN,Bledsoe,Bledsoe,YES,US-CENSUS-FIPS,47007,US-FIPS:47007,STABLE_ID + LOCAL_QA_POLYGON,-85.26729391898164,35.563478,,https://www.census.gov/geographies/reference-files/time-series/geo/gazetteer-files.2024.html
ITC-2514,USA,Tennessee,TN,Blount,Blount,YES,US-CENSUS-FIPS,47009,US-FIPS:47009,STABLE_ID + LOCAL_QA_POLYGON,-83.90965098680853,35.677473,,https://www.census.gov/geographies/reference-files/time-series/geo/gazetteer-files.2024.html
ITC-2515,USA,Tennessee,TN,Bradley,Bradley,YES,US-CENSUS-FIPS,47011,US-FIPS:47011,STABLE_ID + LOCAL_QA_POLYGON,-84.85271083120594,35.172135999999995,,https://www.census.gov/geographies/reference-files/time-series/geo/gazetteer-files.2024.html
ITC-2516,USA,Tennessee,TN,Campbell,Campbell,YES,US-CENSUS-FIPS,47013,US-FIPS:47013,STABLE_ID + LOCAL_QA_POLYGON,-84.13307594034495,36.384776,,https://www.census.gov/geographies/reference-files/time-series/geo/gazetteer-files.2024.html
ITC-2517,USA,Tennessee,TN,Cannon,Cannon,YES,US-CENSUS-FIPS,47015,US-FIPS:47015,STABLE_ID + LOCAL_QA_POLYGON,-86.0523004457873,35.807837,,https://www.census.gov/geographies/reference-files/time-series/geo/gazetteer-files.2024.html
ITC-2518,USA,Tennessee,TN,Carroll,Carroll,YES,US-CENSUS-FIPS,47017,US-FIPS:47017,STABLE_ID + LOCAL_QA_POLYGON,-88.45561560468511,35.971316,,https://www.census.gov/geographies/reference-files/time-series/geo/gazetteer-files.2024.html
ITC-2519,USA,Tennessee,TN,Carter,Carter,YES,US-CENSUS-FIPS,47019,US-FIPS:47019,STABLE_ID + LOCAL_QA_POLYGON,-82.15581325722543,36.307300999999995,,https://www.census.gov/geographies/reference-files/time-series/geo/gazetteer-files.2024.html
ITC-2520,USA,Tennessee,TN,Cheatham,Cheatham,YES,US-CENSUS-FIPS,47021,US-FIPS:47021,STABLE_ID + LOCAL_QA_POLYGON,-87.08426559419493,36.248329,,https://www.census.gov/geographies/reference-files/time-series/geo/gazetteer-files.2024.html
ITC-2521,USA,Tennessee,TN,Chester,Chester,YES,US-CENSUS-FIPS,47023,US-FIPS:47023,STABLE_ID + LOCAL_QA_POLYGON,-88.60133512523582,35.423211499999994,,https://www.census.gov/geographies/reference-files/time-series/geo/gazetteer-files.2024.html
ITC-2522,USA,Tennessee,TN,Claiborne,Claiborne,YES,US-CENSUS-FIPS,47025,US-FIPS:47025,STABLE_ID + LOCAL_QA_POLYGON,-83.65582404473021,36.4668425,,https://www.census.gov/geographies/reference-files/time-series/geo/gazetteer-files.2024.html
ITC-2523,USA,Tennessee,TN,Clay,Clay,YES,US-CENSUS-FIPS,47027,US-FIPS:47027,STABLE_ID + LOCAL_QA_POLYGON,-85.53473659687748,36.514219999999995,,https://www.census.gov/geographies/reference-files/time-series/geo/gazetteer-files.2024.html
ITC-2524,USA,Tennessee,TN,Cocke,Cocke,YES,US-CENSUS-FIPS,47029,US-FIPS:47029,STABLE_ID + LOCAL_QA_POLYGON,-83.09570398296457,35.951043396649794,,https://www.census.gov/geographies/reference-files/time-series/geo/gazetteer-files.2024.html
ITC-2525,USA,Tennessee,TN,Coffee,Coffee,YES,US-CENSUS-FIPS,47031,US-FIPS:47031,STABLE_ID + LOCAL_QA_POLYGON,-86.06078259780622,35.495945,,https://www.census.gov/geographies/reference-files/time-series/geo/gazetteer-files.2024.html
ITC-2526,USA,Tennessee,TN,Crockett,Crockett,YES,US-CENSUS-FIPS,47033,US-FIPS:47033,STABLE_ID + LOCAL_QA_POLYGON,-89.18190664586007,35.836344999999994,,https://www.census.gov/geographies/reference-files/time-series/geo/gazetteer-files.2024.html
ITC-2527,USA,Tennessee,TN,Cumberland,Cumberland,YES,US-CENSUS-FIPS,47035,US-FIPS:47035,STABLE_ID + LOCAL_QA_POLYGON,-84.9817589538128,35.956085,,https://www.census.gov/geographies/reference-files/time-series/geo/gazetteer-files.2024.html
ITC-2528,USA,Tennessee,TN,Davidson,Davidson,YES,US-CENSUS-FIPS,47037,US-FIPS:47037,STABLE_ID + LOCAL_QA_POLYGON,-86.78071644755966,36.186942,,https://www.census.gov/geographies/reference-files/time-series/geo/gazetteer-files.2024.html
ITC-2529,USA,Tennessee,TN,Decatur,Decatur,YES,US-CENSUS-FIPS,47039,US-FIPS:47039,STABLE_ID + LOCAL_QA_POLYGON,-88.1123813180348,35.615232999999996,,https://www.census.gov/geographies/reference-files/time-series/geo/gazetteer-files.2024.html
ITC-2530,USA,Tennessee,TN,DeKalb,DeKalb,YES,US-CENSUS-FIPS,47041,US-FIPS:47041,STABLE_ID + LOCAL_QA_POLYGON,-85.83747707192704,35.982868999999994,,https://www.census.gov/geographies/reference-files/time-series/geo/gazetteer-files.2024.html
ITC-2531,USA,Tennessee,TN,Dickson,Dickson,YES,US-CENSUS-FIPS,47043,US-FIPS:47043,STABLE_ID + LOCAL_QA_POLYGON,-87.36105815674712,36.146125,,https://www.census.gov/geographies/reference-files/time-series/geo/gazetteer-files.2024.html
ITC-2532,USA,Tennessee,TN,Dyer,Dyer,YES,US-CENSUS-FIPS,47045,US-FIPS:47045,STABLE_ID + LOCAL_QA_POLYGON,-89.42422740875364,36.0428835,,https://www.census.gov/geographies/reference-files/time-series/geo/gazetteer-files.2024.html
ITC-2533,USA,Tennessee,TN,Fayette,Fayette,YES,US-CENSUS-FIPS,47047,US-FIPS:47047,STABLE_ID + LOCAL_QA_POLYGON,-89.41409699991173,35.203917000000004,,https://www.census.gov/geographies/reference-files/time-series/geo/gazetteer-files.2024.html
ITC-2534,USA,Tennessee,TN,Fentress,Fentress,YES,US-CENSUS-FIPS,47049,US-FIPS:47049,STABLE_ID + LOCAL_QA_POLYGON,-84.92666912109893,36.3577065,,https://www.census.gov/geographies/reference-files/time-series/geo/gazetteer-files.2024.html
ITC-2535,USA,Tennessee,TN,Franklin,Franklin,YES,US-CENSUS-FIPS,47051,US-FIPS:47051,STABLE_ID + LOCAL_QA_POLYGON,-86.08227771011437,35.1753825,,https://www.census.gov/geographies/reference-files/time-series/geo/gazetteer-files.2024.html
ITC-2536,USA,Tennessee,TN,Gibson,Gibson,YES,US-CENSUS-FIPS,47053,US-FIPS:47053,STABLE_ID + LOCAL_QA_POLYGON,-88.94449893557905,36.005727,,https://www.census.gov/geographies/reference-files/time-series/geo/gazetteer-files.2024.html
ITC-2537,USA,Tennessee,TN,Giles,Giles,YES,US-CENSUS-FIPS,47055,US-FIPS:47055,STABLE_ID + LOCAL_QA_POLYGON,-87.02149095304529,35.224408,,https://www.census.gov/geographies/reference-files/time-series/geo/gazetteer-files.2024.html
ITC-2538,USA,Tennessee,TN,Grainger,Grainger,YES,US-CENSUS-FIPS,47057,US-FIPS:47057,STABLE_ID + LOCAL_QA_POLYGON,-83.54870898859154,36.25138199999999,,https://www.census.gov/geographies/reference-files/time-series/geo/gazetteer-files.2024.html
ITC-2539,USA,Tennessee,TN,Greene,Greene,YES,US-CENSUS-FIPS,47059,US-FIPS:47059,STABLE_ID + LOCAL_QA_POLYGON,-82.90736080459425,36.170694999999995,,https://www.census.gov/geographies/reference-files/time-series/geo/gazetteer-files.2024.html
ITC-2540,USA,Tennessee,TN,Grundy,Grundy,YES,US-CENSUS-FIPS,47061,US-FIPS:47061,STABLE_ID + LOCAL_QA_POLYGON,-85.6860576162934,35.373492999999996,,https://www.census.gov/geographies/reference-files/time-series/geo/gazetteer-files.2024.html
ITC-2541,USA,Tennessee,TN,Hamblen,Hamblen,YES,US-CENSUS-FIPS,47063,US-FIPS:47063,STABLE_ID + LOCAL_QA_POLYGON,-83.27074991364032,36.213589,,https://www.census.gov/geographies/reference-files/time-series/geo/gazetteer-files.2024.html
ITC-2542,USA,Tennessee,TN,Hamilton,Hamilton,YES,US-CENSUS-FIPS,47065,US-FIPS:47065,STABLE_ID + LOCAL_QA_POLYGON,-85.15352502777777,35.221171999999996,,https://www.census.gov/geographies/reference-files/time-series/geo/gazetteer-files.2024.html
ITC-2543,USA,Tennessee,TN,Hancock,Hancock,YES,US-CENSUS-FIPS,47067,US-FIPS:47067,STABLE_ID + LOCAL_QA_POLYGON,-83.26233688951847,36.4932285,,https://www.census.gov/geographies/reference-files/time-series/geo/gazetteer-files.2024.html
ITC-2544,USA,Tennessee,TN,Hardeman,Hardeman,YES,US-CENSUS-FIPS,47069,US-FIPS:47069,STABLE_ID + LOCAL_QA_POLYGON,-88.98662448185917,35.217676,,https://www.census.gov/geographies/reference-files/time-series/geo/gazetteer-files.2024.html
ITC-2545,USA,Tennessee,TN,Hardin,Hardin,YES,US-CENSUS-FIPS,47071,US-FIPS:47071,STABLE_ID + LOCAL_QA_POLYGON,-88.17736231613696,35.1980785,,https://www.census.gov/geographies/reference-files/time-series/geo/gazetteer-files.2024.html
ITC-2546,USA,Tennessee,TN,Hawkins,Hawkins,YES,US-CENSUS-FIPS,47073,US-FIPS:47073,STABLE_ID + LOCAL_QA_POLYGON,-82.94641927484786,36.41895,,https://www.census.gov/geographies/reference-files/time-series/geo/gazetteer-files.2024.html
ITC-2547,USA,Tennessee,TN,Haywood,Haywood,YES,US-CENSUS-FIPS,47075,US-FIPS:47075,STABLE_ID + LOCAL_QA_POLYGON,-89.2709357868654,35.604995,,https://www.census.gov/geographies/reference-files/time-series/geo/gazetteer-files.2024.html
ITC-2548,USA,Tennessee,TN,Henderson,Henderson,YES,US-CENSUS-FIPS,47077,US-FIPS:47077,STABLE_ID + LOCAL_QA_POLYGON,-88.4004888798112,35.6209035,,https://www.census.gov/geographies/reference-files/time-series/geo/gazetteer-files.2024.html
ITC-2549,USA,Tennessee,TN,Henry,Henry,YES,US-CENSUS-FIPS,47079,US-FIPS:47079,STABLE_ID + LOCAL_QA_POLYGON,-88.31287362445407,36.310857999999996,,https://www.census.gov/geographies/reference-files/time-series/geo/gazetteer-files.2024.html
ITC-2550,USA,Tennessee,TN,Hickman,Hickman,YES,US-CENSUS-FIPS,47081,US-FIPS:47081,STABLE_ID + LOCAL_QA_POLYGON,-87.47393212311005,35.788574499999996,,https://www.census.gov/geographies/reference-files/time-series/geo/gazetteer-files.2024.html
ITC-2551,USA,Tennessee,TN,Houston,Houston,YES,US-CENSUS-FIPS,47083,US-FIPS:47083,STABLE_ID + LOCAL_QA_POLYGON,-87.73246870132263,36.273386,,https://www.census.gov/geographies/reference-files/time-series/geo/gazetteer-files.2024.html
ITC-2552,USA,Tennessee,TN,Humphreys,Humphreys,YES,US-CENSUS-FIPS,47085,US-FIPS:47085,STABLE_ID + LOCAL_QA_POLYGON,-87.77374688928765,36.02531,,https://www.census.gov/geographies/reference-files/time-series/geo/gazetteer-files.2024.html
ITC-2553,USA,Tennessee,TN,Jackson,Jackson,YES,US-CENSUS-FIPS,47087,US-FIPS:47087,STABLE_ID + LOCAL_QA_POLYGON,-85.66570914214587,36.36223,,https://www.census.gov/geographies/reference-files/time-series/geo/gazetteer-files.2024.html
ITC-2554,USA,Tennessee,TN,Jefferson,Jefferson,YES,US-CENSUS-FIPS,47089,US-FIPS:47089,STABLE_ID + LOCAL_QA_POLYGON,-83.46571251291073,36.0436535,,https://www.census.gov/geographies/reference-files/time-series/geo/gazetteer-files.2024.html
ITC-2555,USA,Tennessee,TN,Johnson,Johnson,YES,US-CENSUS-FIPS,47091,US-FIPS:47091,STABLE_ID + LOCAL_QA_POLYGON,-81.85198623658107,36.43806725166855,,https://www.census.gov/geographies/reference-files/time-series/geo/gazetteer-files.2024.html
ITC-2556,USA,Tennessee,TN,Knox,Knox,YES,US-CENSUS-FIPS,47093,US-FIPS:47093,STABLE_ID + LOCAL_QA_POLYGON,-83.89788306174529,35.9902075,,https://www.census.gov/geographies/reference-files/time-series/geo/gazetteer-files.2024.html
ITC-2557,USA,Tennessee,TN,Lake,Lake,YES,US-CENSUS-FIPS,47095,US-FIPS:47095,STABLE_ID + LOCAL_QA_POLYGON,-89.46362767268087,36.343886999999995,,https://www.census.gov/geographies/reference-files/time-series/geo/gazetteer-files.2024.html
ITC-2558,USA,Tennessee,TN,Lauderdale,Lauderdale,YES,US-CENSUS-FIPS,47097,US-FIPS:47097,STABLE_ID + LOCAL_QA_POLYGON,-89.64888359001907,35.7431765,,https://www.census.gov/geographies/reference-files/time-series/geo/gazetteer-files.2024.html
ITC-2559,USA,Tennessee,TN,Lawrence,Lawrence,YES,US-CENSUS-FIPS,47099,US-FIPS:47099,STABLE_ID + LOCAL_QA_POLYGON,-87.39839806152237,35.23610599999999,,https://www.census.gov/geographies/reference-files/time-series/geo/gazetteer-files.2024.html
ITC-2560,USA,Tennessee,TN,Lewis,Lewis,YES,US-CENSUS-FIPS,47101,US-FIPS:47101,STABLE_ID + LOCAL_QA_POLYGON,-87.48660798271433,35.528448,,https://www.census.gov/geographies/reference-files/time-series/geo/gazetteer-files.2024.html
ITC-2561,USA,Tennessee,TN,Lincoln,Lincoln,YES,US-CENSUS-FIPS,47103,US-FIPS:47103,STABLE_ID + LOCAL_QA_POLYGON,-86.60151539487914,35.180932,,https://www.census.gov/geographies/reference-files/time-series/geo/gazetteer-files.2024.html
ITC-2562,USA,Tennessee,TN,Loudon,Loudon,YES,US-CENSUS-FIPS,47105,US-FIPS:47105,STABLE_ID + LOCAL_QA_POLYGON,-84.28890911646758,35.756117,,https://www.census.gov/geographies/reference-files/time-series/geo/gazetteer-files.2024.html
ITC-2563,USA,Tennessee,TN,Macon,Macon,YES,US-CENSUS-FIPS,47111,US-FIPS:47111,STABLE_ID + LOCAL_QA_POLYGON,-86.01424872749354,36.526964,,https://www.census.gov/geographies/reference-files/time-series/geo/gazetteer-files.2024.html
ITC-2564,USA,Tennessee,TN,Madison,Madison,YES,US-CENSUS-FIPS,47113,US-FIPS:47113,STABLE_ID + LOCAL_QA_POLYGON,-88.84246857591009,35.603044,,https://www.census.gov/geographies/reference-files/time-series/geo/gazetteer-files.2024.html
ITC-2565,USA,Tennessee,TN,Marion,Marion,YES,US-CENSUS-FIPS,47115,US-FIPS:47115,STABLE_ID + LOCAL_QA_POLYGON,-85.62515504303809,35.1492075,,https://www.census.gov/geographies/reference-files/time-series/geo/gazetteer-files.2024.html
ITC-2566,USA,Tennessee,TN,Marshall,Marshall,YES,US-CENSUS-FIPS,47117,US-FIPS:47117,STABLE_ID + LOCAL_QA_POLYGON,-86.77659866420979,35.4864615,,https://www.census.gov/geographies/reference-files/time-series/geo/gazetteer-files.2024.html
ITC-2567,USA,Tennessee,TN,Maury,Maury,YES,US-CENSUS-FIPS,47119,US-FIPS:47119,STABLE_ID + LOCAL_QA_POLYGON,-87.08012325539906,35.629633999999996,,https://www.census.gov/geographies/reference-files/time-series/geo/gazetteer-files.2024.html
ITC-2568,USA,Tennessee,TN,McMinn,McMinn,YES,US-CENSUS-FIPS,47107,US-FIPS:47107,STABLE_ID + LOCAL_QA_POLYGON,-84.61871124004928,35.443270999999996,,https://www.census.gov/geographies/reference-files/time-series/geo/gazetteer-files.2024.html
ITC-2569,USA,Tennessee,TN,McNairy,McNairy,YES,US-CENSUS-FIPS,47109,US-FIPS:47109,STABLE_ID + LOCAL_QA_POLYGON,-88.57756786719193,35.198941500000004,,https://www.census.gov/geographies/reference-files/time-series/geo/gazetteer-files.2024.html
ITC-2570,USA,Tennessee,TN,Meigs,Meigs,YES,US-CENSUS-FIPS,47121,US-FIPS:47121,STABLE_ID + LOCAL_QA_POLYGON,-84.80115145725435,35.5203905,,https://www.census.gov/geographies/reference-files/time-series/geo/gazetteer-files.2024.html
ITC-2571,USA,Tennessee,TN,Monroe,Monroe,YES,US-CENSUS-FIPS,47123,US-FIPS:47123,STABLE_ID + LOCAL_QA_POLYGON,-84.21445786647158,35.4389915,,https://www.census.gov/geographies/reference-files/time-series/geo/gazetteer-files.2024.html
ITC-2572,USA,Tennessee,TN,Montgomery,Montgomery,YES,US-CENSUS-FIPS,47125,US-FIPS:47125,STABLE_ID + LOCAL_QA_POLYGON,-87.36995135025325,36.489694,,https://www.census.gov/geographies/reference-files/time-series/geo/gazetteer-files.2024.html
ITC-2573,USA,Tennessee,TN,Moore,Moore,YES,US-CENSUS-FIPS,47127,US-FIPS:47127,STABLE_ID + LOCAL_QA_POLYGON,-86.3608051464416,35.267625499999994,,https://www.census.gov/geographies/reference-files/time-series/geo/gazetteer-files.2024.html
ITC-2574,USA,Tennessee,TN,Morgan,Morgan,YES,US-CENSUS-FIPS,47129,US-FIPS:47129,STABLE_ID + LOCAL_QA_POLYGON,-84.66563777419822,36.143311499999996,,https://www.census.gov/geographies/reference-files/time-series/geo/gazetteer-files.2024.html
ITC-2575,USA,Tennessee,TN,Obion,Obion,YES,US-CENSUS-FIPS,47131,US-FIPS:47131,STABLE_ID + LOCAL_QA_POLYGON,-89.17513373889625,36.358801,,https://www.census.gov/geographies/reference-files/time-series/geo/gazetteer-files.2024.html
ITC-2576,USA,Tennessee,TN,Overton,Overton,YES,US-CENSUS-FIPS,47133,US-FIPS:47133,STABLE_ID + LOCAL_QA_POLYGON,-85.30892094643953,36.342228500000004,,https://www.census.gov/geographies/reference-files/time-series/geo/gazetteer-files.2024.html
ITC-2577,USA,Tennessee,TN,Perry,Perry,YES,US-CENSUS-FIPS,47135,US-FIPS:47135,STABLE_ID + LOCAL_QA_POLYGON,-87.85853385737137,35.631597,,https://www.census.gov/geographies/reference-files/time-series/geo/gazetteer-files.2024.html
ITC-2578,USA,Tennessee,TN,Pickett,Pickett,YES,US-CENSUS-FIPS,47137,US-FIPS:47137,STABLE_ID + LOCAL_QA_POLYGON,-85.1523739152025,36.5167095,,https://www.census.gov/geographies/reference-files/time-series/geo/gazetteer-files.2024.html
ITC-2579,USA,Tennessee,TN,Polk,Polk,YES,US-CENSUS-FIPS,47139,US-FIPS:47139,STABLE_ID + LOCAL_QA_POLYGON,-84.51107202856923,35.135755,,https://www.census.gov/geographies/reference-files/time-series/geo/gazetteer-files.2024.html
ITC-2580,USA,Tennessee,TN,Putnam,Putnam,YES,US-CENSUS-FIPS,47141,US-FIPS:47141,STABLE_ID + LOCAL_QA_POLYGON,-85.45608325414096,36.141238,,https://www.census.gov/geographies/reference-files/time-series/geo/gazetteer-files.2024.html
ITC-2581,USA,Tennessee,TN,Rhea,Rhea,YES,US-CENSUS-FIPS,47143,US-FIPS:47143,STABLE_ID + LOCAL_QA_POLYGON,-84.91525268398044,35.6159475,,https://www.census.gov/geographies/reference-files/time-series/geo/gazetteer-files.2024.html
ITC-2582,USA,Tennessee,TN,Roane,Roane,YES,US-CENSUS-FIPS,47145,US-FIPS:47145,STABLE_ID + LOCAL_QA_POLYGON,-84.5457118063826,35.845333,,https://www.census.gov/geographies/reference-files/time-series/geo/gazetteer-files.2024.html
ITC-2583,USA,Tennessee,TN,Robertson,Robertson,YES,US-CENSUS-FIPS,47147,US-FIPS:47147,STABLE_ID + LOCAL_QA_POLYGON,-86.88181902129304,36.501278,,https://www.census.gov/geographies/reference-files/time-series/geo/gazetteer-files.2024.html
ITC-2584,USA,Tennessee,TN,Rutherford,Rutherford,YES,US-CENSUS-FIPS,47149,US-FIPS:47149,STABLE_ID + LOCAL_QA_POLYGON,-86.39197324376619,35.8594405,,https://www.census.gov/geographies/reference-files/time-series/geo/gazetteer-files.2024.html
ITC-2585,USA,Tennessee,TN,Scott,Scott,YES,US-CENSUS-FIPS,47151,US-FIPS:47151,STABLE_ID + LOCAL_QA_POLYGON,-84.51117214631579,36.383579,,https://www.census.gov/geographies/reference-files/time-series/geo/gazetteer-files.2024.html
ITC-2586,USA,Tennessee,TN,Sequatchie,Sequatchie,YES,US-CENSUS-FIPS,47153,US-FIPS:47153,STABLE_ID + LOCAL_QA_POLYGON,-85.36881213968076,35.356264499999995,,https://www.census.gov/geographies/reference-files/time-series/geo/gazetteer-files.2024.html
ITC-2587,USA,Tennessee,TN,Sevier,Sevier,YES,US-CENSUS-FIPS,47155,US-FIPS:47155,STABLE_ID + LOCAL_QA_POLYGON,-83.5128782196646,35.8029305,,https://www.census.gov/geographies/reference-files/time-series/geo/gazetteer-files.2024.html
ITC-2588,USA,Tennessee,TN,Shelby,Shelby,YES,US-CENSUS-FIPS,47157,US-FIPS:47157,STABLE_ID + LOCAL_QA_POLYGON,-89.86568740432796,35.2011935,,https://www.census.gov/geographies/reference-files/time-series/geo/gazetteer-files.2024.html
ITC-2589,USA,Tennessee,TN,Smith,Smith,YES,US-CENSUS-FIPS,47159,US-FIPS:47159,STABLE_ID + LOCAL_QA_POLYGON,-85.97369586212538,36.2543965,,https://www.census.gov/geographies/reference-files/time-series/geo/gazetteer-files.2024.html
ITC-2590,USA,Tennessee,TN,Stewart,Stewart,YES,US-CENSUS-FIPS,47161,US-FIPS:47161,STABLE_ID + LOCAL_QA_POLYGON,-87.83302760020828,36.502067,,https://www.census.gov/geographies/reference-files/time-series/geo/gazetteer-files.2024.html
ITC-2591,USA,Tennessee,TN,Sullivan,Sullivan,YES,US-CENSUS-FIPS,47163,US-FIPS:47163,STABLE_ID + LOCAL_QA_POLYGON,-82.3111725539752,36.504864,,https://www.census.gov/geographies/reference-files/time-series/geo/gazetteer-files.2024.html
ITC-2592,USA,Tennessee,TN,Sumner,Sumner,YES,US-CENSUS-FIPS,47165,US-FIPS:47165,STABLE_ID + LOCAL_QA_POLYGON,-86.47253026207444,36.448719,,https://www.census.gov/geographies/reference-files/time-series/geo/gazetteer-files.2024.html
ITC-2593,USA,Tennessee,TN,Tipton,Tipton,YES,US-CENSUS-FIPS,47167,US-FIPS:47167,STABLE_ID + LOCAL_QA_POLYGON,-89.76015469950654,35.5091135,,https://www.census.gov/geographies/reference-files/time-series/geo/gazetteer-files.2024.html
ITC-2594,USA,Tennessee,TN,Trousdale,Trousdale,YES,US-CENSUS-FIPS,47169,US-FIPS:47169,STABLE_ID + LOCAL_QA_POLYGON,-86.14191557435007,36.3900735,,https://www.census.gov/geographies/reference-files/time-series/geo/gazetteer-files.2024.html
ITC-2595,USA,Tennessee,TN,Unicoi,Unicoi,YES,US-CENSUS-FIPS,47171,US-FIPS:47171,STABLE_ID + LOCAL_QA_POLYGON,-82.47506644045882,36.107018999999994,,https://www.census.gov/geographies/reference-files/time-series/geo/gazetteer-files.2024.html
ITC-2596,USA,Tennessee,TN,Union,Union,YES,US-CENSUS-FIPS,47173,US-FIPS:47173,STABLE_ID + LOCAL_QA_POLYGON,-83.83131077391835,36.299578,,https://www.census.gov/geographies/reference-files/time-series/geo/gazetteer-files.2024.html
ITC-2597,USA,Tennessee,TN,Van Buren,Van Buren,YES,US-CENSUS-FIPS,47175,US-FIPS:47175,STABLE_ID + LOCAL_QA_POLYGON,-85.45946563447939,35.665026499999996,,https://www.census.gov/geographies/reference-files/time-series/geo/gazetteer-files.2024.html
ITC-2598,USA,Tennessee,TN,Warren,Warren,YES,US-CENSUS-FIPS,47177,US-FIPS:47177,STABLE_ID + LOCAL_QA_POLYGON,-85.79404837888252,35.672574,,https://www.census.gov/geographies/reference-files/time-series/geo/gazetteer-files.2024.html
ITC-2599,USA,Tennessee,TN,Washington,Washington,YES,US-CENSUS-FIPS,47179,US-FIPS:47179,STABLE_ID + LOCAL_QA_POLYGON,-82.48712197097981,36.275234999999995,,https://www.census.gov/geographies/reference-files/time-series/geo/gazetteer-files.2024.html
ITC-2600,USA,Tennessee,TN,Wayne,Wayne,YES,US-CENSUS-FIPS,47181,US-FIPS:47181,STABLE_ID + LOCAL_QA_POLYGON,-87.78041761250017,35.25569899999999,,https://www.census.gov/geographies/reference-files/time-series/geo/gazetteer-files.2024.html
ITC-2601,USA,Tennessee,TN,Weakley,Weakley,YES,US-CENSUS-FIPS,47183,US-FIPS:47183,STABLE_ID + LOCAL_QA_POLYGON,-88.74026680896623,36.282303999999996,,https://www.census.gov/geographies/reference-files/time-series/geo/gazetteer-files.2024.html
ITC-2602,USA,Tennessee,TN,White,White,YES,US-CENSUS-FIPS,47185,US-FIPS:47185,STABLE_ID + LOCAL_QA_POLYGON,-85.45652877851006,35.940903999999996,,https://www.census.gov/geographies/reference-files/time-series/geo/gazetteer-files.2024.html
ITC-2603,USA,Tennessee,TN,Williamson,Williamson,YES,US-CENSUS-FIPS,47187,US-FIPS:47187,STABLE_ID + LOCAL_QA_POLYGON,-86.91536284386515,35.876954,,https://www.census.gov/geographies/reference-files/time-series/geo/gazetteer-files.2024.html
ITC-2604,USA,Tennessee,TN,Wilson,Wilson,YES,US-CENSUS-FIPS,47189,US-FIPS:47189,STABLE_ID + LOCAL_QA_POLYGON,-86.32228075976386,36.154515,,https://www.census.gov/geographies/reference-files/time-series/geo/gazetteer-files.2024.html
ITC-2605,USA,Texas,TX,Anderson,Anderson,YES,US-CENSUS-FIPS,48001,US-FIPS:48001,STABLE_ID + LOCAL_QA_POLYGON,-95.68944146678868,31.7941245,,https://www.census.gov/geographies/reference-files/time-series/geo/gazetteer-files.2024.html
ITC-2606,USA,Texas,TX,Andrews,Andrews,YES,US-CENSUS-FIPS,48003,US-FIPS:48003,STABLE_ID + LOCAL_QA_POLYGON,-102.63778862813146,32.2720055,,https://www.census.gov/geographies/reference-files/time-series/geo/gazetteer-files.2024.html
ITC-2607,USA,Texas,TX,Angelina,Angelina,YES,US-CENSUS-FIPS,48005,US-FIPS:48005,STABLE_ID + LOCAL_QA_POLYGON,-94.63549926712571,31.276592,,https://www.census.gov/geographies/reference-files/time-series/geo/gazetteer-files.2024.html
ITC-2608,USA,Texas,TX,Aransas,Aransas,YES,US-CENSUS-FIPS,48007,US-FIPS:48007,STABLE_ID + LOCAL_QA_POLYGON,-97.13390349194495,28.0088437452641,,https://www.census.gov/geographies/reference-files/time-series/geo/gazetteer-files.2024.html
ITC-2609,USA,Texas,TX,Archer,Archer,YES,US-CENSUS-FIPS,48009,US-FIPS:48009,STABLE_ID + LOCAL_QA_POLYGON,-98.68827093171492,33.6186105,,https://www.census.gov/geographies/reference-files/time-series/geo/gazetteer-files.2024.html
ITC-2610,USA,Texas,TX,Armstrong,Armstrong,YES,US-CENSUS-FIPS,48011,US-FIPS:48011,STABLE_ID + LOCAL_QA_POLYGON,-101.35719159935579,34.964834499999995,,https://www.census.gov/geographies/reference-files/time-series/geo/gazetteer-files.2024.html
ITC-2611,USA,Texas,TX,Atascosa,Atascosa,YES,US-CENSUS-FIPS,48013,US-FIPS:48013,STABLE_ID + LOCAL_QA_POLYGON,-98.51514072922049,28.9205175,,https://www.census.gov/geographies/reference-files/time-series/geo/gazetteer-files.2024.html
ITC-2612,USA,Texas,TX,Austin,Austin,YES,US-CENSUS-FIPS,48015,US-FIPS:48015,STABLE_ID + LOCAL_QA_POLYGON,-96.27431829744346,29.849349999999998,,https://www.census.gov/geographies/reference-files/time-series/geo/gazetteer-files.2024.html
ITC-2613,USA,Texas,TX,Bailey,Bailey,YES,US-CENSUS-FIPS,48017,US-FIPS:48017,STABLE_ID + LOCAL_QA_POLYGON,-102.82946877887694,34.07117963024045,,https://www.census.gov/geographies/reference-files/time-series/geo/gazetteer-files.2024.html
ITC-2614,USA,Texas,TX,Bandera,Bandera,YES,US-CENSUS-FIPS,48019,US-FIPS:48019,STABLE_ID + LOCAL_QA_POLYGON,-99.20306346414107,29.730573999999997,,https://www.census.gov/geographies/reference-files/time-series/geo/gazetteer-files.2024.html
ITC-2615,USA,Texas,TX,Bastrop,Bastrop,YES,US-CENSUS-FIPS,48021,US-FIPS:48021,STABLE_ID + LOCAL_QA_POLYGON,-97.31728611534322,30.120466,,https://www.census.gov/geographies/reference-files/time-series/geo/gazetteer-files.2024.html
ITC-2616,USA,Texas,TX,Baylor,Baylor,YES,US-CENSUS-FIPS,48023,US-FIPS:48023,STABLE_ID + LOCAL_QA_POLYGON,-99.21367071595964,33.613088,,https://www.census.gov/geographies/reference-files/time-series/geo/gazetteer-files.2024.html
ITC-2617,USA,Texas,TX,Bee,Bee,YES,US-CENSUS-FIPS,48025,US-FIPS:48025,STABLE_ID + LOCAL_QA_POLYGON,-97.70948079826447,28.423609999999996,,https://www.census.gov/geographies/reference-files/time-series/geo/gazetteer-files.2024.html
ITC-2618,USA,Texas,TX,Bell,Bell,YES,US-CENSUS-FIPS,48027,US-FIPS:48027,STABLE_ID + LOCAL_QA_POLYGON,-97.51294742403367,31.0475705,,https://www.census.gov/geographies/reference-files/time-series/geo/gazetteer-files.2024.html
ITC-2619,USA,Texas,TX,Bexar,Bexar,YES,US-CENSUS-FIPS,48029,US-FIPS:48029,STABLE_ID + LOCAL_QA_POLYGON,-98.473563494329,29.43445,,https://www.census.gov/geographies/reference-files/time-series/geo/gazetteer-files.2024.html
ITC-2620,USA,Texas,TX,Blanco,Blanco,YES,US-CENSUS-FIPS,48031,US-FIPS:48031,STABLE_ID + LOCAL_QA_POLYGON,-98.40497110525914,30.231417,,https://www.census.gov/geographies/reference-files/time-series/geo/gazetteer-files.2024.html
ITC-2621,USA,Texas,TX,Borden,Borden,YES,US-CENSUS-FIPS,48033,US-FIPS:48033,STABLE_ID + LOCAL_QA_POLYGON,-101.43221453603834,32.746381,,https://www.census.gov/geographies/reference-files/time-series/geo/gazetteer-files.2024.html
ITC-2622,USA,Texas,TX,Bosque,Bosque,YES,US-CENSUS-FIPS,48035,US-FIPS:48035,STABLE_ID + LOCAL_QA_POLYGON,-97.64690451529796,31.896648,,https://www.census.gov/geographies/reference-files/time-series/geo/gazetteer-files.2024.html
ITC-2623,USA,Texas,TX,Bowie,Bowie,YES,US-CENSUS-FIPS,48037,US-FIPS:48037,STABLE_ID + LOCAL_QA_POLYGON,-94.39487978414591,33.47892437468645,,https://www.census.gov/geographies/reference-files/time-series/geo/gazetteer-files.2024.html
ITC-2624,USA,Texas,TX,Brazoria,Brazoria,YES,US-CENSUS-FIPS,48039,US-FIPS:48039,STABLE_ID + LOCAL_QA_POLYGON,-95.45657065653569,29.209615499999998,,https://www.census.gov/geographies/reference-files/time-series/geo/gazetteer-files.2024.html
ITC-2625,USA,Texas,TX,Brazos,Brazos,YES,US-CENSUS-FIPS,48041,US-FIPS:48041,STABLE_ID + LOCAL_QA_POLYGON,-96.38159443304181,30.6512825,,https://www.census.gov/geographies/reference-files/time-series/geo/gazetteer-files.2024.html
ITC-2626,USA,Texas,TX,Brewster,Brewster,YES,US-CENSUS-FIPS,48043,US-FIPS:48043,STABLE_ID + LOCAL_QA_POLYGON,-103.08502969568505,29.810278999999998,,https://www.census.gov/geographies/reference-files/time-series/geo/gazetteer-files.2024.html
ITC-2627,USA,Texas,TX,Briscoe,Briscoe,YES,US-CENSUS-FIPS,48045,US-FIPS:48045,STABLE_ID + LOCAL_QA_POLYGON,-101.20867236091134,34.513232,,https://www.census.gov/geographies/reference-files/time-series/geo/gazetteer-files.2024.html
ITC-2628,USA,Texas,TX,Brooks,Brooks,YES,US-CENSUS-FIPS,48047,US-FIPS:48047,STABLE_ID + LOCAL_QA_POLYGON,-98.20207793045958,27.0274835,,https://www.census.gov/geographies/reference-files/time-series/geo/gazetteer-files.2024.html
ITC-2629,USA,Texas,TX,Brown,Brown,YES,US-CENSUS-FIPS,48049,US-FIPS:48049,STABLE_ID + LOCAL_QA_POLYGON,-98.95763632799486,31.765149,,https://www.census.gov/geographies/reference-files/time-series/geo/gazetteer-files.2024.html
ITC-2630,USA,Texas,TX,Burleson,Burleson,YES,US-CENSUS-FIPS,48051,US-FIPS:48051,STABLE_ID + LOCAL_QA_POLYGON,-96.63671186378932,30.512994999999997,,https://www.census.gov/geographies/reference-files/time-series/geo/gazetteer-files.2024.html
ITC-2631,USA,Texas,TX,Burnet,Burnet,YES,US-CENSUS-FIPS,48053,US-FIPS:48053,STABLE_ID + LOCAL_QA_POLYGON,-98.1858453981358,30.733693,,https://www.census.gov/geographies/reference-files/time-series/geo/gazetteer-files.2024.html
ITC-2632,USA,Texas,TX,Caldwell,Caldwell,YES,US-CENSUS-FIPS,48055,US-FIPS:48055,STABLE_ID + LOCAL_QA_POLYGON,-97.62665308133178,29.852120999999997,,https://www.census.gov/geographies/reference-files/time-series/geo/gazetteer-files.2024.html
ITC-2633,USA,Texas,TX,Calhoun,Calhoun,YES,US-CENSUS-FIPS,48057,US-FIPS:48057,STABLE_ID + LOCAL_QA_POLYGON,-96.69686325589166,28.5200775,,https://www.census.gov/geographies/reference-files/time-series/geo/gazetteer-files.2024.html
ITC-2634,USA,Texas,TX,Callahan,Callahan,YES,US-CENSUS-FIPS,48059,US-FIPS:48059,STABLE_ID + LOCAL_QA_POLYGON,-99.37397821580035,32.2941295,,https://www.census.gov/geographies/reference-files/time-series/geo/gazetteer-files.2024.html
ITC-2635,USA,Texas,TX,Cameron,Cameron,YES,US-CENSUS-FIPS,48061,US-FIPS:48061,STABLE_ID + LOCAL_QA_POLYGON,-97.57280119576234,26.124339746855895,,https://www.census.gov/geographies/reference-files/time-series/geo/gazetteer-files.2024.html
ITC-2636,USA,Texas,TX,Camp,Camp,YES,US-CENSUS-FIPS,48063,US-FIPS:48063,STABLE_ID + LOCAL_QA_POLYGON,-94.99360532473189,32.989905,,https://www.census.gov/geographies/reference-files/time-series/geo/gazetteer-files.2024.html
ITC-2637,USA,Texas,TX,Carson,Carson,YES,US-CENSUS-FIPS,48065,US-FIPS:48065,STABLE_ID + LOCAL_QA_POLYGON,-101.35464871862659,35.422664,,https://www.census.gov/geographies/reference-files/time-series/geo/gazetteer-files.2024.html
ITC-2638,USA,Texas,TX,Cass,Cass,YES,US-CENSUS-FIPS,48067,US-FIPS:48067,STABLE_ID + LOCAL_QA_POLYGON,-94.34823393896426,33.0989175,,https://www.census.gov/geographies/reference-files/time-series/geo/gazetteer-files.2024.html
ITC-2639,USA,Texas,TX,Castro,Castro,YES,US-CENSUS-FIPS,48069,US-FIPS:48069,STABLE_ID + LOCAL_QA_POLYGON,-102.26181196063966,34.530485999999996,,https://www.census.gov/geographies/reference-files/time-series/geo/gazetteer-files.2024.html
ITC-2640,USA,Texas,TX,Chambers,Chambers,YES,US-CENSUS-FIPS,48071,US-FIPS:48071,STABLE_ID + LOCAL_QA_POLYGON,-94.5241839773611,29.7084035,,https://www.census.gov/geographies/reference-files/time-series/geo/gazetteer-files.2024.html
ITC-2641,USA,Texas,TX,Cherokee,Cherokee,YES,US-CENSUS-FIPS,48073,US-FIPS:48073,STABLE_ID + LOCAL_QA_POLYGON,-95.1835129639615,31.781892,,https://www.census.gov/geographies/reference-files/time-series/geo/gazetteer-files.2024.html
ITC-2642,USA,Texas,TX,Childress,Childress,YES,US-CENSUS-FIPS,48075,US-FIPS:48075,STABLE_ID + LOCAL_QA_POLYGON,-100.20669579326471,34.5447109435217,,https://www.census.gov/geographies/reference-files/time-series/geo/gazetteer-files.2024.html
ITC-2643,USA,Texas,TX,Clay,Clay,YES,US-CENSUS-FIPS,48077,US-FIPS:48077,STABLE_ID + LOCAL_QA_POLYGON,-98.20077605427244,33.801485,,https://www.census.gov/geographies/reference-files/time-series/geo/gazetteer-files.2024.html
ITC-2644,USA,Texas,TX,Cochran,Cochran,YES,US-CENSUS-FIPS,48079,US-FIPS:48079,STABLE_ID + LOCAL_QA_POLYGON,-102.82865409791165,33.616571,,https://www.census.gov/geographies/reference-files/time-series/geo/gazetteer-files.2024.html
ITC-2645,USA,Texas,TX,Coke,Coke,YES,US-CENSUS-FIPS,48081,US-FIPS:48081,STABLE_ID + LOCAL_QA_POLYGON,-100.52968519855003,31.878833999999998,,https://www.census.gov/geographies/reference-files/time-series/geo/gazetteer-files.2024.html
ITC-2646,USA,Texas,TX,Coleman,Coleman,YES,US-CENSUS-FIPS,48083,US-FIPS:48083,STABLE_ID + LOCAL_QA_POLYGON,-99.46119536634421,31.7277075,,https://www.census.gov/geographies/reference-files/time-series/geo/gazetteer-files.2024.html
ITC-2647,USA,Texas,TX,Collin,Collin,YES,US-CENSUS-FIPS,48085,US-FIPS:48085,STABLE_ID + LOCAL_QA_POLYGON,-96.56758066853666,33.193728,,https://www.census.gov/geographies/reference-files/time-series/geo/gazetteer-files.2024.html
ITC-2648,USA,Texas,TX,Collingsworth,Collingsworth,YES,US-CENSUS-FIPS,48087,US-FIPS:48087,STABLE_ID + LOCAL_QA_POLYGON,-100.27017592031041,34.9434000002215,,https://www.census.gov/geographies/reference-files/time-series/geo/gazetteer-files.2024.html
ITC-2649,USA,Texas,TX,Colorado,Colorado,YES,US-CENSUS-FIPS,48089,US-FIPS:48089,STABLE_ID + LOCAL_QA_POLYGON,-96.52357801950117,29.604509999999998,,https://www.census.gov/geographies/reference-files/time-series/geo/gazetteer-files.2024.html
ITC-2650,USA,Texas,TX,Comal,Comal,YES,US-CENSUS-FIPS,48091,US-FIPS:48091,STABLE_ID + LOCAL_QA_POLYGON,-98.28838350043793,29.818447999999997,,https://www.census.gov/geographies/reference-files/time-series/geo/gazetteer-files.2024.html
ITC-2651,USA,Texas,TX,Comanche,Comanche,YES,US-CENSUS-FIPS,48093,US-FIPS:48093,STABLE_ID + LOCAL_QA_POLYGON,-98.60013272263444,31.971431,,https://www.census.gov/geographies/reference-files/time-series/geo/gazetteer-files.2024.html
ITC-2652,USA,Texas,TX,Concho,Concho,YES,US-CENSUS-FIPS,48095,US-FIPS:48095,STABLE_ID + LOCAL_QA_POLYGON,-99.85770379615852,31.3228065,,https://www.census.gov/geographies/reference-files/time-series/geo/gazetteer-files.2024.html
ITC-2653,USA,Texas,TX,Cooke,Cooke,YES,US-CENSUS-FIPS,48097,US-FIPS:48097,STABLE_ID + LOCAL_QA_POLYGON,-97.21444001290428,33.690651,,https://www.census.gov/geographies/reference-files/time-series/geo/gazetteer-files.2024.html
ITC-2654,USA,Texas,TX,Coryell,Coryell,YES,US-CENSUS-FIPS,48099,US-FIPS:48099,STABLE_ID + LOCAL_QA_POLYGON,-97.80055883756637,31.393448499999998,,https://www.census.gov/geographies/reference-files/time-series/geo/gazetteer-files.2024.html
ITC-2655,USA,Texas,TX,Cottle,Cottle,YES,US-CENSUS-FIPS,48101,US-FIPS:48101,STABLE_ID + LOCAL_QA_POLYGON,-100.28293876135609,34.074048499999996,,https://www.census.gov/geographies/reference-files/time-series/geo/gazetteer-files.2024.html
ITC-2656,USA,Texas,TX,Crane,Crane,YES,US-CENSUS-FIPS,48103,US-FIPS:48103,STABLE_ID + LOCAL_QA_POLYGON,-102.54039665049223,31.3849605,,https://www.census.gov/geographies/reference-files/time-series/geo/gazetteer-files.2024.html
ITC-2657,USA,Texas,TX,Crockett,Crockett,YES,US-CENSUS-FIPS,48105,US-FIPS:48105,STABLE_ID + LOCAL_QA_POLYGON,-101.37060320705322,30.686687,,https://www.census.gov/geographies/reference-files/time-series/geo/gazetteer-files.2024.html
ITC-2658,USA,Texas,TX,Crosby,Crosby,YES,US-CENSUS-FIPS,48107,US-FIPS:48107,STABLE_ID + LOCAL_QA_POLYGON,-101.29994115246637,33.609499,,https://www.census.gov/geographies/reference-files/time-series/geo/gazetteer-files.2024.html
ITC-2659,USA,Texas,TX,Culberson,Culberson,YES,US-CENSUS-FIPS,48109,US-FIPS:48109,STABLE_ID + LOCAL_QA_POLYGON,-104.49528312087385,31.372556499999998,,https://www.census.gov/geographies/reference-files/time-series/geo/gazetteer-files.2024.html
ITC-2660,USA,Texas,TX,Dallam,Dallam,YES,US-CENSUS-FIPS,48111,US-FIPS:48111,STABLE_ID + LOCAL_QA_POLYGON,-102.60231223049956,36.2540188745803,,https://www.census.gov/geographies/reference-files/time-series/geo/gazetteer-files.2024.html
ITC-2661,USA,Texas,TX,Dallas,Dallas,YES,US-CENSUS-FIPS,48113,US-FIPS:48113,STABLE_ID + LOCAL_QA_POLYGON,-96.77734099614165,32.769029,,https://www.census.gov/geographies/reference-files/time-series/geo/gazetteer-files.2024.html
ITC-2662,USA,Texas,TX,Dawson,Dawson,YES,US-CENSUS-FIPS,48115,US-FIPS:48115,STABLE_ID + LOCAL_QA_POLYGON,-101.94776286057905,32.740521,,https://www.census.gov/geographies/reference-files/time-series/geo/gazetteer-files.2024.html
ITC-2663,USA,Texas,TX,Deaf Smith,Deaf Smith,YES,US-CENSUS-FIPS,48117,US-FIPS:48117,STABLE_ID + LOCAL_QA_POLYGON,-102.60513759003199,34.942853,,https://www.census.gov/geographies/reference-files/time-series/geo/gazetteer-files.2024.html
ITC-2664,USA,Texas,TX,Delta,Delta,YES,US-CENSUS-FIPS,48119,US-FIPS:48119,STABLE_ID + LOCAL_QA_POLYGON,-95.72461480110712,33.356864,,https://www.census.gov/geographies/reference-files/time-series/geo/gazetteer-files.2024.html
ITC-2665,USA,Texas,TX,Denton,Denton,YES,US-CENSUS-FIPS,48121,US-FIPS:48121,STABLE_ID + LOCAL_QA_POLYGON,-97.11546946616238,33.211181499999995,,https://www.census.gov/geographies/reference-files/time-series/geo/gazetteer-files.2024.html
ITC-2666,USA,Texas,TX,DeWitt,DeWitt,YES,US-CENSUS-FIPS,48123,US-FIPS:48123,STABLE_ID + LOCAL_QA_POLYGON,-97.30517424639542,29.0994885,,https://www.census.gov/geographies/reference-files/time-series/geo/gazetteer-files.2024.html
ITC-2667,USA,Texas,TX,Dickens,Dickens,YES,US-CENSUS-FIPS,48125,US-FIPS:48125,STABLE_ID + LOCAL_QA_POLYGON,-100.77888452641048,33.6115025,,https://www.census.gov/geographies/reference-files/time-series/geo/gazetteer-files.2024.html
ITC-2668,USA,Texas,TX,Dimmit,Dimmit,YES,US-CENSUS-FIPS,48127,US-FIPS:48127,STABLE_ID + LOCAL_QA_POLYGON,-99.75459126953723,28.3870555,,https://www.census.gov/geographies/reference-files/time-series/geo/gazetteer-files.2024.html
ITC-2669,USA,Texas,TX,Donley,Donley,YES,US-CENSUS-FIPS,48129,US-FIPS:48129,STABLE_ID + LOCAL_QA_POLYGON,-100.81407802297454,34.969903,,https://www.census.gov/geographies/reference-files/time-series/geo/gazetteer-files.2024.html
ITC-2670,USA,Texas,TX,Duval,Duval,YES,US-CENSUS-FIPS,48131,US-FIPS:48131,STABLE_ID + LOCAL_QA_POLYGON,-98.51751966317595,27.661417999999998,,https://www.census.gov/geographies/reference-files/time-series/geo/gazetteer-files.2024.html
ITC-2671,USA,Texas,TX,Eastland,Eastland,YES,US-CENSUS-FIPS,48133,US-FIPS:48133,STABLE_ID + LOCAL_QA_POLYGON,-98.80112358741192,32.2939825,,https://www.census.gov/geographies/reference-files/time-series/geo/gazetteer-files.2024.html
ITC-2672,USA,Texas,TX,Ector,Ector,YES,US-CENSUS-FIPS,48135,US-FIPS:48135,STABLE_ID + LOCAL_QA_POLYGON,-102.54291401704592,31.868626999999996,,https://www.census.gov/geographies/reference-files/time-series/geo/gazetteer-files.2024.html
ITC-2673,USA,Texas,TX,Edwards,Edwards,YES,US-CENSUS-FIPS,48137,US-FIPS:48137,STABLE_ID + LOCAL_QA_POLYGON,-100.34722811955382,29.9784825,,https://www.census.gov/geographies/reference-files/time-series/geo/gazetteer-files.2024.html
ITC-2674,USA,Texas,TX,El Paso,El Paso,YES,US-CENSUS-FIPS,48141,US-FIPS:48141,STABLE_ID + LOCAL_QA_POLYGON,-106.17157802304467,31.693904293128746,,https://www.census.gov/geographies/reference-files/time-series/geo/gazetteer-files.2024.html
ITC-2675,USA,Texas,TX,Ellis,Ellis,YES,US-CENSUS-FIPS,48139,US-FIPS:48139,STABLE_ID + LOCAL_QA_POLYGON,-96.76324201024019,32.300081500000005,,https://www.census.gov/geographies/reference-files/time-series/geo/gazetteer-files.2024.html
ITC-2676,USA,Texas,TX,Erath,Erath,YES,US-CENSUS-FIPS,48143,US-FIPS:48143,STABLE_ID + LOCAL_QA_POLYGON,-98.21504781327971,32.1945085,,https://www.census.gov/geographies/reference-files/time-series/geo/gazetteer-files.2024.html
ITC-2677,USA,Texas,TX,Falls,Falls,YES,US-CENSUS-FIPS,48145,US-FIPS:48145,STABLE_ID + LOCAL_QA_POLYGON,-96.94552119293793,31.262666999999997,,https://www.census.gov/geographies/reference-files/time-series/geo/gazetteer-files.2024.html
ITC-2678,USA,Texas,TX,Fannin,Fannin,YES,US-CENSUS-FIPS,48147,US-FIPS:48147,STABLE_ID + LOCAL_QA_POLYGON,-96.11936688582577,33.609864,,https://www.census.gov/geographies/reference-files/time-series/geo/gazetteer-files.2024.html
ITC-2679,USA,Texas,TX,Fayette,Fayette,YES,US-CENSUS-FIPS,48149,US-FIPS:48149,STABLE_ID + LOCAL_QA_POLYGON,-96.9211001393139,29.886001999999998,,https://www.census.gov/geographies/reference-files/time-series/geo/gazetteer-files.2024.html
ITC-2680,USA,Texas,TX,Fisher,Fisher,YES,US-CENSUS-FIPS,48151,US-FIPS:48151,STABLE_ID + LOCAL_QA_POLYGON,-100.40225519692687,32.746101499999995,,https://www.census.gov/geographies/reference-files/time-series/geo/gazetteer-files.2024.html
ITC-2681,USA,Texas,TX,Floyd,Floyd,YES,US-CENSUS-FIPS,48153,US-FIPS:48153,STABLE_ID + LOCAL_QA_POLYGON,-101.30302050472605,34.066959499999996,,https://www.census.gov/geographies/reference-files/time-series/geo/gazetteer-files.2024.html
ITC-2682,USA,Texas,TX,Foard,Foard,YES,US-CENSUS-FIPS,48155,US-FIPS:48155,STABLE_ID + LOCAL_QA_POLYGON,-99.76171600477399,33.9525165,,https://www.census.gov/geographies/reference-files/time-series/geo/gazetteer-files.2024.html
ITC-2683,USA,Texas,TX,Fort Bend,Fort Bend,YES,US-CENSUS-FIPS,48157,US-FIPS:48157,STABLE_ID + LOCAL_QA_POLYGON,-95.74561002280873,29.525436499999998,,https://www.census.gov/geographies/reference-files/time-series/geo/gazetteer-files.2024.html
ITC-2684,USA,Texas,TX,Franklin,Franklin,YES,US-CENSUS-FIPS,48159,US-FIPS:48159,STABLE_ID + LOCAL_QA_POLYGON,-95.21644621535634,33.1763435,,https://www.census.gov/geographies/reference-files/time-series/geo/gazetteer-files.2024.html
ITC-2685,USA,Texas,TX,Freestone,Freestone,YES,US-CENSUS-FIPS,48161,US-FIPS:48161,STABLE_ID + LOCAL_QA_POLYGON,-96.15796648087476,31.7134915,,https://www.census.gov/geographies/reference-files/time-series/geo/gazetteer-files.2024.html
ITC-2686,USA,Texas,TX,Frio,Frio,YES,US-CENSUS-FIPS,48163,US-FIPS:48163,STABLE_ID + LOCAL_QA_POLYGON,-99.10739455352936,28.8563965,,https://www.census.gov/geographies/reference-files/time-series/geo/gazetteer-files.2024.html
ITC-2687,USA,Texas,TX,Gaines,Gaines,YES,US-CENSUS-FIPS,48165,US-FIPS:48165,STABLE_ID + LOCAL_QA_POLYGON,-102.63514376366564,32.744294999999994,,https://www.census.gov/geographies/reference-files/time-series/geo/gazetteer-files.2024.html
ITC-2688,USA,Texas,TX,Galveston,Galveston,YES,US-CENSUS-FIPS,48167,US-FIPS:48167,STABLE_ID + LOCAL_QA_POLYGON,-95.02490157935881,29.3766864611054,,https://www.census.gov/geographies/reference-files/time-series/geo/gazetteer-files.2024.html
ITC-2689,USA,Texas,TX,Garza,Garza,YES,US-CENSUS-FIPS,48169,US-FIPS:48169,STABLE_ID + LOCAL_QA_POLYGON,-101.29803574731196,33.187094,,https://www.census.gov/geographies/reference-files/time-series/geo/gazetteer-files.2024.html
ITC-2690,USA,Texas,TX,Gillespie,Gillespie,YES,US-CENSUS-FIPS,48171,US-FIPS:48171,STABLE_ID + LOCAL_QA_POLYGON,-98.94572234673805,30.328826499999998,,https://www.census.gov/geographies/reference-files/time-series/geo/gazetteer-files.2024.html
ITC-2691,USA,Texas,TX,Glasscock,Glasscock,YES,US-CENSUS-FIPS,48173,US-FIPS:48173,STABLE_ID + LOCAL_QA_POLYGON,-101.52081799606013,31.868152,,https://www.census.gov/geographies/reference-files/time-series/geo/gazetteer-files.2024.html
ITC-2692,USA,Texas,TX,Goliad,Goliad,YES,US-CENSUS-FIPS,48175,US-FIPS:48175,STABLE_ID + LOCAL_QA_POLYGON,-97.46792667945837,28.656966999999998,,https://www.census.gov/geographies/reference-files/time-series/geo/gazetteer-files.2024.html
ITC-2693,USA,Texas,TX,Gonzales,Gonzales,YES,US-CENSUS-FIPS,48177,US-FIPS:48177,STABLE_ID + LOCAL_QA_POLYGON,-97.50861075111081,29.437469999999998,,https://www.census.gov/geographies/reference-files/time-series/geo/gazetteer-files.2024.html
ITC-2694,USA,Texas,TX,Gray,Gray,YES,US-CENSUS-FIPS,48179,US-FIPS:48179,STABLE_ID + LOCAL_QA_POLYGON,-100.8124481153981,35.4024485,,https://www.census.gov/geographies/reference-files/time-series/geo/gazetteer-files.2024.html
ITC-2695,USA,Texas,TX,Grayson,Grayson,YES,US-CENSUS-FIPS,48181,US-FIPS:48181,STABLE_ID + LOCAL_QA_POLYGON,-96.66196450239158,33.6818035,,https://www.census.gov/geographies/reference-files/time-series/geo/gazetteer-files.2024.html
ITC-2696,USA,Texas,TX,Gregg,Gregg,YES,US-CENSUS-FIPS,48183,US-FIPS:48183,STABLE_ID + LOCAL_QA_POLYGON,-94.8444099516583,32.509153999999995,,https://www.census.gov/geographies/reference-files/time-series/geo/gazetteer-files.2024.html
ITC-2697,USA,Texas,TX,Grimes,Grimes,YES,US-CENSUS-FIPS,48185,US-FIPS:48185,STABLE_ID + LOCAL_QA_POLYGON,-95.99157068468296,30.543665999999998,,https://www.census.gov/geographies/reference-files/time-series/geo/gazetteer-files.2024.html
ITC-2698,USA,Texas,TX,Guadalupe,Guadalupe,YES,US-CENSUS-FIPS,48187,US-FIPS:48187,STABLE_ID + LOCAL_QA_POLYGON,-97.96697739909638,29.610234499999997,,https://www.census.gov/geographies/reference-files/time-series/geo/gazetteer-files.2024.html
ITC-2699,USA,Texas,TX,Hale,Hale,YES,US-CENSUS-FIPS,48189,US-FIPS:48189,STABLE_ID + LOCAL_QA_POLYGON,-101.8263161583343,34.066959499999996,,https://www.census.gov/geographies/reference-files/time-series/geo/gazetteer-files.2024.html
ITC-2700,USA,Texas,TX,Hall,Hall,YES,US-CENSUS-FIPS,48191,US-FIPS:48191,STABLE_ID + LOCAL_QA_POLYGON,-100.68063101585366,34.544824500000004,,https://www.census.gov/geographies/reference-files/time-series/geo/gazetteer-files.2024.html
ITC-2701,USA,Texas,TX,Hamilton,Hamilton,YES,US-CENSUS-FIPS,48193,US-FIPS:48193,STABLE_ID + LOCAL_QA_POLYGON,-98.10601664253755,31.704994,,https://www.census.gov/geographies/reference-files/time-series/geo/gazetteer-files.2024.html
ITC-2702,USA,Texas,TX,Hansford,Hansford,YES,US-CENSUS-FIPS,48195,US-FIPS:48195,STABLE_ID + LOCAL_QA_POLYGON,-101.35463289204816,36.2874705,,https://www.census.gov/geographies/reference-files/time-series/geo/gazetteer-files.2024.html
ITC-2703,USA,Texas,TX,Hardeman,Hardeman,YES,US-CENSUS-FIPS,48197,US-FIPS:48197,STABLE_ID + LOCAL_QA_POLYGON,-99.73644630806201,34.3174025,,https://www.census.gov/geographies/reference-files/time-series/geo/gazetteer-files.2024.html
ITC-2704,USA,Texas,TX,Hardin,Hardin,YES,US-CENSUS-FIPS,48199,US-FIPS:48199,STABLE_ID + LOCAL_QA_POLYGON,-94.38687688968439,30.311966499999997,,https://www.census.gov/geographies/reference-files/time-series/geo/gazetteer-files.2024.html
ITC-2705,USA,Texas,TX,Harris,Harris,YES,US-CENSUS-FIPS,48201,US-FIPS:48201,STABLE_ID + LOCAL_QA_POLYGON,-95.38656946695392,29.834153999999998,,https://www.census.gov/geographies/reference-files/time-series/geo/gazetteer-files.2024.html
ITC-2706,USA,Texas,TX,Harrison,Harrison,YES,US-CENSUS-FIPS,48203,US-FIPS:48203,STABLE_ID + LOCAL_QA_POLYGON,-94.37249837489821,32.56189686530905,,https://www.census.gov/geographies/reference-files/time-series/geo/gazetteer-files.2024.html
ITC-2707,USA,Texas,TX,Hartley,Hartley,YES,US-CENSUS-FIPS,48205,US-FIPS:48205,STABLE_ID + LOCAL_QA_POLYGON,-102.60201868162241,35.8520725,,https://www.census.gov/geographies/reference-files/time-series/geo/gazetteer-files.2024.html
ITC-2708,USA,Texas,TX,Haskell,Haskell,YES,US-CENSUS-FIPS,48207,US-FIPS:48207,STABLE_ID + LOCAL_QA_POLYGON,-99.73064444931163,33.179334999999995,,https://www.census.gov/geographies/reference-files/time-series/geo/gazetteer-files.2024.html
ITC-2709,USA,Texas,TX,Hays,Hays,YES,US-CENSUS-FIPS,48209,US-FIPS:48209,STABLE_ID + LOCAL_QA_POLYGON,-98.02273077620129,30.0570575,,https://www.census.gov/geographies/reference-files/time-series/geo/gazetteer-files.2024.html
ITC-2710,USA,Texas,TX,Hemphill,Hemphill,YES,US-CENSUS-FIPS,48211,US-FIPS:48211,STABLE_ID + LOCAL_QA_POLYGON,-100.27065691144968,35.851597008297006,,https://www.census.gov/geographies/reference-files/time-series/geo/gazetteer-files.2024.html
ITC-2711,USA,Texas,TX,Henderson,Henderson,YES,US-CENSUS-FIPS,48213,US-FIPS:48213,STABLE_ID + LOCAL_QA_POLYGON,-95.81882735492965,32.182418999999996,,https://www.census.gov/geographies/reference-files/time-series/geo/gazetteer-files.2024.html
ITC-2712,USA,Texas,TX,Hidalgo,Hidalgo,YES,US-CENSUS-FIPS,48215,US-FIPS:48215,STABLE_ID + LOCAL_QA_POLYGON,-98.18730795053699,26.403921999999998,,https://www.census.gov/geographies/reference-files/time-series/geo/gazetteer-files.2024.html
ITC-2713,USA,Texas,TX,Hill,Hill,YES,US-CENSUS-FIPS,48217,US-FIPS:48217,STABLE_ID + LOCAL_QA_POLYGON,-97.12107114413692,31.987021,,https://www.census.gov/geographies/reference-files/time-series/geo/gazetteer-files.2024.html
ITC-2714,USA,Texas,TX,Hockley,Hockley,YES,US-CENSUS-FIPS,48219,US-FIPS:48219,STABLE_ID + LOCAL_QA_POLYGON,-102.34322204311373,33.616042,,https://www.census.gov/geographies/reference-files/time-series/geo/gazetteer-files.2024.html
ITC-2715,USA,Texas,TX,Hood,Hood,YES,US-CENSUS-FIPS,48221,US-FIPS:48221,STABLE_ID + LOCAL_QA_POLYGON,-97.81924110081675,32.4068355,,https://www.census.gov/geographies/reference-files/time-series/geo/gazetteer-files.2024.html
ITC-2716,USA,Texas,TX,Hopkins,Hopkins,YES,US-CENSUS-FIPS,48223,US-FIPS:48223,STABLE_ID + LOCAL_QA_POLYGON,-95.58517370378331,33.170142999999996,,https://www.census.gov/geographies/reference-files/time-series/geo/gazetteer-files.2024.html
ITC-2717,USA,Texas,TX,Houston,Houston,YES,US-CENSUS-FIPS,48225,US-FIPS:48225,STABLE_ID + LOCAL_QA_POLYGON,-95.43488625152605,31.259323,,https://www.census.gov/geographies/reference-files/time-series/geo/gazetteer-files.2024.html
ITC-2718,USA,Texas,TX,Howard,Howard,YES,US-CENSUS-FIPS,48227,US-FIPS:48227,STABLE_ID + LOCAL_QA_POLYGON,-101.4348666933083,32.338194,,https://www.census.gov/geographies/reference-files/time-series/geo/gazetteer-files.2024.html
ITC-2719,USA,Texas,TX,Hudspeth,Hudspeth,YES,US-CENSUS-FIPS,48229,US-FIPS:48229,STABLE_ID + LOCAL_QA_POLYGON,-105.42313822580266,31.315928,,https://www.census.gov/geographies/reference-files/time-series/geo/gazetteer-files.2024.html
ITC-2720,USA,Texas,TX,Hunt,Hunt,YES,US-CENSUS-FIPS,48231,US-FIPS:48231,STABLE_ID + LOCAL_QA_POLYGON,-96.07944506842381,33.114968000000005,,https://www.census.gov/geographies/reference-files/time-series/geo/gazetteer-files.2024.html
ITC-2721,USA,Texas,TX,Hutchinson,Hutchinson,YES,US-CENSUS-FIPS,48233,US-FIPS:48233,STABLE_ID + LOCAL_QA_POLYGON,-101.35454296033873,35.835967,,https://www.census.gov/geographies/reference-files/time-series/geo/gazetteer-files.2024.html
ITC-2722,USA,Texas,TX,Irion,Irion,YES,US-CENSUS-FIPS,48235,US-FIPS:48235,STABLE_ID + LOCAL_QA_POLYGON,-100.98123485199969,31.299540999999998,,https://www.census.gov/geographies/reference-files/time-series/geo/gazetteer-files.2024.html
ITC-2723,USA,Texas,TX,Jack,Jack,YES,US-CENSUS-FIPS,48237,US-FIPS:48237,STABLE_ID + LOCAL_QA_POLYGON,-98.17056539444741,33.2351155,,https://www.census.gov/geographies/reference-files/time-series/geo/gazetteer-files.2024.html
ITC-2724,USA,Texas,TX,Jackson,Jackson,YES,US-CENSUS-FIPS,48239,US-FIPS:48239,STABLE_ID + LOCAL_QA_POLYGON,-96.56215529462679,28.970301999999997,,https://www.census.gov/geographies/reference-files/time-series/geo/gazetteer-files.2024.html
ITC-2725,USA,Texas,TX,Jasper,Jasper,YES,US-CENSUS-FIPS,48241,US-FIPS:48241,STABLE_ID + LOCAL_QA_POLYGON,-93.99846316100091,30.6998125,,https://www.census.gov/geographies/reference-files/time-series/geo/gazetteer-files.2024.html
ITC-2726,USA,Texas,TX,Jeff Davis,Jeff Davis,YES,US-CENSUS-FIPS,48243,US-FIPS:48243,STABLE_ID + LOCAL_QA_POLYGON,-104.16736193751154,30.712538,,https://www.census.gov/geographies/reference-files/time-series/geo/gazetteer-files.2024.html
ITC-2727,USA,Texas,TX,Jefferson,Jefferson,YES,US-CENSUS-FIPS,48245,US-FIPS:48245,STABLE_ID + LOCAL_QA_POLYGON,-94.10454978124963,29.8759904998979,,https://www.census.gov/geographies/reference-files/time-series/geo/gazetteer-files.2024.html
ITC-2728,USA,Texas,TX,Jim Hogg,Jim Hogg,YES,US-CENSUS-FIPS,48247,US-FIPS:48247,STABLE_ID + LOCAL_QA_POLYGON,-98.71054256171678,27.0718015,,https://www.census.gov/geographies/reference-files/time-series/geo/gazetteer-files.2024.html
ITC-2729,USA,Texas,TX,Jim Wells,Jim Wells,YES,US-CENSUS-FIPS,48249,US-FIPS:48249,STABLE_ID + LOCAL_QA_POLYGON,-98.08716749887326,27.661417999999998,,https://www.census.gov/geographies/reference-files/time-series/geo/gazetteer-files.2024.html
ITC-2730,USA,Texas,TX,Johnson,Johnson,YES,US-CENSUS-FIPS,48251,US-FIPS:48251,STABLE_ID + LOCAL_QA_POLYGON,-97.35095318854192,32.339406,,https://www.census.gov/geographies/reference-files/time-series/geo/gazetteer-files.2024.html
ITC-2731,USA,Texas,TX,Jones,Jones,YES,US-CENSUS-FIPS,48253,US-FIPS:48253,STABLE_ID + LOCAL_QA_POLYGON,-99.8788300949429,32.7388605,,https://www.census.gov/geographies/reference-files/time-series/geo/gazetteer-files.2024.html
ITC-2732,USA,Texas,TX,Karnes,Karnes,YES,US-CENSUS-FIPS,48255,US-FIPS:48255,STABLE_ID + LOCAL_QA_POLYGON,-97.90055426157008,28.947517499999996,,https://www.census.gov/geographies/reference-files/time-series/geo/gazetteer-files.2024.html
ITC-2733,USA,Texas,TX,Kaufman,Kaufman,YES,US-CENSUS-FIPS,48257,US-FIPS:48257,STABLE_ID + LOCAL_QA_POLYGON,-96.29913703306111,32.5953265,,https://www.census.gov/geographies/reference-files/time-series/geo/gazetteer-files.2024.html
ITC-2734,USA,Texas,TX,Kendall,Kendall,YES,US-CENSUS-FIPS,48259,US-FIPS:48259,STABLE_ID + LOCAL_QA_POLYGON,-98.6796441350679,29.915915499999997,,https://www.census.gov/geographies/reference-files/time-series/geo/gazetteer-files.2024.html
ITC-2735,USA,Texas,TX,Kenedy,Kenedy,YES,US-CENSUS-FIPS,48261,US-FIPS:48261,STABLE_ID + LOCAL_QA_POLYGON,-97.77052034207429,26.9430789554278,,https://www.census.gov/geographies/reference-files/time-series/geo/gazetteer-files.2024.html
ITC-2736,USA,Texas,TX,Kent,Kent,YES,US-CENSUS-FIPS,48263,US-FIPS:48263,STABLE_ID + LOCAL_QA_POLYGON,-100.77796033292745,33.198119500000004,,https://www.census.gov/geographies/reference-files/time-series/geo/gazetteer-files.2024.html
ITC-2737,USA,Texas,TX,Kerr,Kerr,YES,US-CENSUS-FIPS,48265,US-FIPS:48265,STABLE_ID + LOCAL_QA_POLYGON,-99.30537934905993,30.029107,,https://www.census.gov/geographies/reference-files/time-series/geo/gazetteer-files.2024.html
ITC-2738,USA,Texas,TX,Kimble,Kimble,YES,US-CENSUS-FIPS,48267,US-FIPS:48267,STABLE_ID + LOCAL_QA_POLYGON,-99.71024199755604,30.4859115,,https://www.census.gov/geographies/reference-files/time-series/geo/gazetteer-files.2024.html
ITC-2739,USA,Texas,TX,King,King,YES,US-CENSUS-FIPS,48269,US-FIPS:48269,STABLE_ID + LOCAL_QA_POLYGON,-100.25571205553672,33.606786,,https://www.census.gov/geographies/reference-files/time-series/geo/gazetteer-files.2024.html
ITC-2740,USA,Texas,TX,Kinney,Kinney,YES,US-CENSUS-FIPS,48271,US-FIPS:48271,STABLE_ID + LOCAL_QA_POLYGON,-100.41078326512158,29.3534935,,https://www.census.gov/geographies/reference-files/time-series/geo/gazetteer-files.2024.html
ITC-2741,USA,Texas,TX,Kleberg,Kleberg,YES,US-CENSUS-FIPS,48273,US-FIPS:48273,STABLE_ID + LOCAL_QA_POLYGON,-97.71487618641004,27.4187810109621,,https://www.census.gov/geographies/reference-files/time-series/geo/gazetteer-files.2024.html
ITC-2742,USA,Texas,TX,Knox,Knox,YES,US-CENSUS-FIPS,48275,US-FIPS:48275,STABLE_ID + LOCAL_QA_POLYGON,-99.73359124568185,33.60077,,https://www.census.gov/geographies/reference-files/time-series/geo/gazetteer-files.2024.html
ITC-2743,USA,Texas,TX,La Salle,La Salle,YES,US-CENSUS-FIPS,48283,US-FIPS:48283,STABLE_ID + LOCAL_QA_POLYGON,-99.09777926294949,28.3015615,,https://www.census.gov/geographies/reference-files/time-series/geo/gazetteer-files.2024.html
ITC-2744,USA,Texas,TX,Lamar,Lamar,YES,US-CENSUS-FIPS,48277,US-FIPS:48277,STABLE_ID + LOCAL_QA_POLYGON,-95.58312916783436,33.650126,,https://www.census.gov/geographies/reference-files/time-series/geo/gazetteer-files.2024.html
ITC-2745,USA,Texas,TX,Lamb,Lamb,YES,US-CENSUS-FIPS,48279,US-FIPS:48279,STABLE_ID + LOCAL_QA_POLYGON,-102.35175126097744,34.074487999999995,,https://www.census.gov/geographies/reference-files/time-series/geo/gazetteer-files.2024.html
ITC-2746,USA,Texas,TX,Lampasas,Lampasas,YES,US-CENSUS-FIPS,48281,US-FIPS:48281,STABLE_ID + LOCAL_QA_POLYGON,-98.28113323909108,31.2503995,,https://www.census.gov/geographies/reference-files/time-series/geo/gazetteer-files.2024.html
ITC-2747,USA,Texas,TX,Lavaca,Lavaca,YES,US-CENSUS-FIPS,48285,US-FIPS:48285,STABLE_ID + LOCAL_QA_POLYGON,-96.89456817981474,29.353950499999996,,https://www.census.gov/geographies/reference-files/time-series/geo/gazetteer-files.2024.html
ITC-2748,USA,Texas,TX,Lee,Lee,YES,US-CENSUS-FIPS,48287,US-FIPS:48287,STABLE_ID + LOCAL_QA_POLYGON,-96.88834857740557,30.294519,,https://www.census.gov/geographies/reference-files/time-series/geo/gazetteer-files.2024.html
ITC-2749,USA,Texas,TX,Leon,Leon,YES,US-CENSUS-FIPS,48289,US-FIPS:48289,STABLE_ID + LOCAL_QA_POLYGON,-95.99660582270326,31.314254499999997,,https://www.census.gov/geographies/reference-files/time-series/geo/gazetteer-files.2024.html
ITC-2750,USA,Texas,TX,Liberty,Liberty,YES,US-CENSUS-FIPS,48291,US-FIPS:48291,STABLE_ID + LOCAL_QA_POLYGON,-94.8644578928805,30.188595499999998,,https://www.census.gov/geographies/reference-files/time-series/geo/gazetteer-files.2024.html
ITC-2751,USA,Texas,TX,Limestone,Limestone,YES,US-CENSUS-FIPS,48293,US-FIPS:48293,STABLE_ID + LOCAL_QA_POLYGON,-96.54778960071769,31.5109905,,https://www.census.gov/geographies/reference-files/time-series/geo/gazetteer-files.2024.html
ITC-2752,USA,Texas,TX,Lipscomb,Lipscomb,YES,US-CENSUS-FIPS,48295,US-FIPS:48295,STABLE_ID + LOCAL_QA_POLYGON,-100.27323362372246,36.28136199966025,,https://www.census.gov/geographies/reference-files/time-series/geo/gazetteer-files.2024.html
ITC-2753,USA,Texas,TX,Live Oak,Live Oak,YES,US-CENSUS-FIPS,48297,US-FIPS:48297,STABLE_ID + LOCAL_QA_POLYGON,-98.13743076254826,28.408716499999997,,https://www.census.gov/geographies/reference-files/time-series/geo/gazetteer-files.2024.html
ITC-2754,USA,Texas,TX,Llano,Llano,YES,US-CENSUS-FIPS,48299,US-FIPS:48299,STABLE_ID + LOCAL_QA_POLYGON,-98.6888438328013,30.702684499999997,,https://www.census.gov/geographies/reference-files/time-series/geo/gazetteer-files.2024.html
ITC-2755,USA,Texas,TX,Loving,Loving,YES,US-CENSUS-FIPS,48301,US-FIPS:48301,STABLE_ID + LOCAL_QA_POLYGON,-103.56774903954422,31.825495499999995,,https://www.census.gov/geographies/reference-files/time-series/geo/gazetteer-files.2024.html
ITC-2756,USA,Texas,TX,Lubbock,Lubbock,YES,US-CENSUS-FIPS,48303,US-FIPS:48303,STABLE_ID + LOCAL_QA_POLYGON,-101.82052248303918,33.609499,,https://www.census.gov/geographies/reference-files/time-series/geo/gazetteer-files.2024.html
ITC-2757,USA,Texas,TX,Lynn,Lynn,YES,US-CENSUS-FIPS,48305,US-FIPS:48305,STABLE_ID + LOCAL_QA_POLYGON,-101.8166539516833,33.173629000000005,,https://www.census.gov/geographies/reference-files/time-series/geo/gazetteer-files.2024.html
ITC-2758,USA,Texas,TX,Madison,Madison,YES,US-CENSUS-FIPS,48313,US-FIPS:48313,STABLE_ID + LOCAL_QA_POLYGON,-95.94728946573251,30.958236,,https://www.census.gov/geographies/reference-files/time-series/geo/gazetteer-files.2024.html
ITC-2759,USA,Texas,TX,Marion,Marion,YES,US-CENSUS-FIPS,48315,US-FIPS:48315,STABLE_ID + LOCAL_QA_POLYGON,-94.36248536926398,32.782917499999996,,https://www.census.gov/geographies/reference-files/time-series/geo/gazetteer-files.2024.html
ITC-2760,USA,Texas,TX,Martin,Martin,YES,US-CENSUS-FIPS,48317,US-FIPS:48317,STABLE_ID + LOCAL_QA_POLYGON,-101.95137793616263,32.3118635,,https://www.census.gov/geographies/reference-files/time-series/geo/gazetteer-files.2024.html
ITC-2761,USA,Texas,TX,Mason,Mason,YES,US-CENSUS-FIPS,48319,US-FIPS:48319,STABLE_ID + LOCAL_QA_POLYGON,-99.22391010799998,30.7244125,,https://www.census.gov/geographies/reference-files/time-series/geo/gazetteer-files.2024.html
ITC-2762,USA,Texas,TX,Matagorda,Matagorda,YES,US-CENSUS-FIPS,48321,US-FIPS:48321,STABLE_ID + LOCAL_QA_POLYGON,-95.92581337597872,28.808675199584748,,https://www.census.gov/geographies/reference-files/time-series/geo/gazetteer-files.2024.html
ITC-2763,USA,Texas,TX,Maverick,Maverick,YES,US-CENSUS-FIPS,48323,US-FIPS:48323,STABLE_ID + LOCAL_QA_POLYGON,-100.28063547345127,28.641766888799552,,https://www.census.gov/geographies/reference-files/time-series/geo/gazetteer-files.2024.html
ITC-2764,USA,Texas,TX,McCulloch,McCulloch,YES,US-CENSUS-FIPS,48307,US-FIPS:48307,STABLE_ID + LOCAL_QA_POLYGON,-99.34667349396433,31.2084795,,https://www.census.gov/geographies/reference-files/time-series/geo/gazetteer-files.2024.html
ITC-2765,USA,Texas,TX,McLennan,McLennan,YES,US-CENSUS-FIPS,48309,US-FIPS:48309,STABLE_ID + LOCAL_QA_POLYGON,-97.206492720227,31.560088999999998,,https://www.census.gov/geographies/reference-files/time-series/geo/gazetteer-files.2024.html
ITC-2766,USA,Texas,TX,McMullen,McMullen,YES,US-CENSUS-FIPS,48311,US-FIPS:48311,STABLE_ID + LOCAL_QA_POLYGON,-98.56776625067212,28.3205155,,https://www.census.gov/geographies/reference-files/time-series/geo/gazetteer-files.2024.html
ITC-2767,USA,Texas,TX,Medina,Medina,YES,US-CENSUS-FIPS,48325,US-FIPS:48325,STABLE_ID + LOCAL_QA_POLYGON,-99.10877147809428,29.384784,,https://www.census.gov/geographies/reference-files/time-series/geo/gazetteer-files.2024.html
ITC-2768,USA,Texas,TX,Menard,Menard,YES,US-CENSUS-FIPS,48327,US-FIPS:48327,STABLE_ID + LOCAL_QA_POLYGON,-99.80032195512078,30.878664999999998,,https://www.census.gov/geographies/reference-files/time-series/geo/gazetteer-files.2024.html
ITC-2769,USA,Texas,TX,Midland,Midland,YES,US-CENSUS-FIPS,48329,US-FIPS:48329,STABLE_ID + LOCAL_QA_POLYGON,-102.0316539248893,31.851266499999998,,https://www.census.gov/geographies/reference-files/time-series/geo/gazetteer-files.2024.html
ITC-2770,USA,Texas,TX,Milam,Milam,YES,US-CENSUS-FIPS,48331,US-FIPS:48331,STABLE_ID + LOCAL_QA_POLYGON,-96.97576264527483,30.7843005,,https://www.census.gov/geographies/reference-files/time-series/geo/gazetteer-files.2024.html
ITC-2771,USA,Texas,TX,Mills,Mills,YES,US-CENSUS-FIPS,48333,US-FIPS:48333,STABLE_ID + LOCAL_QA_POLYGON,-98.65193565399892,31.476619,,https://www.census.gov/geographies/reference-files/time-series/geo/gazetteer-files.2024.html
ITC-2772,USA,Texas,TX,Mitchell,Mitchell,YES,US-CENSUS-FIPS,48335,US-FIPS:48335,STABLE_ID + LOCAL_QA_POLYGON,-100.92096041479556,32.322169,,https://www.census.gov/geographies/reference-files/time-series/geo/gazetteer-files.2024.html
ITC-2773,USA,Texas,TX,Montague,Montague,YES,US-CENSUS-FIPS,48337,US-FIPS:48337,STABLE_ID + LOCAL_QA_POLYGON,-97.73189434059375,33.712855499999996,,https://www.census.gov/geographies/reference-files/time-series/geo/gazetteer-files.2024.html
ITC-2774,USA,Texas,TX,Montgomery,Montgomery,YES,US-CENSUS-FIPS,48339,US-FIPS:48339,STABLE_ID + LOCAL_QA_POLYGON,-95.51409312998432,30.3302305,,https://www.census.gov/geographies/reference-files/time-series/geo/gazetteer-files.2024.html
ITC-2775,USA,Texas,TX,Moore,Moore,YES,US-CENSUS-FIPS,48341,US-FIPS:48341,STABLE_ID + LOCAL_QA_POLYGON,-101.89293853396413,35.829569,,https://www.census.gov/geographies/reference-files/time-series/geo/gazetteer-files.2024.html
ITC-2776,USA,Texas,TX,Morris,Morris,YES,US-CENSUS-FIPS,48343,US-FIPS:48343,STABLE_ID + LOCAL_QA_POLYGON,-94.73402141876105,33.123784,,https://www.census.gov/geographies/reference-files/time-series/geo/gazetteer-files.2024.html
ITC-2777,USA,Texas,TX,Motley,Motley,YES,US-CENSUS-FIPS,48345,US-FIPS:48345,STABLE_ID + LOCAL_QA_POLYGON,-100.77983564034417,34.0695475,,https://www.census.gov/geographies/reference-files/time-series/geo/gazetteer-files.2024.html
ITC-2778,USA,Texas,TX,Nacogdoches,Nacogdoches,YES,US-CENSUS-FIPS,48347,US-FIPS:48347,STABLE_ID + LOCAL_QA_POLYGON,-94.59339472633363,31.534024499999997,,https://www.census.gov/geographies/reference-files/time-series/geo/gazetteer-files.2024.html
ITC-2779,USA,Texas,TX,Navarro,Navarro,YES,US-CENSUS-FIPS,48349,US-FIPS:48349,STABLE_ID + LOCAL_QA_POLYGON,-96.47541451219709,32.0624275,,https://www.census.gov/geographies/reference-files/time-series/geo/gazetteer-files.2024.html
ITC-2780,USA,Texas,TX,Newton,Newton,YES,US-CENSUS-FIPS,48351,US-FIPS:48351,STABLE_ID + LOCAL_QA_POLYGON,-93.74346106410181,30.7160165,,https://www.census.gov/geographies/reference-files/time-series/geo/gazetteer-files.2024.html
ITC-2781,USA,Texas,TX,Nolan,Nolan,YES,US-CENSUS-FIPS,48353,US-FIPS:48353,STABLE_ID + LOCAL_QA_POLYGON,-100.40639089307943,32.2977845,,https://www.census.gov/geographies/reference-files/time-series/geo/gazetteer-files.2024.html
ITC-2782,USA,Texas,TX,Nueces,Nueces,YES,US-CENSUS-FIPS,48355,US-FIPS:48355,STABLE_ID + LOCAL_QA_POLYGON,-97.66278876107799,27.7797684547888,,https://www.census.gov/geographies/reference-files/time-series/geo/gazetteer-files.2024.html
ITC-2783,USA,Texas,TX,Ochiltree,Ochiltree,YES,US-CENSUS-FIPS,48357,US-FIPS:48357,STABLE_ID + LOCAL_QA_POLYGON,-100.81581387774091,36.2805755,,https://www.census.gov/geographies/reference-files/time-series/geo/gazetteer-files.2024.html
ITC-2784,USA,Texas,TX,Oldham,Oldham,YES,US-CENSUS-FIPS,48359,US-FIPS:48359,STABLE_ID + LOCAL_QA_POLYGON,-102.60345946450133,35.449834499999994,,https://www.census.gov/geographies/reference-files/time-series/geo/gazetteer-files.2024.html
ITC-2785,USA,Texas,TX,Orange,Orange,YES,US-CENSUS-FIPS,48361,US-FIPS:48361,STABLE_ID + LOCAL_QA_POLYGON,-93.86615085368783,30.055282499999997,,https://www.census.gov/geographies/reference-files/time-series/geo/gazetteer-files.2024.html
ITC-2786,USA,Texas,TX,Palo Pinto,Palo Pinto,YES,US-CENSUS-FIPS,48363,US-FIPS:48363,STABLE_ID + LOCAL_QA_POLYGON,-98.31867366558882,32.76326399999999,,https://www.census.gov/geographies/reference-files/time-series/geo/gazetteer-files.2024.html
ITC-2787,USA,Texas,TX,Panola,Panola,YES,US-CENSUS-FIPS,48365,US-FIPS:48365,STABLE_ID + LOCAL_QA_POLYGON,-94.31157025298722,32.17597088447685,,https://www.census.gov/geographies/reference-files/time-series/geo/gazetteer-files.2024.html
ITC-2788,USA,Texas,TX,Parker,Parker,YES,US-CENSUS-FIPS,48367,US-FIPS:48367,STABLE_ID + LOCAL_QA_POLYGON,-97.80458011804166,32.7824665,,https://www.census.gov/geographies/reference-files/time-series/geo/gazetteer-files.2024.html
ITC-2789,USA,Texas,TX,Parmer,Parmer,YES,US-CENSUS-FIPS,48369,US-FIPS:48369,STABLE_ID + LOCAL_QA_POLYGON,-102.78432325711776,34.528050006076,,https://www.census.gov/geographies/reference-files/time-series/geo/gazetteer-files.2024.html
ITC-2790,USA,Texas,TX,Pecos,Pecos,YES,US-CENSUS-FIPS,48371,US-FIPS:48371,STABLE_ID + LOCAL_QA_POLYGON,-102.65811535150432,30.7127125,,https://www.census.gov/geographies/reference-files/time-series/geo/gazetteer-files.2024.html
ITC-2791,USA,Texas,TX,Polk,Polk,YES,US-CENSUS-FIPS,48373,US-FIPS:48373,STABLE_ID + LOCAL_QA_POLYGON,-94.89626661170942,30.8160285,,https://www.census.gov/geographies/reference-files/time-series/geo/gazetteer-files.2024.html
ITC-2792,USA,Texas,TX,Potter,Potter,YES,US-CENSUS-FIPS,48375,US-FIPS:48375,STABLE_ID + LOCAL_QA_POLYGON,-101.8944503152746,35.39565,,https://www.census.gov/geographies/reference-files/time-series/geo/gazetteer-files.2024.html
ITC-2793,USA,Texas,TX,Presidio,Presidio,YES,US-CENSUS-FIPS,48377,US-FIPS:48377,STABLE_ID + LOCAL_QA_POLYGON,-104.23979087358556,29.9403725,,https://www.census.gov/geographies/reference-files/time-series/geo/gazetteer-files.2024.html
ITC-2794,USA,Texas,TX,Rains,Rains,YES,US-CENSUS-FIPS,48379,US-FIPS:48379,STABLE_ID + LOCAL_QA_POLYGON,-95.80151219349395,32.8456165,,https://www.census.gov/geographies/reference-files/time-series/geo/gazetteer-files.2024.html
ITC-2795,USA,Texas,TX,Randall,Randall,YES,US-CENSUS-FIPS,48381,US-FIPS:48381,STABLE_ID + LOCAL_QA_POLYGON,-101.8967908764012,34.9622275,,https://www.census.gov/geographies/reference-files/time-series/geo/gazetteer-files.2024.html
ITC-2796,USA,Texas,TX,Reagan,Reagan,YES,US-CENSUS-FIPS,48383,US-FIPS:48383,STABLE_ID + LOCAL_QA_POLYGON,-101.52283555182878,31.384793,,https://www.census.gov/geographies/reference-files/time-series/geo/gazetteer-files.2024.html
ITC-2797,USA,Texas,TX,Real,Real,YES,US-CENSUS-FIPS,48385,US-FIPS:48385,STABLE_ID + LOCAL_QA_POLYGON,-99.81275154716545,29.852897,,https://www.census.gov/geographies/reference-files/time-series/geo/gazetteer-files.2024.html
ITC-2798,USA,Texas,TX,Red River,Red River,YES,US-CENSUS-FIPS,48387,US-FIPS:48387,STABLE_ID + LOCAL_QA_POLYGON,-95.02835055778039,33.650126,,https://www.census.gov/geographies/reference-files/time-series/geo/gazetteer-files.2024.html
ITC-2799,USA,Texas,TX,Reeves,Reeves,YES,US-CENSUS-FIPS,48389,US-FIPS:48389,STABLE_ID + LOCAL_QA_POLYGON,-103.64852550425191,31.383176999999996,,https://www.census.gov/geographies/reference-files/time-series/geo/gazetteer-files.2024.html
ITC-2800,USA,Texas,TX,Refugio,Refugio,YES,US-CENSUS-FIPS,48391,US-FIPS:48391,STABLE_ID + LOCAL_QA_POLYGON,-97.18509357939718,28.299691499999998,,https://www.census.gov/geographies/reference-files/time-series/geo/gazetteer-files.2024.html
ITC-2801,USA,Texas,TX,Roberts,Roberts,YES,US-CENSUS-FIPS,48393,US-FIPS:48393,STABLE_ID + LOCAL_QA_POLYGON,-100.81341963648296,35.8699005,,https://www.census.gov/geographies/reference-files/time-series/geo/gazetteer-files.2024.html
ITC-2802,USA,Texas,TX,Robertson,Robertson,YES,US-CENSUS-FIPS,48395,US-FIPS:48395,STABLE_ID + LOCAL_QA_POLYGON,-96.51293988689724,31.0267925,,https://www.census.gov/geographies/reference-files/time-series/geo/gazetteer-files.2024.html
ITC-2803,USA,Texas,TX,Rockwall,Rockwall,YES,US-CENSUS-FIPS,48397,US-FIPS:48397,STABLE_ID + LOCAL_QA_POLYGON,-96.40770910429595,32.894747499999994,,https://www.census.gov/geographies/reference-files/time-series/geo/gazetteer-files.2024.html
ITC-2804,USA,Texas,TX,Runnels,Runnels,YES,US-CENSUS-FIPS,48399,US-FIPS:48399,STABLE_ID + LOCAL_QA_POLYGON,-99.9765888202584,31.838832,,https://www.census.gov/geographies/reference-files/time-series/geo/gazetteer-files.2024.html
ITC-2805,USA,Texas,TX,Rusk,Rusk,YES,US-CENSUS-FIPS,48401,US-FIPS:48401,STABLE_ID + LOCAL_QA_POLYGON,-94.78715994350529,32.125637999999995,,https://www.census.gov/geographies/reference-files/time-series/geo/gazetteer-files.2024.html
ITC-2806,USA,Texas,TX,Sabine,Sabine,YES,US-CENSUS-FIPS,48403,US-FIPS:48403,STABLE_ID + LOCAL_QA_POLYGON,-93.84617687964698,31.373458938362347,,https://www.census.gov/geographies/reference-files/time-series/geo/gazetteer-files.2024.html
ITC-2807,USA,Texas,TX,San Augustine,San Augustine,YES,US-CENSUS-FIPS,48405,US-FIPS:48405,STABLE_ID + LOCAL_QA_POLYGON,-94.17497930085764,31.376144499999995,,https://www.census.gov/geographies/reference-files/time-series/geo/gazetteer-files.2024.html
ITC-2808,USA,Texas,TX,San Jacinto,San Jacinto,YES,US-CENSUS-FIPS,48407,US-FIPS:48407,STABLE_ID + LOCAL_QA_POLYGON,-95.17807997086614,30.610493999999996,,https://www.census.gov/geographies/reference-files/time-series/geo/gazetteer-files.2024.html
ITC-2809,USA,Texas,TX,San Patricio,San Patricio,YES,US-CENSUS-FIPS,48409,US-FIPS:48409,STABLE_ID + LOCAL_QA_POLYGON,-97.50165276286621,28.000642,,https://www.census.gov/geographies/reference-files/time-series/geo/gazetteer-files.2024.html
ITC-2810,USA,Texas,TX,San Saba,San Saba,YES,US-CENSUS-FIPS,48411,US-FIPS:48411,STABLE_ID + LOCAL_QA_POLYGON,-98.83015478118038,31.2075805,,https://www.census.gov/geographies/reference-files/time-series/geo/gazetteer-files.2024.html
ITC-2811,USA,Texas,TX,Schleicher,Schleicher,YES,US-CENSUS-FIPS,48413,US-FIPS:48413,STABLE_ID + LOCAL_QA_POLYGON,-100.53899714822373,30.8978045,,https://www.census.gov/geographies/reference-files/time-series/geo/gazetteer-files.2024.html
ITC-2812,USA,Texas,TX,Scurry,Scurry,YES,US-CENSUS-FIPS,48415,US-FIPS:48415,STABLE_ID + LOCAL_QA_POLYGON,-100.91639857747808,32.769255,,https://www.census.gov/geographies/reference-files/time-series/geo/gazetteer-files.2024.html
ITC-2813,USA,Texas,TX,Shackelford,Shackelford,YES,US-CENSUS-FIPS,48417,US-FIPS:48417,STABLE_ID + LOCAL_QA_POLYGON,-99.35400759692445,32.728491000000005,,https://www.census.gov/geographies/reference-files/time-series/geo/gazetteer-files.2024.html
ITC-2814,USA,Texas,TX,Shelby,Shelby,YES,US-CENSUS-FIPS,48419,US-FIPS:48419,STABLE_ID + LOCAL_QA_POLYGON,-94.12667614018162,31.776193499999998,,https://www.census.gov/geographies/reference-files/time-series/geo/gazetteer-files.2024.html
ITC-2815,USA,Texas,TX,Sherman,Sherman,YES,US-CENSUS-FIPS,48421,US-FIPS:48421,STABLE_ID + LOCAL_QA_POLYGON,-101.89342693645625,36.274524,,https://www.census.gov/geographies/reference-files/time-series/geo/gazetteer-files.2024.html
ITC-2816,USA,Texas,TX,Smith,Smith,YES,US-CENSUS-FIPS,48423,US-FIPS:48423,STABLE_ID + LOCAL_QA_POLYGON,-95.24590084493553,32.41175799999999,,https://www.census.gov/geographies/reference-files/time-series/geo/gazetteer-files.2024.html
ITC-2817,USA,Texas,TX,Somervell,Somervell,YES,US-CENSUS-FIPS,48425,US-FIPS:48425,STABLE_ID + LOCAL_QA_POLYGON,-97.78485795755672,32.2024385,,https://www.census.gov/geographies/reference-files/time-series/geo/gazetteer-files.2024.html
ITC-2818,USA,Texas,TX,Starr,Starr,YES,US-CENSUS-FIPS,48427,US-FIPS:48427,STABLE_ID + LOCAL_QA_POLYGON,-98.7865047009515,26.512766999999997,,https://www.census.gov/geographies/reference-files/time-series/geo/gazetteer-files.2024.html
ITC-2819,USA,Texas,TX,Stephens,Stephens,YES,US-CENSUS-FIPS,48429,US-FIPS:48429,STABLE_ID + LOCAL_QA_POLYGON,-98.83597743964266,32.7350005,,https://www.census.gov/geographies/reference-files/time-series/geo/gazetteer-files.2024.html
ITC-2820,USA,Texas,TX,Sterling,Sterling,YES,US-CENSUS-FIPS,48431,US-FIPS:48431,STABLE_ID + LOCAL_QA_POLYGON,-101.04500270632623,31.833211,,https://www.census.gov/geographies/reference-files/time-series/geo/gazetteer-files.2024.html
ITC-2821,USA,Texas,TX,Stonewall,Stonewall,YES,US-CENSUS-FIPS,48433,US-FIPS:48433,STABLE_ID + LOCAL_QA_POLYGON,-100.2533042789438,33.196526,,https://www.census.gov/geographies/reference-files/time-series/geo/gazetteer-files.2024.html
ITC-2822,USA,Texas,TX,Sutton,Sutton,YES,US-CENSUS-FIPS,48435,US-FIPS:48435,STABLE_ID + LOCAL_QA_POLYGON,-100.53861543939475,30.48451,,https://www.census.gov/geographies/reference-files/time-series/geo/gazetteer-files.2024.html
ITC-2823,USA,Texas,TX,Swisher,Swisher,YES,US-CENSUS-FIPS,48437,US-FIPS:48437,STABLE_ID + LOCAL_QA_POLYGON,-101.73506506749112,34.532303999999996,,https://www.census.gov/geographies/reference-files/time-series/geo/gazetteer-files.2024.html
ITC-2824,USA,Texas,TX,Tarrant,Tarrant,YES,US-CENSUS-FIPS,48439,US-FIPS:48439,STABLE_ID + LOCAL_QA_POLYGON,-97.29169684744903,32.769029,,https://www.census.gov/geographies/reference-files/time-series/geo/gazetteer-files.2024.html
ITC-2825,USA,Texas,TX,Taylor,Taylor,YES,US-CENSUS-FIPS,48441,US-FIPS:48441,STABLE_ID + LOCAL_QA_POLYGON,-99.89003975433644,32.3066385,,https://www.census.gov/geographies/reference-files/time-series/geo/gazetteer-files.2024.html
ITC-2826,USA,Texas,TX,Terrell,Terrell,YES,US-CENSUS-FIPS,48443,US-FIPS:48443,STABLE_ID + LOCAL_QA_POLYGON,-102.16283983072624,30.2057735,,https://www.census.gov/geographies/reference-files/time-series/geo/gazetteer-files.2024.html
ITC-2827,USA,Texas,TX,Terry,Terry,YES,US-CENSUS-FIPS,48445,US-FIPS:48445,STABLE_ID + LOCAL_QA_POLYGON,-102.33528016881596,33.175473,,https://www.census.gov/geographies/reference-files/time-series/geo/gazetteer-files.2024.html
ITC-2828,USA,Texas,TX,Throckmorton,Throckmorton,YES,US-CENSUS-FIPS,48447,US-FIPS:48447,STABLE_ID + LOCAL_QA_POLYGON,-99.21229691316911,33.176287,,https://www.census.gov/geographies/reference-files/time-series/geo/gazetteer-files.2024.html
ITC-2829,USA,Texas,TX,Titus,Titus,YES,US-CENSUS-FIPS,48449,US-FIPS:48449,STABLE_ID + LOCAL_QA_POLYGON,-94.96883786222924,33.198964000000004,,https://www.census.gov/geographies/reference-files/time-series/geo/gazetteer-files.2024.html
ITC-2830,USA,Texas,TX,Tom Green,Tom Green,YES,US-CENSUS-FIPS,48451,US-FIPS:48451,STABLE_ID + LOCAL_QA_POLYGON,-100.40219129580836,31.392149999999997,,https://www.census.gov/geographies/reference-files/time-series/geo/gazetteer-files.2024.html
ITC-2831,USA,Texas,TX,Travis,Travis,YES,US-CENSUS-FIPS,48453,US-FIPS:48453,STABLE_ID + LOCAL_QA_POLYGON,-97.78099415932672,30.334352499999998,,https://www.census.gov/geographies/reference-files/time-series/geo/gazetteer-files.2024.html
ITC-2832,USA,Texas,TX,Trinity,Trinity,YES,US-CENSUS-FIPS,48455,US-FIPS:48455,STABLE_ID + LOCAL_QA_POLYGON,-95.12493900048416,31.1042435,,https://www.census.gov/geographies/reference-files/time-series/geo/gazetteer-files.2024.html
ITC-2833,USA,Texas,TX,Tyler,Tyler,YES,US-CENSUS-FIPS,48457,US-FIPS:48457,STABLE_ID + LOCAL_QA_POLYGON,-94.38716804678756,30.792329,,https://www.census.gov/geographies/reference-files/time-series/geo/gazetteer-files.2024.html
ITC-2834,USA,Texas,TX,Upshur,Upshur,YES,US-CENSUS-FIPS,48459,US-FIPS:48459,STABLE_ID + LOCAL_QA_POLYGON,-94.92736332093946,32.709928500000004,,https://www.census.gov/geographies/reference-files/time-series/geo/gazetteer-files.2024.html
ITC-2835,USA,Texas,TX,Upton,Upton,YES,US-CENSUS-FIPS,48461,US-FIPS:48461,STABLE_ID + LOCAL_QA_POLYGON,-102.04437100368085,31.382678499999997,,https://www.census.gov/geographies/reference-files/time-series/geo/gazetteer-files.2024.html
ITC-2836,USA,Texas,TX,Uvalde,Uvalde,YES,US-CENSUS-FIPS,48463,US-FIPS:48463,STABLE_ID + LOCAL_QA_POLYGON,-99.76239056374258,29.3675435,,https://www.census.gov/geographies/reference-files/time-series/geo/gazetteer-files.2024.html
ITC-2837,USA,Texas,TX,Val Verde,Val Verde,YES,US-CENSUS-FIPS,48465,US-FIPS:48465,STABLE_ID + LOCAL_QA_POLYGON,-101.0768935350792,29.7635366214502,,https://www.census.gov/geographies/reference-files/time-series/geo/gazetteer-files.2024.html
ITC-2838,USA,Texas,TX,Van Zandt,Van Zandt,YES,US-CENSUS-FIPS,48467,US-FIPS:48467,STABLE_ID + LOCAL_QA_POLYGON,-95.83508645680513,32.596678,,https://www.census.gov/geographies/reference-files/time-series/geo/gazetteer-files.2024.html
ITC-2839,USA,Texas,TX,Victoria,Victoria,YES,US-CENSUS-FIPS,48469,US-FIPS:48469,STABLE_ID + LOCAL_QA_POLYGON,-96.936677809168,28.7947,,https://www.census.gov/geographies/reference-files/time-series/geo/gazetteer-files.2024.html
ITC-2840,USA,Texas,TX,Walker,Walker,YES,US-CENSUS-FIPS,48471,US-FIPS:48471,STABLE_ID + LOCAL_QA_POLYGON,-95.59298752545811,30.778411,,https://www.census.gov/geographies/reference-files/time-series/geo/gazetteer-files.2024.html
ITC-2841,USA,Texas,TX,Waller,Waller,YES,US-CENSUS-FIPS,48473,US-FIPS:48473,STABLE_ID + LOCAL_QA_POLYGON,-95.99966957784025,29.9881015,,https://www.census.gov/geographies/reference-files/time-series/geo/gazetteer-files.2024.html
ITC-2842,USA,Texas,TX,Ward,Ward,YES,US-CENSUS-FIPS,48475,US-FIPS:48475,STABLE_ID + LOCAL_QA_POLYGON,-103.1284702936642,31.457838499999998,,https://www.census.gov/geographies/reference-files/time-series/geo/gazetteer-files.2024.html
ITC-2843,USA,Texas,TX,Washington,Washington,YES,US-CENSUS-FIPS,48477,US-FIPS:48477,STABLE_ID + LOCAL_QA_POLYGON,-96.42979946137066,30.221666,,https://www.census.gov/geographies/reference-files/time-series/geo/gazetteer-files.2024.html
ITC-2844,USA,Texas,TX,Webb,Webb,YES,US-CENSUS-FIPS,48479,US-FIPS:48479,STABLE_ID + LOCAL_QA_POLYGON,-99.2874801145438,27.732836999999996,,https://www.census.gov/geographies/reference-files/time-series/geo/gazetteer-files.2024.html
ITC-2845,USA,Texas,TX,Wharton,Wharton,YES,US-CENSUS-FIPS,48481,US-FIPS:48481,STABLE_ID + LOCAL_QA_POLYGON,-96.22140627958834,29.298108,,https://www.census.gov/geographies/reference-files/time-series/geo/gazetteer-files.2024.html
ITC-2846,USA,Texas,TX,Wheeler,Wheeler,YES,US-CENSUS-FIPS,48483,US-FIPS:48483,STABLE_ID + LOCAL_QA_POLYGON,-100.26961696242245,35.396223,,https://www.census.gov/geographies/reference-files/time-series/geo/gazetteer-files.2024.html
ITC-2847,USA,Texas,TX,Wichita,Wichita,YES,US-CENSUS-FIPS,48485,US-FIPS:48485,STABLE_ID + LOCAL_QA_POLYGON,-98.68832395448152,34.021483,,https://www.census.gov/geographies/reference-files/time-series/geo/gazetteer-files.2024.html
ITC-2848,USA,Texas,TX,Wilbarger,Wilbarger,YES,US-CENSUS-FIPS,48487,US-FIPS:48487,STABLE_ID + LOCAL_QA_POLYGON,-99.2140172758495,34.1244835,,https://www.census.gov/geographies/reference-files/time-series/geo/gazetteer-files.2024.html
ITC-2849,USA,Texas,TX,Willacy,Willacy,YES,US-CENSUS-FIPS,48489,US-FIPS:48489,STABLE_ID + LOCAL_QA_POLYGON,-97.72169745067288,26.461015532094798,,https://www.census.gov/geographies/reference-files/time-series/geo/gazetteer-files.2024.html
ITC-2850,USA,Texas,TX,Williamson,Williamson,YES,US-CENSUS-FIPS,48491,US-FIPS:48491,STABLE_ID + LOCAL_QA_POLYGON,-97.63583542067997,30.642215999999998,,https://www.census.gov/geographies/reference-files/time-series/geo/gazetteer-files.2024.html
ITC-2851,USA,Texas,TX,Wilson,Wilson,YES,US-CENSUS-FIPS,48493,US-FIPS:48493,STABLE_ID + LOCAL_QA_POLYGON,-98.09143588944042,29.1593955,,https://www.census.gov/geographies/reference-files/time-series/geo/gazetteer-files.2024.html
ITC-2852,USA,Texas,TX,Winkler,Winkler,YES,US-CENSUS-FIPS,48495,US-FIPS:48495,STABLE_ID + LOCAL_QA_POLYGON,-103.06279692900007,31.931849999999997,,https://www.census.gov/geographies/reference-files/time-series/geo/gazetteer-files.2024.html
ITC-2853,USA,Texas,TX,Wise,Wise,YES,US-CENSUS-FIPS,48497,US-FIPS:48497,STABLE_ID + LOCAL_QA_POLYGON,-97.65550055296674,33.211181499999995,,https://www.census.gov/geographies/reference-files/time-series/geo/gazetteer-files.2024.html
ITC-2854,USA,Texas,TX,Wood,Wood,YES,US-CENSUS-FIPS,48499,US-FIPS:48499,STABLE_ID + LOCAL_QA_POLYGON,-95.39686771727807,32.769891,,https://www.census.gov/geographies/reference-files/time-series/geo/gazetteer-files.2024.html
ITC-2855,USA,Texas,TX,Yoakum,Yoakum,YES,US-CENSUS-FIPS,48501,US-FIPS:48501,STABLE_ID + LOCAL_QA_POLYGON,-102.82773917790367,33.1860055,,https://www.census.gov/geographies/reference-files/time-series/geo/gazetteer-files.2024.html
ITC-2856,USA,Texas,TX,Young,Young,YES,US-CENSUS-FIPS,48503,US-FIPS:48503,STABLE_ID + LOCAL_QA_POLYGON,-98.68816961114145,33.176287,,https://www.census.gov/geographies/reference-files/time-series/geo/gazetteer-files.2024.html
ITC-2857,USA,Texas,TX,Zapata,Zapata,YES,US-CENSUS-FIPS,48505,US-FIPS:48505,STABLE_ID + LOCAL_QA_POLYGON,-99.17283870653881,26.952473499999996,,https://www.census.gov/geographies/reference-files/time-series/geo/gazetteer-files.2024.html
ITC-2858,USA,Texas,TX,Zavala,Zavala,YES,US-CENSUS-FIPS,48507,US-FIPS:48507,STABLE_ID + LOCAL_QA_POLYGON,-99.76229273140277,28.872859499999997,,https://www.census.gov/geographies/reference-files/time-series/geo/gazetteer-files.2024.html
ITC-2859,USA,Utah,UT,Beaver,Beaver,YES,US-CENSUS-FIPS,49001,US-FIPS:49001,STABLE_ID + LOCAL_QA_POLYGON,-113.20752866058633,38.3642205,,https://www.census.gov/geographies/reference-files/time-series/geo/gazetteer-files.2024.html
ITC-2860,USA,Utah,UT,Box Elder,Box Elder,YES,US-CENSUS-FIPS,49003,US-FIPS:49003,STABLE_ID + LOCAL_QA_POLYGON,-112.97384084948459,41.500697,,https://www.census.gov/geographies/reference-files/time-series/geo/gazetteer-files.2024.html
ITC-2861,USA,Utah,UT,Cache,Cache,YES,US-CENSUS-FIPS,49005,US-FIPS:49005,STABLE_ID + LOCAL_QA_POLYGON,-111.73199159962041,41.68417099999999,,https://www.census.gov/geographies/reference-files/time-series/geo/gazetteer-files.2024.html
ITC-2862,USA,Utah,UT,Carbon,Carbon,YES,US-CENSUS-FIPS,49007,US-FIPS:49007,STABLE_ID + LOCAL_QA_POLYGON,-110.60242940228497,39.6413965,,https://www.census.gov/geographies/reference-files/time-series/geo/gazetteer-files.2024.html
ITC-2863,USA,Utah,UT,Daggett,Daggett,YES,US-CENSUS-FIPS,49009,US-FIPS:49009,STABLE_ID + LOCAL_QA_POLYGON,-109.69758210923295,40.842837,,https://www.census.gov/geographies/reference-files/time-series/geo/gazetteer-files.2024.html
ITC-2864,USA,Utah,UT,Davis,Davis,YES,US-CENSUS-FIPS,49011,US-FIPS:49011,STABLE_ID + LOCAL_QA_POLYGON,-112.09379663328787,40.9650695,,https://www.census.gov/geographies/reference-files/time-series/geo/gazetteer-files.2024.html
ITC-2865,USA,Utah,UT,Duchesne,Duchesne,YES,US-CENSUS-FIPS,49013,US-FIPS:49013,STABLE_ID + LOCAL_QA_POLYGON,-110.43661244640019,40.323966999999996,,https://www.census.gov/geographies/reference-files/time-series/geo/gazetteer-files.2024.html
ITC-2866,USA,Utah,UT,Emery,Emery,YES,US-CENSUS-FIPS,49015,US-FIPS:49015,STABLE_ID + LOCAL_QA_POLYGON,-110.70804168687347,39.104304,,https://www.census.gov/geographies/reference-files/time-series/geo/gazetteer-files.2024.html
ITC-2867,USA,Utah,UT,Garfield,Garfield,YES,US-CENSUS-FIPS,49017,US-FIPS:49017,STABLE_ID + LOCAL_QA_POLYGON,-111.49869672053069,37.844646,,https://www.census.gov/geographies/reference-files/time-series/geo/gazetteer-files.2024.html
ITC-2868,USA,Utah,UT,Grand,Grand,YES,US-CENSUS-FIPS,49019,US-FIPS:49019,STABLE_ID + LOCAL_QA_POLYGON,-109.57509522768541,38.999320499999996,,https://www.census.gov/geographies/reference-files/time-series/geo/gazetteer-files.2024.html
ITC-2869,USA,Utah,UT,Iron,Iron,YES,US-CENSUS-FIPS,49021,US-FIPS:49021,STABLE_ID + LOCAL_QA_POLYGON,-113.31379071798712,37.816753,,https://www.census.gov/geographies/reference-files/time-series/geo/gazetteer-files.2024.html
ITC-2870,USA,Utah,UT,Juab,Juab,YES,US-CENSUS-FIPS,49023,US-FIPS:49023,STABLE_ID + LOCAL_QA_POLYGON,-112.88256004661912,39.6662715,,https://www.census.gov/geographies/reference-files/time-series/geo/gazetteer-files.2024.html
ITC-2871,USA,Utah,UT,Kane,Kane,YES,US-CENSUS-FIPS,49025,US-FIPS:49025,STABLE_ID + LOCAL_QA_POLYGON,-111.88526876352614,37.272892,,https://www.census.gov/geographies/reference-files/time-series/geo/gazetteer-files.2024.html
ITC-2872,USA,Utah,UT,Millard,Millard,YES,US-CENSUS-FIPS,49027,US-FIPS:49027,STABLE_ID + LOCAL_QA_POLYGON,-113.03156055612781,39.088986,,https://www.census.gov/geographies/reference-files/time-series/geo/gazetteer-files.2024.html
ITC-2873,USA,Utah,UT,Morgan,Morgan,YES,US-CENSUS-FIPS,49029,US-FIPS:49029,STABLE_ID + LOCAL_QA_POLYGON,-111.65115062193405,41.077079499999996,,https://www.census.gov/geographies/reference-files/time-series/geo/gazetteer-files.2024.html
ITC-2874,USA,Utah,UT,Piute,Piute,YES,US-CENSUS-FIPS,49031,US-FIPS:49031,STABLE_ID + LOCAL_QA_POLYGON,-112.09288934700058,38.328218,,https://www.census.gov/geographies/reference-files/time-series/geo/gazetteer-files.2024.html
ITC-2875,USA,Utah,UT,Rich,Rich,YES,US-CENSUS-FIPS,49033,US-FIPS:49033,STABLE_ID + LOCAL_QA_POLYGON,-111.23817512988191,41.572479,,https://www.census.gov/geographies/reference-files/time-series/geo/gazetteer-files.2024.html
ITC-2876,USA,Utah,UT,Salt Lake,Salt Lake,YES,US-CENSUS-FIPS,49035,US-FIPS:49035,STABLE_ID + LOCAL_QA_POLYGON,-111.90300072430377,40.667835,,https://www.census.gov/geographies/reference-files/time-series/geo/gazetteer-files.2024.html
ITC-2877,USA,Utah,UT,San Juan,San Juan,YES,US-CENSUS-FIPS,49037,US-FIPS:49037,STABLE_ID + LOCAL_QA_POLYGON,-109.7449152595092,37.748498,,https://www.census.gov/geographies/reference-files/time-series/geo/gazetteer-files.2024.html
ITC-2878,USA,Utah,UT,Sanpete,Sanpete,YES,US-CENSUS-FIPS,49039,US-FIPS:49039,STABLE_ID + LOCAL_QA_POLYGON,-111.52423479138275,39.4301145,,https://www.census.gov/geographies/reference-files/time-series/geo/gazetteer-files.2024.html
ITC-2879,USA,Utah,UT,Sevier,Sevier,YES,US-CENSUS-FIPS,49041,US-FIPS:49041,STABLE_ID + LOCAL_QA_POLYGON,-111.7637912696631,38.776711,,https://www.census.gov/geographies/reference-files/time-series/geo/gazetteer-files.2024.html
ITC-2880,USA,Utah,UT,Summit,Summit,YES,US-CENSUS-FIPS,49043,US-FIPS:49043,STABLE_ID + LOCAL_QA_POLYGON,-110.7552495026334,40.904584,,https://www.census.gov/geographies/reference-files/time-series/geo/gazetteer-files.2024.html
ITC-2881,USA,Utah,UT,Tooele,Tooele,YES,US-CENSUS-FIPS,49045,US-FIPS:49045,STABLE_ID + LOCAL_QA_POLYGON,-113.1122398546392,40.4887415,,https://www.census.gov/geographies/reference-files/time-series/geo/gazetteer-files.2024.html
ITC-2882,USA,Utah,UT,Uintah,Uintah,YES,US-CENSUS-FIPS,49047,US-FIPS:49047,STABLE_ID + LOCAL_QA_POLYGON,-109.51308809726035,40.137406508804006,,https://www.census.gov/geographies/reference-files/time-series/geo/gazetteer-files.2024.html
ITC-2883,USA,Utah,UT,Utah,Utah,YES,US-CENSUS-FIPS,49049,US-FIPS:49049,STABLE_ID + LOCAL_QA_POLYGON,-111.69086659742203,40.1775915,,https://www.census.gov/geographies/reference-files/time-series/geo/gazetteer-files.2024.html
ITC-2884,USA,Utah,UT,Wasatch,Wasatch,YES,US-CENSUS-FIPS,49051,US-FIPS:49051,STABLE_ID + LOCAL_QA_POLYGON,-111.13420134273179,40.295104499999994,,https://www.census.gov/geographies/reference-files/time-series/geo/gazetteer-files.2024.html
ITC-2885,USA,Utah,UT,Washington,Washington,YES,US-CENSUS-FIPS,49053,US-FIPS:49053,STABLE_ID + LOCAL_QA_POLYGON,-113.47647945875974,37.3050875,,https://www.census.gov/geographies/reference-files/time-series/geo/gazetteer-files.2024.html
ITC-2886,USA,Utah,UT,Wayne,Wayne,YES,US-CENSUS-FIPS,49055,US-FIPS:49055,STABLE_ID + LOCAL_QA_POLYGON,-110.90564340696544,38.3305445,,https://www.census.gov/geographies/reference-files/time-series/geo/gazetteer-files.2024.html
ITC-2887,USA,Utah,UT,Weber,Weber,YES,US-CENSUS-FIPS,49057,US-FIPS:49057,STABLE_ID + LOCAL_QA_POLYGON,-111.89521964527222,41.2541245,,https://www.census.gov/geographies/reference-files/time-series/geo/gazetteer-files.2024.html
ITC-2888,USA,Vermont,VT,Addison,Addison,YES,US-CENSUS-FIPS,50001,US-FIPS:50001,STABLE_ID + LOCAL_QA_POLYGON,-73.07791117710482,44.028234999999995,,https://www.census.gov/geographies/reference-files/time-series/geo/gazetteer-files.2024.html
ITC-2889,USA,Vermont,VT,Bennington,Bennington,YES,US-CENSUS-FIPS,50003,US-FIPS:50003,STABLE_ID + LOCAL_QA_POLYGON,-73.13640584088785,43.0268613346174,,https://www.census.gov/geographies/reference-files/time-series/geo/gazetteer-files.2024.html
ITC-2890,USA,Vermont,VT,Caledonia,Caledonia,YES,US-CENSUS-FIPS,50005,US-FIPS:50005,STABLE_ID + LOCAL_QA_POLYGON,-72.11632446016978,44.474119,,https://www.census.gov/geographies/reference-files/time-series/geo/gazetteer-files.2024.html
ITC-2891,USA,Vermont,VT,Chittenden,Chittenden,YES,US-CENSUS-FIPS,50007,US-FIPS:50007,STABLE_ID + LOCAL_QA_POLYGON,-73.0526911458372,44.4432215,,https://www.census.gov/geographies/reference-files/time-series/geo/gazetteer-files.2024.html
ITC-2892,USA,Vermont,VT,Essex,Essex,YES,US-CENSUS-FIPS,50009,US-FIPS:50009,STABLE_ID + LOCAL_QA_POLYGON,-71.73511531607278,44.68066,,https://www.census.gov/geographies/reference-files/time-series/geo/gazetteer-files.2024.html
ITC-2893,USA,Vermont,VT,Franklin,Franklin,YES,US-CENSUS-FIPS,50011,US-FIPS:50011,STABLE_ID + LOCAL_QA_POLYGON,-72.87524180617226,44.823657499999996,,https://www.census.gov/geographies/reference-files/time-series/geo/gazetteer-files.2024.html
ITC-2894,USA,Vermont,VT,Grand Isle,Grand Isle,YES,US-CENSUS-FIPS,50013,US-FIPS:50013,STABLE_ID + LOCAL_QA_POLYGON,-73.29301538338208,44.788487,,https://www.census.gov/geographies/reference-files/time-series/geo/gazetteer-files.2024.html
ITC-2895,USA,Vermont,VT,Lamoille,Lamoille,YES,US-CENSUS-FIPS,50015,US-FIPS:50015,STABLE_ID + LOCAL_QA_POLYGON,-72.64542412380004,44.6061205,,https://www.census.gov/geographies/reference-files/time-series/geo/gazetteer-files.2024.html
ITC-2896,USA,Vermont,VT,Orange,Orange,YES,US-CENSUS-FIPS,50017,US-FIPS:50017,STABLE_ID + LOCAL_QA_POLYGON,-72.4389398299579,43.9975075,,https://www.census.gov/geographies/reference-files/time-series/geo/gazetteer-files.2024.html
ITC-2897,USA,Vermont,VT,Orleans,Orleans,YES,US-CENSUS-FIPS,50019,US-FIPS:50019,STABLE_ID + LOCAL_QA_POLYGON,-72.25699747288954,44.775304999999996,,https://www.census.gov/geographies/reference-files/time-series/geo/gazetteer-files.2024.html
ITC-2898,USA,Vermont,VT,Rutland,Rutland,YES,US-CENSUS-FIPS,50021,US-FIPS:50021,STABLE_ID + LOCAL_QA_POLYGON,-73.02806234575374,43.574824,,https://www.census.gov/geographies/reference-files/time-series/geo/gazetteer-files.2024.html
ITC-2899,USA,Vermont,VT,Washington,Washington,YES,US-CENSUS-FIPS,50023,US-FIPS:50023,STABLE_ID + LOCAL_QA_POLYGON,-72.61380651637234,44.2615545,,https://www.census.gov/geographies/reference-files/time-series/geo/gazetteer-files.2024.html
ITC-2900,USA,Vermont,VT,Windham,Windham,YES,US-CENSUS-FIPS,50025,US-FIPS:50025,STABLE_ID + LOCAL_QA_POLYGON,-72.7341093782739,42.995262499999995,,https://www.census.gov/geographies/reference-files/time-series/geo/gazetteer-files.2024.html
ITC-2901,USA,Vermont,VT,Windsor,Windsor,YES,US-CENSUS-FIPS,50027,US-FIPS:50027,STABLE_ID + LOCAL_QA_POLYGON,-72.54575380352136,43.5954645,,https://www.census.gov/geographies/reference-files/time-series/geo/gazetteer-files.2024.html
ITC-2902,USA,"Virgin Islands, US",VI,St. Croix,St. Croix,YES,US-CENSUS-FIPS,78010,US-FIPS:78010,STABLE_FIPS_ID; POLYGON_SOURCE_PENDING,,,Island-area FIPS assigned; standard national Census county Gazetteer excludes the U.S. Virgin Islands.,https://www.census.gov/geographies/reference-files/time-series/geo/gazetteer-files.2024.html
ITC-2903,USA,"Virgin Islands, US",VI,St. John,St. John,YES,US-CENSUS-FIPS,78020,US-FIPS:78020,STABLE_FIPS_ID; POLYGON_SOURCE_PENDING,,,Island-area FIPS assigned; standard national Census county Gazetteer excludes the U.S. Virgin Islands.,https://www.census.gov/geographies/reference-files/time-series/geo/gazetteer-files.2024.html
ITC-2904,USA,"Virgin Islands, US",VI,St. Thomas,St. Thomas,YES,US-CENSUS-FIPS,78030,US-FIPS:78030,STABLE_FIPS_ID; POLYGON_SOURCE_PENDING,,,Island-area FIPS assigned; standard national Census county Gazetteer excludes the U.S. Virgin Islands.,https://www.census.gov/geographies/reference-files/time-series/geo/gazetteer-files.2024.html
ITC-2905,USA,Virginia,VA,Accomack,Accomack,YES,US-CENSUS-FIPS,51001,US-FIPS:51001,STABLE_ID + LOCAL_QA_POLYGON,-75.69072516541479,37.734837999999996,,https://www.census.gov/geographies/reference-files/time-series/geo/gazetteer-files.2024.html
ITC-2906,USA,Virginia,VA,Albemarle,Albemarle,YES,US-CENSUS-FIPS,51003,US-FIPS:51003,STABLE_ID + LOCAL_QA_POLYGON,-78.56193787465526,37.9994745,,https://www.census.gov/geographies/reference-files/time-series/geo/gazetteer-files.2024.html
ITC-2907,USA,Virginia,VA,Alexandria,Alexandria,YES,US-CENSUS-FIPS,51510,US-FIPS:51510,STABLE_ID + LOCAL_QA_POLYGON,-77.08975400700102,38.815263,,https://www.census.gov/geographies/reference-files/time-series/geo/gazetteer-files.2024.html
ITC-2908,USA,Virginia,VA,Alleghany,Alleghany,YES,US-CENSUS-FIPS,51005,US-FIPS:51005,STABLE_ID + LOCAL_QA_POLYGON,-80.10714182844953,37.778582800405744,,https://www.census.gov/geographies/reference-files/time-series/geo/gazetteer-files.2024.html
ITC-2909,USA,Virginia,VA,Amelia,Amelia,YES,US-CENSUS-FIPS,51007,US-FIPS:51007,STABLE_ID + LOCAL_QA_POLYGON,-78.04265595502795,37.346371,,https://www.census.gov/geographies/reference-files/time-series/geo/gazetteer-files.2024.html
ITC-2910,USA,Virginia,VA,Amherst,Amherst,YES,US-CENSUS-FIPS,51009,US-FIPS:51009,STABLE_ID + LOCAL_QA_POLYGON,-79.16314866554166,37.5999805,,https://www.census.gov/geographies/reference-files/time-series/geo/gazetteer-files.2024.html
ITC-2911,USA,Virginia,VA,Appomattox,Appomattox,YES,US-CENSUS-FIPS,51011,US-FIPS:51011,STABLE_ID + LOCAL_QA_POLYGON,-78.79289879695295,37.378038000000004,,https://www.census.gov/geographies/reference-files/time-series/geo/gazetteer-files.2024.html
ITC-2912,USA,Virginia,VA,Arlington,Arlington,YES,US-CENSUS-FIPS,51013,US-FIPS:51013,STABLE_ID + LOCAL_QA_POLYGON,-77.10820641804948,38.8816395,,https://www.census.gov/geographies/reference-files/time-series/geo/gazetteer-files.2024.html
ITC-2913,USA,Virginia,VA,Augusta,Augusta,YES,US-CENSUS-FIPS,51015,US-FIPS:51015,STABLE_ID + LOCAL_QA_POLYGON,-79.3067691566324,38.179147,,https://www.census.gov/geographies/reference-files/time-series/geo/gazetteer-files.2024.html
ITC-2914,USA,Virginia,VA,Bath,Bath,YES,US-CENSUS-FIPS,51017,US-FIPS:51017,STABLE_ID + LOCAL_QA_POLYGON,-79.73640726351013,38.053857,,https://www.census.gov/geographies/reference-files/time-series/geo/gazetteer-files.2024.html
ITC-2915,USA,Virginia,VA,Bedford,Bedford,YES,US-CENSUS-FIPS,51019,US-FIPS:51019,STABLE_ID + LOCAL_QA_POLYGON,-79.56607307318015,37.311121,,https://www.census.gov/geographies/reference-files/time-series/geo/gazetteer-files.2024.html
ITC-2916,USA,Virginia,VA,Bedford City,Bedford City,YES,US-CENSUS-FIPS,51515,US-FIPS:51515,STABLE_ID + LOCAL_QA_POLYGON,-79.52026128082102,37.335140499999994,,https://www.census.gov/geographies/reference-files/time-series/geo/gazetteer-files.2024.html
ITC-2917,USA,Virginia,VA,Bland,Bland,YES,US-CENSUS-FIPS,51021,US-FIPS:51021,STABLE_ID + LOCAL_QA_POLYGON,-81.07777670797375,37.127649,,https://www.census.gov/geographies/reference-files/time-series/geo/gazetteer-files.2024.html
ITC-2918,USA,Virginia,VA,Botetourt,Botetourt,YES,US-CENSUS-FIPS,51023,US-FIPS:51023,STABLE_ID + LOCAL_QA_POLYGON,-79.75887991604502,37.5575915,,https://www.census.gov/geographies/reference-files/time-series/geo/gazetteer-files.2024.html
ITC-2919,USA,Virginia,VA,Bristol,Bristol,YES,US-CENSUS-FIPS,51520,US-FIPS:51520,STABLE_ID + LOCAL_QA_POLYGON,-82.11597829759117,36.6353785,,https://www.census.gov/geographies/reference-files/time-series/geo/gazetteer-files.2024.html
ITC-2920,USA,Virginia,VA,Brunswick,Brunswick,YES,US-CENSUS-FIPS,51025,US-FIPS:51025,STABLE_ID + LOCAL_QA_POLYGON,-77.84105260748788,36.8011405,,https://www.census.gov/geographies/reference-files/time-series/geo/gazetteer-files.2024.html
ITC-2921,USA,Virginia,VA,Buchanan,Buchanan,YES,US-CENSUS-FIPS,51027,US-FIPS:51027,STABLE_ID + LOCAL_QA_POLYGON,-82.06173873609389,37.2884275,,https://www.census.gov/geographies/reference-files/time-series/geo/gazetteer-files.2024.html
ITC-2922,USA,Virginia,VA,Buckingham,Buckingham,YES,US-CENSUS-FIPS,51029,US-FIPS:51029,STABLE_ID + LOCAL_QA_POLYGON,-78.55887650008943,37.563280999999996,,https://www.census.gov/geographies/reference-files/time-series/geo/gazetteer-files.2024.html
ITC-2923,USA,Virginia,VA,Buena Vista,Buena Vista,YES,US-CENSUS-FIPS,51530,US-FIPS:51530,STABLE_ID + LOCAL_QA_POLYGON,-79.35640513430783,37.7285785,,https://www.census.gov/geographies/reference-files/time-series/geo/gazetteer-files.2024.html
ITC-2924,USA,Virginia,VA,Campbell,Campbell,YES,US-CENSUS-FIPS,51031,US-FIPS:51031,STABLE_ID + LOCAL_QA_POLYGON,-79.0963539450691,37.227625,,https://www.census.gov/geographies/reference-files/time-series/geo/gazetteer-files.2024.html
ITC-2925,USA,Virginia,VA,Caroline,Caroline,YES,US-CENSUS-FIPS,51033,US-FIPS:51033,STABLE_ID + LOCAL_QA_POLYGON,-77.367881868936,38.014499,,https://www.census.gov/geographies/reference-files/time-series/geo/gazetteer-files.2024.html
ITC-2926,USA,Virginia,VA,Carroll,Carroll,YES,US-CENSUS-FIPS,51035,US-FIPS:51035,STABLE_ID + LOCAL_QA_POLYGON,-80.74553902634906,36.74877,,https://www.census.gov/geographies/reference-files/time-series/geo/gazetteer-files.2024.html
ITC-2927,USA,Virginia,VA,Charles City,Charles City,YES,US-CENSUS-FIPS,51036,US-FIPS:51036,STABLE_ID + LOCAL_QA_POLYGON,-77.08208733916172,37.3579095,,https://www.census.gov/geographies/reference-files/time-series/geo/gazetteer-files.2024.html
ITC-2928,USA,Virginia,VA,Charlotte,Charlotte,YES,US-CENSUS-FIPS,51037,US-FIPS:51037,STABLE_ID + LOCAL_QA_POLYGON,-78.60463545170698,36.973513,,https://www.census.gov/geographies/reference-files/time-series/geo/gazetteer-files.2024.html
ITC-2929,USA,Virginia,VA,Charlottesville,Charlottesville,YES,US-CENSUS-FIPS,51540,US-FIPS:51540,STABLE_ID + LOCAL_QA_POLYGON,-78.47815622548808,38.0398055,,https://www.census.gov/geographies/reference-files/time-series/geo/gazetteer-files.2024.html
ITC-2930,USA,Virginia,VA,Chesapeake,Chesapeake,YES,US-CENSUS-FIPS,51550,US-FIPS:51550,STABLE_ID + LOCAL_QA_POLYGON,-76.27630255339443,36.708299999999994,,https://www.census.gov/geographies/reference-files/time-series/geo/gazetteer-files.2024.html
ITC-2931,USA,Virginia,VA,Chesterfield,Chesterfield,YES,US-CENSUS-FIPS,51041,US-FIPS:51041,STABLE_ID + LOCAL_QA_POLYGON,-77.62974147889534,37.390217,,https://www.census.gov/geographies/reference-files/time-series/geo/gazetteer-files.2024.html
ITC-2932,USA,Virginia,VA,Clarke,Clarke,YES,US-CENSUS-FIPS,51043,US-FIPS:51043,STABLE_ID + LOCAL_QA_POLYGON,-77.97040685069298,39.12269,,https://www.census.gov/geographies/reference-files/time-series/geo/gazetteer-files.2024.html
ITC-2933,USA,Virginia,VA,Colonial Heights,Colonial Heights,YES,US-CENSUS-FIPS,51570,US-FIPS:51570,STABLE_ID + LOCAL_QA_POLYGON,-77.39843852506311,37.2651945,,https://www.census.gov/geographies/reference-files/time-series/geo/gazetteer-files.2024.html
ITC-2934,USA,Virginia,VA,Covington,Covington,YES,US-CENSUS-FIPS,51580,US-FIPS:51580,STABLE_ID + LOCAL_QA_POLYGON,-79.98876663887052,37.780654,,https://www.census.gov/geographies/reference-files/time-series/geo/gazetteer-files.2024.html
ITC-2935,USA,Virginia,VA,Craig,Craig,YES,US-CENSUS-FIPS,51045,US-FIPS:51045,STABLE_ID + LOCAL_QA_POLYGON,-80.19170272552869,37.486752499999994,,https://www.census.gov/geographies/reference-files/time-series/geo/gazetteer-files.2024.html
ITC-2936,USA,Virginia,VA,Culpeper,Culpeper,YES,US-CENSUS-FIPS,51047,US-FIPS:51047,STABLE_ID + LOCAL_QA_POLYGON,-78.00059098617828,38.5036815,,https://www.census.gov/geographies/reference-files/time-series/geo/gazetteer-files.2024.html
ITC-2937,USA,Virginia,VA,Cumberland,Cumberland,YES,US-CENSUS-FIPS,51049,US-FIPS:51049,STABLE_ID + LOCAL_QA_POLYGON,-78.21911377481962,37.531611999999996,,https://www.census.gov/geographies/reference-files/time-series/geo/gazetteer-files.2024.html
ITC-2938,USA,Virginia,VA,Danville,Danville,YES,US-CENSUS-FIPS,51590,US-FIPS:51590,STABLE_ID + LOCAL_QA_POLYGON,-79.41638489843928,36.592376,,https://www.census.gov/geographies/reference-files/time-series/geo/gazetteer-files.2024.html
ITC-2939,USA,Virginia,VA,Dickenson,Dickenson,YES,US-CENSUS-FIPS,51051,US-FIPS:51051,STABLE_ID + LOCAL_QA_POLYGON,-82.36065693816707,37.1308205,,https://www.census.gov/geographies/reference-files/time-series/geo/gazetteer-files.2024.html
ITC-2940,USA,Virginia,VA,Dinwiddie,Dinwiddie,YES,US-CENSUS-FIPS,51053,US-FIPS:51053,STABLE_ID + LOCAL_QA_POLYGON,-77.64657760472657,37.089501999999996,,https://www.census.gov/geographies/reference-files/time-series/geo/gazetteer-files.2024.html
ITC-2941,USA,Virginia,VA,Emporia,Emporia,YES,US-CENSUS-FIPS,51595,US-FIPS:51595,STABLE_ID + LOCAL_QA_POLYGON,-77.53486523421373,36.695372500000005,,https://www.census.gov/geographies/reference-files/time-series/geo/gazetteer-files.2024.html
ITC-2942,USA,Virginia,VA,Essex,Essex,YES,US-CENSUS-FIPS,51057,US-FIPS:51057,STABLE_ID + LOCAL_QA_POLYGON,-76.9622265276687,37.944946,,https://www.census.gov/geographies/reference-files/time-series/geo/gazetteer-files.2024.html
ITC-2943,USA,Virginia,VA,Fairfax,Fairfax,YES,US-CENSUS-FIPS,51059,US-FIPS:51059,STABLE_ID + LOCAL_QA_POLYGON,-77.41311579333185,38.837416000000005,,https://www.census.gov/geographies/reference-files/time-series/geo/gazetteer-files.2024.html
ITC-2944,USA,Virginia,VA,Fairfax City,Fairfax City,YES,US-CENSUS-FIPS,51600,US-FIPS:51600,STABLE_ID + LOCAL_QA_POLYGON,-77.30212693623308,38.852328,,https://www.census.gov/geographies/reference-files/time-series/geo/gazetteer-files.2024.html
ITC-2945,USA,Virginia,VA,Falls Church,Falls Church,YES,US-CENSUS-FIPS,51610,US-FIPS:51610,STABLE_ID + LOCAL_QA_POLYGON,-77.17636888736824,38.8837165,,https://www.census.gov/geographies/reference-files/time-series/geo/gazetteer-files.2024.html
ITC-2946,USA,Virginia,VA,Fauquier,Fauquier,YES,US-CENSUS-FIPS,51061,US-FIPS:51061,STABLE_ID + LOCAL_QA_POLYGON,-77.81640156555832,38.7124785,,https://www.census.gov/geographies/reference-files/time-series/geo/gazetteer-files.2024.html
ITC-2947,USA,Virginia,VA,Floyd,Floyd,YES,US-CENSUS-FIPS,51063,US-FIPS:51063,STABLE_ID + LOCAL_QA_POLYGON,-80.40833705395875,36.9111085,,https://www.census.gov/geographies/reference-files/time-series/geo/gazetteer-files.2024.html
ITC-2948,USA,Virginia,VA,Fluvanna,Fluvanna,YES,US-CENSUS-FIPS,51065,US-FIPS:51065,STABLE_ID + LOCAL_QA_POLYGON,-78.26685564349316,37.8556825,,https://www.census.gov/geographies/reference-files/time-series/geo/gazetteer-files.2024.html
ITC-2949,USA,Virginia,VA,Franklin,Franklin,YES,US-CENSUS-FIPS,51067,US-FIPS:51067,STABLE_ID + LOCAL_QA_POLYGON,-79.86317236925888,37.006981999999994,,https://www.census.gov/geographies/reference-files/time-series/geo/gazetteer-files.2024.html
ITC-2950,USA,Virginia,VA,Franklin City,Franklin City,YES,US-CENSUS-FIPS,51620,US-FIPS:51620,STABLE_ID + LOCAL_QA_POLYGON,-76.93256657171165,36.677037,,https://www.census.gov/geographies/reference-files/time-series/geo/gazetteer-files.2024.html
ITC-2951,USA,Virginia,VA,Frederick,Frederick,YES,US-CENSUS-FIPS,51069,US-FIPS:51069,STABLE_ID + LOCAL_QA_POLYGON,-78.22355748099659,39.2374545,,https://www.census.gov/geographies/reference-files/time-series/geo/gazetteer-files.2024.html
ITC-2952,USA,Virginia,VA,Fredericksburg,Fredericksburg,YES,US-CENSUS-FIPS,51630,US-FIPS:51630,STABLE_ID + LOCAL_QA_POLYGON,-77.48578825888274,38.298367,,https://www.census.gov/geographies/reference-files/time-series/geo/gazetteer-files.2024.html
ITC-2953,USA,Virginia,VA,Galax,Galax,YES,US-CENSUS-FIPS,51640,US-FIPS:51640,STABLE_ID + LOCAL_QA_POLYGON,-80.92794050497446,36.659152,,https://www.census.gov/geographies/reference-files/time-series/geo/gazetteer-files.2024.html
ITC-2954,USA,Virginia,VA,Giles,Giles,YES,US-CENSUS-FIPS,51071,US-FIPS:51071,STABLE_ID + LOCAL_QA_POLYGON,-80.66974580694806,37.313522,,https://www.census.gov/geographies/reference-files/time-series/geo/gazetteer-files.2024.html
ITC-2955,USA,Virginia,VA,Gloucester,Gloucester,YES,US-CENSUS-FIPS,51073,US-FIPS:51073,STABLE_ID + LOCAL_QA_POLYGON,-76.57501509311234,37.4219815,,https://www.census.gov/geographies/reference-files/time-series/geo/gazetteer-files.2024.html
ITC-2956,USA,Virginia,VA,Goochland,Goochland,YES,US-CENSUS-FIPS,51075,US-FIPS:51075,STABLE_ID + LOCAL_QA_POLYGON,-77.96671459465486,37.73412449999999,,https://www.census.gov/geographies/reference-files/time-series/geo/gazetteer-files.2024.html
ITC-2957,USA,Virginia,VA,Grayson,Grayson,YES,US-CENSUS-FIPS,51077,US-FIPS:51077,STABLE_ID + LOCAL_QA_POLYGON,-81.23666850452796,36.6824385,,https://www.census.gov/geographies/reference-files/time-series/geo/gazetteer-files.2024.html
ITC-2958,USA,Virginia,VA,Greene,Greene,YES,US-CENSUS-FIPS,51079,US-FIPS:51079,STABLE_ID + LOCAL_QA_POLYGON,-78.48004304469703,38.330438,,https://www.census.gov/geographies/reference-files/time-series/geo/gazetteer-files.2024.html
ITC-2959,USA,Virginia,VA,Greensville,Greensville,YES,US-CENSUS-FIPS,51081,US-FIPS:51081,STABLE_ID + LOCAL_QA_POLYGON,-77.57298737035728,36.721335499999995,,https://www.census.gov/geographies/reference-files/time-series/geo/gazetteer-files.2024.html
ITC-2960,USA,Virginia,VA,Halifax,Halifax,YES,US-CENSUS-FIPS,51083,US-FIPS:51083,STABLE_ID + LOCAL_QA_POLYGON,-78.91876649928525,36.799498,,https://www.census.gov/geographies/reference-files/time-series/geo/gazetteer-files.2024.html
ITC-2961,USA,Virginia,VA,Hampton,Hampton,YES,US-CENSUS-FIPS,51650,US-FIPS:51650,STABLE_ID + LOCAL_QA_POLYGON,-76.36724587391447,37.052718,,https://www.census.gov/geographies/reference-files/time-series/geo/gazetteer-files.2024.html
ITC-2962,USA,Virginia,VA,Hanover,Hanover,YES,US-CENSUS-FIPS,51085,US-FIPS:51085,STABLE_ID + LOCAL_QA_POLYGON,-77.55212012048281,37.771674499999996,,https://www.census.gov/geographies/reference-files/time-series/geo/gazetteer-files.2024.html
ITC-2963,USA,Virginia,VA,Harrisonburg,Harrisonburg,YES,US-CENSUS-FIPS,51660,US-FIPS:51660,STABLE_ID + LOCAL_QA_POLYGON,-78.87068058805491,38.440941499999994,,https://www.census.gov/geographies/reference-files/time-series/geo/gazetteer-files.2024.html
ITC-2964,USA,Virginia,VA,Henrico,Henrico,YES,US-CENSUS-FIPS,51087,US-FIPS:51087,STABLE_ID + LOCAL_QA_POLYGON,-77.30330442863604,37.53137699999999,,https://www.census.gov/geographies/reference-files/time-series/geo/gazetteer-files.2024.html
ITC-2965,USA,Virginia,VA,Henry,Henry,YES,US-CENSUS-FIPS,51089,US-FIPS:51089,STABLE_ID + LOCAL_QA_POLYGON,-79.9859400221694,36.700038,,https://www.census.gov/geographies/reference-files/time-series/geo/gazetteer-files.2024.html
ITC-2966,USA,Virginia,VA,Highland,Highland,YES,US-CENSUS-FIPS,51091,US-FIPS:51091,STABLE_ID + LOCAL_QA_POLYGON,-79.51777109562434,38.385904,,https://www.census.gov/geographies/reference-files/time-series/geo/gazetteer-files.2024.html
ITC-2967,USA,Virginia,VA,Hopewell,Hopewell,YES,US-CENSUS-FIPS,51670,US-FIPS:51670,STABLE_ID + LOCAL_QA_POLYGON,-77.29456304968812,37.287648499999996,,https://www.census.gov/geographies/reference-files/time-series/geo/gazetteer-files.2024.html
ITC-2968,USA,Virginia,VA,Isle of Wight,Isle of Wight,YES,US-CENSUS-FIPS,51093,US-FIPS:51093,STABLE_ID + LOCAL_QA_POLYGON,-76.69048583509128,36.894243,,https://www.census.gov/geographies/reference-files/time-series/geo/gazetteer-files.2024.html
ITC-2969,USA,Virginia,VA,James City,James City,YES,US-CENSUS-FIPS,51095,US-FIPS:51095,STABLE_ID + LOCAL_QA_POLYGON,-76.80402703741902,37.316902999999996,,https://www.census.gov/geographies/reference-files/time-series/geo/gazetteer-files.2024.html
ITC-2970,USA,Virginia,VA,King and Queen,King and Queen,YES,US-CENSUS-FIPS,51097,US-FIPS:51097,STABLE_ID + LOCAL_QA_POLYGON,-76.85668584276306,37.7010285,,https://www.census.gov/geographies/reference-files/time-series/geo/gazetteer-files.2024.html
ITC-2971,USA,Virginia,VA,King George,King George,YES,US-CENSUS-FIPS,51099,US-FIPS:51099,STABLE_ID + LOCAL_QA_POLYGON,-77.18012839732694,38.2704135,,https://www.census.gov/geographies/reference-files/time-series/geo/gazetteer-files.2024.html
ITC-2972,USA,Virginia,VA,King William,King William,YES,US-CENSUS-FIPS,51101,US-FIPS:51101,STABLE_ID + LOCAL_QA_POLYGON,-77.11839372442793,37.7139635,,https://www.census.gov/geographies/reference-files/time-series/geo/gazetteer-files.2024.html
ITC-2973,USA,Virginia,VA,Lancaster,Lancaster,YES,US-CENSUS-FIPS,51103,US-FIPS:51103,STABLE_ID + LOCAL_QA_POLYGON,-76.46191871251182,37.726169999999996,,https://www.census.gov/geographies/reference-files/time-series/geo/gazetteer-files.2024.html
ITC-2974,USA,Virginia,VA,Lee,Lee,YES,US-CENSUS-FIPS,51105,US-FIPS:51105,STABLE_ID + LOCAL_QA_POLYGON,-82.98019956070624,36.74365710553385,,https://www.census.gov/geographies/reference-files/time-series/geo/gazetteer-files.2024.html
ITC-2975,USA,Virginia,VA,Lexington,Lexington,YES,US-CENSUS-FIPS,51678,US-FIPS:51678,STABLE_ID + LOCAL_QA_POLYGON,-79.44418713460203,37.781972499999995,,https://www.census.gov/geographies/reference-files/time-series/geo/gazetteer-files.2024.html
ITC-2976,USA,Virginia,VA,Loudoun,Loudoun,YES,US-CENSUS-FIPS,51107,US-FIPS:51107,STABLE_ID + LOCAL_QA_POLYGON,-77.66431094890646,39.085396970872296,,https://www.census.gov/geographies/reference-files/time-series/geo/gazetteer-files.2024.html
ITC-2977,USA,Virginia,VA,Louisa,Louisa,YES,US-CENSUS-FIPS,51109,US-FIPS:51109,STABLE_ID + LOCAL_QA_POLYGON,-77.93778545589112,37.945268,,https://www.census.gov/geographies/reference-files/time-series/geo/gazetteer-files.2024.html
ITC-2978,USA,Virginia,VA,Lunenburg,Lunenburg,YES,US-CENSUS-FIPS,51111,US-FIPS:51111,STABLE_ID + LOCAL_QA_POLYGON,-78.24714303946247,36.9341505,,https://www.census.gov/geographies/reference-files/time-series/geo/gazetteer-files.2024.html
ITC-2979,USA,Virginia,VA,Lynchburg,Lynchburg,YES,US-CENSUS-FIPS,51680,US-FIPS:51680,STABLE_ID + LOCAL_QA_POLYGON,-79.18463417861959,37.400942,,https://www.census.gov/geographies/reference-files/time-series/geo/gazetteer-files.2024.html
ITC-2980,USA,Virginia,VA,Madison,Madison,YES,US-CENSUS-FIPS,51113,US-FIPS:51113,STABLE_ID + LOCAL_QA_POLYGON,-78.27906553620474,38.429019,,https://www.census.gov/geographies/reference-files/time-series/geo/gazetteer-files.2024.html
ITC-2981,USA,Virginia,VA,Manassas,Manassas,YES,US-CENSUS-FIPS,51683,US-FIPS:51683,STABLE_ID + LOCAL_QA_POLYGON,-77.48293051645774,38.7441805,,https://www.census.gov/geographies/reference-files/time-series/geo/gazetteer-files.2024.html
ITC-2982,USA,Virginia,VA,Manassas Park,Manassas Park,YES,US-CENSUS-FIPS,51685,US-FIPS:51685,STABLE_ID + LOCAL_QA_POLYGON,-77.43656138627115,38.771668,,https://www.census.gov/geographies/reference-files/time-series/geo/gazetteer-files.2024.html
ITC-2983,USA,Virginia,VA,Martinsville,Martinsville,YES,US-CENSUS-FIPS,51690,US-FIPS:51690,STABLE_ID + LOCAL_QA_POLYGON,-79.87093883393177,36.679373,,https://www.census.gov/geographies/reference-files/time-series/geo/gazetteer-files.2024.html
ITC-2984,USA,Virginia,VA,Mathews,Mathews,YES,US-CENSUS-FIPS,51115,US-FIPS:51115,STABLE_ID + LOCAL_QA_POLYGON,-76.34926995501891,37.4228925,,https://www.census.gov/geographies/reference-files/time-series/geo/gazetteer-files.2024.html
ITC-2985,USA,Virginia,VA,Mecklenburg,Mecklenburg,YES,US-CENSUS-FIPS,51117,US-FIPS:51117,STABLE_ID + LOCAL_QA_POLYGON,-78.33412917607542,36.714344499999996,,https://www.census.gov/geographies/reference-files/time-series/geo/gazetteer-files.2024.html
ITC-2986,USA,Virginia,VA,Middlesex,Middlesex,YES,US-CENSUS-FIPS,51119,US-FIPS:51119,STABLE_ID + LOCAL_QA_POLYGON,-76.63143589098217,37.639495499999995,,https://www.census.gov/geographies/reference-files/time-series/geo/gazetteer-files.2024.html
ITC-2987,USA,Virginia,VA,Montgomery,Montgomery,YES,US-CENSUS-FIPS,51121,US-FIPS:51121,STABLE_ID + LOCAL_QA_POLYGON,-80.3742653364078,37.175011,,https://www.census.gov/geographies/reference-files/time-series/geo/gazetteer-files.2024.html
ITC-2988,USA,Virginia,VA,Nelson,Nelson,YES,US-CENSUS-FIPS,51125,US-FIPS:51125,STABLE_ID + LOCAL_QA_POLYGON,-78.90453303593873,37.792458499999995,,https://www.census.gov/geographies/reference-files/time-series/geo/gazetteer-files.2024.html
ITC-2989,USA,Virginia,VA,New Kent,New Kent,YES,US-CENSUS-FIPS,51127,US-FIPS:51127,STABLE_ID + LOCAL_QA_POLYGON,-76.98907192977057,37.5027295,,https://www.census.gov/geographies/reference-files/time-series/geo/gazetteer-files.2024.html
ITC-2990,USA,Virginia,VA,Newport News,Newport News,YES,US-CENSUS-FIPS,51700,US-FIPS:51700,STABLE_ID + LOCAL_QA_POLYGON,-76.5059451520896,37.091814,,https://www.census.gov/geographies/reference-files/time-series/geo/gazetteer-files.2024.html
ITC-2991,USA,Virginia,VA,Norfolk,Norfolk,YES,US-CENSUS-FIPS,51710,US-FIPS:51710,STABLE_ID + LOCAL_QA_POLYGON,-76.26176940839694,36.894447,,https://www.census.gov/geographies/reference-files/time-series/geo/gazetteer-files.2024.html
ITC-2992,USA,Virginia,VA,Northampton,Northampton,YES,US-CENSUS-FIPS,51131,US-FIPS:51131,STABLE_ID + LOCAL_QA_POLYGON,-75.88478135456384,37.319635786829096,,https://www.census.gov/geographies/reference-files/time-series/geo/gazetteer-files.2024.html
ITC-2993,USA,Virginia,VA,Northumberland,Northumberland,YES,US-CENSUS-FIPS,51133,US-FIPS:51133,STABLE_ID + LOCAL_QA_POLYGON,-76.39071983320045,37.857622,,https://www.census.gov/geographies/reference-files/time-series/geo/gazetteer-files.2024.html
ITC-2994,USA,Virginia,VA,Norton,Norton,YES,US-CENSUS-FIPS,51720,US-FIPS:51720,STABLE_ID + LOCAL_QA_POLYGON,-82.63565203113967,36.930655,,https://www.census.gov/geographies/reference-files/time-series/geo/gazetteer-files.2024.html
ITC-2995,USA,Virginia,VA,Nottoway,Nottoway,YES,US-CENSUS-FIPS,51135,US-FIPS:51135,STABLE_ID + LOCAL_QA_POLYGON,-78.06951414037488,37.138206499999995,,https://www.census.gov/geographies/reference-files/time-series/geo/gazetteer-files.2024.html
ITC-2996,USA,Virginia,VA,Orange,Orange,YES,US-CENSUS-FIPS,51137,US-FIPS:51137,STABLE_ID + LOCAL_QA_POLYGON,-77.99074541776923,38.255098,,https://www.census.gov/geographies/reference-files/time-series/geo/gazetteer-files.2024.html
ITC-2997,USA,Virginia,VA,Page,Page,YES,US-CENSUS-FIPS,51139,US-FIPS:51139,STABLE_ID + LOCAL_QA_POLYGON,-78.48065593764835,38.626478,,https://www.census.gov/geographies/reference-files/time-series/geo/gazetteer-files.2024.html
ITC-2998,USA,Virginia,VA,Patrick,Patrick,YES,US-CENSUS-FIPS,51141,US-FIPS:51141,STABLE_ID + LOCAL_QA_POLYGON,-80.27284550828313,36.70708,,https://www.census.gov/geographies/reference-files/time-series/geo/gazetteer-files.2024.html
ITC-2999,USA,Virginia,VA,Petersburg,Petersburg,YES,US-CENSUS-FIPS,51730,US-FIPS:51730,STABLE_ID + LOCAL_QA_POLYGON,-77.39078452014621,37.205249499999994,,https://www.census.gov/geographies/reference-files/time-series/geo/gazetteer-files.2024.html
ITC-3000,USA,Virginia,VA,Pittsylvania,Pittsylvania,YES,US-CENSUS-FIPS,51143,US-FIPS:51143,STABLE_ID + LOCAL_QA_POLYGON,-79.39933815616114,36.823258499999994,,https://www.census.gov/geographies/reference-files/time-series/geo/gazetteer-files.2024.html
ITC-3001,USA,Virginia,VA,Poquoson,Poquoson,YES,US-CENSUS-FIPS,51735,US-FIPS:51735,STABLE_ID + LOCAL_QA_POLYGON,-76.35732284444444,37.134193499999995,,https://www.census.gov/geographies/reference-files/time-series/geo/gazetteer-files.2024.html
ITC-3002,USA,Virginia,VA,Portsmouth,Portsmouth,YES,US-CENSUS-FIPS,51740,US-FIPS:51740,STABLE_ID + LOCAL_QA_POLYGON,-76.35018726749888,36.855447999999996,,https://www.census.gov/geographies/reference-files/time-series/geo/gazetteer-files.2024.html
ITC-3003,USA,Virginia,VA,Powhatan,Powhatan,YES,US-CENSUS-FIPS,51145,US-FIPS:51145,STABLE_ID + LOCAL_QA_POLYGON,-77.88805562632196,37.55184,,https://www.census.gov/geographies/reference-files/time-series/geo/gazetteer-files.2024.html
ITC-3004,USA,Virginia,VA,Prince Edward,Prince Edward,YES,US-CENSUS-FIPS,51147,US-FIPS:51147,STABLE_ID + LOCAL_QA_POLYGON,-78.45847663119665,37.243021,,https://www.census.gov/geographies/reference-files/time-series/geo/gazetteer-files.2024.html
ITC-3005,USA,Virginia,VA,Prince George,Prince George,YES,US-CENSUS-FIPS,51149,US-FIPS:51149,STABLE_ID + LOCAL_QA_POLYGON,-77.25130129644623,37.153765,,https://www.census.gov/geographies/reference-files/time-series/geo/gazetteer-files.2024.html
ITC-3006,USA,Virginia,VA,Prince William,Prince William,YES,US-CENSUS-FIPS,51153,US-FIPS:51153,STABLE_ID + LOCAL_QA_POLYGON,-77.44395881137893,38.720789499999995,,https://www.census.gov/geographies/reference-files/time-series/geo/gazetteer-files.2024.html
ITC-3007,USA,Virginia,VA,Pulaski,Pulaski,YES,US-CENSUS-FIPS,51155,US-FIPS:51155,STABLE_ID + LOCAL_QA_POLYGON,-80.72803539655962,37.061364499999996,,https://www.census.gov/geographies/reference-files/time-series/geo/gazetteer-files.2024.html
ITC-3008,USA,Virginia,VA,Radford,Radford,YES,US-CENSUS-FIPS,51750,US-FIPS:51750,STABLE_ID + LOCAL_QA_POLYGON,-80.56160153725112,37.120632,,https://www.census.gov/geographies/reference-files/time-series/geo/gazetteer-files.2024.html
ITC-3009,USA,Virginia,VA,Rappahannock,Rappahannock,YES,US-CENSUS-FIPS,51157,US-FIPS:51157,STABLE_ID + LOCAL_QA_POLYGON,-78.12886677552578,38.6927275,,https://www.census.gov/geographies/reference-files/time-series/geo/gazetteer-files.2024.html
ITC-3010,USA,Virginia,VA,Richmond,Richmond,YES,US-CENSUS-FIPS,51159,US-FIPS:51159,STABLE_ID + LOCAL_QA_POLYGON,-76.7422338295121,37.9590515,,https://www.census.gov/geographies/reference-files/time-series/geo/gazetteer-files.2024.html
ITC-3011,USA,Virginia,VA,Richmond City,Richmond City,YES,US-CENSUS-FIPS,51760,US-FIPS:51760,STABLE_ID + LOCAL_QA_POLYGON,-77.46030025148313,37.5231195,,https://www.census.gov/geographies/reference-files/time-series/geo/gazetteer-files.2024.html
ITC-3012,USA,Virginia,VA,Roanoke,Roanoke,YES,US-CENSUS-FIPS,51161,US-FIPS:51161,STABLE_ID + LOCAL_QA_POLYGON,-80.15029098908289,37.265073,,https://www.census.gov/geographies/reference-files/time-series/geo/gazetteer-files.2024.html
ITC-3013,USA,Virginia,VA,Roanoke City,Roanoke City,YES,US-CENSUS-FIPS,51770,US-FIPS:51770,STABLE_ID + LOCAL_QA_POLYGON,-79.95986320293717,37.273342,,https://www.census.gov/geographies/reference-files/time-series/geo/gazetteer-files.2024.html
ITC-3014,USA,Virginia,VA,Rockbridge,Rockbridge,YES,US-CENSUS-FIPS,51163,US-FIPS:51163,STABLE_ID + LOCAL_QA_POLYGON,-79.440800075476,37.809634,,https://www.census.gov/geographies/reference-files/time-series/geo/gazetteer-files.2024.html
ITC-3015,USA,Virginia,VA,Rockingham,Rockingham,YES,US-CENSUS-FIPS,51165,US-FIPS:51165,STABLE_ID + LOCAL_QA_POLYGON,-78.94025709190048,38.5286505,,https://www.census.gov/geographies/reference-files/time-series/geo/gazetteer-files.2024.html
ITC-3016,USA,Virginia,VA,Russell,Russell,YES,US-CENSUS-FIPS,51167,US-FIPS:51167,STABLE_ID + LOCAL_QA_POLYGON,-82.07458871483732,36.926467,,https://www.census.gov/geographies/reference-files/time-series/geo/gazetteer-files.2024.html
ITC-3017,USA,Virginia,VA,Salem,Salem,YES,US-CENSUS-FIPS,51775,US-FIPS:51775,STABLE_ID + LOCAL_QA_POLYGON,-80.06887937579793,37.289189,,https://www.census.gov/geographies/reference-files/time-series/geo/gazetteer-files.2024.html
ITC-3018,USA,Virginia,VA,Scott,Scott,YES,US-CENSUS-FIPS,51169,US-FIPS:51169,STABLE_ID + LOCAL_QA_POLYGON,-82.58267536455338,36.738648,,https://www.census.gov/geographies/reference-files/time-series/geo/gazetteer-files.2024.html
ITC-3019,USA,Virginia,VA,Shenandoah,Shenandoah,YES,US-CENSUS-FIPS,51171,US-FIPS:51171,STABLE_ID + LOCAL_QA_POLYGON,-78.5870198328337,38.8533975,,https://www.census.gov/geographies/reference-files/time-series/geo/gazetteer-files.2024.html
ITC-3020,USA,Virginia,VA,Smyth,Smyth,YES,US-CENSUS-FIPS,51173,US-FIPS:51173,STABLE_ID + LOCAL_QA_POLYGON,-81.51147236283221,36.824166500000004,,https://www.census.gov/geographies/reference-files/time-series/geo/gazetteer-files.2024.html
ITC-3021,USA,Virginia,VA,Southampton,Southampton,YES,US-CENSUS-FIPS,51175,US-FIPS:51175,STABLE_ID + LOCAL_QA_POLYGON,-77.09682948248931,36.770174999999995,,https://www.census.gov/geographies/reference-files/time-series/geo/gazetteer-files.2024.html
ITC-3022,USA,Virginia,VA,Spotsylvania,Spotsylvania,YES,US-CENSUS-FIPS,51177,US-FIPS:51177,STABLE_ID + LOCAL_QA_POLYGON,-77.65794228559444,38.1831745,,https://www.census.gov/geographies/reference-files/time-series/geo/gazetteer-files.2024.html
ITC-3023,USA,Virginia,VA,Stafford,Stafford,YES,US-CENSUS-FIPS,51179,US-FIPS:51179,STABLE_ID + LOCAL_QA_POLYGON,-77.4764835822244,38.4172315,,https://www.census.gov/geographies/reference-files/time-series/geo/gazetteer-files.2024.html
ITC-3024,USA,Virginia,VA,Staunton,Staunton,YES,US-CENSUS-FIPS,51790,US-FIPS:51790,STABLE_ID + LOCAL_QA_POLYGON,-79.06315543029953,38.1579495,,https://www.census.gov/geographies/reference-files/time-series/geo/gazetteer-files.2024.html
ITC-3025,USA,Virginia,VA,Suffolk,Suffolk,YES,US-CENSUS-FIPS,51800,US-FIPS:51800,STABLE_ID + LOCAL_QA_POLYGON,-76.62151096061726,36.732750499999995,,https://www.census.gov/geographies/reference-files/time-series/geo/gazetteer-files.2024.html
ITC-3026,USA,Virginia,VA,Surry,Surry,YES,US-CENSUS-FIPS,51181,US-FIPS:51181,STABLE_ID + LOCAL_QA_POLYGON,-76.89673976440565,37.096712,,https://www.census.gov/geographies/reference-files/time-series/geo/gazetteer-files.2024.html
ITC-3027,USA,Virginia,VA,Sussex,Sussex,YES,US-CENSUS-FIPS,51183,US-FIPS:51183,STABLE_ID + LOCAL_QA_POLYGON,-77.28175882681377,36.914212,,https://www.census.gov/geographies/reference-files/time-series/geo/gazetteer-files.2024.html
ITC-3028,USA,Virginia,VA,Tazewell,Tazewell,YES,US-CENSUS-FIPS,51185,US-FIPS:51185,STABLE_ID + LOCAL_QA_POLYGON,-81.60084364878892,37.134545,,https://www.census.gov/geographies/reference-files/time-series/geo/gazetteer-files.2024.html
ITC-3029,USA,Virginia,VA,Virginia Beach,Virginia Beach,YES,US-CENSUS-FIPS,51810,US-FIPS:51810,STABLE_ID + LOCAL_QA_POLYGON,-76.03463114486527,36.74258511703095,,https://www.census.gov/geographies/reference-files/time-series/geo/gazetteer-files.2024.html
ITC-3030,USA,Virginia,VA,Warren,Warren,YES,US-CENSUS-FIPS,51187,US-FIPS:51187,STABLE_ID + LOCAL_QA_POLYGON,-78.19719281122315,38.897788,,https://www.census.gov/geographies/reference-files/time-series/geo/gazetteer-files.2024.html
ITC-3031,USA,Virginia,VA,Washington,Washington,YES,US-CENSUS-FIPS,51191,US-FIPS:51191,STABLE_ID + LOCAL_QA_POLYGON,-81.95605194567435,36.760769999999994,,https://www.census.gov/geographies/reference-files/time-series/geo/gazetteer-files.2024.html
ITC-3032,USA,Virginia,VA,Waynesboro,Waynesboro,YES,US-CENSUS-FIPS,51820,US-FIPS:51820,STABLE_ID + LOCAL_QA_POLYGON,-78.90487049640095,38.06643749999999,,https://www.census.gov/geographies/reference-files/time-series/geo/gazetteer-files.2024.html
ITC-3033,USA,Virginia,VA,Westmoreland,Westmoreland,YES,US-CENSUS-FIPS,51193,US-FIPS:51193,STABLE_ID + LOCAL_QA_POLYGON,-76.73776720652066,38.1214595,,https://www.census.gov/geographies/reference-files/time-series/geo/gazetteer-files.2024.html
ITC-3034,USA,Virginia,VA,Williamsburg,Williamsburg,YES,US-CENSUS-FIPS,51830,US-FIPS:51830,STABLE_ID + LOCAL_QA_POLYGON,-76.6939783364669,37.279092500000004,,https://www.census.gov/geographies/reference-files/time-series/geo/gazetteer-files.2024.html
ITC-3035,USA,Virginia,VA,Winchester,Winchester,YES,US-CENSUS-FIPS,51840,US-FIPS:51840,STABLE_ID + LOCAL_QA_POLYGON,-78.17204024164167,39.170142,,https://www.census.gov/geographies/reference-files/time-series/geo/gazetteer-files.2024.html
ITC-3036,USA,Virginia,VA,Wise,Wise,YES,US-CENSUS-FIPS,51195,US-FIPS:51195,STABLE_ID + LOCAL_QA_POLYGON,-82.63080128099796,37.001366000000004,,https://www.census.gov/geographies/reference-files/time-series/geo/gazetteer-files.2024.html
ITC-3037,USA,Virginia,VA,Wythe,Wythe,YES,US-CENSUS-FIPS,51197,US-FIPS:51197,STABLE_ID + LOCAL_QA_POLYGON,-81.05603158962359,36.913281999999995,,https://www.census.gov/geographies/reference-files/time-series/geo/gazetteer-files.2024.html
ITC-3038,USA,Virginia,VA,York,York,YES,US-CENSUS-FIPS,51199,US-FIPS:51199,STABLE_ID + LOCAL_QA_POLYGON,-76.55112937682588,37.237066,,https://www.census.gov/geographies/reference-files/time-series/geo/gazetteer-files.2024.html
ITC-3039,USA,Washington,WA,Adams,Adams,YES,US-CENSUS-FIPS,53001,US-FIPS:53001,STABLE_ID + LOCAL_QA_POLYGON,-118.4708896216203,46.9998185,,https://www.census.gov/geographies/reference-files/time-series/geo/gazetteer-files.2024.html
ITC-3040,USA,Washington,WA,Asotin,Asotin,YES,US-CENSUS-FIPS,53003,US-FIPS:53003,STABLE_ID + LOCAL_QA_POLYGON,-117.187631093887,46.228427999999994,,https://www.census.gov/geographies/reference-files/time-series/geo/gazetteer-files.2024.html
ITC-3041,USA,Washington,WA,Benton,Benton,YES,US-CENSUS-FIPS,53005,US-FIPS:53005,STABLE_ID + LOCAL_QA_POLYGON,-119.57085318308407,46.281836,,https://www.census.gov/geographies/reference-files/time-series/geo/gazetteer-files.2024.html
ITC-3042,USA,Washington,WA,Chelan,Chelan,YES,US-CENSUS-FIPS,53007,US-FIPS:53007,STABLE_ID + LOCAL_QA_POLYGON,-120.5422983688443,47.906932,,https://www.census.gov/geographies/reference-files/time-series/geo/gazetteer-files.2024.html
ITC-3043,USA,Washington,WA,Clallam,Clallam,YES,US-CENSUS-FIPS,53009,US-FIPS:53009,STABLE_ID + LOCAL_QA_POLYGON,-124.07317700896614,48.129504999999995,,https://www.census.gov/geographies/reference-files/time-series/geo/gazetteer-files.2024.html
ITC-3044,USA,Washington,WA,Clark,Clark,YES,US-CENSUS-FIPS,53011,US-FIPS:53011,STABLE_ID + LOCAL_QA_POLYGON,-122.51627468472383,45.795919972807596,,https://www.census.gov/geographies/reference-files/time-series/geo/gazetteer-files.2024.html
ITC-3045,USA,Washington,WA,Columbia,Columbia,YES,US-CENSUS-FIPS,53013,US-FIPS:53013,STABLE_ID + LOCAL_QA_POLYGON,-117.92680220428608,46.313355,,https://www.census.gov/geographies/reference-files/time-series/geo/gazetteer-files.2024.html
ITC-3046,USA,Washington,WA,Cowlitz,Cowlitz,YES,US-CENSUS-FIPS,53015,US-FIPS:53015,STABLE_ID + LOCAL_QA_POLYGON,-122.61257735751096,46.116485499999996,,https://www.census.gov/geographies/reference-files/time-series/geo/gazetteer-files.2024.html
ITC-3047,USA,Washington,WA,Douglas,Douglas,YES,US-CENSUS-FIPS,53017,US-FIPS:53017,STABLE_ID + LOCAL_QA_POLYGON,-119.74908539650701,47.68516149999999,,https://www.census.gov/geographies/reference-files/time-series/geo/gazetteer-files.2024.html
ITC-3048,USA,Washington,WA,Ferry,Ferry,YES,US-CENSUS-FIPS,53019,US-FIPS:53019,STABLE_ID + LOCAL_QA_POLYGON,-118.52360557492818,48.414207999999995,,https://www.census.gov/geographies/reference-files/time-series/geo/gazetteer-files.2024.html
ITC-3049,USA,Washington,WA,Franklin,Franklin,YES,US-CENSUS-FIPS,53021,US-FIPS:53021,STABLE_ID + LOCAL_QA_POLYGON,-118.94315344873772,46.464519499999994,,https://www.census.gov/geographies/reference-files/time-series/geo/gazetteer-files.2024.html
ITC-3050,USA,Washington,WA,Garfield,Garfield,YES,US-CENSUS-FIPS,53023,US-FIPS:53023,STABLE_ID + LOCAL_QA_POLYGON,-117.54739713528681,46.3609565,,https://www.census.gov/geographies/reference-files/time-series/geo/gazetteer-files.2024.html
ITC-3051,USA,Washington,WA,Grant,Grant,YES,US-CENSUS-FIPS,53025,US-FIPS:53025,STABLE_ID + LOCAL_QA_POLYGON,-119.49199136273398,47.2840825,,https://www.census.gov/geographies/reference-files/time-series/geo/gazetteer-files.2024.html
ITC-3052,USA,Washington,WA,Grays Harbor,Grays Harbor,YES,US-CENSUS-FIPS,53027,US-FIPS:53027,STABLE_ID + LOCAL_QA_POLYGON,-123.84167319337963,47.1639859598409,,https://www.census.gov/geographies/reference-files/time-series/geo/gazetteer-files.2024.html
ITC-3053,USA,Washington,WA,Island,Island,YES,US-CENSUS-FIPS,53029,US-FIPS:53029,STABLE_ID + LOCAL_QA_POLYGON,-122.49885300179591,48.164252,,https://www.census.gov/geographies/reference-files/time-series/geo/gazetteer-files.2024.html
ITC-3054,USA,Washington,WA,Jefferson,Jefferson,YES,US-CENSUS-FIPS,53031,US-FIPS:53031,STABLE_ID + LOCAL_QA_POLYGON,-123.67193445173362,47.8289924216867,,https://www.census.gov/geographies/reference-files/time-series/geo/gazetteer-files.2024.html
ITC-3055,USA,Washington,WA,King,King,YES,US-CENSUS-FIPS,53033,US-FIPS:53033,STABLE_ID + LOCAL_QA_POLYGON,-121.87414382323367,47.4321795,,https://www.census.gov/geographies/reference-files/time-series/geo/gazetteer-files.2024.html
ITC-3056,USA,Washington,WA,Kitsap,Kitsap,YES,US-CENSUS-FIPS,53035,US-FIPS:53035,STABLE_ID + LOCAL_QA_POLYGON,-122.63116001769356,47.67256005083845,,https://www.census.gov/geographies/reference-files/time-series/geo/gazetteer-files.2024.html
ITC-3057,USA,Washington,WA,Kittitas,Kittitas,YES,US-CENSUS-FIPS,53037,US-FIPS:53037,STABLE_ID + LOCAL_QA_POLYGON,-120.66201401729082,47.165229,,https://www.census.gov/geographies/reference-files/time-series/geo/gazetteer-files.2024.html
ITC-3058,USA,Washington,WA,Klickitat,Klickitat,YES,US-CENSUS-FIPS,53039,US-FIPS:53039,STABLE_ID + LOCAL_QA_POLYGON,-120.77300470445947,45.82620281341945,,https://www.census.gov/geographies/reference-files/time-series/geo/gazetteer-files.2024.html
ITC-3059,USA,Washington,WA,Lewis,Lewis,YES,US-CENSUS-FIPS,53041,US-FIPS:53041,STABLE_ID + LOCAL_QA_POLYGON,-122.38427436587031,46.589034999999996,,https://www.census.gov/geographies/reference-files/time-series/geo/gazetteer-files.2024.html
ITC-3060,USA,Washington,WA,Lincoln,Lincoln,YES,US-CENSUS-FIPS,53043,US-FIPS:53043,STABLE_ID + LOCAL_QA_POLYGON,-118.39965032357864,47.597215,,https://www.census.gov/geographies/reference-files/time-series/geo/gazetteer-files.2024.html
ITC-3061,USA,Washington,WA,Mason,Mason,YES,US-CENSUS-FIPS,53045,US-FIPS:53045,STABLE_ID + LOCAL_QA_POLYGON,-123.16480719009812,47.3457688685493,,https://www.census.gov/geographies/reference-files/time-series/geo/gazetteer-files.2024.html
ITC-3062,USA,Washington,WA,Okanogan,Okanogan,YES,US-CENSUS-FIPS,53047,US-FIPS:53047,STABLE_ID + LOCAL_QA_POLYGON,-119.7388146718431,48.47081,,https://www.census.gov/geographies/reference-files/time-series/geo/gazetteer-files.2024.html
ITC-3063,USA,Washington,WA,Pacific,Pacific,YES,US-CENSUS-FIPS,53049,US-FIPS:53049,STABLE_ID + LOCAL_QA_POLYGON,-123.63359819818415,46.515673290527346,,https://www.census.gov/geographies/reference-files/time-series/geo/gazetteer-files.2024.html
ITC-3064,USA,Washington,WA,Pend Oreille,Pend Oreille,YES,US-CENSUS-FIPS,53051,US-FIPS:53051,STABLE_ID + LOCAL_QA_POLYGON,-117.26811686229945,48.5343994994811,,https://www.census.gov/geographies/reference-files/time-series/geo/gazetteer-files.2024.html
ITC-3065,USA,Washington,WA,Pierce,Pierce,YES,US-CENSUS-FIPS,53053,US-FIPS:53053,STABLE_ID + LOCAL_QA_POLYGON,-122.03407672331555,47.0240795,,https://www.census.gov/geographies/reference-files/time-series/geo/gazetteer-files.2024.html
ITC-3066,USA,Washington,WA,San Juan,San Juan,YES,US-CENSUS-FIPS,53055,US-FIPS:53055,STABLE_ID + LOCAL_QA_POLYGON,-123.08175368200367,48.537874221801744,,https://www.census.gov/geographies/reference-files/time-series/geo/gazetteer-files.2024.html
ITC-3067,USA,Washington,WA,Skagit,Skagit,YES,US-CENSUS-FIPS,53057,US-FIPS:53057,STABLE_ID + LOCAL_QA_POLYGON,-121.76396493168394,48.476667638847644,,https://www.census.gov/geographies/reference-files/time-series/geo/gazetteer-files.2024.html
ITC-3068,USA,Washington,WA,Skamania,Skamania,YES,US-CENSUS-FIPS,53059,US-FIPS:53059,STABLE_ID + LOCAL_QA_POLYGON,-121.9289714305414,45.97682449999999,,https://www.census.gov/geographies/reference-files/time-series/geo/gazetteer-files.2024.html
ITC-3069,USA,Washington,WA,Snohomish,Snohomish,YES,US-CENSUS-FIPS,53061,US-FIPS:53061,STABLE_ID + LOCAL_QA_POLYGON,-121.70078395592341,48.037164554542244,,https://www.census.gov/geographies/reference-files/time-series/geo/gazetteer-files.2024.html
ITC-3070,USA,Washington,WA,Spokane,Spokane,YES,US-CENSUS-FIPS,53063,US-FIPS:53063,STABLE_ID + LOCAL_QA_POLYGON,-117.43038469226408,47.6408355691143,,https://www.census.gov/geographies/reference-files/time-series/geo/gazetteer-files.2024.html
ITC-3071,USA,Washington,WA,Stevens,Stevens,YES,US-CENSUS-FIPS,53065,US-FIPS:53065,STABLE_ID + LOCAL_QA_POLYGON,-117.8486568637388,48.3992085,,https://www.census.gov/geographies/reference-files/time-series/geo/gazetteer-files.2024.html
ITC-3072,USA,Washington,WA,Thurston,Thurston,YES,US-CENSUS-FIPS,53067,US-FIPS:53067,STABLE_ID + LOCAL_QA_POLYGON,-122.89750499112762,46.976384499999995,,https://www.census.gov/geographies/reference-files/time-series/geo/gazetteer-files.2024.html
ITC-3073,USA,Washington,WA,Wahkiakum,Wahkiakum,YES,US-CENSUS-FIPS,53069,US-FIPS:53069,STABLE_ID + LOCAL_QA_POLYGON,-123.3430042964724,46.26515391881205,,https://www.census.gov/geographies/reference-files/time-series/geo/gazetteer-files.2024.html
ITC-3074,USA,Washington,WA,Walla Walla,Walla Walla,YES,US-CENSUS-FIPS,53071,US-FIPS:53071,STABLE_ID + LOCAL_QA_POLYGON,-118.50425747376534,46.303563499999996,,https://www.census.gov/geographies/reference-files/time-series/geo/gazetteer-files.2024.html
ITC-3075,USA,Washington,WA,Whatcom,Whatcom,YES,US-CENSUS-FIPS,53073,US-FIPS:53073,STABLE_ID + LOCAL_QA_POLYGON,-121.7265035619898,48.82162099999999,,https://www.census.gov/geographies/reference-files/time-series/geo/gazetteer-files.2024.html
ITC-3076,USA,Washington,WA,Whitman,Whitman,YES,US-CENSUS-FIPS,53075,US-FIPS:53075,STABLE_ID + LOCAL_QA_POLYGON,-117.52164286960537,46.839101,,https://www.census.gov/geographies/reference-files/time-series/geo/gazetteer-files.2024.html
ITC-3077,USA,Washington,WA,Yakima,Yakima,YES,US-CENSUS-FIPS,53077,US-FIPS:53077,STABLE_ID + LOCAL_QA_POLYGON,-120.64809440276305,46.563773,,https://www.census.gov/geographies/reference-files/time-series/geo/gazetteer-files.2024.html
ITC-3078,USA,West Virginia,WV,Barbour,Barbour,YES,US-CENSUS-FIPS,54001,US-FIPS:54001,STABLE_ID + LOCAL_QA_POLYGON,-80.02736945010531,39.1252485,,https://www.census.gov/geographies/reference-files/time-series/geo/gazetteer-files.2024.html
ITC-3079,USA,West Virginia,WV,Berkeley,Berkeley,YES,US-CENSUS-FIPS,54003,US-FIPS:54003,STABLE_ID + LOCAL_QA_POLYGON,-78.02606110396216,39.443834499999994,,https://www.census.gov/geographies/reference-files/time-series/geo/gazetteer-files.2024.html
ITC-3080,USA,West Virginia,WV,Boone,Boone,YES,US-CENSUS-FIPS,54005,US-FIPS:54005,STABLE_ID + LOCAL_QA_POLYGON,-81.71419394533191,37.997406999999995,,https://www.census.gov/geographies/reference-files/time-series/geo/gazetteer-files.2024.html
ITC-3081,USA,West Virginia,WV,Braxton,Braxton,YES,US-CENSUS-FIPS,54007,US-FIPS:54007,STABLE_ID + LOCAL_QA_POLYGON,-80.73453512237626,38.707751,,https://www.census.gov/geographies/reference-files/time-series/geo/gazetteer-files.2024.html
ITC-3082,USA,West Virginia,WV,Brooke,Brooke,YES,US-CENSUS-FIPS,54009,US-FIPS:54009,STABLE_ID + LOCAL_QA_POLYGON,-80.56784899500255,40.282170324907746,,https://www.census.gov/geographies/reference-files/time-series/geo/gazetteer-files.2024.html
ITC-3083,USA,West Virginia,WV,Cabell,Cabell,YES,US-CENSUS-FIPS,54011,US-FIPS:54011,STABLE_ID + LOCAL_QA_POLYGON,-82.27682174071418,38.412502918661346,,https://www.census.gov/geographies/reference-files/time-series/geo/gazetteer-files.2024.html
ITC-3084,USA,West Virginia,WV,Calhoun,Calhoun,YES,US-CENSUS-FIPS,54013,US-FIPS:54013,STABLE_ID + LOCAL_QA_POLYGON,-81.11418158661898,38.829577,,https://www.census.gov/geographies/reference-files/time-series/geo/gazetteer-files.2024.html
ITC-3085,USA,West Virginia,WV,Clay,Clay,YES,US-CENSUS-FIPS,54015,US-FIPS:54015,STABLE_ID + LOCAL_QA_POLYGON,-81.05841643413095,38.4669545,,https://www.census.gov/geographies/reference-files/time-series/geo/gazetteer-files.2024.html
ITC-3086,USA,West Virginia,WV,Doddridge,Doddridge,YES,US-CENSUS-FIPS,54017,US-FIPS:54017,STABLE_ID + LOCAL_QA_POLYGON,-80.74863308756477,39.2709375,,https://www.census.gov/geographies/reference-files/time-series/geo/gazetteer-files.2024.html
ITC-3087,USA,West Virginia,WV,Fayette,Fayette,YES,US-CENSUS-FIPS,54019,US-FIPS:54019,STABLE_ID + LOCAL_QA_POLYGON,-81.09612880009861,38.042253,,https://www.census.gov/geographies/reference-files/time-series/geo/gazetteer-files.2024.html
ITC-3088,USA,West Virginia,WV,Gilmer,Gilmer,YES,US-CENSUS-FIPS,54021,US-FIPS:54021,STABLE_ID + LOCAL_QA_POLYGON,-80.81211232602637,38.9125605,,https://www.census.gov/geographies/reference-files/time-series/geo/gazetteer-files.2024.html
ITC-3089,USA,West Virginia,WV,Grant,Grant,YES,US-CENSUS-FIPS,54023,US-FIPS:54023,STABLE_ID + LOCAL_QA_POLYGON,-79.18825778111446,39.071229,,https://www.census.gov/geographies/reference-files/time-series/geo/gazetteer-files.2024.html
ITC-3090,USA,West Virginia,WV,Greenbrier,Greenbrier,YES,US-CENSUS-FIPS,54025,US-FIPS:54025,STABLE_ID + LOCAL_QA_POLYGON,-80.40730155388536,37.9724135,,https://www.census.gov/geographies/reference-files/time-series/geo/gazetteer-files.2024.html
ITC-3091,USA,West Virginia,WV,Hampshire,Hampshire,YES,US-CENSUS-FIPS,54027,US-FIPS:54027,STABLE_ID + LOCAL_QA_POLYGON,-78.63225053825212,39.312685,,https://www.census.gov/geographies/reference-files/time-series/geo/gazetteer-files.2024.html
ITC-3092,USA,West Virginia,WV,Hancock,Hancock,YES,US-CENSUS-FIPS,54029,US-FIPS:54029,STABLE_ID + LOCAL_QA_POLYGON,-80.57034013992691,40.5169341324799,,https://www.census.gov/geographies/reference-files/time-series/geo/gazetteer-files.2024.html
ITC-3093,USA,West Virginia,WV,Hardy,Hardy,YES,US-CENSUS-FIPS,54031,US-FIPS:54031,STABLE_ID + LOCAL_QA_POLYGON,-78.82774157195504,38.995338,,https://www.census.gov/geographies/reference-files/time-series/geo/gazetteer-files.2024.html
ITC-3094,USA,West Virginia,WV,Harrison,Harrison,YES,US-CENSUS-FIPS,54033,US-FIPS:54033,STABLE_ID + LOCAL_QA_POLYGON,-80.39639857065043,39.284986499999995,,https://www.census.gov/geographies/reference-files/time-series/geo/gazetteer-files.2024.html
ITC-3095,USA,West Virginia,WV,Jackson,Jackson,YES,US-CENSUS-FIPS,54035,US-FIPS:54035,STABLE_ID + LOCAL_QA_POLYGON,-81.69582475561174,38.825308,,https://www.census.gov/geographies/reference-files/time-series/geo/gazetteer-files.2024.html
ITC-3096,USA,West Virginia,WV,Jefferson,Jefferson,YES,US-CENSUS-FIPS,54037,US-FIPS:54037,STABLE_ID + LOCAL_QA_POLYGON,-77.86087863800488,39.3158825,,https://www.census.gov/geographies/reference-files/time-series/geo/gazetteer-files.2024.html
ITC-3097,USA,West Virginia,WV,Kanawha,Kanawha,YES,US-CENSUS-FIPS,54039,US-FIPS:54039,STABLE_ID + LOCAL_QA_POLYGON,-81.52278275981803,38.295587499999996,,https://www.census.gov/geographies/reference-files/time-series/geo/gazetteer-files.2024.html
ITC-3098,USA,West Virginia,WV,Lewis,Lewis,YES,US-CENSUS-FIPS,54041,US-FIPS:54041,STABLE_ID + LOCAL_QA_POLYGON,-80.49344121532332,38.945095499999994,,https://www.census.gov/geographies/reference-files/time-series/geo/gazetteer-files.2024.html
ITC-3099,USA,West Virginia,WV,Lincoln,Lincoln,YES,US-CENSUS-FIPS,54043,US-FIPS:54043,STABLE_ID + LOCAL_QA_POLYGON,-82.08368595352009,38.160436000000004,,https://www.census.gov/geographies/reference-files/time-series/geo/gazetteer-files.2024.html
ITC-3100,USA,West Virginia,WV,Logan,Logan,YES,US-CENSUS-FIPS,54045,US-FIPS:54045,STABLE_ID + LOCAL_QA_POLYGON,-81.94267331396594,37.8333485,,https://www.census.gov/geographies/reference-files/time-series/geo/gazetteer-files.2024.html
ITC-3101,USA,West Virginia,WV,Marion,Marion,YES,US-CENSUS-FIPS,54049,US-FIPS:54049,STABLE_ID + LOCAL_QA_POLYGON,-80.26370517593105,39.5144085,,https://www.census.gov/geographies/reference-files/time-series/geo/gazetteer-files.2024.html
ITC-3102,USA,West Virginia,WV,Marshall,Marshall,YES,US-CENSUS-FIPS,54051,US-FIPS:54051,STABLE_ID + LOCAL_QA_POLYGON,-80.65511415501138,39.8752274312093,,https://www.census.gov/geographies/reference-files/time-series/geo/gazetteer-files.2024.html
ITC-3103,USA,West Virginia,WV,Mason,Mason,YES,US-CENSUS-FIPS,54053,US-FIPS:54053,STABLE_ID + LOCAL_QA_POLYGON,-81.99945141575735,38.7481775,,https://www.census.gov/geographies/reference-files/time-series/geo/gazetteer-files.2024.html
ITC-3104,USA,West Virginia,WV,McDowell,McDowell,YES,US-CENSUS-FIPS,54047,US-FIPS:54047,STABLE_ID + LOCAL_QA_POLYGON,-81.6365079796619,37.3760125,,https://www.census.gov/geographies/reference-files/time-series/geo/gazetteer-files.2024.html
ITC-3105,USA,West Virginia,WV,Mercer,Mercer,YES,US-CENSUS-FIPS,54055,US-FIPS:54055,STABLE_ID + LOCAL_QA_POLYGON,-81.07721285783376,37.415535500000004,,https://www.census.gov/geographies/reference-files/time-series/geo/gazetteer-files.2024.html
ITC-3106,USA,West Virginia,WV,Mineral,Mineral,YES,US-CENSUS-FIPS,54057,US-FIPS:54057,STABLE_ID + LOCAL_QA_POLYGON,-78.86430982775262,39.443093,,https://www.census.gov/geographies/reference-files/time-series/geo/gazetteer-files.2024.html
ITC-3107,USA,West Virginia,WV,Mingo,Mingo,YES,US-CENSUS-FIPS,54059,US-FIPS:54059,STABLE_ID + LOCAL_QA_POLYGON,-82.2154623309699,37.743090499999994,,https://www.census.gov/geographies/reference-files/time-series/geo/gazetteer-files.2024.html
ITC-3108,USA,West Virginia,WV,Monongalia,Monongalia,YES,US-CENSUS-FIPS,54061,US-FIPS:54061,STABLE_ID + LOCAL_QA_POLYGON,-79.96953858245135,39.578274,,https://www.census.gov/geographies/reference-files/time-series/geo/gazetteer-files.2024.html
ITC-3109,USA,West Virginia,WV,Monroe,Monroe,YES,US-CENSUS-FIPS,54063,US-FIPS:54063,STABLE_ID + LOCAL_QA_POLYGON,-80.54665283176249,37.5529715,,https://www.census.gov/geographies/reference-files/time-series/geo/gazetteer-files.2024.html
ITC-3110,USA,West Virginia,WV,Morgan,Morgan,YES,US-CENSUS-FIPS,54065,US-FIPS:54065,STABLE_ID + LOCAL_QA_POLYGON,-78.29872882610351,39.54367726904485,,https://www.census.gov/geographies/reference-files/time-series/geo/gazetteer-files.2024.html
ITC-3111,USA,West Virginia,WV,Nicholas,Nicholas,YES,US-CENSUS-FIPS,54067,US-FIPS:54067,STABLE_ID + LOCAL_QA_POLYGON,-80.82364081224499,38.3215345,,https://www.census.gov/geographies/reference-files/time-series/geo/gazetteer-files.2024.html
ITC-3112,USA,West Virginia,WV,Ohio,Ohio,YES,US-CENSUS-FIPS,54069,US-FIPS:54069,STABLE_ID + LOCAL_QA_POLYGON,-80.61422758085916,40.1008628884242,,https://www.census.gov/geographies/reference-files/time-series/geo/gazetteer-files.2024.html
ITC-3113,USA,West Virginia,WV,Pendleton,Pendleton,YES,US-CENSUS-FIPS,54071,US-FIPS:54071,STABLE_ID + LOCAL_QA_POLYGON,-79.3410971062992,38.685013,,https://www.census.gov/geographies/reference-files/time-series/geo/gazetteer-files.2024.html
ITC-3114,USA,West Virginia,WV,Pleasants,Pleasants,YES,US-CENSUS-FIPS,54073,US-FIPS:54073,STABLE_ID + LOCAL_QA_POLYGON,-81.15584762761253,39.372457999999995,,https://www.census.gov/geographies/reference-files/time-series/geo/gazetteer-files.2024.html
ITC-3115,USA,West Virginia,WV,Pocahontas,Pocahontas,YES,US-CENSUS-FIPS,54075,US-FIPS:54075,STABLE_ID + LOCAL_QA_POLYGON,-79.98600995667846,38.3877635,,https://www.census.gov/geographies/reference-files/time-series/geo/gazetteer-files.2024.html
ITC-3116,USA,West Virginia,WV,Preston,Preston,YES,US-CENSUS-FIPS,54077,US-FIPS:54077,STABLE_ID + LOCAL_QA_POLYGON,-79.6906902162629,39.467925228125246,,https://www.census.gov/geographies/reference-files/time-series/geo/gazetteer-files.2024.html
ITC-3117,USA,West Virginia,WV,Putnam,Putnam,YES,US-CENSUS-FIPS,54079,US-FIPS:54079,STABLE_ID + LOCAL_QA_POLYGON,-81.88967633354733,38.475116,,https://www.census.gov/geographies/reference-files/time-series/geo/gazetteer-files.2024.html
ITC-3118,USA,West Virginia,WV,Raleigh,Raleigh,YES,US-CENSUS-FIPS,54081,US-FIPS:54081,STABLE_ID + LOCAL_QA_POLYGON,-81.17423645654277,37.747506,,https://www.census.gov/geographies/reference-files/time-series/geo/gazetteer-files.2024.html
ITC-3119,USA,West Virginia,WV,Randolph,Randolph,YES,US-CENSUS-FIPS,54083,US-FIPS:54083,STABLE_ID + LOCAL_QA_POLYGON,-79.82802467158415,38.751912000000004,,https://www.census.gov/geographies/reference-files/time-series/geo/gazetteer-files.2024.html
ITC-3120,USA,West Virginia,WV,Ritchie,Ritchie,YES,US-CENSUS-FIPS,54085,US-FIPS:54085,STABLE_ID + LOCAL_QA_POLYGON,-81.08295022539662,39.196771999999996,,https://www.census.gov/geographies/reference-files/time-series/geo/gazetteer-files.2024.html
ITC-3121,USA,West Virginia,WV,Roane,Roane,YES,US-CENSUS-FIPS,54087,US-FIPS:54087,STABLE_ID + LOCAL_QA_POLYGON,-81.35140748963687,38.7313,,https://www.census.gov/geographies/reference-files/time-series/geo/gazetteer-files.2024.html
ITC-3122,USA,West Virginia,WV,Summers,Summers,YES,US-CENSUS-FIPS,54089,US-FIPS:54089,STABLE_ID + LOCAL_QA_POLYGON,-80.87782749803247,37.64860899999999,,https://www.census.gov/geographies/reference-files/time-series/geo/gazetteer-files.2024.html
ITC-3123,USA,West Virginia,WV,Taylor,Taylor,YES,US-CENSUS-FIPS,54091,US-FIPS:54091,STABLE_ID + LOCAL_QA_POLYGON,-80.04868188592823,39.3521035,,https://www.census.gov/geographies/reference-files/time-series/geo/gazetteer-files.2024.html
ITC-3124,USA,West Virginia,WV,Tucker,Tucker,YES,US-CENSUS-FIPS,54093,US-FIPS:54093,STABLE_ID + LOCAL_QA_POLYGON,-79.5764860537225,39.117903,,https://www.census.gov/geographies/reference-files/time-series/geo/gazetteer-files.2024.html
ITC-3125,USA,West Virginia,WV,Tyler,Tyler,YES,US-CENSUS-FIPS,54095,US-FIPS:54095,STABLE_ID + LOCAL_QA_POLYGON,-80.82179473335066,39.451709,,https://www.census.gov/geographies/reference-files/time-series/geo/gazetteer-files.2024.html
ITC-3126,USA,West Virginia,WV,Upshur,Upshur,YES,US-CENSUS-FIPS,54097,US-FIPS:54097,STABLE_ID + LOCAL_QA_POLYGON,-80.2336995761244,38.8991805,,https://www.census.gov/geographies/reference-files/time-series/geo/gazetteer-files.2024.html
ITC-3127,USA,West Virginia,WV,Wayne,Wayne,YES,US-CENSUS-FIPS,54099,US-FIPS:54099,STABLE_ID + LOCAL_QA_POLYGON,-82.43914277130617,38.132322,,https://www.census.gov/geographies/reference-files/time-series/geo/gazetteer-files.2024.html
ITC-3128,USA,West Virginia,WV,Webster,Webster,YES,US-CENSUS-FIPS,54101,US-FIPS:54101,STABLE_ID + LOCAL_QA_POLYGON,-80.43528903621544,38.472712,,https://www.census.gov/geographies/reference-files/time-series/geo/gazetteer-files.2024.html
ITC-3129,USA,West Virginia,WV,Wetzel,Wetzel,YES,US-CENSUS-FIPS,54103,US-FIPS:54103,STABLE_ID + LOCAL_QA_POLYGON,-80.6600920176092,39.575379,,https://www.census.gov/geographies/reference-files/time-series/geo/gazetteer-files.2024.html
ITC-3130,USA,West Virginia,WV,Wirt,Wirt,YES,US-CENSUS-FIPS,54105,US-FIPS:54105,STABLE_ID + LOCAL_QA_POLYGON,-81.40700990618623,39.0403635,,https://www.census.gov/geographies/reference-files/time-series/geo/gazetteer-files.2024.html
ITC-3131,USA,West Virginia,WV,Wood,Wood,YES,US-CENSUS-FIPS,54107,US-FIPS:54107,STABLE_ID + LOCAL_QA_POLYGON,-81.5056612681932,39.217985079790694,,https://www.census.gov/geographies/reference-files/time-series/geo/gazetteer-files.2024.html
ITC-3132,USA,West Virginia,WV,Wyoming,Wyoming,YES,US-CENSUS-FIPS,54109,US-FIPS:54109,STABLE_ID + LOCAL_QA_POLYGON,-81.57122353481871,37.604946999999996,,https://www.census.gov/geographies/reference-files/time-series/geo/gazetteer-files.2024.html
ITC-3133,USA,Wisconsin,WI,Adams,Adams,YES,US-CENSUS-FIPS,55001,US-FIPS:55001,STABLE_ID + LOCAL_QA_POLYGON,-89.77483598563612,43.9453265,,https://www.census.gov/geographies/reference-files/time-series/geo/gazetteer-files.2024.html
ITC-3134,USA,Wisconsin,WI,Ashland,Ashland,YES,US-CENSUS-FIPS,55003,US-FIPS:55003,STABLE_ID + LOCAL_QA_POLYGON,-90.73671233263542,46.339133000000004,,https://www.census.gov/geographies/reference-files/time-series/geo/gazetteer-files.2024.html
ITC-3135,USA,Wisconsin,WI,Barron,Barron,YES,US-CENSUS-FIPS,55005,US-FIPS:55005,STABLE_ID + LOCAL_QA_POLYGON,-91.84858260679219,45.4266715,,https://www.census.gov/geographies/reference-files/time-series/geo/gazetteer-files.2024.html
ITC-3136,USA,Wisconsin,WI,Bayfield,Bayfield,YES,US-CENSUS-FIPS,55007,US-FIPS:55007,STABLE_ID + LOCAL_QA_POLYGON,-91.24035632914425,46.5576545,,https://www.census.gov/geographies/reference-files/time-series/geo/gazetteer-files.2024.html
ITC-3137,USA,Wisconsin,WI,Brown,Brown,YES,US-CENSUS-FIPS,55009,US-FIPS:55009,STABLE_ID + LOCAL_QA_POLYGON,-87.97769376686827,44.4656535,,https://www.census.gov/geographies/reference-files/time-series/geo/gazetteer-files.2024.html
ITC-3138,USA,Wisconsin,WI,Buffalo,Buffalo,YES,US-CENSUS-FIPS,55011,US-FIPS:55011,STABLE_ID + LOCAL_QA_POLYGON,-91.72133855752284,44.310891999999996,,https://www.census.gov/geographies/reference-files/time-series/geo/gazetteer-files.2024.html
ITC-3139,USA,Wisconsin,WI,Burnett,Burnett,YES,US-CENSUS-FIPS,55013,US-FIPS:55013,STABLE_ID + LOCAL_QA_POLYGON,-92.36403215865388,45.898236,,https://www.census.gov/geographies/reference-files/time-series/geo/gazetteer-files.2024.html
ITC-3140,USA,Wisconsin,WI,Calumet,Calumet,YES,US-CENSUS-FIPS,55015,US-FIPS:55015,STABLE_ID + LOCAL_QA_POLYGON,-88.2236130910464,44.0687145,,https://www.census.gov/geographies/reference-files/time-series/geo/gazetteer-files.2024.html
ITC-3141,USA,Wisconsin,WI,Chippewa,Chippewa,YES,US-CENSUS-FIPS,55017,US-FIPS:55017,STABLE_ID + LOCAL_QA_POLYGON,-91.2873982790421,45.059670499999996,,https://www.census.gov/geographies/reference-files/time-series/geo/gazetteer-files.2024.html
ITC-3142,USA,Wisconsin,WI,Clark,Clark,YES,US-CENSUS-FIPS,55019,US-FIPS:55019,STABLE_ID + LOCAL_QA_POLYGON,-90.61920605818852,44.7277105,,https://www.census.gov/geographies/reference-files/time-series/geo/gazetteer-files.2024.html
ITC-3143,USA,Wisconsin,WI,Columbia,Columbia,YES,US-CENSUS-FIPS,55021,US-FIPS:55021,STABLE_ID + LOCAL_QA_POLYGON,-89.3034066344101,43.466023,,https://www.census.gov/geographies/reference-files/time-series/geo/gazetteer-files.2024.html
ITC-3144,USA,Wisconsin,WI,Crawford,Crawford,YES,US-CENSUS-FIPS,55023,US-FIPS:55023,STABLE_ID + LOCAL_QA_POLYGON,-90.8877580814905,43.2061067086551,,https://www.census.gov/geographies/reference-files/time-series/geo/gazetteer-files.2024.html
ITC-3145,USA,Wisconsin,WI,Dane,Dane,YES,US-CENSUS-FIPS,55025,US-FIPS:55025,STABLE_ID + LOCAL_QA_POLYGON,-89.4247024524834,43.065753,,https://www.census.gov/geographies/reference-files/time-series/geo/gazetteer-files.2024.html
ITC-3146,USA,Wisconsin,WI,Dodge,Dodge,YES,US-CENSUS-FIPS,55027,US-FIPS:55027,STABLE_ID + LOCAL_QA_POLYGON,-88.70313292030824,43.416543,,https://www.census.gov/geographies/reference-files/time-series/geo/gazetteer-files.2024.html
ITC-3147,USA,Wisconsin,WI,Door,Door,YES,US-CENSUS-FIPS,55029,US-FIPS:55029,STABLE_ID + LOCAL_QA_POLYGON,-87.27040177940418,44.9845740181058,,https://www.census.gov/geographies/reference-files/time-series/geo/gazetteer-files.2024.html
ITC-3148,USA,Wisconsin,WI,Douglas,Douglas,YES,US-CENSUS-FIPS,55031,US-FIPS:55031,STABLE_ID + LOCAL_QA_POLYGON,-91.92218943180376,46.446527,,https://www.census.gov/geographies/reference-files/time-series/geo/gazetteer-files.2024.html
ITC-3149,USA,Wisconsin,WI,Dunn,Dunn,YES,US-CENSUS-FIPS,55033,US-FIPS:55033,STABLE_ID + LOCAL_QA_POLYGON,-91.89322018490125,44.947607500000004,,https://www.census.gov/geographies/reference-files/time-series/geo/gazetteer-files.2024.html
ITC-3150,USA,Wisconsin,WI,Eau Claire,Eau Claire,YES,US-CENSUS-FIPS,55035,US-FIPS:55035,STABLE_ID + LOCAL_QA_POLYGON,-91.28591990339999,44.726924999999994,,https://www.census.gov/geographies/reference-files/time-series/geo/gazetteer-files.2024.html
ITC-3151,USA,Wisconsin,WI,Florence,Florence,YES,US-CENSUS-FIPS,55037,US-FIPS:55037,STABLE_ID + LOCAL_QA_POLYGON,-88.3748714676112,45.8685195,,https://www.census.gov/geographies/reference-files/time-series/geo/gazetteer-files.2024.html
ITC-3152,USA,Wisconsin,WI,Fond du Lac,Fond du Lac,YES,US-CENSUS-FIPS,55039,US-FIPS:55039,STABLE_ID + LOCAL_QA_POLYGON,-88.52289030283174,43.744466,,https://www.census.gov/geographies/reference-files/time-series/geo/gazetteer-files.2024.html
ITC-3153,USA,Wisconsin,WI,Forest,Forest,YES,US-CENSUS-FIPS,55041,US-FIPS:55041,STABLE_ID + LOCAL_QA_POLYGON,-88.86157617816498,45.736197,,https://www.census.gov/geographies/reference-files/time-series/geo/gazetteer-files.2024.html
ITC-3154,USA,Wisconsin,WI,Grant,Grant,YES,US-CENSUS-FIPS,55043,US-FIPS:55043,STABLE_ID + LOCAL_QA_POLYGON,-90.76205026761434,42.858062,,https://www.census.gov/geographies/reference-files/time-series/geo/gazetteer-files.2024.html
ITC-3155,USA,Wisconsin,WI,Green,Green,YES,US-CENSUS-FIPS,55045,US-FIPS:55045,STABLE_ID + LOCAL_QA_POLYGON,-89.60239443010404,42.677663499999994,,https://www.census.gov/geographies/reference-files/time-series/geo/gazetteer-files.2024.html
ITC-3156,USA,Wisconsin,WI,Green Lake,Green Lake,YES,US-CENSUS-FIPS,55047,US-FIPS:55047,STABLE_ID + LOCAL_QA_POLYGON,-89.02684656835275,43.807571499999995,,https://www.census.gov/geographies/reference-files/time-series/geo/gazetteer-files.2024.html
ITC-3157,USA,Wisconsin,WI,Iowa,Iowa,YES,US-CENSUS-FIPS,55049,US-FIPS:55049,STABLE_ID + LOCAL_QA_POLYGON,-90.13346398980646,43.0172225,,https://www.census.gov/geographies/reference-files/time-series/geo/gazetteer-files.2024.html
ITC-3158,USA,Wisconsin,WI,Iron,Iron,YES,US-CENSUS-FIPS,55051,US-FIPS:55051,STABLE_ID + LOCAL_QA_POLYGON,-90.24019176892074,46.28610544641635,,https://www.census.gov/geographies/reference-files/time-series/geo/gazetteer-files.2024.html
ITC-3159,USA,Wisconsin,WI,Jackson,Jackson,YES,US-CENSUS-FIPS,55053,US-FIPS:55053,STABLE_ID + LOCAL_QA_POLYGON,-90.7417442853283,44.333270999999996,,https://www.census.gov/geographies/reference-files/time-series/geo/gazetteer-files.2024.html
ITC-3160,USA,Wisconsin,WI,Jefferson,Jefferson,YES,US-CENSUS-FIPS,55055,US-FIPS:55055,STABLE_ID + LOCAL_QA_POLYGON,-88.77684321501093,43.0213925,,https://www.census.gov/geographies/reference-files/time-series/geo/gazetteer-files.2024.html
ITC-3161,USA,Wisconsin,WI,Juneau,Juneau,YES,US-CENSUS-FIPS,55057,US-FIPS:55057,STABLE_ID + LOCAL_QA_POLYGON,-90.13210409948613,43.9453265,,https://www.census.gov/geographies/reference-files/time-series/geo/gazetteer-files.2024.html
ITC-3162,USA,Wisconsin,WI,Kenosha,Kenosha,YES,US-CENSUS-FIPS,55059,US-FIPS:55059,STABLE_ID + LOCAL_QA_POLYGON,-88.05913584774015,42.581149778218006,,https://www.census.gov/geographies/reference-files/time-series/geo/gazetteer-files.2024.html
ITC-3163,USA,Wisconsin,WI,Kewaunee,Kewaunee,YES,US-CENSUS-FIPS,55061,US-FIPS:55061,STABLE_ID + LOCAL_QA_POLYGON,-87.6246561471635,44.50279848941915,,https://www.census.gov/geographies/reference-files/time-series/geo/gazetteer-files.2024.html
ITC-3164,USA,Wisconsin,WI,La Crosse,La Crosse,YES,US-CENSUS-FIPS,55063,US-FIPS:55063,STABLE_ID + LOCAL_QA_POLYGON,-91.1277087797871,43.90830199999999,,https://www.census.gov/geographies/reference-files/time-series/geo/gazetteer-files.2024.html
ITC-3165,USA,Wisconsin,WI,Lafayette,Lafayette,YES,US-CENSUS-FIPS,55065,US-FIPS:55065,STABLE_ID + LOCAL_QA_POLYGON,-90.13163502061789,42.662721999999995,,https://www.census.gov/geographies/reference-files/time-series/geo/gazetteer-files.2024.html
ITC-3166,USA,Wisconsin,WI,Langlade,Langlade,YES,US-CENSUS-FIPS,55067,US-FIPS:55067,STABLE_ID + LOCAL_QA_POLYGON,-89.05224157952041,45.255996999999994,,https://www.census.gov/geographies/reference-files/time-series/geo/gazetteer-files.2024.html
ITC-3167,USA,Wisconsin,WI,Lincoln,Lincoln,YES,US-CENSUS-FIPS,55069,US-FIPS:55069,STABLE_ID + LOCAL_QA_POLYGON,-89.73535883088903,45.3384985,,https://www.census.gov/geographies/reference-files/time-series/geo/gazetteer-files.2024.html
ITC-3168,USA,Wisconsin,WI,Manitowoc,Manitowoc,YES,US-CENSUS-FIPS,55071,US-FIPS:55071,STABLE_ID + LOCAL_QA_POLYGON,-87.8379342909636,44.11416881714824,,https://www.census.gov/geographies/reference-files/time-series/geo/gazetteer-files.2024.html
ITC-3169,USA,Wisconsin,WI,Marathon,Marathon,YES,US-CENSUS-FIPS,55073,US-FIPS:55073,STABLE_ID + LOCAL_QA_POLYGON,-89.76941629362975,44.90087799999999,,https://www.census.gov/geographies/reference-files/time-series/geo/gazetteer-files.2024.html
ITC-3170,USA,Wisconsin,WI,Marinette,Marinette,YES,US-CENSUS-FIPS,55075,US-FIPS:55075,STABLE_ID + LOCAL_QA_POLYGON,-88.15127038863078,45.3802955,,https://www.census.gov/geographies/reference-files/time-series/geo/gazetteer-files.2024.html
ITC-3171,USA,Wisconsin,WI,Marquette,Marquette,YES,US-CENSUS-FIPS,55077,US-FIPS:55077,STABLE_ID + LOCAL_QA_POLYGON,-89.39781568349407,43.8113975,,https://www.census.gov/geographies/reference-files/time-series/geo/gazetteer-files.2024.html
ITC-3172,USA,Wisconsin,WI,Menominee,Menominee,YES,US-CENSUS-FIPS,55078,US-FIPS:55078,STABLE_ID + LOCAL_QA_POLYGON,-88.73480520117789,44.9855395,,https://www.census.gov/geographies/reference-files/time-series/geo/gazetteer-files.2024.html
ITC-3173,USA,Wisconsin,WI,Milwaukee,Milwaukee,YES,US-CENSUS-FIPS,55079,US-FIPS:55079,STABLE_ID + LOCAL_QA_POLYGON,-87.98163861471777,43.0169423607573,,https://www.census.gov/geographies/reference-files/time-series/geo/gazetteer-files.2024.html
ITC-3174,USA,Wisconsin,WI,Monroe,Monroe,YES,US-CENSUS-FIPS,55081,US-FIPS:55081,STABLE_ID + LOCAL_QA_POLYGON,-90.61180205292783,43.947216999999995,,https://www.census.gov/geographies/reference-files/time-series/geo/gazetteer-files.2024.html
ITC-3175,USA,Wisconsin,WI,Oconto,Oconto,YES,US-CENSUS-FIPS,55083,US-FIPS:55083,STABLE_ID + LOCAL_QA_POLYGON,-88.30365316048002,45.026852500000004,,https://www.census.gov/geographies/reference-files/time-series/geo/gazetteer-files.2024.html
ITC-3176,USA,Wisconsin,WI,Oneida,Oneida,YES,US-CENSUS-FIPS,55085,US-FIPS:55085,STABLE_ID + LOCAL_QA_POLYGON,-89.54484749380356,45.693234,,https://www.census.gov/geographies/reference-files/time-series/geo/gazetteer-files.2024.html
ITC-3177,USA,Wisconsin,WI,Outagamie,Outagamie,YES,US-CENSUS-FIPS,55087,US-FIPS:55087,STABLE_ID + LOCAL_QA_POLYGON,-88.4637218900069,44.430139499999996,,https://www.census.gov/geographies/reference-files/time-series/geo/gazetteer-files.2024.html
ITC-3178,USA,Wisconsin,WI,Ozaukee,Ozaukee,YES,US-CENSUS-FIPS,55089,US-FIPS:55089,STABLE_ID + LOCAL_QA_POLYGON,-87.95897525336477,43.36797160503195,,https://www.census.gov/geographies/reference-files/time-series/geo/gazetteer-files.2024.html
ITC-3179,USA,Wisconsin,WI,Pepin,Pepin,YES,US-CENSUS-FIPS,55091,US-FIPS:55091,STABLE_ID + LOCAL_QA_POLYGON,-92.08728908196971,44.545751499999994,,https://www.census.gov/geographies/reference-files/time-series/geo/gazetteer-files.2024.html
ITC-3180,USA,Wisconsin,WI,Pierce,Pierce,YES,US-CENSUS-FIPS,55093,US-FIPS:55093,STABLE_ID + LOCAL_QA_POLYGON,-92.42114242157058,44.697418,,https://www.census.gov/geographies/reference-files/time-series/geo/gazetteer-files.2024.html
ITC-3181,USA,Wisconsin,WI,Polk,Polk,YES,US-CENSUS-FIPS,55095,US-FIPS:55095,STABLE_ID + LOCAL_QA_POLYGON,-92.4206970179226,45.47046981957825,,https://www.census.gov/geographies/reference-files/time-series/geo/gazetteer-files.2024.html
ITC-3182,USA,Wisconsin,WI,Portage,Portage,YES,US-CENSUS-FIPS,55097,US-FIPS:55097,STABLE_ID + LOCAL_QA_POLYGON,-89.47494994734639,44.460652499999995,,https://www.census.gov/geographies/reference-files/time-series/geo/gazetteer-files.2024.html
ITC-3183,USA,Wisconsin,WI,Price,Price,YES,US-CENSUS-FIPS,55099,US-FIPS:55099,STABLE_ID + LOCAL_QA_POLYGON,-90.36041194524496,45.672167,,https://www.census.gov/geographies/reference-files/time-series/geo/gazetteer-files.2024.html
ITC-3184,USA,Wisconsin,WI,Racine,Racine,YES,US-CENSUS-FIPS,55101,US-FIPS:55101,STABLE_ID + LOCAL_QA_POLYGON,-88.04301506326934,42.72663839088415,,https://www.census.gov/geographies/reference-files/time-series/geo/gazetteer-files.2024.html
ITC-3185,USA,Wisconsin,WI,Richland,Richland,YES,US-CENSUS-FIPS,55103,US-FIPS:55103,STABLE_ID + LOCAL_QA_POLYGON,-90.42887357326507,43.36278849999999,,https://www.census.gov/geographies/reference-files/time-series/geo/gazetteer-files.2024.html
ITC-3186,USA,Wisconsin,WI,Rock,Rock,YES,US-CENSUS-FIPS,55105,US-FIPS:55105,STABLE_ID + LOCAL_QA_POLYGON,-89.07203211670158,42.669844499999996,,https://www.census.gov/geographies/reference-files/time-series/geo/gazetteer-files.2024.html
ITC-3187,USA,Wisconsin,WI,Rusk,Rusk,YES,US-CENSUS-FIPS,55107,US-FIPS:55107,STABLE_ID + LOCAL_QA_POLYGON,-91.109251049931,45.4688805,,https://www.census.gov/geographies/reference-files/time-series/geo/gazetteer-files.2024.html
ITC-3188,USA,Wisconsin,WI,Sauk,Sauk,YES,US-CENSUS-FIPS,55111,US-FIPS:55111,STABLE_ID + LOCAL_QA_POLYGON,-89.89640767345148,43.3934285,,https://www.census.gov/geographies/reference-files/time-series/geo/gazetteer-files.2024.html
ITC-3189,USA,Wisconsin,WI,Sawyer,Sawyer,YES,US-CENSUS-FIPS,55113,US-FIPS:55113,STABLE_ID + LOCAL_QA_POLYGON,-91.10943966611775,45.8927835,,https://www.census.gov/geographies/reference-files/time-series/geo/gazetteer-files.2024.html
ITC-3190,USA,Wisconsin,WI,Shawano,Shawano,YES,US-CENSUS-FIPS,55115,US-FIPS:55115,STABLE_ID + LOCAL_QA_POLYGON,-88.73728910279189,44.8072745,,https://www.census.gov/geographies/reference-files/time-series/geo/gazetteer-files.2024.html
ITC-3191,USA,Wisconsin,WI,Sheboygan,Sheboygan,YES,US-CENSUS-FIPS,55117,US-FIPS:55117,STABLE_ID + LOCAL_QA_POLYGON,-87.93314506315394,43.7148882408768,,https://www.census.gov/geographies/reference-files/time-series/geo/gazetteer-files.2024.html
ITC-3192,USA,Wisconsin,WI,St. Croix,St. Croix,YES,US-CENSUS-FIPS,55109,US-FIPS:55109,STABLE_ID + LOCAL_QA_POLYGON,-92.45407370976575,45.034679499999996,,https://www.census.gov/geographies/reference-files/time-series/geo/gazetteer-files.2024.html
ITC-3193,USA,Wisconsin,WI,Taylor,Taylor,YES,US-CENSUS-FIPS,55119,US-FIPS:55119,STABLE_ID + LOCAL_QA_POLYGON,-90.48556693659606,45.20666249999999,,https://www.census.gov/geographies/reference-files/time-series/geo/gazetteer-files.2024.html
ITC-3194,USA,Wisconsin,WI,Trempealeau,Trempealeau,YES,US-CENSUS-FIPS,55121,US-FIPS:55121,STABLE_ID + LOCAL_QA_POLYGON,-91.3477341513971,44.288358,,https://www.census.gov/geographies/reference-files/time-series/geo/gazetteer-files.2024.html
ITC-3195,USA,Wisconsin,WI,Vernon,Vernon,YES,US-CENSUS-FIPS,55123,US-FIPS:55123,STABLE_ID + LOCAL_QA_POLYGON,-90.7715156295394,43.5791181411643,,https://www.census.gov/geographies/reference-files/time-series/geo/gazetteer-files.2024.html
ITC-3196,USA,Wisconsin,WI,Vilas,Vilas,YES,US-CENSUS-FIPS,55125,US-FIPS:55125,STABLE_ID + LOCAL_QA_POLYGON,-89.43729882332818,46.079074,,https://www.census.gov/geographies/reference-files/time-series/geo/gazetteer-files.2024.html
ITC-3197,USA,Wisconsin,WI,Walworth,Walworth,YES,US-CENSUS-FIPS,55127,US-FIPS:55127,STABLE_ID + LOCAL_QA_POLYGON,-88.54124546985241,42.666293499999995,,https://www.census.gov/geographies/reference-files/time-series/geo/gazetteer-files.2024.html
ITC-3198,USA,Wisconsin,WI,Washburn,Washburn,YES,US-CENSUS-FIPS,55129,US-FIPS:55129,STABLE_ID + LOCAL_QA_POLYGON,-91.78700836635878,45.893494499999996,,https://www.census.gov/geographies/reference-files/time-series/geo/gazetteer-files.2024.html
ITC-3199,USA,Wisconsin,WI,Washington,Washington,YES,US-CENSUS-FIPS,55131,US-FIPS:55131,STABLE_ID + LOCAL_QA_POLYGON,-88.22939963695165,43.36868,,https://www.census.gov/geographies/reference-files/time-series/geo/gazetteer-files.2024.html
ITC-3200,USA,Wisconsin,WI,Waukesha,Waukesha,YES,US-CENSUS-FIPS,55133,US-FIPS:55133,STABLE_ID + LOCAL_QA_POLYGON,-88.30441487666292,43.0178035,,https://www.census.gov/geographies/reference-files/time-series/geo/gazetteer-files.2024.html
ITC-3201,USA,Wisconsin,WI,Waupaca,Waupaca,YES,US-CENSUS-FIPS,55135,US-FIPS:55135,STABLE_ID + LOCAL_QA_POLYGON,-88.98012122466889,44.463132,,https://www.census.gov/geographies/reference-files/time-series/geo/gazetteer-files.2024.html
ITC-3202,USA,Wisconsin,WI,Waushara,Waushara,YES,US-CENSUS-FIPS,55137,US-FIPS:55137,STABLE_ID + LOCAL_QA_POLYGON,-89.24190998809149,44.133927,,https://www.census.gov/geographies/reference-files/time-series/geo/gazetteer-files.2024.html
ITC-3203,USA,Wisconsin,WI,Winnebago,Winnebago,YES,US-CENSUS-FIPS,55139,US-FIPS:55139,STABLE_ID + LOCAL_QA_POLYGON,-88.64513642192489,44.067820999999995,,https://www.census.gov/geographies/reference-files/time-series/geo/gazetteer-files.2024.html
ITC-3204,USA,Wisconsin,WI,Wood,Wood,YES,US-CENSUS-FIPS,55141,US-FIPS:55141,STABLE_ID + LOCAL_QA_POLYGON,-90.02114311813011,44.460384,,https://www.census.gov/geographies/reference-files/time-series/geo/gazetteer-files.2024.html
ITC-3205,USA,Wyoming,WY,Albany,Albany,YES,US-CENSUS-FIPS,56001,US-FIPS:56001,STABLE_ID + LOCAL_QA_POLYGON,-105.67578895790673,41.72306999999999,,https://www.census.gov/geographies/reference-files/time-series/geo/gazetteer-files.2024.html
ITC-3206,USA,Wyoming,WY,Big Horn,Big Horn,YES,US-CENSUS-FIPS,56003,US-FIPS:56003,STABLE_ID + LOCAL_QA_POLYGON,-107.98438028371243,44.582806,,https://www.census.gov/geographies/reference-files/time-series/geo/gazetteer-files.2024.html
ITC-3207,USA,Wyoming,WY,Campbell,Campbell,YES,US-CENSUS-FIPS,56005,US-FIPS:56005,STABLE_ID + LOCAL_QA_POLYGON,-105.55039111921577,44.2364405,,https://www.census.gov/geographies/reference-files/time-series/geo/gazetteer-files.2024.html
ITC-3208,USA,Wyoming,WY,Carbon,Carbon,YES,US-CENSUS-FIPS,56007,US-FIPS:56007,STABLE_ID + LOCAL_QA_POLYGON,-106.7913734347124,41.722329,,https://www.census.gov/geographies/reference-files/time-series/geo/gazetteer-files.2024.html
ITC-3209,USA,Wyoming,WY,Converse,Converse,YES,US-CENSUS-FIPS,56009,US-FIPS:56009,STABLE_ID + LOCAL_QA_POLYGON,-105.48560535742811,42.8944185,,https://www.census.gov/geographies/reference-files/time-series/geo/gazetteer-files.2024.html
ITC-3210,USA,Wyoming,WY,Crook,Crook,YES,US-CENSUS-FIPS,56011,US-FIPS:56011,STABLE_ID + LOCAL_QA_POLYGON,-104.57078732448906,44.5787335,,https://www.census.gov/geographies/reference-files/time-series/geo/gazetteer-files.2024.html
ITC-3211,USA,Wyoming,WY,Fremont,Fremont,YES,US-CENSUS-FIPS,56013,US-FIPS:56013,STABLE_ID + LOCAL_QA_POLYGON,-108.57050714727113,43.134654999999995,,https://www.census.gov/geographies/reference-files/time-series/geo/gazetteer-files.2024.html
ITC-3212,USA,Wyoming,WY,Goshen,Goshen,YES,US-CENSUS-FIPS,56015,US-FIPS:56015,STABLE_ID + LOCAL_QA_POLYGON,-104.353330270456,42.082080499504,,https://www.census.gov/geographies/reference-files/time-series/geo/gazetteer-files.2024.html
ITC-3213,USA,Wyoming,WY,Hot Springs,Hot Springs,YES,US-CENSUS-FIPS,56017,US-FIPS:56017,STABLE_ID + LOCAL_QA_POLYGON,-108.601875474205,43.7701445,,https://www.census.gov/geographies/reference-files/time-series/geo/gazetteer-files.2024.html
ITC-3214,USA,Wyoming,WY,Johnson,Johnson,YES,US-CENSUS-FIPS,56019,US-FIPS:56019,STABLE_ID + LOCAL_QA_POLYGON,-106.56947162718835,44.013439999999996,,https://www.census.gov/geographies/reference-files/time-series/geo/gazetteer-files.2024.html
ITC-3215,USA,Wyoming,WY,Laramie,Laramie,YES,US-CENSUS-FIPS,56021,US-FIPS:56021,STABLE_ID + LOCAL_QA_POLYGON,-104.66631779857038,41.3258530290729,,https://www.census.gov/geographies/reference-files/time-series/geo/gazetteer-files.2024.html
ITC-3216,USA,Wyoming,WY,Lincoln,Lincoln,YES,US-CENSUS-FIPS,56023,US-FIPS:56023,STABLE_ID + LOCAL_QA_POLYGON,-110.79503381692737,42.424318440437446,,https://www.census.gov/geographies/reference-files/time-series/geo/gazetteer-files.2024.html
ITC-3217,USA,Wyoming,WY,Natrona,Natrona,YES,US-CENSUS-FIPS,56025,US-FIPS:56025,STABLE_ID + LOCAL_QA_POLYGON,-106.78784268902847,42.9675435,,https://www.census.gov/geographies/reference-files/time-series/geo/gazetteer-files.2024.html
ITC-3218,USA,Wyoming,WY,Niobrara,Niobrara,YES,US-CENSUS-FIPS,56027,US-FIPS:56027,STABLE_ID + LOCAL_QA_POLYGON,-104.47572492422796,43.061536,,https://www.census.gov/geographies/reference-files/time-series/geo/gazetteer-files.2024.html
ITC-3219,USA,Wyoming,WY,Park,Park,YES,US-CENSUS-FIPS,56029,US-FIPS:56029,STABLE_ID + LOCAL_QA_POLYGON,-109.41420569152532,44.402713,,https://www.census.gov/geographies/reference-files/time-series/geo/gazetteer-files.2024.html
ITC-3220,USA,Wyoming,WY,Platte,Platte,YES,US-CENSUS-FIPS,56031,US-FIPS:56031,STABLE_ID + LOCAL_QA_POLYGON,-104.96757167112739,42.13187549999999,,https://www.census.gov/geographies/reference-files/time-series/geo/gazetteer-files.2024.html
ITC-3221,USA,Wyoming,WY,Sheridan,Sheridan,YES,US-CENSUS-FIPS,56033,US-FIPS:56033,STABLE_ID + LOCAL_QA_POLYGON,-106.90295312154119,44.77862399999999,,https://www.census.gov/geographies/reference-files/time-series/geo/gazetteer-files.2024.html
ITC-3222,USA,Wyoming,WY,Sublette,Sublette,YES,US-CENSUS-FIPS,56035,US-FIPS:56035,STABLE_ID + LOCAL_QA_POLYGON,-109.95636959583936,42.866324,,https://www.census.gov/geographies/reference-files/time-series/geo/gazetteer-files.2024.html
ITC-3223,USA,Wyoming,WY,Sweetwater,Sweetwater,YES,US-CENSUS-FIPS,56037,US-FIPS:56037,STABLE_ID + LOCAL_QA_POLYGON,-108.98875491192362,41.6169035,,https://www.census.gov/geographies/reference-files/time-series/geo/gazetteer-files.2024.html
ITC-3224,USA,Wyoming,WY,Teton,Teton,YES,US-CENSUS-FIPS,56039,US-FIPS:56039,STABLE_ID + LOCAL_QA_POLYGON,-110.55002602777907,43.941677,,https://www.census.gov/geographies/reference-files/time-series/geo/gazetteer-files.2024.html
ITC-3225,USA,Wyoming,WY,Uinta,Uinta,YES,US-CENSUS-FIPS,56041,US-FIPS:56041,STABLE_ID + LOCAL_QA_POLYGON,-110.5476078149606,41.3123485,,https://www.census.gov/geographies/reference-files/time-series/geo/gazetteer-files.2024.html
ITC-3226,USA,Wyoming,WY,Washakie,Washakie,YES,US-CENSUS-FIPS,56043,US-FIPS:56043,STABLE_ID + LOCAL_QA_POLYGON,-107.66044333216868,43.83523099999999,,https://www.census.gov/geographies/reference-files/time-series/geo/gazetteer-files.2024.html
ITC-3227,USA,Wyoming,WY,Weston,Weston,YES,US-CENSUS-FIPS,56045,US-FIPS:56045,STABLE_ID + LOCAL_QA_POLYGON,-104.56839503347318,43.840249,,https://www.census.gov/geographies/reference-files/time-series/geo/gazetteer-files.2024.html
ITC-3228,United Kingdom,England,GB-ENG,East Midlands,East Midlands,YES,ITREE-UK-SECONDARY-2015,01-001,ITREE-UK:01:001,STABLE_ITREE_PARTITION_ID; CUSTOM_POLYGON_PENDING,,,Official i-Tree secondary partition ID; exact polygon must reproduce the i-Tree partition.,https://www.itreetools.org/documents/655/Draft_metadata_and_data_sources_for_the_United_Kingdom_and_Sweden_adaptations_of_i-Tree_Canopy.pdf
ITC-3229,United Kingdom,England,GB-ENG,Eastern,Eastern,YES,ITREE-UK-SECONDARY-2015,01-002,ITREE-UK:01:002,STABLE_ITREE_PARTITION_ID; CUSTOM_POLYGON_PENDING,,,Official i-Tree secondary partition ID; exact polygon must reproduce the i-Tree partition.,https://www.itreetools.org/documents/655/Draft_metadata_and_data_sources_for_the_United_Kingdom_and_Sweden_adaptations_of_i-Tree_Canopy.pdf
ITC-3230,United Kingdom,England,GB-ENG,London,London,YES,ITREE-UK-SECONDARY-2015,01-003,ITREE-UK:01:003,STABLE_ITREE_PARTITION_ID; CUSTOM_POLYGON_PENDING,,,Official i-Tree secondary partition ID; exact polygon must reproduce the i-Tree partition.,https://www.itreetools.org/documents/655/Draft_metadata_and_data_sources_for_the_United_Kingdom_and_Sweden_adaptations_of_i-Tree_Canopy.pdf
ITC-3231,United Kingdom,England,GB-ENG,North East,North East,YES,ITREE-UK-SECONDARY-2015,01-004,ITREE-UK:01:004,STABLE_ITREE_PARTITION_ID; CUSTOM_POLYGON_PENDING,,,Official i-Tree secondary partition ID; exact polygon must reproduce the i-Tree partition.,https://www.itreetools.org/documents/655/Draft_metadata_and_data_sources_for_the_United_Kingdom_and_Sweden_adaptations_of_i-Tree_Canopy.pdf
ITC-3232,United Kingdom,England,GB-ENG,North West,North West,YES,ITREE-UK-SECONDARY-2015,01-007,ITREE-UK:01:007,STABLE_ITREE_PARTITION_ID; CUSTOM_POLYGON_PENDING,,,Official i-Tree secondary partition ID; exact polygon must reproduce the i-Tree partition.,https://www.itreetools.org/documents/655/Draft_metadata_and_data_sources_for_the_United_Kingdom_and_Sweden_adaptations_of_i-Tree_Canopy.pdf
ITC-3233,United Kingdom,England,GB-ENG,South East,South East,YES,ITREE-UK-SECONDARY-2015,01-008,ITREE-UK:01:008,STABLE_ITREE_PARTITION_ID; CUSTOM_POLYGON_PENDING,,,Official i-Tree secondary partition ID; exact polygon must reproduce the i-Tree partition.,https://www.itreetools.org/documents/655/Draft_metadata_and_data_sources_for_the_United_Kingdom_and_Sweden_adaptations_of_i-Tree_Canopy.pdf
ITC-3234,United Kingdom,England,GB-ENG,South West,South West,YES,ITREE-UK-SECONDARY-2015,01-011,ITREE-UK:01:011,STABLE_ITREE_PARTITION_ID; CUSTOM_POLYGON_PENDING,,,Official i-Tree secondary partition ID; exact polygon must reproduce the i-Tree partition.,https://www.itreetools.org/documents/655/Draft_metadata_and_data_sources_for_the_United_Kingdom_and_Sweden_adaptations_of_i-Tree_Canopy.pdf
ITC-3235,United Kingdom,England,GB-ENG,West Midlands,West Midlands,YES,ITREE-UK-SECONDARY-2015,01-012,ITREE-UK:01:012,STABLE_ITREE_PARTITION_ID; CUSTOM_POLYGON_PENDING,,,Official i-Tree secondary partition ID; exact polygon must reproduce the i-Tree partition.,https://www.itreetools.org/documents/655/Draft_metadata_and_data_sources_for_the_United_Kingdom_and_Sweden_adaptations_of_i-Tree_Canopy.pdf
ITC-3236,United Kingdom,England,GB-ENG,Yorkshire and the Humber,Yorkshire and the Humber,YES,ITREE-UK-SECONDARY-2015,01-013,ITREE-UK:01:013,STABLE_ITREE_PARTITION_ID; CUSTOM_POLYGON_PENDING,,,Official i-Tree secondary partition ID; exact polygon must reproduce the i-Tree partition.,https://www.itreetools.org/documents/655/Draft_metadata_and_data_sources_for_the_United_Kingdom_and_Sweden_adaptations_of_i-Tree_Canopy.pdf
ITC-3237,United Kingdom,Northern Ireland,GB-NIR,Belfast,Belfast,YES,ITREE-UK-SECONDARY-2015,12-001,ITREE-UK:12:001,STABLE_ITREE_PARTITION_ID; CUSTOM_POLYGON_PENDING,,,Official i-Tree secondary partition ID; exact polygon must reproduce the i-Tree partition.,https://www.itreetools.org/documents/655/Draft_metadata_and_data_sources_for_the_United_Kingdom_and_Sweden_adaptations_of_i-Tree_Canopy.pdf
ITC-3238,United Kingdom,Northern Ireland,GB-NIR,East of Northern Ireland,East of Northern Ireland,YES,ITREE-UK-SECONDARY-2015,12-003,ITREE-UK:12:003,STABLE_ITREE_PARTITION_ID; CUSTOM_POLYGON_PENDING,,,Official i-Tree secondary partition ID; exact polygon must reproduce the i-Tree partition.,https://www.itreetools.org/documents/655/Draft_metadata_and_data_sources_for_the_United_Kingdom_and_Sweden_adaptations_of_i-Tree_Canopy.pdf
ITC-3239,United Kingdom,Northern Ireland,GB-NIR,North of Northern Ireland,North of Northern Ireland,YES,ITREE-UK-SECONDARY-2015,12-004,ITREE-UK:12:004,STABLE_ITREE_PARTITION_ID; CUSTOM_POLYGON_PENDING,,,Official i-Tree secondary partition ID; exact polygon must reproduce the i-Tree partition.,https://www.itreetools.org/documents/655/Draft_metadata_and_data_sources_for_the_United_Kingdom_and_Sweden_adaptations_of_i-Tree_Canopy.pdf
ITC-3240,United Kingdom,Northern Ireland,GB-NIR,Outer Belfast,Outer Belfast,YES,ITREE-UK-SECONDARY-2015,12-002,ITREE-UK:12:002,STABLE_ITREE_PARTITION_ID; CUSTOM_POLYGON_PENDING,,,Official i-Tree secondary partition ID; exact polygon must reproduce the i-Tree partition.,https://www.itreetools.org/documents/655/Draft_metadata_and_data_sources_for_the_United_Kingdom_and_Sweden_adaptations_of_i-Tree_Canopy.pdf
ITC-3241,United Kingdom,Northern Ireland,GB-NIR,West and South of Northern Ireland,West and South of Northern Ireland,YES,ITREE-UK-SECONDARY-2015,12-005,ITREE-UK:12:005,STABLE_ITREE_PARTITION_ID; CUSTOM_POLYGON_PENDING,,,Official i-Tree secondary partition ID; exact polygon must reproduce the i-Tree partition.,https://www.itreetools.org/documents/655/Draft_metadata_and_data_sources_for_the_United_Kingdom_and_Sweden_adaptations_of_i-Tree_Canopy.pdf
ITC-3242,United Kingdom,Scotland,GB-SCT,North Scotland,North Scotland,YES,ITREE-UK-SECONDARY-2015,02-005,ITREE-UK:02:005,STABLE_ITREE_PARTITION_ID; CUSTOM_POLYGON_PENDING,,,Official i-Tree secondary partition ID; exact polygon must reproduce the i-Tree partition.,https://www.itreetools.org/documents/655/Draft_metadata_and_data_sources_for_the_United_Kingdom_and_Sweden_adaptations_of_i-Tree_Canopy.pdf
ITC-3243,United Kingdom,Scotland,GB-SCT,South Scotland,South Scotland,YES,ITREE-UK-SECONDARY-2015,02-009,ITREE-UK:02:009,STABLE_ITREE_PARTITION_ID; CUSTOM_POLYGON_PENDING,,,Official i-Tree secondary partition ID; exact polygon must reproduce the i-Tree partition.,https://www.itreetools.org/documents/655/Draft_metadata_and_data_sources_for_the_United_Kingdom_and_Sweden_adaptations_of_i-Tree_Canopy.pdf
ITC-3244,United Kingdom,Wales,GB-WLS,North Wales,North Wales,YES,ITREE-UK-SECONDARY-2015,03-006,ITREE-UK:03:006,STABLE_ITREE_PARTITION_ID; CUSTOM_POLYGON_PENDING,,,Official i-Tree secondary partition ID; exact polygon must reproduce the i-Tree partition.,https://www.itreetools.org/documents/655/Draft_metadata_and_data_sources_for_the_United_Kingdom_and_Sweden_adaptations_of_i-Tree_Canopy.pdf
ITC-3245,United Kingdom,Wales,GB-WLS,South Wales,South Wales,YES,ITREE-UK-SECONDARY-2015,03-010,ITREE-UK:03:010,STABLE_ITREE_PARTITION_ID; CUSTOM_POLYGON_PENDING,,,Official i-Tree secondary partition ID; exact polygon must reproduce the i-Tree partition.,https://www.itreetools.org/documents/655/Draft_metadata_and_data_sources_for_the_United_Kingdom_and_Sweden_adaptations_of_i-Tree_Canopy.pdf
ITC-3246,Sweden,Norra Sverige,Norra Sverige,Dalarnas lan,Dalarnas lan,YES,SWE-ADM1-68755315,SE-W,SWE-ADM1-68755315:SE-W,STABLE_ISO_COUNTY_ID; EXTERNAL_POLYGON_JOIN_PENDING,,,ISO 3166-2 county code used as stable feature ID.,https://www.geoboundaries.org/api/current/gbOpen/SWE/ADM1/
ITC-3247,Sweden,Norra Sverige,Norra Sverige,Gavleborgs lan,Gavleborgs lan,YES,SWE-ADM1-68755315,SE-X,SWE-ADM1-68755315:SE-X,STABLE_ISO_COUNTY_ID; EXTERNAL_POLYGON_JOIN_PENDING,,,ISO 3166-2 county code used as stable feature ID.,https://www.geoboundaries.org/api/current/gbOpen/SWE/ADM1/
ITC-3248,Sweden,Norra Sverige,Norra Sverige,Jamtlands lan,Jamtlands lan,YES,SWE-ADM1-68755315,SE-Z,SWE-ADM1-68755315:SE-Z,STABLE_ISO_COUNTY_ID; EXTERNAL_POLYGON_JOIN_PENDING,,,ISO 3166-2 county code used as stable feature ID.,https://www.geoboundaries.org/api/current/gbOpen/SWE/ADM1/
ITC-3249,Sweden,Norra Sverige,Norra Sverige,Norrbottens lan,Norrbottens lan,YES,SWE-ADM1-68755315,SE-BD,SWE-ADM1-68755315:SE-BD,STABLE_ISO_COUNTY_ID; EXTERNAL_POLYGON_JOIN_PENDING,,,ISO 3166-2 county code used as stable feature ID.,https://www.geoboundaries.org/api/current/gbOpen/SWE/ADM1/
ITC-3250,Sweden,Norra Sverige,Norra Sverige,Varmlands lan,Varmlands lan,YES,SWE-ADM1-68755315,SE-S,SWE-ADM1-68755315:SE-S,STABLE_ISO_COUNTY_ID; EXTERNAL_POLYGON_JOIN_PENDING,,,ISO 3166-2 county code used as stable feature ID.,https://www.geoboundaries.org/api/current/gbOpen/SWE/ADM1/
ITC-3251,Sweden,Norra Sverige,Norra Sverige,Vasterbottens lan,Vasterbottens lan,YES,SWE-ADM1-68755315,SE-AC,SWE-ADM1-68755315:SE-AC,STABLE_ISO_COUNTY_ID; EXTERNAL_POLYGON_JOIN_PENDING,,,ISO 3166-2 county code used as stable feature ID.,https://www.geoboundaries.org/api/current/gbOpen/SWE/ADM1/
ITC-3252,Sweden,Norra Sverige,Norra Sverige,Vasternorrlands lan,Vasternorrlands lan,YES,SWE-ADM1-68755315,SE-Y,SWE-ADM1-68755315:SE-Y,STABLE_ISO_COUNTY_ID; EXTERNAL_POLYGON_JOIN_PENDING,,,ISO 3166-2 county code used as stable feature ID.,https://www.geoboundaries.org/api/current/gbOpen/SWE/ADM1/
ITC-3253,Sweden,Ostra Sverige,Ostra Sverige,Orebro lan,Orebro lan,YES,SWE-ADM1-68755315,SE-T,SWE-ADM1-68755315:SE-T,STABLE_ISO_COUNTY_ID; EXTERNAL_POLYGON_JOIN_PENDING,,,ISO 3166-2 county code used as stable feature ID.,https://www.geoboundaries.org/api/current/gbOpen/SWE/ADM1/
ITC-3254,Sweden,Ostra Sverige,Ostra Sverige,Ostergotlands lan,Ostergotlands lan,YES,SWE-ADM1-68755315,SE-E,SWE-ADM1-68755315:SE-E,STABLE_ISO_COUNTY_ID; EXTERNAL_POLYGON_JOIN_PENDING,,,ISO 3166-2 county code used as stable feature ID.,https://www.geoboundaries.org/api/current/gbOpen/SWE/ADM1/
ITC-3255,Sweden,Ostra Sverige,Ostra Sverige,Sodermanlands lan,Sodermanlands lan,YES,SWE-ADM1-68755315,SE-D,SWE-ADM1-68755315:SE-D,STABLE_ISO_COUNTY_ID; EXTERNAL_POLYGON_JOIN_PENDING,,,ISO 3166-2 county code used as stable feature ID.,https://www.geoboundaries.org/api/current/gbOpen/SWE/ADM1/
ITC-3256,Sweden,Ostra Sverige,Ostra Sverige,Stockholms lan,Stockholms lan,YES,SWE-ADM1-68755315,SE-AB,SWE-ADM1-68755315:SE-AB,STABLE_ISO_COUNTY_ID; EXTERNAL_POLYGON_JOIN_PENDING,,,ISO 3166-2 county code used as stable feature ID.,https://www.geoboundaries.org/api/current/gbOpen/SWE/ADM1/
ITC-3257,Sweden,Ostra Sverige,Ostra Sverige,Uppsala lan,Uppsala lan,YES,SWE-ADM1-68755315,SE-C,SWE-ADM1-68755315:SE-C,STABLE_ISO_COUNTY_ID; EXTERNAL_POLYGON_JOIN_PENDING,,,ISO 3166-2 county code used as stable feature ID.,https://www.geoboundaries.org/api/current/gbOpen/SWE/ADM1/
ITC-3258,Sweden,Ostra Sverige,Ostra Sverige,Vastmanlands lan,Vastmanlands lan,YES,SWE-ADM1-68755315,SE-U,SWE-ADM1-68755315:SE-U,STABLE_ISO_COUNTY_ID; EXTERNAL_POLYGON_JOIN_PENDING,,,ISO 3166-2 county code used as stable feature ID.,https://www.geoboundaries.org/api/current/gbOpen/SWE/ADM1/
ITC-3259,Sweden,Sodra Sverige,Sodra Sverige,Blekinge lan,Blekinge lan,YES,SWE-ADM1-68755315,SE-K,SWE-ADM1-68755315:SE-K,STABLE_ISO_COUNTY_ID; EXTERNAL_POLYGON_JOIN_PENDING,,,ISO 3166-2 county code used as stable feature ID.,https://www.geoboundaries.org/api/current/gbOpen/SWE/ADM1/
ITC-3260,Sweden,Sodra Sverige,Sodra Sverige,Gotlands lan,Gotlands lan,YES,SWE-ADM1-68755315,SE-I,SWE-ADM1-68755315:SE-I,STABLE_ISO_COUNTY_ID; EXTERNAL_POLYGON_JOIN_PENDING,,,ISO 3166-2 county code used as stable feature ID.,https://www.geoboundaries.org/api/current/gbOpen/SWE/ADM1/
ITC-3261,Sweden,Sodra Sverige,Sodra Sverige,Hallands lan,Hallands lan,YES,SWE-ADM1-68755315,SE-N,SWE-ADM1-68755315:SE-N,STABLE_ISO_COUNTY_ID; EXTERNAL_POLYGON_JOIN_PENDING,,,ISO 3166-2 county code used as stable feature ID.,https://www.geoboundaries.org/api/current/gbOpen/SWE/ADM1/
ITC-3262,Sweden,Sodra Sverige,Sodra Sverige,Jonkopings lan,Jonkopings lan,YES,SWE-ADM1-68755315,SE-F,SWE-ADM1-68755315:SE-F,STABLE_ISO_COUNTY_ID; EXTERNAL_POLYGON_JOIN_PENDING,,,ISO 3166-2 county code used as stable feature ID.,https://www.geoboundaries.org/api/current/gbOpen/SWE/ADM1/
ITC-3263,Sweden,Sodra Sverige,Sodra Sverige,Kalmar lan,Kalmar lan,YES,SWE-ADM1-68755315,SE-H,SWE-ADM1-68755315:SE-H,STABLE_ISO_COUNTY_ID; EXTERNAL_POLYGON_JOIN_PENDING,,,ISO 3166-2 county code used as stable feature ID.,https://www.geoboundaries.org/api/current/gbOpen/SWE/ADM1/
ITC-3264,Sweden,Sodra Sverige,Sodra Sverige,Kronobergs lan,Kronobergs lan,YES,SWE-ADM1-68755315,SE-G,SWE-ADM1-68755315:SE-G,STABLE_ISO_COUNTY_ID; EXTERNAL_POLYGON_JOIN_PENDING,,,ISO 3166-2 county code used as stable feature ID.,https://www.geoboundaries.org/api/current/gbOpen/SWE/ADM1/
ITC-3265,Sweden,Sodra Sverige,Sodra Sverige,Skane lan,Skane lan,YES,SWE-ADM1-68755315,SE-M,SWE-ADM1-68755315:SE-M,STABLE_ISO_COUNTY_ID; EXTERNAL_POLYGON_JOIN_PENDING,,,ISO 3166-2 county code used as stable feature ID.,https://www.geoboundaries.org/api/current/gbOpen/SWE/ADM1/
ITC-3266,Sweden,Sodra Sverige,Sodra Sverige,Vastra Gotalands lan,Vastra Gotalands lan,YES,SWE-ADM1-68755315,SE-O,SWE-ADM1-68755315:SE-O,STABLE_ISO_COUNTY_ID; EXTERNAL_POLYGON_JOIN_PENDING,,,ISO 3166-2 county code used as stable feature ID.,https://www.geoboundaries.org/api/current/gbOpen/SWE/ADM1/
ITC-3267,New Zealand,Auckland,NZ-AUK,Auckland,Auckland,YES,NZL-ADM2-76426892,NZ-AUK|auckland,NZL-ADM2-76426892:NZ-AUK|auckland,STABLE_PARENT+NAME_ID; EXTERNAL_POLYGON_JOIN_PENDING,,,Stable key = ISO region code + i-Tree territorial-authority label.,https://www.geoboundaries.org/api/current/gbOpen/NZL/ADM2/
ITC-3268,New Zealand,Bay of Plenty,NZ-BOP,Kawerau,Kawerau,YES,NZL-ADM2-76426892,NZ-BOP|kawerau,NZL-ADM2-76426892:NZ-BOP|kawerau,STABLE_PARENT+NAME_ID; EXTERNAL_POLYGON_JOIN_PENDING,,,Stable key = ISO region code + i-Tree territorial-authority label.,https://www.geoboundaries.org/api/current/gbOpen/NZL/ADM2/
ITC-3269,New Zealand,Bay of Plenty,NZ-BOP,Ōpōtiki,Ōpōtiki,YES,NZL-ADM2-76426892,NZ-BOP|opotiki,NZL-ADM2-76426892:NZ-BOP|opotiki,STABLE_PARENT+NAME_ID; EXTERNAL_POLYGON_JOIN_PENDING,,,Stable key = ISO region code + i-Tree territorial-authority label.,https://www.geoboundaries.org/api/current/gbOpen/NZL/ADM2/
ITC-3270,New Zealand,Bay of Plenty,NZ-BOP,Rotorua,Rotorua,YES,NZL-ADM2-76426892,NZ-BOP|rotorua,NZL-ADM2-76426892:NZ-BOP|rotorua,STABLE_PARENT+NAME_ID; EXTERNAL_POLYGON_JOIN_PENDING,,,Stable key = ISO region code + i-Tree territorial-authority label.,https://www.geoboundaries.org/api/current/gbOpen/NZL/ADM2/
ITC-3271,New Zealand,Bay of Plenty,NZ-BOP,Tauranga City,Tauranga City,YES,NZL-ADM2-76426892,NZ-BOP|tauranga-city,NZL-ADM2-76426892:NZ-BOP|tauranga-city,STABLE_PARENT+NAME_ID; EXTERNAL_POLYGON_JOIN_PENDING,,,Stable key = ISO region code + i-Tree territorial-authority label.,https://www.geoboundaries.org/api/current/gbOpen/NZL/ADM2/
ITC-3272,New Zealand,Bay of Plenty,NZ-BOP,Western Bay of Plenty,Western Bay of Plenty,YES,NZL-ADM2-76426892,NZ-BOP|western-bay-of-plenty,NZL-ADM2-76426892:NZ-BOP|western-bay-of-plenty,STABLE_PARENT+NAME_ID; EXTERNAL_POLYGON_JOIN_PENDING,,,Stable key = ISO region code + i-Tree territorial-authority label.,https://www.geoboundaries.org/api/current/gbOpen/NZL/ADM2/
ITC-3273,New Zealand,Bay of Plenty,NZ-BOP,Whakatane,Whakatane,YES,NZL-ADM2-76426892,NZ-BOP|whakatane,NZL-ADM2-76426892:NZ-BOP|whakatane,STABLE_PARENT+NAME_ID; EXTERNAL_POLYGON_JOIN_PENDING,,,Stable key = ISO region code + i-Tree territorial-authority label.,https://www.geoboundaries.org/api/current/gbOpen/NZL/ADM2/
ITC-3274,New Zealand,Canterbury,NZ-CAN,Ashburton,Ashburton,YES,NZL-ADM2-76426892,NZ-CAN|ashburton,NZL-ADM2-76426892:NZ-CAN|ashburton,STABLE_PARENT+NAME_ID; EXTERNAL_POLYGON_JOIN_PENDING,,,Stable key = ISO region code + i-Tree territorial-authority label.,https://www.geoboundaries.org/api/current/gbOpen/NZL/ADM2/
ITC-3275,New Zealand,Canterbury,NZ-CAN,Christchurch City,Christchurch City,YES,NZL-ADM2-76426892,NZ-CAN|christchurch-city,NZL-ADM2-76426892:NZ-CAN|christchurch-city,STABLE_PARENT+NAME_ID; EXTERNAL_POLYGON_JOIN_PENDING,,,Stable key = ISO region code + i-Tree territorial-authority label.,https://www.geoboundaries.org/api/current/gbOpen/NZL/ADM2/
ITC-3276,New Zealand,Canterbury,NZ-CAN,Hurunui,Hurunui,YES,NZL-ADM2-76426892,NZ-CAN|hurunui,NZL-ADM2-76426892:NZ-CAN|hurunui,STABLE_PARENT+NAME_ID; EXTERNAL_POLYGON_JOIN_PENDING,,,Stable key = ISO region code + i-Tree territorial-authority label.,https://www.geoboundaries.org/api/current/gbOpen/NZL/ADM2/
ITC-3277,New Zealand,Canterbury,NZ-CAN,Kaikoura,Kaikoura,YES,NZL-ADM2-76426892,NZ-CAN|kaikoura,NZL-ADM2-76426892:NZ-CAN|kaikoura,STABLE_PARENT+NAME_ID; EXTERNAL_POLYGON_JOIN_PENDING,,,Stable key = ISO region code + i-Tree territorial-authority label.,https://www.geoboundaries.org/api/current/gbOpen/NZL/ADM2/
ITC-3278,New Zealand,Canterbury,NZ-CAN,Mackenzie,Mackenzie,YES,NZL-ADM2-76426892,NZ-CAN|mackenzie,NZL-ADM2-76426892:NZ-CAN|mackenzie,STABLE_PARENT+NAME_ID; EXTERNAL_POLYGON_JOIN_PENDING,,,Stable key = ISO region code + i-Tree territorial-authority label.,https://www.geoboundaries.org/api/current/gbOpen/NZL/ADM2/
ITC-3279,New Zealand,Canterbury,NZ-CAN,Selwyn,Selwyn,YES,NZL-ADM2-76426892,NZ-CAN|selwyn,NZL-ADM2-76426892:NZ-CAN|selwyn,STABLE_PARENT+NAME_ID; EXTERNAL_POLYGON_JOIN_PENDING,,,Stable key = ISO region code + i-Tree territorial-authority label.,https://www.geoboundaries.org/api/current/gbOpen/NZL/ADM2/
ITC-3280,New Zealand,Canterbury,NZ-CAN,Timaru,Timaru,YES,NZL-ADM2-76426892,NZ-CAN|timaru,NZL-ADM2-76426892:NZ-CAN|timaru,STABLE_PARENT+NAME_ID; EXTERNAL_POLYGON_JOIN_PENDING,,,Stable key = ISO region code + i-Tree territorial-authority label.,https://www.geoboundaries.org/api/current/gbOpen/NZL/ADM2/
ITC-3281,New Zealand,Canterbury,NZ-CAN,Waimakariri,Waimakariri,YES,NZL-ADM2-76426892,NZ-CAN|waimakariri,NZL-ADM2-76426892:NZ-CAN|waimakariri,STABLE_PARENT+NAME_ID; EXTERNAL_POLYGON_JOIN_PENDING,,,Stable key = ISO region code + i-Tree territorial-authority label.,https://www.geoboundaries.org/api/current/gbOpen/NZL/ADM2/
ITC-3282,New Zealand,Canterbury,NZ-CAN,Waimate,Waimate,YES,NZL-ADM2-76426892,NZ-CAN|waimate,NZL-ADM2-76426892:NZ-CAN|waimate,STABLE_PARENT+NAME_ID; EXTERNAL_POLYGON_JOIN_PENDING,,,Stable key = ISO region code + i-Tree territorial-authority label.,https://www.geoboundaries.org/api/current/gbOpen/NZL/ADM2/
ITC-3283,New Zealand,Canterbury,NZ-CAN,Waitaki,Waitaki,YES,NZL-ADM2-76426892,NZ-CAN|waitaki,NZL-ADM2-76426892:NZ-CAN|waitaki,STABLE_PARENT+NAME_ID; EXTERNAL_POLYGON_JOIN_PENDING,,,Stable key = ISO region code + i-Tree territorial-authority label.,https://www.geoboundaries.org/api/current/gbOpen/NZL/ADM2/
ITC-3284,New Zealand,Gisborne,NZ-GIS,Gisborne,Gisborne,YES,NZL-ADM2-76426892,NZ-GIS|gisborne,NZL-ADM2-76426892:NZ-GIS|gisborne,STABLE_PARENT+NAME_ID; EXTERNAL_POLYGON_JOIN_PENDING,,,Stable key = ISO region code + i-Tree territorial-authority label.,https://www.geoboundaries.org/api/current/gbOpen/NZL/ADM2/
ITC-3285,New Zealand,Hawke's Bay,NZ-HKB,Central Hawke's Bay,Central Hawke's Bay,YES,NZL-ADM2-76426892,NZ-HKB|central-hawke-s-bay,NZL-ADM2-76426892:NZ-HKB|central-hawke-s-bay,STABLE_PARENT+NAME_ID; EXTERNAL_POLYGON_JOIN_PENDING,,,Stable key = ISO region code + i-Tree territorial-authority label.,https://www.geoboundaries.org/api/current/gbOpen/NZL/ADM2/
ITC-3286,New Zealand,Hawke's Bay,NZ-HKB,Hastings,Hastings,YES,NZL-ADM2-76426892,NZ-HKB|hastings,NZL-ADM2-76426892:NZ-HKB|hastings,STABLE_PARENT+NAME_ID; EXTERNAL_POLYGON_JOIN_PENDING,,,Stable key = ISO region code + i-Tree territorial-authority label.,https://www.geoboundaries.org/api/current/gbOpen/NZL/ADM2/
ITC-3287,New Zealand,Hawke's Bay,NZ-HKB,Napier City,Napier City,YES,NZL-ADM2-76426892,NZ-HKB|napier-city,NZL-ADM2-76426892:NZ-HKB|napier-city,STABLE_PARENT+NAME_ID; EXTERNAL_POLYGON_JOIN_PENDING,,,Stable key = ISO region code + i-Tree territorial-authority label.,https://www.geoboundaries.org/api/current/gbOpen/NZL/ADM2/
ITC-3288,New Zealand,Hawke's Bay,NZ-HKB,Wairoa,Wairoa,YES,NZL-ADM2-76426892,NZ-HKB|wairoa,NZL-ADM2-76426892:NZ-HKB|wairoa,STABLE_PARENT+NAME_ID; EXTERNAL_POLYGON_JOIN_PENDING,,,Stable key = ISO region code + i-Tree territorial-authority label.,https://www.geoboundaries.org/api/current/gbOpen/NZL/ADM2/
ITC-3289,New Zealand,Manawatū-Whanganui,NZ-MWT,Horowhenua,Horowhenua,YES,NZL-ADM2-76426892,NZ-MWT|horowhenua,NZL-ADM2-76426892:NZ-MWT|horowhenua,STABLE_PARENT+NAME_ID; EXTERNAL_POLYGON_JOIN_PENDING,,,Stable key = ISO region code + i-Tree territorial-authority label.,https://www.geoboundaries.org/api/current/gbOpen/NZL/ADM2/
ITC-3290,New Zealand,Manawatū-Whanganui,NZ-MWT,Manawatu,Manawatu,YES,NZL-ADM2-76426892,NZ-MWT|manawatu,NZL-ADM2-76426892:NZ-MWT|manawatu,STABLE_PARENT+NAME_ID; EXTERNAL_POLYGON_JOIN_PENDING,,,Stable key = ISO region code + i-Tree territorial-authority label.,https://www.geoboundaries.org/api/current/gbOpen/NZL/ADM2/
ITC-3291,New Zealand,Manawatū-Whanganui,NZ-MWT,Palmerston North City,Palmerston North City,YES,NZL-ADM2-76426892,NZ-MWT|palmerston-north-city,NZL-ADM2-76426892:NZ-MWT|palmerston-north-city,STABLE_PARENT+NAME_ID; EXTERNAL_POLYGON_JOIN_PENDING,,,Stable key = ISO region code + i-Tree territorial-authority label.,https://www.geoboundaries.org/api/current/gbOpen/NZL/ADM2/
ITC-3292,New Zealand,Manawatū-Whanganui,NZ-MWT,Rangitikei,Rangitikei,YES,NZL-ADM2-76426892,NZ-MWT|rangitikei,NZL-ADM2-76426892:NZ-MWT|rangitikei,STABLE_PARENT+NAME_ID; EXTERNAL_POLYGON_JOIN_PENDING,,,Stable key = ISO region code + i-Tree territorial-authority label.,https://www.geoboundaries.org/api/current/gbOpen/NZL/ADM2/
ITC-3293,New Zealand,Manawatū-Whanganui,NZ-MWT,Ruapehu,Ruapehu,YES,NZL-ADM2-76426892,NZ-MWT|ruapehu,NZL-ADM2-76426892:NZ-MWT|ruapehu,STABLE_PARENT+NAME_ID; EXTERNAL_POLYGON_JOIN_PENDING,,,Stable key = ISO region code + i-Tree territorial-authority label.,https://www.geoboundaries.org/api/current/gbOpen/NZL/ADM2/
ITC-3294,New Zealand,Manawatū-Whanganui,NZ-MWT,Tararua,Tararua,YES,NZL-ADM2-76426892,NZ-MWT|tararua,NZL-ADM2-76426892:NZ-MWT|tararua,STABLE_PARENT+NAME_ID; EXTERNAL_POLYGON_JOIN_PENDING,,,Stable key = ISO region code + i-Tree territorial-authority label.,https://www.geoboundaries.org/api/current/gbOpen/NZL/ADM2/
ITC-3295,New Zealand,Manawatū-Whanganui,NZ-MWT,Whanganui,Whanganui,YES,NZL-ADM2-76426892,NZ-MWT|whanganui,NZL-ADM2-76426892:NZ-MWT|whanganui,STABLE_PARENT+NAME_ID; EXTERNAL_POLYGON_JOIN_PENDING,,,Stable key = ISO region code + i-Tree territorial-authority label.,https://www.geoboundaries.org/api/current/gbOpen/NZL/ADM2/
ITC-3296,New Zealand,Marlborough,NZ-MBH,Marlborough,Marlborough,YES,NZL-ADM2-76426892,NZ-MBH|marlborough,NZL-ADM2-76426892:NZ-MBH|marlborough,STABLE_PARENT+NAME_ID; EXTERNAL_POLYGON_JOIN_PENDING,,,Stable key = ISO region code + i-Tree territorial-authority label.,https://www.geoboundaries.org/api/current/gbOpen/NZL/ADM2/
ITC-3297,New Zealand,Nelson,NZ-NSN,Nelson City,Nelson City,YES,NZL-ADM2-76426892,NZ-NSN|nelson-city,NZL-ADM2-76426892:NZ-NSN|nelson-city,STABLE_PARENT+NAME_ID; EXTERNAL_POLYGON_JOIN_PENDING,,,Stable key = ISO region code + i-Tree territorial-authority label.,https://www.geoboundaries.org/api/current/gbOpen/NZL/ADM2/
ITC-3298,New Zealand,Northland,NZ-NTL,Far North,Far North,YES,NZL-ADM2-76426892,NZ-NTL|far-north,NZL-ADM2-76426892:NZ-NTL|far-north,STABLE_PARENT+NAME_ID; EXTERNAL_POLYGON_JOIN_PENDING,,,Stable key = ISO region code + i-Tree territorial-authority label.,https://www.geoboundaries.org/api/current/gbOpen/NZL/ADM2/
ITC-3299,New Zealand,Northland,NZ-NTL,Kaipara,Kaipara,YES,NZL-ADM2-76426892,NZ-NTL|kaipara,NZL-ADM2-76426892:NZ-NTL|kaipara,STABLE_PARENT+NAME_ID; EXTERNAL_POLYGON_JOIN_PENDING,,,Stable key = ISO region code + i-Tree territorial-authority label.,https://www.geoboundaries.org/api/current/gbOpen/NZL/ADM2/
ITC-3300,New Zealand,Northland,NZ-NTL,Whangarei,Whangarei,YES,NZL-ADM2-76426892,NZ-NTL|whangarei,NZL-ADM2-76426892:NZ-NTL|whangarei,STABLE_PARENT+NAME_ID; EXTERNAL_POLYGON_JOIN_PENDING,,,Stable key = ISO region code + i-Tree territorial-authority label.,https://www.geoboundaries.org/api/current/gbOpen/NZL/ADM2/
ITC-3301,New Zealand,Otago,NZ-OTA,Central Otago,Central Otago,YES,NZL-ADM2-76426892,NZ-OTA|central-otago,NZL-ADM2-76426892:NZ-OTA|central-otago,STABLE_PARENT+NAME_ID; EXTERNAL_POLYGON_JOIN_PENDING,,,Stable key = ISO region code + i-Tree territorial-authority label.,https://www.geoboundaries.org/api/current/gbOpen/NZL/ADM2/
ITC-3302,New Zealand,Otago,NZ-OTA,Clutha,Clutha,YES,NZL-ADM2-76426892,NZ-OTA|clutha,NZL-ADM2-76426892:NZ-OTA|clutha,STABLE_PARENT+NAME_ID; EXTERNAL_POLYGON_JOIN_PENDING,,,Stable key = ISO region code + i-Tree territorial-authority label.,https://www.geoboundaries.org/api/current/gbOpen/NZL/ADM2/
ITC-3303,New Zealand,Otago,NZ-OTA,Dunedin City,Dunedin City,YES,NZL-ADM2-76426892,NZ-OTA|dunedin-city,NZL-ADM2-76426892:NZ-OTA|dunedin-city,STABLE_PARENT+NAME_ID; EXTERNAL_POLYGON_JOIN_PENDING,,,Stable key = ISO region code + i-Tree territorial-authority label.,https://www.geoboundaries.org/api/current/gbOpen/NZL/ADM2/
ITC-3304,New Zealand,Otago,NZ-OTA,Queenstown-Lakes,Queenstown-Lakes,YES,NZL-ADM2-76426892,NZ-OTA|queenstown-lakes,NZL-ADM2-76426892:NZ-OTA|queenstown-lakes,STABLE_PARENT+NAME_ID; EXTERNAL_POLYGON_JOIN_PENDING,,,Stable key = ISO region code + i-Tree territorial-authority label.,https://www.geoboundaries.org/api/current/gbOpen/NZL/ADM2/
ITC-3305,New Zealand,Southland,NZ-STL,Gore,Gore,YES,NZL-ADM2-76426892,NZ-STL|gore,NZL-ADM2-76426892:NZ-STL|gore,STABLE_PARENT+NAME_ID; EXTERNAL_POLYGON_JOIN_PENDING,,,Stable key = ISO region code + i-Tree territorial-authority label.,https://www.geoboundaries.org/api/current/gbOpen/NZL/ADM2/
ITC-3306,New Zealand,Southland,NZ-STL,Invercargill City,Invercargill City,YES,NZL-ADM2-76426892,NZ-STL|invercargill-city,NZL-ADM2-76426892:NZ-STL|invercargill-city,STABLE_PARENT+NAME_ID; EXTERNAL_POLYGON_JOIN_PENDING,,,Stable key = ISO region code + i-Tree territorial-authority label.,https://www.geoboundaries.org/api/current/gbOpen/NZL/ADM2/
ITC-3307,New Zealand,Southland,NZ-STL,Southland,Southland,YES,NZL-ADM2-76426892,NZ-STL|southland,NZL-ADM2-76426892:NZ-STL|southland,STABLE_PARENT+NAME_ID; EXTERNAL_POLYGON_JOIN_PENDING,,,Stable key = ISO region code + i-Tree territorial-authority label.,https://www.geoboundaries.org/api/current/gbOpen/NZL/ADM2/
ITC-3308,New Zealand,Taranaki,NZ-TKI,New Plymouth,New Plymouth,YES,NZL-ADM2-76426892,NZ-TKI|new-plymouth,NZL-ADM2-76426892:NZ-TKI|new-plymouth,STABLE_PARENT+NAME_ID; EXTERNAL_POLYGON_JOIN_PENDING,,,Stable key = ISO region code + i-Tree territorial-authority label.,https://www.geoboundaries.org/api/current/gbOpen/NZL/ADM2/
ITC-3309,New Zealand,Taranaki,NZ-TKI,South Taranaki,South Taranaki,YES,NZL-ADM2-76426892,NZ-TKI|south-taranaki,NZL-ADM2-76426892:NZ-TKI|south-taranaki,STABLE_PARENT+NAME_ID; EXTERNAL_POLYGON_JOIN_PENDING,,,Stable key = ISO region code + i-Tree territorial-authority label.,https://www.geoboundaries.org/api/current/gbOpen/NZL/ADM2/
ITC-3310,New Zealand,Taranaki,NZ-TKI,Stratford,Stratford,YES,NZL-ADM2-76426892,NZ-TKI|stratford,NZL-ADM2-76426892:NZ-TKI|stratford,STABLE_PARENT+NAME_ID; EXTERNAL_POLYGON_JOIN_PENDING,,,Stable key = ISO region code + i-Tree territorial-authority label.,https://www.geoboundaries.org/api/current/gbOpen/NZL/ADM2/
ITC-3311,New Zealand,Tasman,NZ-TAS,Tasman,Tasman,YES,NZL-ADM2-76426892,NZ-TAS|tasman,NZL-ADM2-76426892:NZ-TAS|tasman,STABLE_PARENT+NAME_ID; EXTERNAL_POLYGON_JOIN_PENDING,,,Stable key = ISO region code + i-Tree territorial-authority label.,https://www.geoboundaries.org/api/current/gbOpen/NZL/ADM2/
ITC-3312,New Zealand,Waikato,NZ-WKO,Hamilton City,Hamilton City,YES,NZL-ADM2-76426892,NZ-WKO|hamilton-city,NZL-ADM2-76426892:NZ-WKO|hamilton-city,STABLE_PARENT+NAME_ID; EXTERNAL_POLYGON_JOIN_PENDING,,,Stable key = ISO region code + i-Tree territorial-authority label.,https://www.geoboundaries.org/api/current/gbOpen/NZL/ADM2/
ITC-3313,New Zealand,Waikato,NZ-WKO,Hauraki,Hauraki,YES,NZL-ADM2-76426892,NZ-WKO|hauraki,NZL-ADM2-76426892:NZ-WKO|hauraki,STABLE_PARENT+NAME_ID; EXTERNAL_POLYGON_JOIN_PENDING,,,Stable key = ISO region code + i-Tree territorial-authority label.,https://www.geoboundaries.org/api/current/gbOpen/NZL/ADM2/
ITC-3314,New Zealand,Waikato,NZ-WKO,Matamata-Piako,Matamata-Piako,YES,NZL-ADM2-76426892,NZ-WKO|matamata-piako,NZL-ADM2-76426892:NZ-WKO|matamata-piako,STABLE_PARENT+NAME_ID; EXTERNAL_POLYGON_JOIN_PENDING,,,Stable key = ISO region code + i-Tree territorial-authority label.,https://www.geoboundaries.org/api/current/gbOpen/NZL/ADM2/
ITC-3315,New Zealand,Waikato,NZ-WKO,Ōtorohanga,Ōtorohanga,YES,NZL-ADM2-76426892,NZ-WKO|otorohanga,NZL-ADM2-76426892:NZ-WKO|otorohanga,STABLE_PARENT+NAME_ID; EXTERNAL_POLYGON_JOIN_PENDING,,,Stable key = ISO region code + i-Tree territorial-authority label.,https://www.geoboundaries.org/api/current/gbOpen/NZL/ADM2/
ITC-3316,New Zealand,Waikato,NZ-WKO,South Waikato,South Waikato,YES,NZL-ADM2-76426892,NZ-WKO|south-waikato,NZL-ADM2-76426892:NZ-WKO|south-waikato,STABLE_PARENT+NAME_ID; EXTERNAL_POLYGON_JOIN_PENDING,,,Stable key = ISO region code + i-Tree territorial-authority label.,https://www.geoboundaries.org/api/current/gbOpen/NZL/ADM2/
ITC-3317,New Zealand,Waikato,NZ-WKO,Taupo,Taupo,YES,NZL-ADM2-76426892,NZ-WKO|taupo,NZL-ADM2-76426892:NZ-WKO|taupo,STABLE_PARENT+NAME_ID; EXTERNAL_POLYGON_JOIN_PENDING,,,Stable key = ISO region code + i-Tree territorial-authority label.,https://www.geoboundaries.org/api/current/gbOpen/NZL/ADM2/
ITC-3318,New Zealand,Waikato,NZ-WKO,Thames-Coromandel,Thames-Coromandel,YES,NZL-ADM2-76426892,NZ-WKO|thames-coromandel,NZL-ADM2-76426892:NZ-WKO|thames-coromandel,STABLE_PARENT+NAME_ID; EXTERNAL_POLYGON_JOIN_PENDING,,,Stable key = ISO region code + i-Tree territorial-authority label.,https://www.geoboundaries.org/api/current/gbOpen/NZL/ADM2/
ITC-3319,New Zealand,Waikato,NZ-WKO,Waikato,Waikato,YES,NZL-ADM2-76426892,NZ-WKO|waikato,NZL-ADM2-76426892:NZ-WKO|waikato,STABLE_PARENT+NAME_ID; EXTERNAL_POLYGON_JOIN_PENDING,,,Stable key = ISO region code + i-Tree territorial-authority label.,https://www.geoboundaries.org/api/current/gbOpen/NZL/ADM2/
ITC-3320,New Zealand,Waikato,NZ-WKO,Waipa,Waipa,YES,NZL-ADM2-76426892,NZ-WKO|waipa,NZL-ADM2-76426892:NZ-WKO|waipa,STABLE_PARENT+NAME_ID; EXTERNAL_POLYGON_JOIN_PENDING,,,Stable key = ISO region code + i-Tree territorial-authority label.,https://www.geoboundaries.org/api/current/gbOpen/NZL/ADM2/
ITC-3321,New Zealand,Waikato,NZ-WKO,Waitomo,Waitomo,YES,NZL-ADM2-76426892,NZ-WKO|waitomo,NZL-ADM2-76426892:NZ-WKO|waitomo,STABLE_PARENT+NAME_ID; EXTERNAL_POLYGON_JOIN_PENDING,,,Stable key = ISO region code + i-Tree territorial-authority label.,https://www.geoboundaries.org/api/current/gbOpen/NZL/ADM2/
ITC-3322,New Zealand,Wellington,NZ-WGN,Carterton,Carterton,YES,NZL-ADM2-76426892,NZ-WGN|carterton,NZL-ADM2-76426892:NZ-WGN|carterton,STABLE_PARENT+NAME_ID; EXTERNAL_POLYGON_JOIN_PENDING,,,Stable key = ISO region code + i-Tree territorial-authority label.,https://www.geoboundaries.org/api/current/gbOpen/NZL/ADM2/
ITC-3323,New Zealand,Wellington,NZ-WGN,Kapiti Coast,Kapiti Coast,YES,NZL-ADM2-76426892,NZ-WGN|kapiti-coast,NZL-ADM2-76426892:NZ-WGN|kapiti-coast,STABLE_PARENT+NAME_ID; EXTERNAL_POLYGON_JOIN_PENDING,,,Stable key = ISO region code + i-Tree territorial-authority label.,https://www.geoboundaries.org/api/current/gbOpen/NZL/ADM2/
ITC-3324,New Zealand,Wellington,NZ-WGN,Lower Hutt City,Lower Hutt City,YES,NZL-ADM2-76426892,NZ-WGN|lower-hutt-city,NZL-ADM2-76426892:NZ-WGN|lower-hutt-city,STABLE_PARENT+NAME_ID; EXTERNAL_POLYGON_JOIN_PENDING,,,Stable key = ISO region code + i-Tree territorial-authority label.,https://www.geoboundaries.org/api/current/gbOpen/NZL/ADM2/
ITC-3325,New Zealand,Wellington,NZ-WGN,Masterton,Masterton,YES,NZL-ADM2-76426892,NZ-WGN|masterton,NZL-ADM2-76426892:NZ-WGN|masterton,STABLE_PARENT+NAME_ID; EXTERNAL_POLYGON_JOIN_PENDING,,,Stable key = ISO region code + i-Tree territorial-authority label.,https://www.geoboundaries.org/api/current/gbOpen/NZL/ADM2/
ITC-3326,New Zealand,Wellington,NZ-WGN,Porirua City,Porirua City,YES,NZL-ADM2-76426892,NZ-WGN|porirua-city,NZL-ADM2-76426892:NZ-WGN|porirua-city,STABLE_PARENT+NAME_ID; EXTERNAL_POLYGON_JOIN_PENDING,,,Stable key = ISO region code + i-Tree territorial-authority label.,https://www.geoboundaries.org/api/current/gbOpen/NZL/ADM2/
ITC-3327,New Zealand,Wellington,NZ-WGN,South Wairarapa,South Wairarapa,YES,NZL-ADM2-76426892,NZ-WGN|south-wairarapa,NZL-ADM2-76426892:NZ-WGN|south-wairarapa,STABLE_PARENT+NAME_ID; EXTERNAL_POLYGON_JOIN_PENDING,,,Stable key = ISO region code + i-Tree territorial-authority label.,https://www.geoboundaries.org/api/current/gbOpen/NZL/ADM2/
ITC-3328,New Zealand,Wellington,NZ-WGN,Upper Hutt City,Upper Hutt City,YES,NZL-ADM2-76426892,NZ-WGN|upper-hutt-city,NZL-ADM2-76426892:NZ-WGN|upper-hutt-city,STABLE_PARENT+NAME_ID; EXTERNAL_POLYGON_JOIN_PENDING,,,Stable key = ISO region code + i-Tree territorial-authority label.,https://www.geoboundaries.org/api/current/gbOpen/NZL/ADM2/
ITC-3329,New Zealand,Wellington,NZ-WGN,Wellington City,Wellington City,YES,NZL-ADM2-76426892,NZ-WGN|wellington-city,NZL-ADM2-76426892:NZ-WGN|wellington-city,STABLE_PARENT+NAME_ID; EXTERNAL_POLYGON_JOIN_PENDING,,,Stable key = ISO region code + i-Tree territorial-authority label.,https://www.geoboundaries.org/api/current/gbOpen/NZL/ADM2/
ITC-3330,New Zealand,West Coast,NZ-WTC,Buller,Buller,YES,NZL-ADM2-76426892,NZ-WTC|buller,NZL-ADM2-76426892:NZ-WTC|buller,STABLE_PARENT+NAME_ID; EXTERNAL_POLYGON_JOIN_PENDING,,,Stable key = ISO region code + i-Tree territorial-authority label.,https://www.geoboundaries.org/api/current/gbOpen/NZL/ADM2/
ITC-3331,New Zealand,West Coast,NZ-WTC,Grey,Grey,YES,NZL-ADM2-76426892,NZ-WTC|grey,NZL-ADM2-76426892:NZ-WTC|grey,STABLE_PARENT+NAME_ID; EXTERNAL_POLYGON_JOIN_PENDING,,,Stable key = ISO region code + i-Tree territorial-authority label.,https://www.geoboundaries.org/api/current/gbOpen/NZL/ADM2/
ITC-3332,New Zealand,West Coast,NZ-WTC,Westland,Westland,YES,NZL-ADM2-76426892,NZ-WTC|westland,NZL-ADM2-76426892:NZ-WTC|westland,STABLE_PARENT+NAME_ID; EXTERNAL_POLYGON_JOIN_PENDING,,,Stable key = ISO region code + i-Tree territorial-authority label.,https://www.geoboundaries.org/api/current/gbOpen/NZL/ADM2/
ITC-3333,Korea,Busan,KR-26,Buk-gu,Buk-gu,YES,KOR-ADM2-91817680,KR-26|buk-gu,KOR-ADM2-91817680:KR-26|buk-gu,STABLE_PARENT+NAME_ID; EXTERNAL_POLYGON_JOIN_PENDING,,,,https://www.geoboundaries.org/api/current/gbOpen/KOR/ADM2/
ITC-3334,Korea,Busan,KR-26,Busanjin-gu,Busanjin-gu,YES,KOR-ADM2-91817680,KR-26|busanjin-gu,KOR-ADM2-91817680:KR-26|busanjin-gu,STABLE_PARENT+NAME_ID; EXTERNAL_POLYGON_JOIN_PENDING,,,,https://www.geoboundaries.org/api/current/gbOpen/KOR/ADM2/
ITC-3335,Korea,Busan,KR-26,Dong-gu,Dong-gu,YES,KOR-ADM2-91817680,KR-26|dong-gu,KOR-ADM2-91817680:KR-26|dong-gu,STABLE_PARENT+NAME_ID; EXTERNAL_POLYGON_JOIN_PENDING,,,,https://www.geoboundaries.org/api/current/gbOpen/KOR/ADM2/
ITC-3336,Korea,Busan,KR-26,Dongnae-gu,Dongnae-gu,YES,KOR-ADM2-91817680,KR-26|dongnae-gu,KOR-ADM2-91817680:KR-26|dongnae-gu,STABLE_PARENT+NAME_ID; EXTERNAL_POLYGON_JOIN_PENDING,,,,https://www.geoboundaries.org/api/current/gbOpen/KOR/ADM2/
ITC-3337,Korea,Busan,KR-26,Gangseo-gu,Gangseo-gu,YES,KOR-ADM2-91817680,KR-26|gangseo-gu,KOR-ADM2-91817680:KR-26|gangseo-gu,STABLE_PARENT+NAME_ID; EXTERNAL_POLYGON_JOIN_PENDING,,,,https://www.geoboundaries.org/api/current/gbOpen/KOR/ADM2/
ITC-3338,Korea,Busan,KR-26,Geumjeong-gu,Geumjeong-gu,YES,KOR-ADM2-91817680,KR-26|geumjeong-gu,KOR-ADM2-91817680:KR-26|geumjeong-gu,STABLE_PARENT+NAME_ID; EXTERNAL_POLYGON_JOIN_PENDING,,,,https://www.geoboundaries.org/api/current/gbOpen/KOR/ADM2/
ITC-3339,Korea,Busan,KR-26,Gijang-gun,Gijang-gun,YES,KOR-ADM2-91817680,KR-26|gijang-gun,KOR-ADM2-91817680:KR-26|gijang-gun,STABLE_PARENT+NAME_ID; EXTERNAL_POLYGON_JOIN_PENDING,,,,https://www.geoboundaries.org/api/current/gbOpen/KOR/ADM2/
ITC-3340,Korea,Busan,KR-26,Haeundae-gu,Haeundae-gu,YES,KOR-ADM2-91817680,KR-26|haeundae-gu,KOR-ADM2-91817680:KR-26|haeundae-gu,STABLE_PARENT+NAME_ID; EXTERNAL_POLYGON_JOIN_PENDING,,,,https://www.geoboundaries.org/api/current/gbOpen/KOR/ADM2/
ITC-3341,Korea,Busan,KR-26,Jung-gu,Jung-gu,YES,KOR-ADM2-91817680,KR-26|jung-gu,KOR-ADM2-91817680:KR-26|jung-gu,STABLE_PARENT+NAME_ID; EXTERNAL_POLYGON_JOIN_PENDING,,,,https://www.geoboundaries.org/api/current/gbOpen/KOR/ADM2/
ITC-3342,Korea,Busan,KR-26,Nam-gu,Nam-gu,YES,KOR-ADM2-91817680,KR-26|nam-gu,KOR-ADM2-91817680:KR-26|nam-gu,STABLE_PARENT+NAME_ID; EXTERNAL_POLYGON_JOIN_PENDING,,,,https://www.geoboundaries.org/api/current/gbOpen/KOR/ADM2/
ITC-3343,Korea,Busan,KR-26,Saha-gu,Saha-gu,YES,KOR-ADM2-91817680,KR-26|saha-gu,KOR-ADM2-91817680:KR-26|saha-gu,STABLE_PARENT+NAME_ID; EXTERNAL_POLYGON_JOIN_PENDING,,,,https://www.geoboundaries.org/api/current/gbOpen/KOR/ADM2/
ITC-3344,Korea,Busan,KR-26,Sasang-gu,Sasang-gu,YES,KOR-ADM2-91817680,KR-26|sasang-gu,KOR-ADM2-91817680:KR-26|sasang-gu,STABLE_PARENT+NAME_ID; EXTERNAL_POLYGON_JOIN_PENDING,,,,https://www.geoboundaries.org/api/current/gbOpen/KOR/ADM2/
ITC-3345,Korea,Busan,KR-26,Seo-gu,Seo-gu,YES,KOR-ADM2-91817680,KR-26|seo-gu,KOR-ADM2-91817680:KR-26|seo-gu,STABLE_PARENT+NAME_ID; EXTERNAL_POLYGON_JOIN_PENDING,,,,https://www.geoboundaries.org/api/current/gbOpen/KOR/ADM2/
ITC-3346,Korea,Busan,KR-26,Suyeong-gu,Suyeong-gu,YES,KOR-ADM2-91817680,KR-26|suyeong-gu,KOR-ADM2-91817680:KR-26|suyeong-gu,STABLE_PARENT+NAME_ID; EXTERNAL_POLYGON_JOIN_PENDING,,,,https://www.geoboundaries.org/api/current/gbOpen/KOR/ADM2/
ITC-3347,Korea,Busan,KR-26,Yeongdo-gu,Yeongdo-gu,YES,KOR-ADM2-91817680,KR-26|yeongdo-gu,KOR-ADM2-91817680:KR-26|yeongdo-gu,STABLE_PARENT+NAME_ID; EXTERNAL_POLYGON_JOIN_PENDING,,,,https://www.geoboundaries.org/api/current/gbOpen/KOR/ADM2/
ITC-3348,Korea,Busan,KR-26,Yeonje-gu,Yeonje-gu,YES,KOR-ADM2-91817680,KR-26|yeonje-gu,KOR-ADM2-91817680:KR-26|yeonje-gu,STABLE_PARENT+NAME_ID; EXTERNAL_POLYGON_JOIN_PENDING,,,,https://www.geoboundaries.org/api/current/gbOpen/KOR/ADM2/
ITC-3349,Korea,Chungcheongbuk-do,KR-43,Boeun-gun,Boeun-gun,YES,KOR-ADM2-91817680,KR-43|boeun-gun,KOR-ADM2-91817680:KR-43|boeun-gun,STABLE_PARENT+NAME_ID; EXTERNAL_POLYGON_JOIN_PENDING,,,,https://www.geoboundaries.org/api/current/gbOpen/KOR/ADM2/
ITC-3350,Korea,Chungcheongbuk-do,KR-43,Cheongju-si,Cheongju-si,YES,KOR-ADM2-91817680,KR-43|cheongju-si,KOR-ADM2-91817680:KR-43|cheongju-si,STABLE_PARENT+NAME_ID; EXTERNAL_POLYGON_JOIN_PENDING,,,,https://www.geoboundaries.org/api/current/gbOpen/KOR/ADM2/
ITC-3351,Korea,Chungcheongbuk-do,KR-43,Chungju-si,Chungju-si,YES,KOR-ADM2-91817680,KR-43|chungju-si,KOR-ADM2-91817680:KR-43|chungju-si,STABLE_PARENT+NAME_ID; EXTERNAL_POLYGON_JOIN_PENDING,,,,https://www.geoboundaries.org/api/current/gbOpen/KOR/ADM2/
ITC-3352,Korea,Chungcheongbuk-do,KR-43,Danyang-gun,Danyang-gun,YES,KOR-ADM2-91817680,KR-43|danyang-gun,KOR-ADM2-91817680:KR-43|danyang-gun,STABLE_PARENT+NAME_ID; EXTERNAL_POLYGON_JOIN_PENDING,,,,https://www.geoboundaries.org/api/current/gbOpen/KOR/ADM2/
ITC-3353,Korea,Chungcheongbuk-do,KR-43,Eumseong-gun,Eumseong-gun,YES,KOR-ADM2-91817680,KR-43|eumseong-gun,KOR-ADM2-91817680:KR-43|eumseong-gun,STABLE_PARENT+NAME_ID; EXTERNAL_POLYGON_JOIN_PENDING,,,,https://www.geoboundaries.org/api/current/gbOpen/KOR/ADM2/
ITC-3354,Korea,Chungcheongbuk-do,KR-43,Goesan-gun,Goesan-gun,YES,KOR-ADM2-91817680,KR-43|goesan-gun,KOR-ADM2-91817680:KR-43|goesan-gun,STABLE_PARENT+NAME_ID; EXTERNAL_POLYGON_JOIN_PENDING,,,,https://www.geoboundaries.org/api/current/gbOpen/KOR/ADM2/
ITC-3355,Korea,Chungcheongbuk-do,KR-43,Jecheon-si,Jecheon-si,YES,KOR-ADM2-91817680,KR-43|jecheon-si,KOR-ADM2-91817680:KR-43|jecheon-si,STABLE_PARENT+NAME_ID; EXTERNAL_POLYGON_JOIN_PENDING,,,,https://www.geoboundaries.org/api/current/gbOpen/KOR/ADM2/
ITC-3356,Korea,Chungcheongbuk-do,KR-43,Jeungpyeong-gun,Jeungpyeong-gun,YES,KOR-ADM2-91817680,KR-43|jeungpyeong-gun,KOR-ADM2-91817680:KR-43|jeungpyeong-gun,STABLE_PARENT+NAME_ID; EXTERNAL_POLYGON_JOIN_PENDING,,,,https://www.geoboundaries.org/api/current/gbOpen/KOR/ADM2/
ITC-3357,Korea,Chungcheongbuk-do,KR-43,Jincheon-gun,Jincheon-gun,YES,KOR-ADM2-91817680,KR-43|jincheon-gun,KOR-ADM2-91817680:KR-43|jincheon-gun,STABLE_PARENT+NAME_ID; EXTERNAL_POLYGON_JOIN_PENDING,,,,https://www.geoboundaries.org/api/current/gbOpen/KOR/ADM2/
ITC-3358,Korea,Chungcheongbuk-do,KR-43,Okcheon-gun,Okcheon-gun,YES,KOR-ADM2-91817680,KR-43|okcheon-gun,KOR-ADM2-91817680:KR-43|okcheon-gun,STABLE_PARENT+NAME_ID; EXTERNAL_POLYGON_JOIN_PENDING,,,,https://www.geoboundaries.org/api/current/gbOpen/KOR/ADM2/
ITC-3359,Korea,Chungcheongbuk-do,KR-43,Yeongdong-gun,Yeongdong-gun,YES,KOR-ADM2-91817680,KR-43|yeongdong-gun,KOR-ADM2-91817680:KR-43|yeongdong-gun,STABLE_PARENT+NAME_ID; EXTERNAL_POLYGON_JOIN_PENDING,,,,https://www.geoboundaries.org/api/current/gbOpen/KOR/ADM2/
ITC-3360,Korea,Chungcheongnam-do,KR-44,Asan-si,Asan-si,YES,KOR-ADM2-91817680,KR-44|asan-si,KOR-ADM2-91817680:KR-44|asan-si,STABLE_PARENT+NAME_ID; EXTERNAL_POLYGON_JOIN_PENDING,,,,https://www.geoboundaries.org/api/current/gbOpen/KOR/ADM2/
ITC-3361,Korea,Chungcheongnam-do,KR-44,Boryeong-si,Boryeong-si,YES,KOR-ADM2-91817680,KR-44|boryeong-si,KOR-ADM2-91817680:KR-44|boryeong-si,STABLE_PARENT+NAME_ID; EXTERNAL_POLYGON_JOIN_PENDING,,,,https://www.geoboundaries.org/api/current/gbOpen/KOR/ADM2/
ITC-3362,Korea,Chungcheongnam-do,KR-44,Buyeo-gun,Buyeo-gun,YES,KOR-ADM2-91817680,KR-44|buyeo-gun,KOR-ADM2-91817680:KR-44|buyeo-gun,STABLE_PARENT+NAME_ID; EXTERNAL_POLYGON_JOIN_PENDING,,,,https://www.geoboundaries.org/api/current/gbOpen/KOR/ADM2/
ITC-3363,Korea,Chungcheongnam-do,KR-44,Cheonan-si,Cheonan-si,YES,KOR-ADM2-91817680,KR-44|cheonan-si,KOR-ADM2-91817680:KR-44|cheonan-si,STABLE_PARENT+NAME_ID; EXTERNAL_POLYGON_JOIN_PENDING,,,,https://www.geoboundaries.org/api/current/gbOpen/KOR/ADM2/
ITC-3364,Korea,Chungcheongnam-do,KR-44,Cheongyang-gun,Cheongyang-gun,YES,KOR-ADM2-91817680,KR-44|cheongyang-gun,KOR-ADM2-91817680:KR-44|cheongyang-gun,STABLE_PARENT+NAME_ID; EXTERNAL_POLYGON_JOIN_PENDING,,,,https://www.geoboundaries.org/api/current/gbOpen/KOR/ADM2/
ITC-3365,Korea,Chungcheongnam-do,KR-44,Dangjin-si,Dangjin-si,YES,KOR-ADM2-91817680,KR-44|dangjin-si,KOR-ADM2-91817680:KR-44|dangjin-si,STABLE_PARENT+NAME_ID; EXTERNAL_POLYGON_JOIN_PENDING,,,,https://www.geoboundaries.org/api/current/gbOpen/KOR/ADM2/
ITC-3366,Korea,Chungcheongnam-do,KR-44,Geumsan-gun,Geumsan-gun,YES,KOR-ADM2-91817680,KR-44|geumsan-gun,KOR-ADM2-91817680:KR-44|geumsan-gun,STABLE_PARENT+NAME_ID; EXTERNAL_POLYGON_JOIN_PENDING,,,,https://www.geoboundaries.org/api/current/gbOpen/KOR/ADM2/
ITC-3367,Korea,Chungcheongnam-do,KR-44,Gongju-si,Gongju-si,YES,KOR-ADM2-91817680,KR-44|gongju-si,KOR-ADM2-91817680:KR-44|gongju-si,STABLE_PARENT+NAME_ID; EXTERNAL_POLYGON_JOIN_PENDING,,,,https://www.geoboundaries.org/api/current/gbOpen/KOR/ADM2/
ITC-3368,Korea,Chungcheongnam-do,KR-44,Gyeryong-si,Gyeryong-si,YES,KOR-ADM2-91817680,KR-44|gyeryong-si,KOR-ADM2-91817680:KR-44|gyeryong-si,STABLE_PARENT+NAME_ID; EXTERNAL_POLYGON_JOIN_PENDING,,,,https://www.geoboundaries.org/api/current/gbOpen/KOR/ADM2/
ITC-3369,Korea,Chungcheongnam-do,KR-44,Hongseong-gun,Hongseong-gun,YES,KOR-ADM2-91817680,KR-44|hongseong-gun,KOR-ADM2-91817680:KR-44|hongseong-gun,STABLE_PARENT+NAME_ID; EXTERNAL_POLYGON_JOIN_PENDING,,,,https://www.geoboundaries.org/api/current/gbOpen/KOR/ADM2/
ITC-3370,Korea,Chungcheongnam-do,KR-44,Nonsan-si,Nonsan-si,YES,KOR-ADM2-91817680,KR-44|nonsan-si,KOR-ADM2-91817680:KR-44|nonsan-si,STABLE_PARENT+NAME_ID; EXTERNAL_POLYGON_JOIN_PENDING,,,,https://www.geoboundaries.org/api/current/gbOpen/KOR/ADM2/
ITC-3371,Korea,Chungcheongnam-do,KR-44,Seocheon-gun,Seocheon-gun,YES,KOR-ADM2-91817680,KR-44|seocheon-gun,KOR-ADM2-91817680:KR-44|seocheon-gun,STABLE_PARENT+NAME_ID; EXTERNAL_POLYGON_JOIN_PENDING,,,,https://www.geoboundaries.org/api/current/gbOpen/KOR/ADM2/
ITC-3372,Korea,Chungcheongnam-do,KR-44,Seosan-si,Seosan-si,YES,KOR-ADM2-91817680,KR-44|seosan-si,KOR-ADM2-91817680:KR-44|seosan-si,STABLE_PARENT+NAME_ID; EXTERNAL_POLYGON_JOIN_PENDING,,,,https://www.geoboundaries.org/api/current/gbOpen/KOR/ADM2/
ITC-3373,Korea,Chungcheongnam-do,KR-44,Taean-gun,Taean-gun,YES,KOR-ADM2-91817680,KR-44|taean-gun,KOR-ADM2-91817680:KR-44|taean-gun,STABLE_PARENT+NAME_ID; EXTERNAL_POLYGON_JOIN_PENDING,,,,https://www.geoboundaries.org/api/current/gbOpen/KOR/ADM2/
ITC-3374,Korea,Chungcheongnam-do,KR-44,Yesan-gun,Yesan-gun,YES,KOR-ADM2-91817680,KR-44|yesan-gun,KOR-ADM2-91817680:KR-44|yesan-gun,STABLE_PARENT+NAME_ID; EXTERNAL_POLYGON_JOIN_PENDING,,,,https://www.geoboundaries.org/api/current/gbOpen/KOR/ADM2/
ITC-3375,Korea,Daegu,KR-27,Buk-gu,Buk-gu,YES,KOR-ADM2-91817680,KR-27|buk-gu,KOR-ADM2-91817680:KR-27|buk-gu,STABLE_PARENT+NAME_ID; EXTERNAL_POLYGON_JOIN_PENDING,,,,https://www.geoboundaries.org/api/current/gbOpen/KOR/ADM2/
ITC-3376,Korea,Daegu,KR-27,Dalseo-gu,Dalseo-gu,YES,KOR-ADM2-91817680,KR-27|dalseo-gu,KOR-ADM2-91817680:KR-27|dalseo-gu,STABLE_PARENT+NAME_ID; EXTERNAL_POLYGON_JOIN_PENDING,,,,https://www.geoboundaries.org/api/current/gbOpen/KOR/ADM2/
ITC-3377,Korea,Daegu,KR-27,Dalseong-gun,Dalseong-gun,YES,KOR-ADM2-91817680,KR-27|dalseong-gun,KOR-ADM2-91817680:KR-27|dalseong-gun,STABLE_PARENT+NAME_ID; EXTERNAL_POLYGON_JOIN_PENDING,,,,https://www.geoboundaries.org/api/current/gbOpen/KOR/ADM2/
ITC-3378,Korea,Daegu,KR-27,Dong-gu,Dong-gu,YES,KOR-ADM2-91817680,KR-27|dong-gu,KOR-ADM2-91817680:KR-27|dong-gu,STABLE_PARENT+NAME_ID; EXTERNAL_POLYGON_JOIN_PENDING,,,,https://www.geoboundaries.org/api/current/gbOpen/KOR/ADM2/
ITC-3379,Korea,Daegu,KR-27,Jung-gu,Jung-gu,YES,KOR-ADM2-91817680,KR-27|jung-gu,KOR-ADM2-91817680:KR-27|jung-gu,STABLE_PARENT+NAME_ID; EXTERNAL_POLYGON_JOIN_PENDING,,,,https://www.geoboundaries.org/api/current/gbOpen/KOR/ADM2/
ITC-3380,Korea,Daegu,KR-27,Nam-gu,Nam-gu,YES,KOR-ADM2-91817680,KR-27|nam-gu,KOR-ADM2-91817680:KR-27|nam-gu,STABLE_PARENT+NAME_ID; EXTERNAL_POLYGON_JOIN_PENDING,,,,https://www.geoboundaries.org/api/current/gbOpen/KOR/ADM2/
ITC-3381,Korea,Daegu,KR-27,Seo-gu,Seo-gu,YES,KOR-ADM2-91817680,KR-27|seo-gu,KOR-ADM2-91817680:KR-27|seo-gu,STABLE_PARENT+NAME_ID; EXTERNAL_POLYGON_JOIN_PENDING,,,,https://www.geoboundaries.org/api/current/gbOpen/KOR/ADM2/
ITC-3382,Korea,Daegu,KR-27,Suseong-gu,Suseong-gu,YES,KOR-ADM2-91817680,KR-27|suseong-gu,KOR-ADM2-91817680:KR-27|suseong-gu,STABLE_PARENT+NAME_ID; EXTERNAL_POLYGON_JOIN_PENDING,,,,https://www.geoboundaries.org/api/current/gbOpen/KOR/ADM2/
ITC-3383,Korea,Daejeon,KR-30,Daedeok-gu,Daedeok-gu,YES,KOR-ADM2-91817680,KR-30|daedeok-gu,KOR-ADM2-91817680:KR-30|daedeok-gu,STABLE_PARENT+NAME_ID; EXTERNAL_POLYGON_JOIN_PENDING,,,,https://www.geoboundaries.org/api/current/gbOpen/KOR/ADM2/
ITC-3384,Korea,Daejeon,KR-30,Dong-gu,Dong-gu,YES,KOR-ADM2-91817680,KR-30|dong-gu,KOR-ADM2-91817680:KR-30|dong-gu,STABLE_PARENT+NAME_ID; EXTERNAL_POLYGON_JOIN_PENDING,,,,https://www.geoboundaries.org/api/current/gbOpen/KOR/ADM2/
ITC-3385,Korea,Daejeon,KR-30,Jung-gu,Jung-gu,YES,KOR-ADM2-91817680,KR-30|jung-gu,KOR-ADM2-91817680:KR-30|jung-gu,STABLE_PARENT+NAME_ID; EXTERNAL_POLYGON_JOIN_PENDING,,,,https://www.geoboundaries.org/api/current/gbOpen/KOR/ADM2/
ITC-3386,Korea,Daejeon,KR-30,Seo-gu,Seo-gu,YES,KOR-ADM2-91817680,KR-30|seo-gu,KOR-ADM2-91817680:KR-30|seo-gu,STABLE_PARENT+NAME_ID; EXTERNAL_POLYGON_JOIN_PENDING,,,,https://www.geoboundaries.org/api/current/gbOpen/KOR/ADM2/
ITC-3387,Korea,Daejeon,KR-30,Yuseong-gu,Yuseong-gu,YES,KOR-ADM2-91817680,KR-30|yuseong-gu,KOR-ADM2-91817680:KR-30|yuseong-gu,STABLE_PARENT+NAME_ID; EXTERNAL_POLYGON_JOIN_PENDING,,,,https://www.geoboundaries.org/api/current/gbOpen/KOR/ADM2/
ITC-3388,Korea,Gangwon-do,KR-42,Cheorwon-gun,Cheorwon-gun,YES,KOR-ADM2-91817680,KR-42|cheorwon-gun,KOR-ADM2-91817680:KR-42|cheorwon-gun,STABLE_PARENT+NAME_ID; EXTERNAL_POLYGON_JOIN_PENDING,,,,https://www.geoboundaries.org/api/current/gbOpen/KOR/ADM2/
ITC-3389,Korea,Gangwon-do,KR-42,Chuncheon-si,Chuncheon-si,YES,KOR-ADM2-91817680,KR-42|chuncheon-si,KOR-ADM2-91817680:KR-42|chuncheon-si,STABLE_PARENT+NAME_ID; EXTERNAL_POLYGON_JOIN_PENDING,,,,https://www.geoboundaries.org/api/current/gbOpen/KOR/ADM2/
ITC-3390,Korea,Gangwon-do,KR-42,Donghae-si,Donghae-si,YES,KOR-ADM2-91817680,KR-42|donghae-si,KOR-ADM2-91817680:KR-42|donghae-si,STABLE_PARENT+NAME_ID; EXTERNAL_POLYGON_JOIN_PENDING,,,,https://www.geoboundaries.org/api/current/gbOpen/KOR/ADM2/
ITC-3391,Korea,Gangwon-do,KR-42,Gangneung-si,Gangneung-si,YES,KOR-ADM2-91817680,KR-42|gangneung-si,KOR-ADM2-91817680:KR-42|gangneung-si,STABLE_PARENT+NAME_ID; EXTERNAL_POLYGON_JOIN_PENDING,,,,https://www.geoboundaries.org/api/current/gbOpen/KOR/ADM2/
ITC-3392,Korea,Gangwon-do,KR-42,Goseong-gun,Goseong-gun,YES,KOR-ADM2-91817680,KR-42|goseong-gun,KOR-ADM2-91817680:KR-42|goseong-gun,STABLE_PARENT+NAME_ID; EXTERNAL_POLYGON_JOIN_PENDING,,,,https://www.geoboundaries.org/api/current/gbOpen/KOR/ADM2/
ITC-3393,Korea,Gangwon-do,KR-42,Hoengseong-gun,Hoengseong-gun,YES,KOR-ADM2-91817680,KR-42|hoengseong-gun,KOR-ADM2-91817680:KR-42|hoengseong-gun,STABLE_PARENT+NAME_ID; EXTERNAL_POLYGON_JOIN_PENDING,,,,https://www.geoboundaries.org/api/current/gbOpen/KOR/ADM2/
ITC-3394,Korea,Gangwon-do,KR-42,Hongcheon-gun,Hongcheon-gun,YES,KOR-ADM2-91817680,KR-42|hongcheon-gun,KOR-ADM2-91817680:KR-42|hongcheon-gun,STABLE_PARENT+NAME_ID; EXTERNAL_POLYGON_JOIN_PENDING,,,,https://www.geoboundaries.org/api/current/gbOpen/KOR/ADM2/
ITC-3395,Korea,Gangwon-do,KR-42,Hwacheon-gun,Hwacheon-gun,YES,KOR-ADM2-91817680,KR-42|hwacheon-gun,KOR-ADM2-91817680:KR-42|hwacheon-gun,STABLE_PARENT+NAME_ID; EXTERNAL_POLYGON_JOIN_PENDING,,,,https://www.geoboundaries.org/api/current/gbOpen/KOR/ADM2/
ITC-3396,Korea,Gangwon-do,KR-42,Inje-gun,Inje-gun,YES,KOR-ADM2-91817680,KR-42|inje-gun,KOR-ADM2-91817680:KR-42|inje-gun,STABLE_PARENT+NAME_ID; EXTERNAL_POLYGON_JOIN_PENDING,,,,https://www.geoboundaries.org/api/current/gbOpen/KOR/ADM2/
ITC-3397,Korea,Gangwon-do,KR-42,Jeongseon-gun,Jeongseon-gun,YES,KOR-ADM2-91817680,KR-42|jeongseon-gun,KOR-ADM2-91817680:KR-42|jeongseon-gun,STABLE_PARENT+NAME_ID; EXTERNAL_POLYGON_JOIN_PENDING,,,,https://www.geoboundaries.org/api/current/gbOpen/KOR/ADM2/
ITC-3398,Korea,Gangwon-do,KR-42,Pyeongchang-gun,Pyeongchang-gun,YES,KOR-ADM2-91817680,KR-42|pyeongchang-gun,KOR-ADM2-91817680:KR-42|pyeongchang-gun,STABLE_PARENT+NAME_ID; EXTERNAL_POLYGON_JOIN_PENDING,,,,https://www.geoboundaries.org/api/current/gbOpen/KOR/ADM2/
ITC-3399,Korea,Gangwon-do,KR-42,Samcheok-si,Samcheok-si,YES,KOR-ADM2-91817680,KR-42|samcheok-si,KOR-ADM2-91817680:KR-42|samcheok-si,STABLE_PARENT+NAME_ID; EXTERNAL_POLYGON_JOIN_PENDING,,,,https://www.geoboundaries.org/api/current/gbOpen/KOR/ADM2/
ITC-3400,Korea,Gangwon-do,KR-42,Sokcho-si,Sokcho-si,YES,KOR-ADM2-91817680,KR-42|sokcho-si,KOR-ADM2-91817680:KR-42|sokcho-si,STABLE_PARENT+NAME_ID; EXTERNAL_POLYGON_JOIN_PENDING,,,,https://www.geoboundaries.org/api/current/gbOpen/KOR/ADM2/
ITC-3401,Korea,Gangwon-do,KR-42,Taebaek-si,Taebaek-si,YES,KOR-ADM2-91817680,KR-42|taebaek-si,KOR-ADM2-91817680:KR-42|taebaek-si,STABLE_PARENT+NAME_ID; EXTERNAL_POLYGON_JOIN_PENDING,,,,https://www.geoboundaries.org/api/current/gbOpen/KOR/ADM2/
ITC-3402,Korea,Gangwon-do,KR-42,Wonju-si,Wonju-si,YES,KOR-ADM2-91817680,KR-42|wonju-si,KOR-ADM2-91817680:KR-42|wonju-si,STABLE_PARENT+NAME_ID; EXTERNAL_POLYGON_JOIN_PENDING,,,,https://www.geoboundaries.org/api/current/gbOpen/KOR/ADM2/
ITC-3403,Korea,Gangwon-do,KR-42,Yanggu-gun,Yanggu-gun,YES,KOR-ADM2-91817680,KR-42|yanggu-gun,KOR-ADM2-91817680:KR-42|yanggu-gun,STABLE_PARENT+NAME_ID; EXTERNAL_POLYGON_JOIN_PENDING,,,,https://www.geoboundaries.org/api/current/gbOpen/KOR/ADM2/
ITC-3404,Korea,Gangwon-do,KR-42,Yangyang-gun,Yangyang-gun,YES,KOR-ADM2-91817680,KR-42|yangyang-gun,KOR-ADM2-91817680:KR-42|yangyang-gun,STABLE_PARENT+NAME_ID; EXTERNAL_POLYGON_JOIN_PENDING,,,,https://www.geoboundaries.org/api/current/gbOpen/KOR/ADM2/
ITC-3405,Korea,Gangwon-do,KR-42,Yeongwol-gun,Yeongwol-gun,YES,KOR-ADM2-91817680,KR-42|yeongwol-gun,KOR-ADM2-91817680:KR-42|yeongwol-gun,STABLE_PARENT+NAME_ID; EXTERNAL_POLYGON_JOIN_PENDING,,,,https://www.geoboundaries.org/api/current/gbOpen/KOR/ADM2/
ITC-3406,Korea,Gwangju,KR-29,Buk-gu,Buk-gu,YES,KOR-ADM2-91817680,KR-29|buk-gu,KOR-ADM2-91817680:KR-29|buk-gu,STABLE_PARENT+NAME_ID; EXTERNAL_POLYGON_JOIN_PENDING,,,,https://www.geoboundaries.org/api/current/gbOpen/KOR/ADM2/
ITC-3407,Korea,Gwangju,KR-29,Dong-gu,Dong-gu,YES,KOR-ADM2-91817680,KR-29|dong-gu,KOR-ADM2-91817680:KR-29|dong-gu,STABLE_PARENT+NAME_ID; EXTERNAL_POLYGON_JOIN_PENDING,,,,https://www.geoboundaries.org/api/current/gbOpen/KOR/ADM2/
ITC-3408,Korea,Gwangju,KR-29,Gwangsan-gu,Gwangsan-gu,YES,KOR-ADM2-91817680,KR-29|gwangsan-gu,KOR-ADM2-91817680:KR-29|gwangsan-gu,STABLE_PARENT+NAME_ID; EXTERNAL_POLYGON_JOIN_PENDING,,,,https://www.geoboundaries.org/api/current/gbOpen/KOR/ADM2/
ITC-3409,Korea,Gwangju,KR-29,Nam-gu,Nam-gu,YES,KOR-ADM2-91817680,KR-29|nam-gu,KOR-ADM2-91817680:KR-29|nam-gu,STABLE_PARENT+NAME_ID; EXTERNAL_POLYGON_JOIN_PENDING,,,,https://www.geoboundaries.org/api/current/gbOpen/KOR/ADM2/
ITC-3410,Korea,Gwangju,KR-29,Seo-gu,Seo-gu,YES,KOR-ADM2-91817680,KR-29|seo-gu,KOR-ADM2-91817680:KR-29|seo-gu,STABLE_PARENT+NAME_ID; EXTERNAL_POLYGON_JOIN_PENDING,,,,https://www.geoboundaries.org/api/current/gbOpen/KOR/ADM2/
ITC-3411,Korea,Gyeonggi-do,KR-41,Ansan-si,Ansan-si,YES,KOR-ADM2-91817680,KR-41|ansan-si,KOR-ADM2-91817680:KR-41|ansan-si,STABLE_PARENT+NAME_ID; EXTERNAL_POLYGON_JOIN_PENDING,,,,https://www.geoboundaries.org/api/current/gbOpen/KOR/ADM2/
ITC-3412,Korea,Gyeonggi-do,KR-41,Anseong-si,Anseong-si,YES,KOR-ADM2-91817680,KR-41|anseong-si,KOR-ADM2-91817680:KR-41|anseong-si,STABLE_PARENT+NAME_ID; EXTERNAL_POLYGON_JOIN_PENDING,,,,https://www.geoboundaries.org/api/current/gbOpen/KOR/ADM2/
ITC-3413,Korea,Gyeonggi-do,KR-41,Anyang-si,Anyang-si,YES,KOR-ADM2-91817680,KR-41|anyang-si,KOR-ADM2-91817680:KR-41|anyang-si,STABLE_PARENT+NAME_ID; EXTERNAL_POLYGON_JOIN_PENDING,,,,https://www.geoboundaries.org/api/current/gbOpen/KOR/ADM2/
ITC-3414,Korea,Gyeonggi-do,KR-41,Bucheon-si,Bucheon-si,YES,KOR-ADM2-91817680,KR-41|bucheon-si,KOR-ADM2-91817680:KR-41|bucheon-si,STABLE_PARENT+NAME_ID; EXTERNAL_POLYGON_JOIN_PENDING,,,,https://www.geoboundaries.org/api/current/gbOpen/KOR/ADM2/
ITC-3415,Korea,Gyeonggi-do,KR-41,Dongducheon-si,Dongducheon-si,YES,KOR-ADM2-91817680,KR-41|dongducheon-si,KOR-ADM2-91817680:KR-41|dongducheon-si,STABLE_PARENT+NAME_ID; EXTERNAL_POLYGON_JOIN_PENDING,,,,https://www.geoboundaries.org/api/current/gbOpen/KOR/ADM2/
ITC-3416,Korea,Gyeonggi-do,KR-41,Gapyeong-gun,Gapyeong-gun,YES,KOR-ADM2-91817680,KR-41|gapyeong-gun,KOR-ADM2-91817680:KR-41|gapyeong-gun,STABLE_PARENT+NAME_ID; EXTERNAL_POLYGON_JOIN_PENDING,,,,https://www.geoboundaries.org/api/current/gbOpen/KOR/ADM2/
ITC-3417,Korea,Gyeonggi-do,KR-41,Gimpo-si,Gimpo-si,YES,KOR-ADM2-91817680,KR-41|gimpo-si,KOR-ADM2-91817680:KR-41|gimpo-si,STABLE_PARENT+NAME_ID; EXTERNAL_POLYGON_JOIN_PENDING,,,,https://www.geoboundaries.org/api/current/gbOpen/KOR/ADM2/
ITC-3418,Korea,Gyeonggi-do,KR-41,Goyang-si,Goyang-si,YES,KOR-ADM2-91817680,KR-41|goyang-si,KOR-ADM2-91817680:KR-41|goyang-si,STABLE_PARENT+NAME_ID; EXTERNAL_POLYGON_JOIN_PENDING,,,,https://www.geoboundaries.org/api/current/gbOpen/KOR/ADM2/
ITC-3419,Korea,Gyeonggi-do,KR-41,Gunpo-si,Gunpo-si,YES,KOR-ADM2-91817680,KR-41|gunpo-si,KOR-ADM2-91817680:KR-41|gunpo-si,STABLE_PARENT+NAME_ID; EXTERNAL_POLYGON_JOIN_PENDING,,,,https://www.geoboundaries.org/api/current/gbOpen/KOR/ADM2/
ITC-3420,Korea,Gyeonggi-do,KR-41,Guri-si,Guri-si,YES,KOR-ADM2-91817680,KR-41|guri-si,KOR-ADM2-91817680:KR-41|guri-si,STABLE_PARENT+NAME_ID; EXTERNAL_POLYGON_JOIN_PENDING,,,,https://www.geoboundaries.org/api/current/gbOpen/KOR/ADM2/
ITC-3421,Korea,Gyeonggi-do,KR-41,Gwacheon-si,Gwacheon-si,YES,KOR-ADM2-91817680,KR-41|gwacheon-si,KOR-ADM2-91817680:KR-41|gwacheon-si,STABLE_PARENT+NAME_ID; EXTERNAL_POLYGON_JOIN_PENDING,,,,https://www.geoboundaries.org/api/current/gbOpen/KOR/ADM2/
ITC-3422,Korea,Gyeonggi-do,KR-41,Gwangju-si,Gwangju-si,YES,KOR-ADM2-91817680,KR-41|gwangju-si,KOR-ADM2-91817680:KR-41|gwangju-si,STABLE_PARENT+NAME_ID; EXTERNAL_POLYGON_JOIN_PENDING,,,,https://www.geoboundaries.org/api/current/gbOpen/KOR/ADM2/
ITC-3423,Korea,Gyeonggi-do,KR-41,Gwangmyeong-si,Gwangmyeong-si,YES,KOR-ADM2-91817680,KR-41|gwangmyeong-si,KOR-ADM2-91817680:KR-41|gwangmyeong-si,STABLE_PARENT+NAME_ID; EXTERNAL_POLYGON_JOIN_PENDING,,,,https://www.geoboundaries.org/api/current/gbOpen/KOR/ADM2/
ITC-3424,Korea,Gyeonggi-do,KR-41,Hanam-si,Hanam-si,YES,KOR-ADM2-91817680,KR-41|hanam-si,KOR-ADM2-91817680:KR-41|hanam-si,STABLE_PARENT+NAME_ID; EXTERNAL_POLYGON_JOIN_PENDING,,,,https://www.geoboundaries.org/api/current/gbOpen/KOR/ADM2/
ITC-3425,Korea,Gyeonggi-do,KR-41,Hwaseong-si,Hwaseong-si,YES,KOR-ADM2-91817680,KR-41|hwaseong-si,KOR-ADM2-91817680:KR-41|hwaseong-si,STABLE_PARENT+NAME_ID; EXTERNAL_POLYGON_JOIN_PENDING,,,,https://www.geoboundaries.org/api/current/gbOpen/KOR/ADM2/
ITC-3426,Korea,Gyeonggi-do,KR-41,Icheon-si,Icheon-si,YES,KOR-ADM2-91817680,KR-41|icheon-si,KOR-ADM2-91817680:KR-41|icheon-si,STABLE_PARENT+NAME_ID; EXTERNAL_POLYGON_JOIN_PENDING,,,,https://www.geoboundaries.org/api/current/gbOpen/KOR/ADM2/
ITC-3427,Korea,Gyeonggi-do,KR-41,Namyangju-si,Namyangju-si,YES,KOR-ADM2-91817680,KR-41|namyangju-si,KOR-ADM2-91817680:KR-41|namyangju-si,STABLE_PARENT+NAME_ID; EXTERNAL_POLYGON_JOIN_PENDING,,,,https://www.geoboundaries.org/api/current/gbOpen/KOR/ADM2/
ITC-3428,Korea,Gyeonggi-do,KR-41,Osan-si,Osan-si,YES,KOR-ADM2-91817680,KR-41|osan-si,KOR-ADM2-91817680:KR-41|osan-si,STABLE_PARENT+NAME_ID; EXTERNAL_POLYGON_JOIN_PENDING,,,,https://www.geoboundaries.org/api/current/gbOpen/KOR/ADM2/
ITC-3429,Korea,Gyeonggi-do,KR-41,Paju-si,Paju-si,YES,KOR-ADM2-91817680,KR-41|paju-si,KOR-ADM2-91817680:KR-41|paju-si,STABLE_PARENT+NAME_ID; EXTERNAL_POLYGON_JOIN_PENDING,,,,https://www.geoboundaries.org/api/current/gbOpen/KOR/ADM2/
ITC-3430,Korea,Gyeonggi-do,KR-41,Pocheon-si,Pocheon-si,YES,KOR-ADM2-91817680,KR-41|pocheon-si,KOR-ADM2-91817680:KR-41|pocheon-si,STABLE_PARENT+NAME_ID; EXTERNAL_POLYGON_JOIN_PENDING,,,,https://www.geoboundaries.org/api/current/gbOpen/KOR/ADM2/
ITC-3431,Korea,Gyeonggi-do,KR-41,Pyeongtaek-si,Pyeongtaek-si,YES,KOR-ADM2-91817680,KR-41|pyeongtaek-si,KOR-ADM2-91817680:KR-41|pyeongtaek-si,STABLE_PARENT+NAME_ID; EXTERNAL_POLYGON_JOIN_PENDING,,,,https://www.geoboundaries.org/api/current/gbOpen/KOR/ADM2/
ITC-3432,Korea,Gyeonggi-do,KR-41,Seongnam-si,Seongnam-si,YES,KOR-ADM2-91817680,KR-41|seongnam-si,KOR-ADM2-91817680:KR-41|seongnam-si,STABLE_PARENT+NAME_ID; EXTERNAL_POLYGON_JOIN_PENDING,,,,https://www.geoboundaries.org/api/current/gbOpen/KOR/ADM2/
ITC-3433,Korea,Gyeonggi-do,KR-41,Siheung-si,Siheung-si,YES,KOR-ADM2-91817680,KR-41|siheung-si,KOR-ADM2-91817680:KR-41|siheung-si,STABLE_PARENT+NAME_ID; EXTERNAL_POLYGON_JOIN_PENDING,,,,https://www.geoboundaries.org/api/current/gbOpen/KOR/ADM2/
ITC-3434,Korea,Gyeonggi-do,KR-41,Suwon-si,Suwon-si,YES,KOR-ADM2-91817680,KR-41|suwon-si,KOR-ADM2-91817680:KR-41|suwon-si,STABLE_PARENT+NAME_ID; EXTERNAL_POLYGON_JOIN_PENDING,,,,https://www.geoboundaries.org/api/current/gbOpen/KOR/ADM2/
ITC-3435,Korea,Gyeonggi-do,KR-41,Uijeongbu-si,Uijeongbu-si,YES,KOR-ADM2-91817680,KR-41|uijeongbu-si,KOR-ADM2-91817680:KR-41|uijeongbu-si,STABLE_PARENT+NAME_ID; EXTERNAL_POLYGON_JOIN_PENDING,,,,https://www.geoboundaries.org/api/current/gbOpen/KOR/ADM2/
ITC-3436,Korea,Gyeonggi-do,KR-41,Uiwang-si,Uiwang-si,YES,KOR-ADM2-91817680,KR-41|uiwang-si,KOR-ADM2-91817680:KR-41|uiwang-si,STABLE_PARENT+NAME_ID; EXTERNAL_POLYGON_JOIN_PENDING,,,,https://www.geoboundaries.org/api/current/gbOpen/KOR/ADM2/
ITC-3437,Korea,Gyeonggi-do,KR-41,Yangju-si,Yangju-si,YES,KOR-ADM2-91817680,KR-41|yangju-si,KOR-ADM2-91817680:KR-41|yangju-si,STABLE_PARENT+NAME_ID; EXTERNAL_POLYGON_JOIN_PENDING,,,,https://www.geoboundaries.org/api/current/gbOpen/KOR/ADM2/
ITC-3438,Korea,Gyeonggi-do,KR-41,Yangpyeong-gun,Yangpyeong-gun,YES,KOR-ADM2-91817680,KR-41|yangpyeong-gun,KOR-ADM2-91817680:KR-41|yangpyeong-gun,STABLE_PARENT+NAME_ID; EXTERNAL_POLYGON_JOIN_PENDING,,,,https://www.geoboundaries.org/api/current/gbOpen/KOR/ADM2/
ITC-3439,Korea,Gyeonggi-do,KR-41,Yeoju-si,Yeoju-si,YES,KOR-ADM2-91817680,KR-41|yeoju-si,KOR-ADM2-91817680:KR-41|yeoju-si,STABLE_PARENT+NAME_ID; EXTERNAL_POLYGON_JOIN_PENDING,,,,https://www.geoboundaries.org/api/current/gbOpen/KOR/ADM2/
ITC-3440,Korea,Gyeonggi-do,KR-41,Yeoncheon-gun,Yeoncheon-gun,YES,KOR-ADM2-91817680,KR-41|yeoncheon-gun,KOR-ADM2-91817680:KR-41|yeoncheon-gun,STABLE_PARENT+NAME_ID; EXTERNAL_POLYGON_JOIN_PENDING,,,,https://www.geoboundaries.org/api/current/gbOpen/KOR/ADM2/
ITC-3441,Korea,Gyeonggi-do,KR-41,Yongin-si,Yongin-si,YES,KOR-ADM2-91817680,KR-41|yongin-si,KOR-ADM2-91817680:KR-41|yongin-si,STABLE_PARENT+NAME_ID; EXTERNAL_POLYGON_JOIN_PENDING,,,,https://www.geoboundaries.org/api/current/gbOpen/KOR/ADM2/
ITC-3442,Korea,Gyeongsangbuk-do,KR-47,Andong-si,Andong-si,YES,KOR-ADM2-91817680,KR-47|andong-si,KOR-ADM2-91817680:KR-47|andong-si,STABLE_PARENT+NAME_ID; EXTERNAL_POLYGON_JOIN_PENDING,,,,https://www.geoboundaries.org/api/current/gbOpen/KOR/ADM2/
ITC-3443,Korea,Gyeongsangbuk-do,KR-47,Bonghwa-gun,Bonghwa-gun,YES,KOR-ADM2-91817680,KR-47|bonghwa-gun,KOR-ADM2-91817680:KR-47|bonghwa-gun,STABLE_PARENT+NAME_ID; EXTERNAL_POLYGON_JOIN_PENDING,,,,https://www.geoboundaries.org/api/current/gbOpen/KOR/ADM2/
ITC-3444,Korea,Gyeongsangbuk-do,KR-47,Cheongdo-gun,Cheongdo-gun,YES,KOR-ADM2-91817680,KR-47|cheongdo-gun,KOR-ADM2-91817680:KR-47|cheongdo-gun,STABLE_PARENT+NAME_ID; EXTERNAL_POLYGON_JOIN_PENDING,,,,https://www.geoboundaries.org/api/current/gbOpen/KOR/ADM2/
ITC-3445,Korea,Gyeongsangbuk-do,KR-47,Cheongsong-gun,Cheongsong-gun,YES,KOR-ADM2-91817680,KR-47|cheongsong-gun,KOR-ADM2-91817680:KR-47|cheongsong-gun,STABLE_PARENT+NAME_ID; EXTERNAL_POLYGON_JOIN_PENDING,,,,https://www.geoboundaries.org/api/current/gbOpen/KOR/ADM2/
ITC-3446,Korea,Gyeongsangbuk-do,KR-47,Chilgok-gun,Chilgok-gun,YES,KOR-ADM2-91817680,KR-47|chilgok-gun,KOR-ADM2-91817680:KR-47|chilgok-gun,STABLE_PARENT+NAME_ID; EXTERNAL_POLYGON_JOIN_PENDING,,,,https://www.geoboundaries.org/api/current/gbOpen/KOR/ADM2/
ITC-3447,Korea,Gyeongsangbuk-do,KR-47,Gimcheon-si,Gimcheon-si,YES,KOR-ADM2-91817680,KR-47|gimcheon-si,KOR-ADM2-91817680:KR-47|gimcheon-si,STABLE_PARENT+NAME_ID; EXTERNAL_POLYGON_JOIN_PENDING,,,,https://www.geoboundaries.org/api/current/gbOpen/KOR/ADM2/
ITC-3448,Korea,Gyeongsangbuk-do,KR-47,Goryeong-gun,Goryeong-gun,YES,KOR-ADM2-91817680,KR-47|goryeong-gun,KOR-ADM2-91817680:KR-47|goryeong-gun,STABLE_PARENT+NAME_ID; EXTERNAL_POLYGON_JOIN_PENDING,,,,https://www.geoboundaries.org/api/current/gbOpen/KOR/ADM2/
ITC-3449,Korea,Gyeongsangbuk-do,KR-47,Gumi-si,Gumi-si,YES,KOR-ADM2-91817680,KR-47|gumi-si,KOR-ADM2-91817680:KR-47|gumi-si,STABLE_PARENT+NAME_ID; EXTERNAL_POLYGON_JOIN_PENDING,,,,https://www.geoboundaries.org/api/current/gbOpen/KOR/ADM2/
ITC-3450,Korea,Gyeongsangbuk-do,KR-47,Gunwi-gun,Gunwi-gun,YES,KOR-ADM2-91817680,KR-47|gunwi-gun,KOR-ADM2-91817680:KR-47|gunwi-gun,STABLE_PARENT+NAME_ID; EXTERNAL_POLYGON_JOIN_PENDING,,,,https://www.geoboundaries.org/api/current/gbOpen/KOR/ADM2/
ITC-3451,Korea,Gyeongsangbuk-do,KR-47,Gyeongju-si,Gyeongju-si,YES,KOR-ADM2-91817680,KR-47|gyeongju-si,KOR-ADM2-91817680:KR-47|gyeongju-si,STABLE_PARENT+NAME_ID; EXTERNAL_POLYGON_JOIN_PENDING,,,,https://www.geoboundaries.org/api/current/gbOpen/KOR/ADM2/
ITC-3452,Korea,Gyeongsangbuk-do,KR-47,Gyeongsan-si,Gyeongsan-si,YES,KOR-ADM2-91817680,KR-47|gyeongsan-si,KOR-ADM2-91817680:KR-47|gyeongsan-si,STABLE_PARENT+NAME_ID; EXTERNAL_POLYGON_JOIN_PENDING,,,,https://www.geoboundaries.org/api/current/gbOpen/KOR/ADM2/
ITC-3453,Korea,Gyeongsangbuk-do,KR-47,Mungyeong-si,Mungyeong-si,YES,KOR-ADM2-91817680,KR-47|mungyeong-si,KOR-ADM2-91817680:KR-47|mungyeong-si,STABLE_PARENT+NAME_ID; EXTERNAL_POLYGON_JOIN_PENDING,,,,https://www.geoboundaries.org/api/current/gbOpen/KOR/ADM2/
ITC-3454,Korea,Gyeongsangbuk-do,KR-47,Pohang-si,Pohang-si,YES,KOR-ADM2-91817680,KR-47|pohang-si,KOR-ADM2-91817680:KR-47|pohang-si,STABLE_PARENT+NAME_ID; EXTERNAL_POLYGON_JOIN_PENDING,,,,https://www.geoboundaries.org/api/current/gbOpen/KOR/ADM2/
ITC-3455,Korea,Gyeongsangbuk-do,KR-47,Sangju-si,Sangju-si,YES,KOR-ADM2-91817680,KR-47|sangju-si,KOR-ADM2-91817680:KR-47|sangju-si,STABLE_PARENT+NAME_ID; EXTERNAL_POLYGON_JOIN_PENDING,,,,https://www.geoboundaries.org/api/current/gbOpen/KOR/ADM2/
ITC-3456,Korea,Gyeongsangbuk-do,KR-47,Seongju-gun,Seongju-gun,YES,KOR-ADM2-91817680,KR-47|seongju-gun,KOR-ADM2-91817680:KR-47|seongju-gun,STABLE_PARENT+NAME_ID; EXTERNAL_POLYGON_JOIN_PENDING,,,,https://www.geoboundaries.org/api/current/gbOpen/KOR/ADM2/
ITC-3457,Korea,Gyeongsangbuk-do,KR-47,Uiseong-gun,Uiseong-gun,YES,KOR-ADM2-91817680,KR-47|uiseong-gun,KOR-ADM2-91817680:KR-47|uiseong-gun,STABLE_PARENT+NAME_ID; EXTERNAL_POLYGON_JOIN_PENDING,,,,https://www.geoboundaries.org/api/current/gbOpen/KOR/ADM2/
ITC-3458,Korea,Gyeongsangbuk-do,KR-47,Uljin-gun,Uljin-gun,YES,KOR-ADM2-91817680,KR-47|uljin-gun,KOR-ADM2-91817680:KR-47|uljin-gun,STABLE_PARENT+NAME_ID; EXTERNAL_POLYGON_JOIN_PENDING,,,,https://www.geoboundaries.org/api/current/gbOpen/KOR/ADM2/
ITC-3459,Korea,Gyeongsangbuk-do,KR-47,Ulleung-gun,Ulleung-gun,YES,KOR-ADM2-91817680,KR-47|ulleung-gun,KOR-ADM2-91817680:KR-47|ulleung-gun,STABLE_PARENT+NAME_ID; EXTERNAL_POLYGON_JOIN_PENDING,,,,https://www.geoboundaries.org/api/current/gbOpen/KOR/ADM2/
ITC-3460,Korea,Gyeongsangbuk-do,KR-47,Yecheon-gun,Yecheon-gun,YES,KOR-ADM2-91817680,KR-47|yecheon-gun,KOR-ADM2-91817680:KR-47|yecheon-gun,STABLE_PARENT+NAME_ID; EXTERNAL_POLYGON_JOIN_PENDING,,,,https://www.geoboundaries.org/api/current/gbOpen/KOR/ADM2/
ITC-3461,Korea,Gyeongsangbuk-do,KR-47,Yeongcheon-si,Yeongcheon-si,YES,KOR-ADM2-91817680,KR-47|yeongcheon-si,KOR-ADM2-91817680:KR-47|yeongcheon-si,STABLE_PARENT+NAME_ID; EXTERNAL_POLYGON_JOIN_PENDING,,,,https://www.geoboundaries.org/api/current/gbOpen/KOR/ADM2/
ITC-3462,Korea,Gyeongsangbuk-do,KR-47,Yeongdeok-gun,Yeongdeok-gun,YES,KOR-ADM2-91817680,KR-47|yeongdeok-gun,KOR-ADM2-91817680:KR-47|yeongdeok-gun,STABLE_PARENT+NAME_ID; EXTERNAL_POLYGON_JOIN_PENDING,,,,https://www.geoboundaries.org/api/current/gbOpen/KOR/ADM2/
ITC-3463,Korea,Gyeongsangbuk-do,KR-47,Yeongju-si,Yeongju-si,YES,KOR-ADM2-91817680,KR-47|yeongju-si,KOR-ADM2-91817680:KR-47|yeongju-si,STABLE_PARENT+NAME_ID; EXTERNAL_POLYGON_JOIN_PENDING,,,,https://www.geoboundaries.org/api/current/gbOpen/KOR/ADM2/
ITC-3464,Korea,Gyeongsangbuk-do,KR-47,Yeongyang-gun,Yeongyang-gun,YES,KOR-ADM2-91817680,KR-47|yeongyang-gun,KOR-ADM2-91817680:KR-47|yeongyang-gun,STABLE_PARENT+NAME_ID; EXTERNAL_POLYGON_JOIN_PENDING,,,,https://www.geoboundaries.org/api/current/gbOpen/KOR/ADM2/
ITC-3465,Korea,Gyeongsangnam-do,KR-48,Changnyeong-gun,Changnyeong-gun,YES,KOR-ADM2-91817680,KR-48|changnyeong-gun,KOR-ADM2-91817680:KR-48|changnyeong-gun,STABLE_PARENT+NAME_ID; EXTERNAL_POLYGON_JOIN_PENDING,,,,https://www.geoboundaries.org/api/current/gbOpen/KOR/ADM2/
ITC-3466,Korea,Gyeongsangnam-do,KR-48,Changwon-si,Changwon-si,YES,KOR-ADM2-91817680,KR-48|changwon-si,KOR-ADM2-91817680:KR-48|changwon-si,STABLE_PARENT+NAME_ID; EXTERNAL_POLYGON_JOIN_PENDING,,,,https://www.geoboundaries.org/api/current/gbOpen/KOR/ADM2/
ITC-3467,Korea,Gyeongsangnam-do,KR-48,Geochang-gun,Geochang-gun,YES,KOR-ADM2-91817680,KR-48|geochang-gun,KOR-ADM2-91817680:KR-48|geochang-gun,STABLE_PARENT+NAME_ID; EXTERNAL_POLYGON_JOIN_PENDING,,,,https://www.geoboundaries.org/api/current/gbOpen/KOR/ADM2/
ITC-3468,Korea,Gyeongsangnam-do,KR-48,Geoje-si,Geoje-si,YES,KOR-ADM2-91817680,KR-48|geoje-si,KOR-ADM2-91817680:KR-48|geoje-si,STABLE_PARENT+NAME_ID; EXTERNAL_POLYGON_JOIN_PENDING,,,,https://www.geoboundaries.org/api/current/gbOpen/KOR/ADM2/
ITC-3469,Korea,Gyeongsangnam-do,KR-48,Gimhae-si,Gimhae-si,YES,KOR-ADM2-91817680,KR-48|gimhae-si,KOR-ADM2-91817680:KR-48|gimhae-si,STABLE_PARENT+NAME_ID; EXTERNAL_POLYGON_JOIN_PENDING,,,,https://www.geoboundaries.org/api/current/gbOpen/KOR/ADM2/
ITC-3470,Korea,Gyeongsangnam-do,KR-48,Goseong-gun,Goseong-gun,YES,KOR-ADM2-91817680,KR-48|goseong-gun,KOR-ADM2-91817680:KR-48|goseong-gun,STABLE_PARENT+NAME_ID; EXTERNAL_POLYGON_JOIN_PENDING,,,,https://www.geoboundaries.org/api/current/gbOpen/KOR/ADM2/
ITC-3471,Korea,Gyeongsangnam-do,KR-48,Hadong-gun,Hadong-gun,YES,KOR-ADM2-91817680,KR-48|hadong-gun,KOR-ADM2-91817680:KR-48|hadong-gun,STABLE_PARENT+NAME_ID; EXTERNAL_POLYGON_JOIN_PENDING,,,,https://www.geoboundaries.org/api/current/gbOpen/KOR/ADM2/
ITC-3472,Korea,Gyeongsangnam-do,KR-48,Haman-gun,Haman-gun,YES,KOR-ADM2-91817680,KR-48|haman-gun,KOR-ADM2-91817680:KR-48|haman-gun,STABLE_PARENT+NAME_ID; EXTERNAL_POLYGON_JOIN_PENDING,,,,https://www.geoboundaries.org/api/current/gbOpen/KOR/ADM2/
ITC-3473,Korea,Gyeongsangnam-do,KR-48,Hamyang-gun,Hamyang-gun,YES,KOR-ADM2-91817680,KR-48|hamyang-gun,KOR-ADM2-91817680:KR-48|hamyang-gun,STABLE_PARENT+NAME_ID; EXTERNAL_POLYGON_JOIN_PENDING,,,,https://www.geoboundaries.org/api/current/gbOpen/KOR/ADM2/
ITC-3474,Korea,Gyeongsangnam-do,KR-48,Hapcheon-gun,Hapcheon-gun,YES,KOR-ADM2-91817680,KR-48|hapcheon-gun,KOR-ADM2-91817680:KR-48|hapcheon-gun,STABLE_PARENT+NAME_ID; EXTERNAL_POLYGON_JOIN_PENDING,,,,https://www.geoboundaries.org/api/current/gbOpen/KOR/ADM2/
ITC-3475,Korea,Gyeongsangnam-do,KR-48,Jinju-si,Jinju-si,YES,KOR-ADM2-91817680,KR-48|jinju-si,KOR-ADM2-91817680:KR-48|jinju-si,STABLE_PARENT+NAME_ID; EXTERNAL_POLYGON_JOIN_PENDING,,,,https://www.geoboundaries.org/api/current/gbOpen/KOR/ADM2/
ITC-3476,Korea,Gyeongsangnam-do,KR-48,Miryang-si,Miryang-si,YES,KOR-ADM2-91817680,KR-48|miryang-si,KOR-ADM2-91817680:KR-48|miryang-si,STABLE_PARENT+NAME_ID; EXTERNAL_POLYGON_JOIN_PENDING,,,,https://www.geoboundaries.org/api/current/gbOpen/KOR/ADM2/
ITC-3477,Korea,Gyeongsangnam-do,KR-48,Namhae-gun,Namhae-gun,YES,KOR-ADM2-91817680,KR-48|namhae-gun,KOR-ADM2-91817680:KR-48|namhae-gun,STABLE_PARENT+NAME_ID; EXTERNAL_POLYGON_JOIN_PENDING,,,,https://www.geoboundaries.org/api/current/gbOpen/KOR/ADM2/
ITC-3478,Korea,Gyeongsangnam-do,KR-48,Sacheon-si,Sacheon-si,YES,KOR-ADM2-91817680,KR-48|sacheon-si,KOR-ADM2-91817680:KR-48|sacheon-si,STABLE_PARENT+NAME_ID; EXTERNAL_POLYGON_JOIN_PENDING,,,,https://www.geoboundaries.org/api/current/gbOpen/KOR/ADM2/
ITC-3479,Korea,Gyeongsangnam-do,KR-48,Sancheong-gun,Sancheong-gun,YES,KOR-ADM2-91817680,KR-48|sancheong-gun,KOR-ADM2-91817680:KR-48|sancheong-gun,STABLE_PARENT+NAME_ID; EXTERNAL_POLYGON_JOIN_PENDING,,,,https://www.geoboundaries.org/api/current/gbOpen/KOR/ADM2/
ITC-3480,Korea,Gyeongsangnam-do,KR-48,Tongyeong-si,Tongyeong-si,YES,KOR-ADM2-91817680,KR-48|tongyeong-si,KOR-ADM2-91817680:KR-48|tongyeong-si,STABLE_PARENT+NAME_ID; EXTERNAL_POLYGON_JOIN_PENDING,,,,https://www.geoboundaries.org/api/current/gbOpen/KOR/ADM2/
ITC-3481,Korea,Gyeongsangnam-do,KR-48,Uiryeong-gun,Uiryeong-gun,YES,KOR-ADM2-91817680,KR-48|uiryeong-gun,KOR-ADM2-91817680:KR-48|uiryeong-gun,STABLE_PARENT+NAME_ID; EXTERNAL_POLYGON_JOIN_PENDING,,,,https://www.geoboundaries.org/api/current/gbOpen/KOR/ADM2/
ITC-3482,Korea,Gyeongsangnam-do,KR-48,Yangsan-si,Yangsan-si,YES,KOR-ADM2-91817680,KR-48|yangsan-si,KOR-ADM2-91817680:KR-48|yangsan-si,STABLE_PARENT+NAME_ID; EXTERNAL_POLYGON_JOIN_PENDING,,,,https://www.geoboundaries.org/api/current/gbOpen/KOR/ADM2/
ITC-3483,Korea,Incheon,KR-28,Bupyeong-gu,Bupyeong-gu,YES,KOR-ADM2-91817680,KR-28|bupyeong-gu,KOR-ADM2-91817680:KR-28|bupyeong-gu,STABLE_PARENT+NAME_ID; EXTERNAL_POLYGON_JOIN_PENDING,,,,https://www.geoboundaries.org/api/current/gbOpen/KOR/ADM2/
ITC-3484,Korea,Incheon,KR-28,Dong-gu,Dong-gu,YES,KOR-ADM2-91817680,KR-28|dong-gu,KOR-ADM2-91817680:KR-28|dong-gu,STABLE_PARENT+NAME_ID; EXTERNAL_POLYGON_JOIN_PENDING,,,,https://www.geoboundaries.org/api/current/gbOpen/KOR/ADM2/
ITC-3485,Korea,Incheon,KR-28,Ganghwa-gun,Ganghwa-gun,YES,KOR-ADM2-91817680,KR-28|ganghwa-gun,KOR-ADM2-91817680:KR-28|ganghwa-gun,STABLE_PARENT+NAME_ID; EXTERNAL_POLYGON_JOIN_PENDING,,,,https://www.geoboundaries.org/api/current/gbOpen/KOR/ADM2/
ITC-3486,Korea,Incheon,KR-28,Gyeyang-gu,Gyeyang-gu,YES,KOR-ADM2-91817680,KR-28|gyeyang-gu,KOR-ADM2-91817680:KR-28|gyeyang-gu,STABLE_PARENT+NAME_ID; EXTERNAL_POLYGON_JOIN_PENDING,,,,https://www.geoboundaries.org/api/current/gbOpen/KOR/ADM2/
ITC-3487,Korea,Incheon,KR-28,Jung-gu,Jung-gu,YES,KOR-ADM2-91817680,KR-28|jung-gu,KOR-ADM2-91817680:KR-28|jung-gu,STABLE_PARENT+NAME_ID; EXTERNAL_POLYGON_JOIN_PENDING,,,,https://www.geoboundaries.org/api/current/gbOpen/KOR/ADM2/
ITC-3488,Korea,Incheon,KR-28,Michuhol-gu,Michuhol-gu,YES,KOR-ADM2-91817680,KR-28|michuhol-gu,KOR-ADM2-91817680:KR-28|michuhol-gu,STABLE_PARENT+NAME_ID; EXTERNAL_POLYGON_JOIN_PENDING,,,,https://www.geoboundaries.org/api/current/gbOpen/KOR/ADM2/
ITC-3489,Korea,Incheon,KR-28,Namdong-gu,Namdong-gu,YES,KOR-ADM2-91817680,KR-28|namdong-gu,KOR-ADM2-91817680:KR-28|namdong-gu,STABLE_PARENT+NAME_ID; EXTERNAL_POLYGON_JOIN_PENDING,,,,https://www.geoboundaries.org/api/current/gbOpen/KOR/ADM2/
ITC-3490,Korea,Incheon,KR-28,Ongjin-gun,Ongjin-gun,YES,KOR-ADM2-91817680,KR-28|ongjin-gun,KOR-ADM2-91817680:KR-28|ongjin-gun,STABLE_PARENT+NAME_ID; EXTERNAL_POLYGON_JOIN_PENDING,,,,https://www.geoboundaries.org/api/current/gbOpen/KOR/ADM2/
ITC-3491,Korea,Incheon,KR-28,Seo-gu,Seo-gu,YES,KOR-ADM2-91817680,KR-28|seo-gu,KOR-ADM2-91817680:KR-28|seo-gu,STABLE_PARENT+NAME_ID; EXTERNAL_POLYGON_JOIN_PENDING,,,,https://www.geoboundaries.org/api/current/gbOpen/KOR/ADM2/
ITC-3492,Korea,Incheon,KR-28,Yeonsu-gu,Yeonsu-gu,YES,KOR-ADM2-91817680,KR-28|yeonsu-gu,KOR-ADM2-91817680:KR-28|yeonsu-gu,STABLE_PARENT+NAME_ID; EXTERNAL_POLYGON_JOIN_PENDING,,,,https://www.geoboundaries.org/api/current/gbOpen/KOR/ADM2/
ITC-3493,Korea,Jeju-do,KR-49,Jeju-si,Jeju-si,YES,KOR-ADM2-91817680,KR-49|jeju-si,KOR-ADM2-91817680:KR-49|jeju-si,STABLE_PARENT+NAME_ID; EXTERNAL_POLYGON_JOIN_PENDING,,,,https://www.geoboundaries.org/api/current/gbOpen/KOR/ADM2/
ITC-3494,Korea,Jeju-do,KR-49,Seogwipo-si,Seogwipo-si,YES,KOR-ADM2-91817680,KR-49|seogwipo-si,KOR-ADM2-91817680:KR-49|seogwipo-si,STABLE_PARENT+NAME_ID; EXTERNAL_POLYGON_JOIN_PENDING,,,,https://www.geoboundaries.org/api/current/gbOpen/KOR/ADM2/
ITC-3495,Korea,Jellanam-do,KR-46,Boseong-gun,Boseong-gun,YES,KOR-ADM2-91817680,KR-46|boseong-gun,KOR-ADM2-91817680:KR-46|boseong-gun,STABLE_PARENT+NAME_ID; EXTERNAL_POLYGON_JOIN_PENDING,,,i-Tree parent spelling is normalized to Jeollanam-do through ISO code KR-46.,https://www.geoboundaries.org/api/current/gbOpen/KOR/ADM2/
ITC-3496,Korea,Jellanam-do,KR-46,Damyang-gun,Damyang-gun,YES,KOR-ADM2-91817680,KR-46|damyang-gun,KOR-ADM2-91817680:KR-46|damyang-gun,STABLE_PARENT+NAME_ID; EXTERNAL_POLYGON_JOIN_PENDING,,,i-Tree parent spelling is normalized to Jeollanam-do through ISO code KR-46.,https://www.geoboundaries.org/api/current/gbOpen/KOR/ADM2/
ITC-3497,Korea,Jellanam-do,KR-46,Gangjin-gun,Gangjin-gun,YES,KOR-ADM2-91817680,KR-46|gangjin-gun,KOR-ADM2-91817680:KR-46|gangjin-gun,STABLE_PARENT+NAME_ID; EXTERNAL_POLYGON_JOIN_PENDING,,,i-Tree parent spelling is normalized to Jeollanam-do through ISO code KR-46.,https://www.geoboundaries.org/api/current/gbOpen/KOR/ADM2/
ITC-3498,Korea,Jellanam-do,KR-46,Goheung-gun,Goheung-gun,YES,KOR-ADM2-91817680,KR-46|goheung-gun,KOR-ADM2-91817680:KR-46|goheung-gun,STABLE_PARENT+NAME_ID; EXTERNAL_POLYGON_JOIN_PENDING,,,i-Tree parent spelling is normalized to Jeollanam-do through ISO code KR-46.,https://www.geoboundaries.org/api/current/gbOpen/KOR/ADM2/
ITC-3499,Korea,Jellanam-do,KR-46,Gokseong-gun,Gokseong-gun,YES,KOR-ADM2-91817680,KR-46|gokseong-gun,KOR-ADM2-91817680:KR-46|gokseong-gun,STABLE_PARENT+NAME_ID; EXTERNAL_POLYGON_JOIN_PENDING,,,i-Tree parent spelling is normalized to Jeollanam-do through ISO code KR-46.,https://www.geoboundaries.org/api/current/gbOpen/KOR/ADM2/
ITC-3500,Korea,Jellanam-do,KR-46,Gurye-gun,Gurye-gun,YES,KOR-ADM2-91817680,KR-46|gurye-gun,KOR-ADM2-91817680:KR-46|gurye-gun,STABLE_PARENT+NAME_ID; EXTERNAL_POLYGON_JOIN_PENDING,,,i-Tree parent spelling is normalized to Jeollanam-do through ISO code KR-46.,https://www.geoboundaries.org/api/current/gbOpen/KOR/ADM2/
ITC-3501,Korea,Jellanam-do,KR-46,Gwangyang-si,Gwangyang-si,YES,KOR-ADM2-91817680,KR-46|gwangyang-si,KOR-ADM2-91817680:KR-46|gwangyang-si,STABLE_PARENT+NAME_ID; EXTERNAL_POLYGON_JOIN_PENDING,,,i-Tree parent spelling is normalized to Jeollanam-do through ISO code KR-46.,https://www.geoboundaries.org/api/current/gbOpen/KOR/ADM2/
ITC-3502,Korea,Jellanam-do,KR-46,Haenam-gun,Haenam-gun,YES,KOR-ADM2-91817680,KR-46|haenam-gun,KOR-ADM2-91817680:KR-46|haenam-gun,STABLE_PARENT+NAME_ID; EXTERNAL_POLYGON_JOIN_PENDING,,,i-Tree parent spelling is normalized to Jeollanam-do through ISO code KR-46.,https://www.geoboundaries.org/api/current/gbOpen/KOR/ADM2/
ITC-3503,Korea,Jellanam-do,KR-46,Hampyeong-gun,Hampyeong-gun,YES,KOR-ADM2-91817680,KR-46|hampyeong-gun,KOR-ADM2-91817680:KR-46|hampyeong-gun,STABLE_PARENT+NAME_ID; EXTERNAL_POLYGON_JOIN_PENDING,,,i-Tree parent spelling is normalized to Jeollanam-do through ISO code KR-46.,https://www.geoboundaries.org/api/current/gbOpen/KOR/ADM2/
ITC-3504,Korea,Jellanam-do,KR-46,Hwasun-gun,Hwasun-gun,YES,KOR-ADM2-91817680,KR-46|hwasun-gun,KOR-ADM2-91817680:KR-46|hwasun-gun,STABLE_PARENT+NAME_ID; EXTERNAL_POLYGON_JOIN_PENDING,,,i-Tree parent spelling is normalized to Jeollanam-do through ISO code KR-46.,https://www.geoboundaries.org/api/current/gbOpen/KOR/ADM2/
ITC-3505,Korea,Jellanam-do,KR-46,Jangheung-gun,Jangheung-gun,YES,KOR-ADM2-91817680,KR-46|jangheung-gun,KOR-ADM2-91817680:KR-46|jangheung-gun,STABLE_PARENT+NAME_ID; EXTERNAL_POLYGON_JOIN_PENDING,,,i-Tree parent spelling is normalized to Jeollanam-do through ISO code KR-46.,https://www.geoboundaries.org/api/current/gbOpen/KOR/ADM2/
ITC-3506,Korea,Jellanam-do,KR-46,Jangseong-gun,Jangseong-gun,YES,KOR-ADM2-91817680,KR-46|jangseong-gun,KOR-ADM2-91817680:KR-46|jangseong-gun,STABLE_PARENT+NAME_ID; EXTERNAL_POLYGON_JOIN_PENDING,,,i-Tree parent spelling is normalized to Jeollanam-do through ISO code KR-46.,https://www.geoboundaries.org/api/current/gbOpen/KOR/ADM2/
ITC-3507,Korea,Jellanam-do,KR-46,Jindo-gun,Jindo-gun,YES,KOR-ADM2-91817680,KR-46|jindo-gun,KOR-ADM2-91817680:KR-46|jindo-gun,STABLE_PARENT+NAME_ID; EXTERNAL_POLYGON_JOIN_PENDING,,,i-Tree parent spelling is normalized to Jeollanam-do through ISO code KR-46.,https://www.geoboundaries.org/api/current/gbOpen/KOR/ADM2/
ITC-3508,Korea,Jellanam-do,KR-46,Mokpo-si,Mokpo-si,YES,KOR-ADM2-91817680,KR-46|mokpo-si,KOR-ADM2-91817680:KR-46|mokpo-si,STABLE_PARENT+NAME_ID; EXTERNAL_POLYGON_JOIN_PENDING,,,i-Tree parent spelling is normalized to Jeollanam-do through ISO code KR-46.,https://www.geoboundaries.org/api/current/gbOpen/KOR/ADM2/
ITC-3509,Korea,Jellanam-do,KR-46,Muan-gun,Muan-gun,YES,KOR-ADM2-91817680,KR-46|muan-gun,KOR-ADM2-91817680:KR-46|muan-gun,STABLE_PARENT+NAME_ID; EXTERNAL_POLYGON_JOIN_PENDING,,,i-Tree parent spelling is normalized to Jeollanam-do through ISO code KR-46.,https://www.geoboundaries.org/api/current/gbOpen/KOR/ADM2/
ITC-3510,Korea,Jellanam-do,KR-46,Naju-si,Naju-si,YES,KOR-ADM2-91817680,KR-46|naju-si,KOR-ADM2-91817680:KR-46|naju-si,STABLE_PARENT+NAME_ID; EXTERNAL_POLYGON_JOIN_PENDING,,,i-Tree parent spelling is normalized to Jeollanam-do through ISO code KR-46.,https://www.geoboundaries.org/api/current/gbOpen/KOR/ADM2/
ITC-3511,Korea,Jellanam-do,KR-46,Sinan-gun,Sinan-gun,YES,KOR-ADM2-91817680,KR-46|sinan-gun,KOR-ADM2-91817680:KR-46|sinan-gun,STABLE_PARENT+NAME_ID; EXTERNAL_POLYGON_JOIN_PENDING,,,i-Tree parent spelling is normalized to Jeollanam-do through ISO code KR-46.,https://www.geoboundaries.org/api/current/gbOpen/KOR/ADM2/
ITC-3512,Korea,Jellanam-do,KR-46,Suncheon-si,Suncheon-si,YES,KOR-ADM2-91817680,KR-46|suncheon-si,KOR-ADM2-91817680:KR-46|suncheon-si,STABLE_PARENT+NAME_ID; EXTERNAL_POLYGON_JOIN_PENDING,,,i-Tree parent spelling is normalized to Jeollanam-do through ISO code KR-46.,https://www.geoboundaries.org/api/current/gbOpen/KOR/ADM2/
ITC-3513,Korea,Jellanam-do,KR-46,Wando-gun,Wando-gun,YES,KOR-ADM2-91817680,KR-46|wando-gun,KOR-ADM2-91817680:KR-46|wando-gun,STABLE_PARENT+NAME_ID; EXTERNAL_POLYGON_JOIN_PENDING,,,i-Tree parent spelling is normalized to Jeollanam-do through ISO code KR-46.,https://www.geoboundaries.org/api/current/gbOpen/KOR/ADM2/
ITC-3514,Korea,Jellanam-do,KR-46,Yeongam-gun,Yeongam-gun,YES,KOR-ADM2-91817680,KR-46|yeongam-gun,KOR-ADM2-91817680:KR-46|yeongam-gun,STABLE_PARENT+NAME_ID; EXTERNAL_POLYGON_JOIN_PENDING,,,i-Tree parent spelling is normalized to Jeollanam-do through ISO code KR-46.,https://www.geoboundaries.org/api/current/gbOpen/KOR/ADM2/
ITC-3515,Korea,Jellanam-do,KR-46,Yeonggwang-gun,Yeonggwang-gun,YES,KOR-ADM2-91817680,KR-46|yeonggwang-gun,KOR-ADM2-91817680:KR-46|yeonggwang-gun,STABLE_PARENT+NAME_ID; EXTERNAL_POLYGON_JOIN_PENDING,,,i-Tree parent spelling is normalized to Jeollanam-do through ISO code KR-46.,https://www.geoboundaries.org/api/current/gbOpen/KOR/ADM2/
ITC-3516,Korea,Jellanam-do,KR-46,Yeosu-si,Yeosu-si,YES,KOR-ADM2-91817680,KR-46|yeosu-si,KOR-ADM2-91817680:KR-46|yeosu-si,STABLE_PARENT+NAME_ID; EXTERNAL_POLYGON_JOIN_PENDING,,,i-Tree parent spelling is normalized to Jeollanam-do through ISO code KR-46.,https://www.geoboundaries.org/api/current/gbOpen/KOR/ADM2/
ITC-3517,Korea,Jeollabuk-do,KR-45,Buan-gun,Buan-gun,YES,KOR-ADM2-91817680,KR-45|buan-gun,KOR-ADM2-91817680:KR-45|buan-gun,STABLE_PARENT+NAME_ID; EXTERNAL_POLYGON_JOIN_PENDING,,,,https://www.geoboundaries.org/api/current/gbOpen/KOR/ADM2/
ITC-3518,Korea,Jeollabuk-do,KR-45,Gimje-si,Gimje-si,YES,KOR-ADM2-91817680,KR-45|gimje-si,KOR-ADM2-91817680:KR-45|gimje-si,STABLE_PARENT+NAME_ID; EXTERNAL_POLYGON_JOIN_PENDING,,,,https://www.geoboundaries.org/api/current/gbOpen/KOR/ADM2/
ITC-3519,Korea,Jeollabuk-do,KR-45,Gochang-gun,Gochang-gun,YES,KOR-ADM2-91817680,KR-45|gochang-gun,KOR-ADM2-91817680:KR-45|gochang-gun,STABLE_PARENT+NAME_ID; EXTERNAL_POLYGON_JOIN_PENDING,,,,https://www.geoboundaries.org/api/current/gbOpen/KOR/ADM2/
ITC-3520,Korea,Jeollabuk-do,KR-45,Gunsan-si,Gunsan-si,YES,KOR-ADM2-91817680,KR-45|gunsan-si,KOR-ADM2-91817680:KR-45|gunsan-si,STABLE_PARENT+NAME_ID; EXTERNAL_POLYGON_JOIN_PENDING,,,,https://www.geoboundaries.org/api/current/gbOpen/KOR/ADM2/
ITC-3521,Korea,Jeollabuk-do,KR-45,Iksan-si,Iksan-si,YES,KOR-ADM2-91817680,KR-45|iksan-si,KOR-ADM2-91817680:KR-45|iksan-si,STABLE_PARENT+NAME_ID; EXTERNAL_POLYGON_JOIN_PENDING,,,,https://www.geoboundaries.org/api/current/gbOpen/KOR/ADM2/
ITC-3522,Korea,Jeollabuk-do,KR-45,Imsil-gun,Imsil-gun,YES,KOR-ADM2-91817680,KR-45|imsil-gun,KOR-ADM2-91817680:KR-45|imsil-gun,STABLE_PARENT+NAME_ID; EXTERNAL_POLYGON_JOIN_PENDING,,,,https://www.geoboundaries.org/api/current/gbOpen/KOR/ADM2/
ITC-3523,Korea,Jeollabuk-do,KR-45,Jangsu-gun,Jangsu-gun,YES,KOR-ADM2-91817680,KR-45|jangsu-gun,KOR-ADM2-91817680:KR-45|jangsu-gun,STABLE_PARENT+NAME_ID; EXTERNAL_POLYGON_JOIN_PENDING,,,,https://www.geoboundaries.org/api/current/gbOpen/KOR/ADM2/
ITC-3524,Korea,Jeollabuk-do,KR-45,Jeongeup-si,Jeongeup-si,YES,KOR-ADM2-91817680,KR-45|jeongeup-si,KOR-ADM2-91817680:KR-45|jeongeup-si,STABLE_PARENT+NAME_ID; EXTERNAL_POLYGON_JOIN_PENDING,,,,https://www.geoboundaries.org/api/current/gbOpen/KOR/ADM2/
ITC-3525,Korea,Jeollabuk-do,KR-45,Jeonju-si,Jeonju-si,YES,KOR-ADM2-91817680,KR-45|jeonju-si,KOR-ADM2-91817680:KR-45|jeonju-si,STABLE_PARENT+NAME_ID; EXTERNAL_POLYGON_JOIN_PENDING,,,,https://www.geoboundaries.org/api/current/gbOpen/KOR/ADM2/
ITC-3526,Korea,Jeollabuk-do,KR-45,Jinan-gun,Jinan-gun,YES,KOR-ADM2-91817680,KR-45|jinan-gun,KOR-ADM2-91817680:KR-45|jinan-gun,STABLE_PARENT+NAME_ID; EXTERNAL_POLYGON_JOIN_PENDING,,,,https://www.geoboundaries.org/api/current/gbOpen/KOR/ADM2/
ITC-3527,Korea,Jeollabuk-do,KR-45,Muju-gun,Muju-gun,YES,KOR-ADM2-91817680,KR-45|muju-gun,KOR-ADM2-91817680:KR-45|muju-gun,STABLE_PARENT+NAME_ID; EXTERNAL_POLYGON_JOIN_PENDING,,,,https://www.geoboundaries.org/api/current/gbOpen/KOR/ADM2/
ITC-3528,Korea,Jeollabuk-do,KR-45,Namwon-si,Namwon-si,YES,KOR-ADM2-91817680,KR-45|namwon-si,KOR-ADM2-91817680:KR-45|namwon-si,STABLE_PARENT+NAME_ID; EXTERNAL_POLYGON_JOIN_PENDING,,,,https://www.geoboundaries.org/api/current/gbOpen/KOR/ADM2/
ITC-3529,Korea,Jeollabuk-do,KR-45,Sunchang-gun,Sunchang-gun,YES,KOR-ADM2-91817680,KR-45|sunchang-gun,KOR-ADM2-91817680:KR-45|sunchang-gun,STABLE_PARENT+NAME_ID; EXTERNAL_POLYGON_JOIN_PENDING,,,,https://www.geoboundaries.org/api/current/gbOpen/KOR/ADM2/
ITC-3530,Korea,Jeollabuk-do,KR-45,Wanju-gun,Wanju-gun,YES,KOR-ADM2-91817680,KR-45|wanju-gun,KOR-ADM2-91817680:KR-45|wanju-gun,STABLE_PARENT+NAME_ID; EXTERNAL_POLYGON_JOIN_PENDING,,,,https://www.geoboundaries.org/api/current/gbOpen/KOR/ADM2/
ITC-3531,Korea,Sejong-si,KR-50,Sejong-si,Sejong-si,YES,KOR-ADM2-91817680,KR-50|sejong-si,KOR-ADM2-91817680:KR-50|sejong-si,STABLE_PARENT+NAME_ID; EXTERNAL_POLYGON_JOIN_PENDING,,,,https://www.geoboundaries.org/api/current/gbOpen/KOR/ADM2/
ITC-3532,Korea,Seoul,KR-11,Dobong-gu,Dobong-gu,YES,KOR-ADM2-91817680,KR-11|dobong-gu,KOR-ADM2-91817680:KR-11|dobong-gu,STABLE_PARENT+NAME_ID; EXTERNAL_POLYGON_JOIN_PENDING,,,,https://www.geoboundaries.org/api/current/gbOpen/KOR/ADM2/
ITC-3533,Korea,Seoul,KR-11,Dongdaemun-gu,Dongdaemun-gu,YES,KOR-ADM2-91817680,KR-11|dongdaemun-gu,KOR-ADM2-91817680:KR-11|dongdaemun-gu,STABLE_PARENT+NAME_ID; EXTERNAL_POLYGON_JOIN_PENDING,,,,https://www.geoboundaries.org/api/current/gbOpen/KOR/ADM2/
ITC-3534,Korea,Seoul,KR-11,Dongjak-gu,Dongjak-gu,YES,KOR-ADM2-91817680,KR-11|dongjak-gu,KOR-ADM2-91817680:KR-11|dongjak-gu,STABLE_PARENT+NAME_ID; EXTERNAL_POLYGON_JOIN_PENDING,,,,https://www.geoboundaries.org/api/current/gbOpen/KOR/ADM2/
ITC-3535,Korea,Seoul,KR-11,Eunpyeong-gu,Eunpyeong-gu,YES,KOR-ADM2-91817680,KR-11|eunpyeong-gu,KOR-ADM2-91817680:KR-11|eunpyeong-gu,STABLE_PARENT+NAME_ID; EXTERNAL_POLYGON_JOIN_PENDING,,,,https://www.geoboundaries.org/api/current/gbOpen/KOR/ADM2/
ITC-3536,Korea,Seoul,KR-11,Gangbuk-gu,Gangbuk-gu,YES,KOR-ADM2-91817680,KR-11|gangbuk-gu,KOR-ADM2-91817680:KR-11|gangbuk-gu,STABLE_PARENT+NAME_ID; EXTERNAL_POLYGON_JOIN_PENDING,,,,https://www.geoboundaries.org/api/current/gbOpen/KOR/ADM2/
ITC-3537,Korea,Seoul,KR-11,Gangdong-gu,Gangdong-gu,YES,KOR-ADM2-91817680,KR-11|gangdong-gu,KOR-ADM2-91817680:KR-11|gangdong-gu,STABLE_PARENT+NAME_ID; EXTERNAL_POLYGON_JOIN_PENDING,,,,https://www.geoboundaries.org/api/current/gbOpen/KOR/ADM2/
ITC-3538,Korea,Seoul,KR-11,Gangnam-gu,Gangnam-gu,YES,KOR-ADM2-91817680,KR-11|gangnam-gu,KOR-ADM2-91817680:KR-11|gangnam-gu,STABLE_PARENT+NAME_ID; EXTERNAL_POLYGON_JOIN_PENDING,,,,https://www.geoboundaries.org/api/current/gbOpen/KOR/ADM2/
ITC-3539,Korea,Seoul,KR-11,Gangseo-gu,Gangseo-gu,YES,KOR-ADM2-91817680,KR-11|gangseo-gu,KOR-ADM2-91817680:KR-11|gangseo-gu,STABLE_PARENT+NAME_ID; EXTERNAL_POLYGON_JOIN_PENDING,,,,https://www.geoboundaries.org/api/current/gbOpen/KOR/ADM2/
ITC-3540,Korea,Seoul,KR-11,Geumcheon-gu,Geumcheon-gu,YES,KOR-ADM2-91817680,KR-11|geumcheon-gu,KOR-ADM2-91817680:KR-11|geumcheon-gu,STABLE_PARENT+NAME_ID; EXTERNAL_POLYGON_JOIN_PENDING,,,,https://www.geoboundaries.org/api/current/gbOpen/KOR/ADM2/
ITC-3541,Korea,Seoul,KR-11,Guro-gu,Guro-gu,YES,KOR-ADM2-91817680,KR-11|guro-gu,KOR-ADM2-91817680:KR-11|guro-gu,STABLE_PARENT+NAME_ID; EXTERNAL_POLYGON_JOIN_PENDING,,,,https://www.geoboundaries.org/api/current/gbOpen/KOR/ADM2/
ITC-3542,Korea,Seoul,KR-11,Gwanak-gu,Gwanak-gu,YES,KOR-ADM2-91817680,KR-11|gwanak-gu,KOR-ADM2-91817680:KR-11|gwanak-gu,STABLE_PARENT+NAME_ID; EXTERNAL_POLYGON_JOIN_PENDING,,,,https://www.geoboundaries.org/api/current/gbOpen/KOR/ADM2/
ITC-3543,Korea,Seoul,KR-11,Gwangjin-gu,Gwangjin-gu,YES,KOR-ADM2-91817680,KR-11|gwangjin-gu,KOR-ADM2-91817680:KR-11|gwangjin-gu,STABLE_PARENT+NAME_ID; EXTERNAL_POLYGON_JOIN_PENDING,,,,https://www.geoboundaries.org/api/current/gbOpen/KOR/ADM2/
ITC-3544,Korea,Seoul,KR-11,Jongno-gu,Jongno-gu,YES,KOR-ADM2-91817680,KR-11|jongno-gu,KOR-ADM2-91817680:KR-11|jongno-gu,STABLE_PARENT+NAME_ID; EXTERNAL_POLYGON_JOIN_PENDING,,,,https://www.geoboundaries.org/api/current/gbOpen/KOR/ADM2/
ITC-3545,Korea,Seoul,KR-11,Jung-gu,Jung-gu,YES,KOR-ADM2-91817680,KR-11|jung-gu,KOR-ADM2-91817680:KR-11|jung-gu,STABLE_PARENT+NAME_ID; EXTERNAL_POLYGON_JOIN_PENDING,,,,https://www.geoboundaries.org/api/current/gbOpen/KOR/ADM2/
ITC-3546,Korea,Seoul,KR-11,Jungnang-gu,Jungnang-gu,YES,KOR-ADM2-91817680,KR-11|jungnang-gu,KOR-ADM2-91817680:KR-11|jungnang-gu,STABLE_PARENT+NAME_ID; EXTERNAL_POLYGON_JOIN_PENDING,,,,https://www.geoboundaries.org/api/current/gbOpen/KOR/ADM2/
ITC-3547,Korea,Seoul,KR-11,Mapo-gu,Mapo-gu,YES,KOR-ADM2-91817680,KR-11|mapo-gu,KOR-ADM2-91817680:KR-11|mapo-gu,STABLE_PARENT+NAME_ID; EXTERNAL_POLYGON_JOIN_PENDING,,,,https://www.geoboundaries.org/api/current/gbOpen/KOR/ADM2/
ITC-3548,Korea,Seoul,KR-11,Nowon-gu,Nowon-gu,YES,KOR-ADM2-91817680,KR-11|nowon-gu,KOR-ADM2-91817680:KR-11|nowon-gu,STABLE_PARENT+NAME_ID; EXTERNAL_POLYGON_JOIN_PENDING,,,,https://www.geoboundaries.org/api/current/gbOpen/KOR/ADM2/
ITC-3549,Korea,Seoul,KR-11,Seocho-gu,Seocho-gu,YES,KOR-ADM2-91817680,KR-11|seocho-gu,KOR-ADM2-91817680:KR-11|seocho-gu,STABLE_PARENT+NAME_ID; EXTERNAL_POLYGON_JOIN_PENDING,,,,https://www.geoboundaries.org/api/current/gbOpen/KOR/ADM2/
ITC-3550,Korea,Seoul,KR-11,Seodaemun-gu,Seodaemun-gu,YES,KOR-ADM2-91817680,KR-11|seodaemun-gu,KOR-ADM2-91817680:KR-11|seodaemun-gu,STABLE_PARENT+NAME_ID; EXTERNAL_POLYGON_JOIN_PENDING,,,,https://www.geoboundaries.org/api/current/gbOpen/KOR/ADM2/
ITC-3551,Korea,Seoul,KR-11,Seongbuk-gu,Seongbuk-gu,YES,KOR-ADM2-91817680,KR-11|seongbuk-gu,KOR-ADM2-91817680:KR-11|seongbuk-gu,STABLE_PARENT+NAME_ID; EXTERNAL_POLYGON_JOIN_PENDING,,,,https://www.geoboundaries.org/api/current/gbOpen/KOR/ADM2/
ITC-3552,Korea,Seoul,KR-11,Seongdong-gu,Seongdong-gu,YES,KOR-ADM2-91817680,KR-11|seongdong-gu,KOR-ADM2-91817680:KR-11|seongdong-gu,STABLE_PARENT+NAME_ID; EXTERNAL_POLYGON_JOIN_PENDING,,,,https://www.geoboundaries.org/api/current/gbOpen/KOR/ADM2/
ITC-3553,Korea,Seoul,KR-11,Songpa-gu,Songpa-gu,YES,KOR-ADM2-91817680,KR-11|songpa-gu,KOR-ADM2-91817680:KR-11|songpa-gu,STABLE_PARENT+NAME_ID; EXTERNAL_POLYGON_JOIN_PENDING,,,,https://www.geoboundaries.org/api/current/gbOpen/KOR/ADM2/
ITC-3554,Korea,Seoul,KR-11,Yangcheon-gu,Yangcheon-gu,YES,KOR-ADM2-91817680,KR-11|yangcheon-gu,KOR-ADM2-91817680:KR-11|yangcheon-gu,STABLE_PARENT+NAME_ID; EXTERNAL_POLYGON_JOIN_PENDING,,,,https://www.geoboundaries.org/api/current/gbOpen/KOR/ADM2/
ITC-3555,Korea,Seoul,KR-11,Yeongdeungpo-gu,Yeongdeungpo-gu,YES,KOR-ADM2-91817680,KR-11|yeongdeungpo-gu,KOR-ADM2-91817680:KR-11|yeongdeungpo-gu,STABLE_PARENT+NAME_ID; EXTERNAL_POLYGON_JOIN_PENDING,,,,https://www.geoboundaries.org/api/current/gbOpen/KOR/ADM2/
ITC-3556,Korea,Seoul,KR-11,Yongsan-gu,Yongsan-gu,YES,KOR-ADM2-91817680,KR-11|yongsan-gu,KOR-ADM2-91817680:KR-11|yongsan-gu,STABLE_PARENT+NAME_ID; EXTERNAL_POLYGON_JOIN_PENDING,,,,https://www.geoboundaries.org/api/current/gbOpen/KOR/ADM2/
ITC-3557,Korea,Ulsan,KR-31,Buk-gu,Buk-gu,YES,KOR-ADM2-91817680,KR-31|buk-gu,KOR-ADM2-91817680:KR-31|buk-gu,STABLE_PARENT+NAME_ID; EXTERNAL_POLYGON_JOIN_PENDING,,,,https://www.geoboundaries.org/api/current/gbOpen/KOR/ADM2/
ITC-3558,Korea,Ulsan,KR-31,Dong-gu,Dong-gu,YES,KOR-ADM2-91817680,KR-31|dong-gu,KOR-ADM2-91817680:KR-31|dong-gu,STABLE_PARENT+NAME_ID; EXTERNAL_POLYGON_JOIN_PENDING,,,,https://www.geoboundaries.org/api/current/gbOpen/KOR/ADM2/
ITC-3559,Korea,Ulsan,KR-31,Jung-gu,Jung-gu,YES,KOR-ADM2-91817680,KR-31|jung-gu,KOR-ADM2-91817680:KR-31|jung-gu,STABLE_PARENT+NAME_ID; EXTERNAL_POLYGON_JOIN_PENDING,,,,https://www.geoboundaries.org/api/current/gbOpen/KOR/ADM2/
ITC-3560,Korea,Ulsan,KR-31,Nam-gu,Nam-gu,YES,KOR-ADM2-91817680,KR-31|nam-gu,KOR-ADM2-91817680:KR-31|nam-gu,STABLE_PARENT+NAME_ID; EXTERNAL_POLYGON_JOIN_PENDING,,,,https://www.geoboundaries.org/api/current/gbOpen/KOR/ADM2/
ITC-3561,Korea,Ulsan,KR-31,Ulju-gun,Ulju-gun,YES,KOR-ADM2-91817680,KR-31|ulju-gun,KOR-ADM2-91817680:KR-31|ulju-gun,STABLE_PARENT+NAME_ID; EXTERNAL_POLYGON_JOIN_PENDING,,,,https://www.geoboundaries.org/api/current/gbOpen/KOR/ADM2/
ITC-3562,Ukraine,Avtonomna Respublika Krym,UA-43,Bakhchysaraiskyi,Bakhchysaraiskyi,YES,UKR-RAION-2020,UA-43|bakhchysaraiskyi,UKR-RAION-2020:UA-43|bakhchysaraiskyi,STABLE_OBLAST+RAION_KEY; POLYGON_JOIN_PENDING,,,,https://www.rada.gov.ua/print/196122.html
ITC-3563,Ukraine,Avtonomna Respublika Krym,UA-43,Bilohirskyi,Bilohirskyi,YES,UKR-RAION-2020,UA-43|bilohirskyi,UKR-RAION-2020:UA-43|bilohirskyi,STABLE_OBLAST+RAION_KEY; POLYGON_JOIN_PENDING,,,,https://www.rada.gov.ua/print/196122.html
ITC-3564,Ukraine,Avtonomna Respublika Krym,UA-43,Dzhankoiskyi,Dzhankoiskyi,YES,UKR-RAION-2020,UA-43|dzhankoiskyi,UKR-RAION-2020:UA-43|dzhankoiskyi,STABLE_OBLAST+RAION_KEY; POLYGON_JOIN_PENDING,,,,https://www.rada.gov.ua/print/196122.html
ITC-3565,Ukraine,Avtonomna Respublika Krym,UA-43,Feodosiiskyi,Feodosiiskyi,YES,UKR-RAION-2020,UA-43|feodosiiskyi,UKR-RAION-2020:UA-43|feodosiiskyi,STABLE_OBLAST+RAION_KEY; POLYGON_JOIN_PENDING,,,,https://www.rada.gov.ua/print/196122.html
ITC-3566,Ukraine,Avtonomna Respublika Krym,UA-43,Ialtynskyi,Ialtynskyi,YES,UKR-RAION-2020,UA-43|ialtynskyi,UKR-RAION-2020:UA-43|ialtynskyi,STABLE_OBLAST+RAION_KEY; POLYGON_JOIN_PENDING,,,,https://www.rada.gov.ua/print/196122.html
ITC-3567,Ukraine,Avtonomna Respublika Krym,UA-43,Ievpatoriiskyi,Ievpatoriiskyi,YES,UKR-RAION-2020,UA-43|ievpatoriiskyi,UKR-RAION-2020:UA-43|ievpatoriiskyi,STABLE_OBLAST+RAION_KEY; POLYGON_JOIN_PENDING,,,,https://www.rada.gov.ua/print/196122.html
ITC-3568,Ukraine,Avtonomna Respublika Krym,UA-43,Kerchenskyi,Kerchenskyi,YES,UKR-RAION-2020,UA-43|kerchenskyi,UKR-RAION-2020:UA-43|kerchenskyi,STABLE_OBLAST+RAION_KEY; POLYGON_JOIN_PENDING,,,,https://www.rada.gov.ua/print/196122.html
ITC-3569,Ukraine,Avtonomna Respublika Krym,UA-43,Kurmanskyi,Kurmanskyi,YES,UKR-RAION-2020,UA-43|kurmanskyi,UKR-RAION-2020:UA-43|kurmanskyi,STABLE_OBLAST+RAION_KEY; POLYGON_JOIN_PENDING,,,,https://www.rada.gov.ua/print/196122.html
ITC-3570,Ukraine,Avtonomna Respublika Krym,UA-43,Perekopskyi,Perekopskyi,YES,UKR-RAION-2020,UA-43|perekopskyi,UKR-RAION-2020:UA-43|perekopskyi,STABLE_OBLAST+RAION_KEY; POLYGON_JOIN_PENDING,,,,https://www.rada.gov.ua/print/196122.html
ITC-3571,Ukraine,Avtonomna Respublika Krym,UA-43,Simferopolskyi,Simferopolskyi,YES,UKR-RAION-2020,UA-43|simferopolskyi,UKR-RAION-2020:UA-43|simferopolskyi,STABLE_OBLAST+RAION_KEY; POLYGON_JOIN_PENDING,,,,https://www.rada.gov.ua/print/196122.html
ITC-3572,Ukraine,Cherkaska,UA-71,Cherkaskyi,Cherkaskyi,YES,UKR-RAION-2020,UA-71|cherkaskyi,UKR-RAION-2020:UA-71|cherkaskyi,STABLE_OBLAST+RAION_KEY; POLYGON_JOIN_PENDING,,,,https://www.rada.gov.ua/print/196122.html
ITC-3573,Ukraine,Cherkaska,UA-71,Umanskyi,Umanskyi,YES,UKR-RAION-2020,UA-71|umanskyi,UKR-RAION-2020:UA-71|umanskyi,STABLE_OBLAST+RAION_KEY; POLYGON_JOIN_PENDING,,,,https://www.rada.gov.ua/print/196122.html
ITC-3574,Ukraine,Cherkaska,UA-71,Zolotoniskyi,Zolotoniskyi,YES,UKR-RAION-2020,UA-71|zolotoniskyi,UKR-RAION-2020:UA-71|zolotoniskyi,STABLE_OBLAST+RAION_KEY; POLYGON_JOIN_PENDING,,,,https://www.rada.gov.ua/print/196122.html
ITC-3575,Ukraine,Cherkaska,UA-71,Zvenyhorodskyi,Zvenyhorodskyi,YES,UKR-RAION-2020,UA-71|zvenyhorodskyi,UKR-RAION-2020:UA-71|zvenyhorodskyi,STABLE_OBLAST+RAION_KEY; POLYGON_JOIN_PENDING,,,,https://www.rada.gov.ua/print/196122.html
ITC-3576,Ukraine,Chernihivska,UA-74,Chernihivskyi,Chernihivskyi,YES,UKR-RAION-2020,UA-74|chernihivskyi,UKR-RAION-2020:UA-74|chernihivskyi,STABLE_OBLAST+RAION_KEY; POLYGON_JOIN_PENDING,,,,https://www.rada.gov.ua/print/196122.html
ITC-3577,Ukraine,Chernihivska,UA-74,Koriukivskyi,Koriukivskyi,YES,UKR-RAION-2020,UA-74|koriukivskyi,UKR-RAION-2020:UA-74|koriukivskyi,STABLE_OBLAST+RAION_KEY; POLYGON_JOIN_PENDING,,,,https://www.rada.gov.ua/print/196122.html
ITC-3578,Ukraine,Chernihivska,UA-74,Nizhynskyi,Nizhynskyi,YES,UKR-RAION-2020,UA-74|nizhynskyi,UKR-RAION-2020:UA-74|nizhynskyi,STABLE_OBLAST+RAION_KEY; POLYGON_JOIN_PENDING,,,,https://www.rada.gov.ua/print/196122.html
ITC-3579,Ukraine,Chernihivska,UA-74,Novhorod-Siverskyi,Novhorod-Siverskyi,YES,UKR-RAION-2020,UA-74|novhorod-siverskyi,UKR-RAION-2020:UA-74|novhorod-siverskyi,STABLE_OBLAST+RAION_KEY; POLYGON_JOIN_PENDING,,,,https://www.rada.gov.ua/print/196122.html
ITC-3580,Ukraine,Chernihivska,UA-74,Prylutskyi,Prylutskyi,YES,UKR-RAION-2020,UA-74|prylutskyi,UKR-RAION-2020:UA-74|prylutskyi,STABLE_OBLAST+RAION_KEY; POLYGON_JOIN_PENDING,,,,https://www.rada.gov.ua/print/196122.html
ITC-3581,Ukraine,Chernivetska,UA-77,Chernivetskyi,Chernivetskyi,YES,UKR-RAION-2020,UA-77|chernivetskyi,UKR-RAION-2020:UA-77|chernivetskyi,STABLE_OBLAST+RAION_KEY; POLYGON_JOIN_PENDING,,,,https://www.rada.gov.ua/print/196122.html
ITC-3582,Ukraine,Chernivetska,UA-77,Dnistrovskyi,Dnistrovskyi,YES,UKR-RAION-2020,UA-77|dnistrovskyi,UKR-RAION-2020:UA-77|dnistrovskyi,STABLE_OBLAST+RAION_KEY; POLYGON_JOIN_PENDING,,,,https://www.rada.gov.ua/print/196122.html
ITC-3583,Ukraine,Chernivetska,UA-77,Vyzhnytskyi,Vyzhnytskyi,YES,UKR-RAION-2020,UA-77|vyzhnytskyi,UKR-RAION-2020:UA-77|vyzhnytskyi,STABLE_OBLAST+RAION_KEY; POLYGON_JOIN_PENDING,,,,https://www.rada.gov.ua/print/196122.html
ITC-3584,Ukraine,Dnipropetrovska,UA-12,Dniprovskyi,Dniprovskyi,YES,UKR-RAION-2020,UA-12|dniprovskyi,UKR-RAION-2020:UA-12|dniprovskyi,STABLE_OBLAST+RAION_KEY; POLYGON_JOIN_PENDING,,,,https://www.rada.gov.ua/print/196122.html
ITC-3585,Ukraine,Dnipropetrovska,UA-12,Kamianskyi,Kamianskyi,YES,UKR-RAION-2020,UA-12|kamianskyi,UKR-RAION-2020:UA-12|kamianskyi,STABLE_OBLAST+RAION_KEY; POLYGON_JOIN_PENDING,,,,https://www.rada.gov.ua/print/196122.html
ITC-3586,Ukraine,Dnipropetrovska,UA-12,Kryvorizkyi,Kryvorizkyi,YES,UKR-RAION-2020,UA-12|kryvorizkyi,UKR-RAION-2020:UA-12|kryvorizkyi,STABLE_OBLAST+RAION_KEY; POLYGON_JOIN_PENDING,,,,https://www.rada.gov.ua/print/196122.html
ITC-3587,Ukraine,Dnipropetrovska,UA-12,Nikopolskyi,Nikopolskyi,YES,UKR-RAION-2020,UA-12|nikopolskyi,UKR-RAION-2020:UA-12|nikopolskyi,STABLE_OBLAST+RAION_KEY; POLYGON_JOIN_PENDING,,,,https://www.rada.gov.ua/print/196122.html
ITC-3588,Ukraine,Dnipropetrovska,UA-12,Novomoskovskyi,Samarskyi,YES,UKR-RAION-2020,UA-12|samarskyi,UKR-RAION-2020:UA-12|samarskyi,STABLE_OBLAST+RAION_KEY; POLYGON_JOIN_PENDING,,,i-Tree legacy name crosswalked to current raion name: Samarskyi.,https://www.rada.gov.ua/print/196122.html
ITC-3589,Ukraine,Dnipropetrovska,UA-12,Pavlohradskyi,Pavlohradskyi,YES,UKR-RAION-2020,UA-12|pavlohradskyi,UKR-RAION-2020:UA-12|pavlohradskyi,STABLE_OBLAST+RAION_KEY; POLYGON_JOIN_PENDING,,,,https://www.rada.gov.ua/print/196122.html
ITC-3590,Ukraine,Dnipropetrovska,UA-12,Synelnykivskyi,Synelnykivskyi,YES,UKR-RAION-2020,UA-12|synelnykivskyi,UKR-RAION-2020:UA-12|synelnykivskyi,STABLE_OBLAST+RAION_KEY; POLYGON_JOIN_PENDING,,,,https://www.rada.gov.ua/print/196122.html
ITC-3591,Ukraine,Donetska,UA-14,Bakhmutskyi,Bakhmutskyi,YES,UKR-RAION-2020,UA-14|bakhmutskyi,UKR-RAION-2020:UA-14|bakhmutskyi,STABLE_OBLAST+RAION_KEY; POLYGON_JOIN_PENDING,,,,https://www.rada.gov.ua/print/196122.html
ITC-3592,Ukraine,Donetska,UA-14,Donetskyi,Donetskyi,YES,UKR-RAION-2020,UA-14|donetskyi,UKR-RAION-2020:UA-14|donetskyi,STABLE_OBLAST+RAION_KEY; POLYGON_JOIN_PENDING,,,,https://www.rada.gov.ua/print/196122.html
ITC-3593,Ukraine,Donetska,UA-14,Horlivskyi,Horlivskyi,YES,UKR-RAION-2020,UA-14|horlivskyi,UKR-RAION-2020:UA-14|horlivskyi,STABLE_OBLAST+RAION_KEY; POLYGON_JOIN_PENDING,,,,https://www.rada.gov.ua/print/196122.html
ITC-3594,Ukraine,Donetska,UA-14,Kalmiuskyi,Kalmiuskyi,YES,UKR-RAION-2020,UA-14|kalmiuskyi,UKR-RAION-2020:UA-14|kalmiuskyi,STABLE_OBLAST+RAION_KEY; POLYGON_JOIN_PENDING,,,,https://www.rada.gov.ua/print/196122.html
ITC-3595,Ukraine,Donetska,UA-14,Kramatorskyi,Kramatorskyi,YES,UKR-RAION-2020,UA-14|kramatorskyi,UKR-RAION-2020:UA-14|kramatorskyi,STABLE_OBLAST+RAION_KEY; POLYGON_JOIN_PENDING,,,,https://www.rada.gov.ua/print/196122.html
ITC-3596,Ukraine,Donetska,UA-14,Mariupolskyi,Mariupolskyi,YES,UKR-RAION-2020,UA-14|mariupolskyi,UKR-RAION-2020:UA-14|mariupolskyi,STABLE_OBLAST+RAION_KEY; POLYGON_JOIN_PENDING,,,,https://www.rada.gov.ua/print/196122.html
ITC-3597,Ukraine,Donetska,UA-14,Pokrovskyi,Pokrovskyi,YES,UKR-RAION-2020,UA-14|pokrovskyi,UKR-RAION-2020:UA-14|pokrovskyi,STABLE_OBLAST+RAION_KEY; POLYGON_JOIN_PENDING,,,,https://www.rada.gov.ua/print/196122.html
ITC-3598,Ukraine,Donetska,UA-14,Volnovaskyi,Volnovaskyi,YES,UKR-RAION-2020,UA-14|volnovaskyi,UKR-RAION-2020:UA-14|volnovaskyi,STABLE_OBLAST+RAION_KEY; POLYGON_JOIN_PENDING,,,,https://www.rada.gov.ua/print/196122.html
ITC-3599,Ukraine,Ivano-Frankivska,UA-26,Ivano-Frankivskyi,Ivano-Frankivskyi,YES,UKR-RAION-2020,UA-26|ivano-frankivskyi,UKR-RAION-2020:UA-26|ivano-frankivskyi,STABLE_OBLAST+RAION_KEY; POLYGON_JOIN_PENDING,,,,https://www.rada.gov.ua/print/196122.html
ITC-3600,Ukraine,Ivano-Frankivska,UA-26,Kaluskyi,Kaluskyi,YES,UKR-RAION-2020,UA-26|kaluskyi,UKR-RAION-2020:UA-26|kaluskyi,STABLE_OBLAST+RAION_KEY; POLYGON_JOIN_PENDING,,,,https://www.rada.gov.ua/print/196122.html
ITC-3601,Ukraine,Ivano-Frankivska,UA-26,Kolomyiskyi,Kolomyiskyi,YES,UKR-RAION-2020,UA-26|kolomyiskyi,UKR-RAION-2020:UA-26|kolomyiskyi,STABLE_OBLAST+RAION_KEY; POLYGON_JOIN_PENDING,,,,https://www.rada.gov.ua/print/196122.html
ITC-3602,Ukraine,Ivano-Frankivska,UA-26,Kosivskyi,Kosivskyi,YES,UKR-RAION-2020,UA-26|kosivskyi,UKR-RAION-2020:UA-26|kosivskyi,STABLE_OBLAST+RAION_KEY; POLYGON_JOIN_PENDING,,,,https://www.rada.gov.ua/print/196122.html
ITC-3603,Ukraine,Ivano-Frankivska,UA-26,Nadvirnianskyi,Nadvirnianskyi,YES,UKR-RAION-2020,UA-26|nadvirnianskyi,UKR-RAION-2020:UA-26|nadvirnianskyi,STABLE_OBLAST+RAION_KEY; POLYGON_JOIN_PENDING,,,,https://www.rada.gov.ua/print/196122.html
ITC-3604,Ukraine,Ivano-Frankivska,UA-26,Verkhovynskyi,Verkhovynskyi,YES,UKR-RAION-2020,UA-26|verkhovynskyi,UKR-RAION-2020:UA-26|verkhovynskyi,STABLE_OBLAST+RAION_KEY; POLYGON_JOIN_PENDING,,,,https://www.rada.gov.ua/print/196122.html
ITC-3605,Ukraine,Kharkivska,UA-63,Bohodukhivskyi,Bohodukhivskyi,YES,UKR-RAION-2020,UA-63|bohodukhivskyi,UKR-RAION-2020:UA-63|bohodukhivskyi,STABLE_OBLAST+RAION_KEY; POLYGON_JOIN_PENDING,,,,https://www.rada.gov.ua/print/196122.html
ITC-3606,Ukraine,Kharkivska,UA-63,Chuhuivskyi,Chuhuivskyi,YES,UKR-RAION-2020,UA-63|chuhuivskyi,UKR-RAION-2020:UA-63|chuhuivskyi,STABLE_OBLAST+RAION_KEY; POLYGON_JOIN_PENDING,,,,https://www.rada.gov.ua/print/196122.html
ITC-3607,Ukraine,Kharkivska,UA-63,Iziumskyi,Iziumskyi,YES,UKR-RAION-2020,UA-63|iziumskyi,UKR-RAION-2020:UA-63|iziumskyi,STABLE_OBLAST+RAION_KEY; POLYGON_JOIN_PENDING,,,,https://www.rada.gov.ua/print/196122.html
ITC-3608,Ukraine,Kharkivska,UA-63,Kharkivskyi,Kharkivskyi,YES,UKR-RAION-2020,UA-63|kharkivskyi,UKR-RAION-2020:UA-63|kharkivskyi,STABLE_OBLAST+RAION_KEY; POLYGON_JOIN_PENDING,,,,https://www.rada.gov.ua/print/196122.html
ITC-3609,Ukraine,Kharkivska,UA-63,Krasnohradskyi,Berestynskyi,YES,UKR-RAION-2020,UA-63|berestynskyi,UKR-RAION-2020:UA-63|berestynskyi,STABLE_OBLAST+RAION_KEY; POLYGON_JOIN_PENDING,,,i-Tree legacy name crosswalked to current raion name: Berestynskyi.,https://www.rada.gov.ua/print/196122.html
ITC-3610,Ukraine,Kharkivska,UA-63,Kupianskyi,Kupianskyi,YES,UKR-RAION-2020,UA-63|kupianskyi,UKR-RAION-2020:UA-63|kupianskyi,STABLE_OBLAST+RAION_KEY; POLYGON_JOIN_PENDING,,,,https://www.rada.gov.ua/print/196122.html
ITC-3611,Ukraine,Kharkivska,UA-63,Lozivskyi,Lozivskyi,YES,UKR-RAION-2020,UA-63|lozivskyi,UKR-RAION-2020:UA-63|lozivskyi,STABLE_OBLAST+RAION_KEY; POLYGON_JOIN_PENDING,,,,https://www.rada.gov.ua/print/196122.html
ITC-3612,Ukraine,Khersonska,UA-65,Beryslavskyi,Beryslavskyi,YES,UKR-RAION-2020,UA-65|beryslavskyi,UKR-RAION-2020:UA-65|beryslavskyi,STABLE_OBLAST+RAION_KEY; POLYGON_JOIN_PENDING,,,,https://www.rada.gov.ua/print/196122.html
ITC-3613,Ukraine,Khersonska,UA-65,Henicheskyi,Henicheskyi,YES,UKR-RAION-2020,UA-65|henicheskyi,UKR-RAION-2020:UA-65|henicheskyi,STABLE_OBLAST+RAION_KEY; POLYGON_JOIN_PENDING,,,,https://www.rada.gov.ua/print/196122.html
ITC-3614,Ukraine,Khersonska,UA-65,Kakhovskyi,Kakhovskyi,YES,UKR-RAION-2020,UA-65|kakhovskyi,UKR-RAION-2020:UA-65|kakhovskyi,STABLE_OBLAST+RAION_KEY; POLYGON_JOIN_PENDING,,,,https://www.rada.gov.ua/print/196122.html
ITC-3615,Ukraine,Khersonska,UA-65,Khersonskyi,Khersonskyi,YES,UKR-RAION-2020,UA-65|khersonskyi,UKR-RAION-2020:UA-65|khersonskyi,STABLE_OBLAST+RAION_KEY; POLYGON_JOIN_PENDING,,,,https://www.rada.gov.ua/print/196122.html
ITC-3616,Ukraine,Khersonska,UA-65,Skadovskyi,Skadovskyi,YES,UKR-RAION-2020,UA-65|skadovskyi,UKR-RAION-2020:UA-65|skadovskyi,STABLE_OBLAST+RAION_KEY; POLYGON_JOIN_PENDING,,,,https://www.rada.gov.ua/print/196122.html
ITC-3617,Ukraine,Khmelnytska,UA-68,Kamianets-Podilskyi,Kamianets-Podilskyi,YES,UKR-RAION-2020,UA-68|kamianets-podilskyi,UKR-RAION-2020:UA-68|kamianets-podilskyi,STABLE_OBLAST+RAION_KEY; POLYGON_JOIN_PENDING,,,,https://www.rada.gov.ua/print/196122.html
ITC-3618,Ukraine,Khmelnytska,UA-68,Khmelnytskyi,Khmelnytskyi,YES,UKR-RAION-2020,UA-68|khmelnytskyi,UKR-RAION-2020:UA-68|khmelnytskyi,STABLE_OBLAST+RAION_KEY; POLYGON_JOIN_PENDING,,,,https://www.rada.gov.ua/print/196122.html
ITC-3619,Ukraine,Khmelnytska,UA-68,Shepetivskyi,Shepetivskyi,YES,UKR-RAION-2020,UA-68|shepetivskyi,UKR-RAION-2020:UA-68|shepetivskyi,STABLE_OBLAST+RAION_KEY; POLYGON_JOIN_PENDING,,,,https://www.rada.gov.ua/print/196122.html
ITC-3620,Ukraine,Kirovohradska,UA-35,Holovanivskyi,Holovanivskyi,YES,UKR-RAION-2020,UA-35|holovanivskyi,UKR-RAION-2020:UA-35|holovanivskyi,STABLE_OBLAST+RAION_KEY; POLYGON_JOIN_PENDING,,,,https://www.rada.gov.ua/print/196122.html
ITC-3621,Ukraine,Kirovohradska,UA-35,Kropyvnytskyi,Kropyvnytskyi,YES,UKR-RAION-2020,UA-35|kropyvnytskyi,UKR-RAION-2020:UA-35|kropyvnytskyi,STABLE_OBLAST+RAION_KEY; POLYGON_JOIN_PENDING,,,,https://www.rada.gov.ua/print/196122.html
ITC-3622,Ukraine,Kirovohradska,UA-35,Novoukrainskyi,Novoukrainskyi,YES,UKR-RAION-2020,UA-35|novoukrainskyi,UKR-RAION-2020:UA-35|novoukrainskyi,STABLE_OBLAST+RAION_KEY; POLYGON_JOIN_PENDING,,,,https://www.rada.gov.ua/print/196122.html
ITC-3623,Ukraine,Kirovohradska,UA-35,Oleksandriiskyi,Oleksandriiskyi,YES,UKR-RAION-2020,UA-35|oleksandriiskyi,UKR-RAION-2020:UA-35|oleksandriiskyi,STABLE_OBLAST+RAION_KEY; POLYGON_JOIN_PENDING,,,,https://www.rada.gov.ua/print/196122.html
ITC-3624,Ukraine,Kyivska,UA-32,Bilotserkivskyi,Bilotserkivskyi,YES,UKR-RAION-2020,UA-32|bilotserkivskyi,UKR-RAION-2020:UA-32|bilotserkivskyi,STABLE_OBLAST+RAION_KEY; POLYGON_JOIN_PENDING,,,,https://www.rada.gov.ua/print/196122.html
ITC-3625,Ukraine,Kyivska,UA-32,Boryspilskyi,Boryspilskyi,YES,UKR-RAION-2020,UA-32|boryspilskyi,UKR-RAION-2020:UA-32|boryspilskyi,STABLE_OBLAST+RAION_KEY; POLYGON_JOIN_PENDING,,,,https://www.rada.gov.ua/print/196122.html
ITC-3626,Ukraine,Kyivska,UA-32,Brovarskyi,Brovarskyi,YES,UKR-RAION-2020,UA-32|brovarskyi,UKR-RAION-2020:UA-32|brovarskyi,STABLE_OBLAST+RAION_KEY; POLYGON_JOIN_PENDING,,,,https://www.rada.gov.ua/print/196122.html
ITC-3627,Ukraine,Kyivska,UA-32,Buchanskyi,Buchanskyi,YES,UKR-RAION-2020,UA-32|buchanskyi,UKR-RAION-2020:UA-32|buchanskyi,STABLE_OBLAST+RAION_KEY; POLYGON_JOIN_PENDING,,,,https://www.rada.gov.ua/print/196122.html
ITC-3628,Ukraine,Kyivska,UA-32,Fastivskyi,Fastivskyi,YES,UKR-RAION-2020,UA-32|fastivskyi,UKR-RAION-2020:UA-32|fastivskyi,STABLE_OBLAST+RAION_KEY; POLYGON_JOIN_PENDING,,,,https://www.rada.gov.ua/print/196122.html
ITC-3629,Ukraine,Kyivska,UA-32,Obukhivskyi,Obukhivskyi,YES,UKR-RAION-2020,UA-32|obukhivskyi,UKR-RAION-2020:UA-32|obukhivskyi,STABLE_OBLAST+RAION_KEY; POLYGON_JOIN_PENDING,,,,https://www.rada.gov.ua/print/196122.html
ITC-3630,Ukraine,Kyivska,UA-32,Vyshhorodskyi,Vyshhorodskyi,YES,UKR-RAION-2020,UA-32|vyshhorodskyi,UKR-RAION-2020:UA-32|vyshhorodskyi,STABLE_OBLAST+RAION_KEY; POLYGON_JOIN_PENDING,,,,https://www.rada.gov.ua/print/196122.html
ITC-3631,Ukraine,Luhanska,UA-09,Alchevskyi,Alchevskyi,YES,UKR-RAION-2020,UA-09|alchevskyi,UKR-RAION-2020:UA-09|alchevskyi,STABLE_OBLAST+RAION_KEY; POLYGON_JOIN_PENDING,,,,https://www.rada.gov.ua/print/196122.html
ITC-3632,Ukraine,Luhanska,UA-09,Dovzhanskyi,Dovzhanskyi,YES,UKR-RAION-2020,UA-09|dovzhanskyi,UKR-RAION-2020:UA-09|dovzhanskyi,STABLE_OBLAST+RAION_KEY; POLYGON_JOIN_PENDING,,,,https://www.rada.gov.ua/print/196122.html
ITC-3633,Ukraine,Luhanska,UA-09,Luhanskyi,Luhanskyi,YES,UKR-RAION-2020,UA-09|luhanskyi,UKR-RAION-2020:UA-09|luhanskyi,STABLE_OBLAST+RAION_KEY; POLYGON_JOIN_PENDING,,,,https://www.rada.gov.ua/print/196122.html
ITC-3634,Ukraine,Luhanska,UA-09,Rovenkivskyi,Rovenkivskyi,YES,UKR-RAION-2020,UA-09|rovenkivskyi,UKR-RAION-2020:UA-09|rovenkivskyi,STABLE_OBLAST+RAION_KEY; POLYGON_JOIN_PENDING,,,,https://www.rada.gov.ua/print/196122.html
ITC-3635,Ukraine,Luhanska,UA-09,Shchastynskyi,Shchastynskyi,YES,UKR-RAION-2020,UA-09|shchastynskyi,UKR-RAION-2020:UA-09|shchastynskyi,STABLE_OBLAST+RAION_KEY; POLYGON_JOIN_PENDING,,,,https://www.rada.gov.ua/print/196122.html
ITC-3636,Ukraine,Luhanska,UA-09,Sievierodonetskyi,Siverskodonetskyi,YES,UKR-RAION-2020,UA-09|siverskodonetskyi,UKR-RAION-2020:UA-09|siverskodonetskyi,STABLE_OBLAST+RAION_KEY; POLYGON_JOIN_PENDING,,,i-Tree legacy name crosswalked to current raion name: Siverskodonetskyi.,https://www.rada.gov.ua/print/196122.html
ITC-3637,Ukraine,Luhanska,UA-09,Starobilskyi,Starobilskyi,YES,UKR-RAION-2020,UA-09|starobilskyi,UKR-RAION-2020:UA-09|starobilskyi,STABLE_OBLAST+RAION_KEY; POLYGON_JOIN_PENDING,,,,https://www.rada.gov.ua/print/196122.html
ITC-3638,Ukraine,Luhanska,UA-09,Svativskyi,Svativskyi,YES,UKR-RAION-2020,UA-09|svativskyi,UKR-RAION-2020:UA-09|svativskyi,STABLE_OBLAST+RAION_KEY; POLYGON_JOIN_PENDING,,,,https://www.rada.gov.ua/print/196122.html
ITC-3639,Ukraine,Lvivska,UA-46,Chervonohradskyi,Sheptytskyi,YES,UKR-RAION-2020,UA-46|sheptytskyi,UKR-RAION-2020:UA-46|sheptytskyi,STABLE_OBLAST+RAION_KEY; POLYGON_JOIN_PENDING,,,i-Tree legacy name crosswalked to current raion name: Sheptytskyi.,https://www.rada.gov.ua/print/196122.html
ITC-3640,Ukraine,Lvivska,UA-46,Drohobytskyi,Drohobytskyi,YES,UKR-RAION-2020,UA-46|drohobytskyi,UKR-RAION-2020:UA-46|drohobytskyi,STABLE_OBLAST+RAION_KEY; POLYGON_JOIN_PENDING,,,,https://www.rada.gov.ua/print/196122.html
ITC-3641,Ukraine,Lvivska,UA-46,Iavorivskyi,Iavorivskyi,YES,UKR-RAION-2020,UA-46|iavorivskyi,UKR-RAION-2020:UA-46|iavorivskyi,STABLE_OBLAST+RAION_KEY; POLYGON_JOIN_PENDING,,,,https://www.rada.gov.ua/print/196122.html
ITC-3642,Ukraine,Lvivska,UA-46,Lvivskyi,Lvivskyi,YES,UKR-RAION-2020,UA-46|lvivskyi,UKR-RAION-2020:UA-46|lvivskyi,STABLE_OBLAST+RAION_KEY; POLYGON_JOIN_PENDING,,,,https://www.rada.gov.ua/print/196122.html
ITC-3643,Ukraine,Lvivska,UA-46,Sambirskyi,Sambirskyi,YES,UKR-RAION-2020,UA-46|sambirskyi,UKR-RAION-2020:UA-46|sambirskyi,STABLE_OBLAST+RAION_KEY; POLYGON_JOIN_PENDING,,,,https://www.rada.gov.ua/print/196122.html
ITC-3644,Ukraine,Lvivska,UA-46,Stryiskyi,Stryiskyi,YES,UKR-RAION-2020,UA-46|stryiskyi,UKR-RAION-2020:UA-46|stryiskyi,STABLE_OBLAST+RAION_KEY; POLYGON_JOIN_PENDING,,,,https://www.rada.gov.ua/print/196122.html
ITC-3645,Ukraine,Lvivska,UA-46,Zolochivskyi,Zolochivskyi,YES,UKR-RAION-2020,UA-46|zolochivskyi,UKR-RAION-2020:UA-46|zolochivskyi,STABLE_OBLAST+RAION_KEY; POLYGON_JOIN_PENDING,,,,https://www.rada.gov.ua/print/196122.html
ITC-3646,Ukraine,Misto Kyiv,UA-30,Darnitsky,Darnytskyi,YES,UKR-RAION-2020,UA-30|darnytskyi,KYIV-DISTRICT:UA-30|darnytskyi,STABLE_OFFICIAL_DISTRICT_KEY; POLYGON_JOIN_PENDING,,,,https://www.rada.gov.ua/print/196122.html
ITC-3647,Ukraine,Misto Kyiv,UA-30,Desnianskyi,Desnianskyi,YES,UKR-RAION-2020,UA-30|desnianskyi,KYIV-DISTRICT:UA-30|desnianskyi,STABLE_OFFICIAL_DISTRICT_KEY; POLYGON_JOIN_PENDING,,,,https://www.rada.gov.ua/print/196122.html
ITC-3648,Ukraine,Misto Kyiv,UA-30,Dniprovskyi,Dniprovskyi,YES,UKR-RAION-2020,UA-30|dniprovskyi,KYIV-DISTRICT:UA-30|dniprovskyi,STABLE_OFFICIAL_DISTRICT_KEY; POLYGON_JOIN_PENDING,,,,https://www.rada.gov.ua/print/196122.html
ITC-3649,Ukraine,Misto Kyiv,UA-30,Goloseevsky,Holosiivskyi,YES,UKR-RAION-2020,UA-30|holosiivskyi,KYIV-DISTRICT:UA-30|holosiivskyi,STABLE_OFFICIAL_DISTRICT_KEY; POLYGON_JOIN_PENDING,,,,https://www.rada.gov.ua/print/196122.html
ITC-3650,Ukraine,Misto Kyiv,UA-30,Obolonskyi,Obolonskyi,YES,UKR-RAION-2020,UA-30|obolonskyi,KYIV-DISTRICT:UA-30|obolonskyi,STABLE_OFFICIAL_DISTRICT_KEY; POLYGON_JOIN_PENDING,,,,https://www.rada.gov.ua/print/196122.html
ITC-3651,Ukraine,Misto Kyiv,UA-30,Pecherskyi,Pecherskyi,YES,UKR-RAION-2020,UA-30|pecherskyi,KYIV-DISTRICT:UA-30|pecherskyi,STABLE_OFFICIAL_DISTRICT_KEY; POLYGON_JOIN_PENDING,,,,https://www.rada.gov.ua/print/196122.html
ITC-3653,Ukraine,Misto Kyiv,UA-30,Podilskyi,Podilskyi,YES,UKR-RAION-2020,UA-30|podilskyi,KYIV-DISTRICT:UA-30|podilskyi,STABLE_OFFICIAL_DISTRICT_KEY; POLYGON_JOIN_PENDING,,,,https://www.rada.gov.ua/print/196122.html
ITC-3654,Ukraine,Misto Kyiv,UA-30,Shevchenkivskyi,Shevchenkivskyi,YES,UKR-RAION-2020,UA-30|shevchenkivskyi,KYIV-DISTRICT:UA-30|shevchenkivskyi,STABLE_OFFICIAL_DISTRICT_KEY; POLYGON_JOIN_PENDING,,,,https://www.rada.gov.ua/print/196122.html
ITC-3655,Ukraine,Misto Kyiv,UA-30,Solomenskyi,Solomianskyi,YES,UKR-RAION-2020,UA-30|solomianskyi,KYIV-DISTRICT:UA-30|solomianskyi,STABLE_OFFICIAL_DISTRICT_KEY; POLYGON_JOIN_PENDING,,,,https://www.rada.gov.ua/print/196122.html
ITC-3656,Ukraine,Misto Kyiv,UA-30,Sviatoshynskyi,Sviatoshynskyi,YES,UKR-RAION-2020,UA-30|sviatoshynskyi,KYIV-DISTRICT:UA-30|sviatoshynskyi,STABLE_OFFICIAL_DISTRICT_KEY; POLYGON_JOIN_PENDING,,,,https://www.rada.gov.ua/print/196122.html
ITC-3657,Ukraine,Mykolaivska,UA-48,Bashtanskyi,Bashtanskyi,YES,UKR-RAION-2020,UA-48|bashtanskyi,UKR-RAION-2020:UA-48|bashtanskyi,STABLE_OBLAST+RAION_KEY; POLYGON_JOIN_PENDING,,,,https://www.rada.gov.ua/print/196122.html
ITC-3658,Ukraine,Mykolaivska,UA-48,Mykolaivskyi,Mykolaivskyi,YES,UKR-RAION-2020,UA-48|mykolaivskyi,UKR-RAION-2020:UA-48|mykolaivskyi,STABLE_OBLAST+RAION_KEY; POLYGON_JOIN_PENDING,,,,https://www.rada.gov.ua/print/196122.html
ITC-3659,Ukraine,Mykolaivska,UA-48,Pervomaiskyi,Pervomaiskyi,YES,UKR-RAION-2020,UA-48|pervomaiskyi,UKR-RAION-2020:UA-48|pervomaiskyi,STABLE_OBLAST+RAION_KEY; POLYGON_JOIN_PENDING,,,,https://www.rada.gov.ua/print/196122.html
ITC-3660,Ukraine,Mykolaivska,UA-48,Voznesenskyi,Voznesenskyi,YES,UKR-RAION-2020,UA-48|voznesenskyi,UKR-RAION-2020:UA-48|voznesenskyi,STABLE_OBLAST+RAION_KEY; POLYGON_JOIN_PENDING,,,,https://www.rada.gov.ua/print/196122.html
ITC-3661,Ukraine,Odeska,UA-51,Berezivskyi,Berezivskyi,YES,UKR-RAION-2020,UA-51|berezivskyi,UKR-RAION-2020:UA-51|berezivskyi,STABLE_OBLAST+RAION_KEY; POLYGON_JOIN_PENDING,,,,https://www.rada.gov.ua/print/196122.html
ITC-3662,Ukraine,Odeska,UA-51,Bilhorod-Dnistrovskyi,Bilhorod-Dnistrovskyi,YES,UKR-RAION-2020,UA-51|bilhorod-dnistrovskyi,UKR-RAION-2020:UA-51|bilhorod-dnistrovskyi,STABLE_OBLAST+RAION_KEY; POLYGON_JOIN_PENDING,,,,https://www.rada.gov.ua/print/196122.html
ITC-3663,Ukraine,Odeska,UA-51,Bolhradskyi,Bolhradskyi,YES,UKR-RAION-2020,UA-51|bolhradskyi,UKR-RAION-2020:UA-51|bolhradskyi,STABLE_OBLAST+RAION_KEY; POLYGON_JOIN_PENDING,,,,https://www.rada.gov.ua/print/196122.html
ITC-3664,Ukraine,Odeska,UA-51,Izmailskyi,Izmailskyi,YES,UKR-RAION-2020,UA-51|izmailskyi,UKR-RAION-2020:UA-51|izmailskyi,STABLE_OBLAST+RAION_KEY; POLYGON_JOIN_PENDING,,,,https://www.rada.gov.ua/print/196122.html
ITC-3665,Ukraine,Odeska,UA-51,Odeskyi,Odeskyi,YES,UKR-RAION-2020,UA-51|odeskyi,UKR-RAION-2020:UA-51|odeskyi,STABLE_OBLAST+RAION_KEY; POLYGON_JOIN_PENDING,,,,https://www.rada.gov.ua/print/196122.html
ITC-3666,Ukraine,Odeska,UA-51,Podilskyi,Podilskyi,YES,UKR-RAION-2020,UA-51|podilskyi,UKR-RAION-2020:UA-51|podilskyi,STABLE_OBLAST+RAION_KEY; POLYGON_JOIN_PENDING,,,,https://www.rada.gov.ua/print/196122.html
ITC-3667,Ukraine,Odeska,UA-51,Rozdilnianskyi,Rozdilnianskyi,YES,UKR-RAION-2020,UA-51|rozdilnianskyi,UKR-RAION-2020:UA-51|rozdilnianskyi,STABLE_OBLAST+RAION_KEY; POLYGON_JOIN_PENDING,,,,https://www.rada.gov.ua/print/196122.html
ITC-3668,Ukraine,Poltavska,UA-53,Kremenchutskyi,Kremenchutskyi,YES,UKR-RAION-2020,UA-53|kremenchutskyi,UKR-RAION-2020:UA-53|kremenchutskyi,STABLE_OBLAST+RAION_KEY; POLYGON_JOIN_PENDING,,,,https://www.rada.gov.ua/print/196122.html
ITC-3669,Ukraine,Poltavska,UA-53,Lubenskyi,Lubenskyi,YES,UKR-RAION-2020,UA-53|lubenskyi,UKR-RAION-2020:UA-53|lubenskyi,STABLE_OBLAST+RAION_KEY; POLYGON_JOIN_PENDING,,,,https://www.rada.gov.ua/print/196122.html
ITC-3670,Ukraine,Poltavska,UA-53,Myrhorodskyi,Myrhorodskyi,YES,UKR-RAION-2020,UA-53|myrhorodskyi,UKR-RAION-2020:UA-53|myrhorodskyi,STABLE_OBLAST+RAION_KEY; POLYGON_JOIN_PENDING,,,,https://www.rada.gov.ua/print/196122.html
ITC-3671,Ukraine,Poltavska,UA-53,Poltavskyi,Poltavskyi,YES,UKR-RAION-2020,UA-53|poltavskyi,UKR-RAION-2020:UA-53|poltavskyi,STABLE_OBLAST+RAION_KEY; POLYGON_JOIN_PENDING,,,,https://www.rada.gov.ua/print/196122.html
ITC-3672,Ukraine,Rivnenska,UA-56,Dubenskyi,Dubenskyi,YES,UKR-RAION-2020,UA-56|dubenskyi,UKR-RAION-2020:UA-56|dubenskyi,STABLE_OBLAST+RAION_KEY; POLYGON_JOIN_PENDING,,,,https://www.rada.gov.ua/print/196122.html
ITC-3673,Ukraine,Rivnenska,UA-56,Rivnenskyi,Rivnenskyi,YES,UKR-RAION-2020,UA-56|rivnenskyi,UKR-RAION-2020:UA-56|rivnenskyi,STABLE_OBLAST+RAION_KEY; POLYGON_JOIN_PENDING,,,,https://www.rada.gov.ua/print/196122.html
ITC-3674,Ukraine,Rivnenska,UA-56,Sarnenskyi,Sarnenskyi,YES,UKR-RAION-2020,UA-56|sarnenskyi,UKR-RAION-2020:UA-56|sarnenskyi,STABLE_OBLAST+RAION_KEY; POLYGON_JOIN_PENDING,,,,https://www.rada.gov.ua/print/196122.html
ITC-3675,Ukraine,Rivnenska,UA-56,Varaskyi,Varaskyi,YES,UKR-RAION-2020,UA-56|varaskyi,UKR-RAION-2020:UA-56|varaskyi,STABLE_OBLAST+RAION_KEY; POLYGON_JOIN_PENDING,,,,https://www.rada.gov.ua/print/196122.html
ITC-3676,Ukraine,Sumska,UA-59,Konotopskyi,Konotopskyi,YES,UKR-RAION-2020,UA-59|konotopskyi,UKR-RAION-2020:UA-59|konotopskyi,STABLE_OBLAST+RAION_KEY; POLYGON_JOIN_PENDING,,,,https://www.rada.gov.ua/print/196122.html
ITC-3677,Ukraine,Sumska,UA-59,Okhtyrskyi,Okhtyrskyi,YES,UKR-RAION-2020,UA-59|okhtyrskyi,UKR-RAION-2020:UA-59|okhtyrskyi,STABLE_OBLAST+RAION_KEY; POLYGON_JOIN_PENDING,,,,https://www.rada.gov.ua/print/196122.html
ITC-3678,Ukraine,Sumska,UA-59,Romenskyi,Romenskyi,YES,UKR-RAION-2020,UA-59|romenskyi,UKR-RAION-2020:UA-59|romenskyi,STABLE_OBLAST+RAION_KEY; POLYGON_JOIN_PENDING,,,,https://www.rada.gov.ua/print/196122.html
ITC-3679,Ukraine,Sumska,UA-59,Shostkynskyi,Shostkynskyi,YES,UKR-RAION-2020,UA-59|shostkynskyi,UKR-RAION-2020:UA-59|shostkynskyi,STABLE_OBLAST+RAION_KEY; POLYGON_JOIN_PENDING,,,,https://www.rada.gov.ua/print/196122.html
ITC-3680,Ukraine,Sumska,UA-59,Sumskyi,Sumskyi,YES,UKR-RAION-2020,UA-59|sumskyi,UKR-RAION-2020:UA-59|sumskyi,STABLE_OBLAST+RAION_KEY; POLYGON_JOIN_PENDING,,,,https://www.rada.gov.ua/print/196122.html
ITC-3681,Ukraine,Ternopilska,UA-61,Chortkivskyi,Chortkivskyi,YES,UKR-RAION-2020,UA-61|chortkivskyi,UKR-RAION-2020:UA-61|chortkivskyi,STABLE_OBLAST+RAION_KEY; POLYGON_JOIN_PENDING,,,,https://www.rada.gov.ua/print/196122.html
ITC-3682,Ukraine,Ternopilska,UA-61,Kremenetskyi,Kremenetskyi,YES,UKR-RAION-2020,UA-61|kremenetskyi,UKR-RAION-2020:UA-61|kremenetskyi,STABLE_OBLAST+RAION_KEY; POLYGON_JOIN_PENDING,,,,https://www.rada.gov.ua/print/196122.html
ITC-3683,Ukraine,Ternopilska,UA-61,Ternopilskyi,Ternopilskyi,YES,UKR-RAION-2020,UA-61|ternopilskyi,UKR-RAION-2020:UA-61|ternopilskyi,STABLE_OBLAST+RAION_KEY; POLYGON_JOIN_PENDING,,,,https://www.rada.gov.ua/print/196122.html
ITC-3684,Ukraine,Vinnytska,UA-05,Haisynskyi,Haisynskyi,YES,UKR-RAION-2020,UA-05|haisynskyi,UKR-RAION-2020:UA-05|haisynskyi,STABLE_OBLAST+RAION_KEY; POLYGON_JOIN_PENDING,,,,https://www.rada.gov.ua/print/196122.html
ITC-3685,Ukraine,Vinnytska,UA-05,Khmilnytskyi,Khmilnytskyi,YES,UKR-RAION-2020,UA-05|khmilnytskyi,UKR-RAION-2020:UA-05|khmilnytskyi,STABLE_OBLAST+RAION_KEY; POLYGON_JOIN_PENDING,,,,https://www.rada.gov.ua/print/196122.html
ITC-3686,Ukraine,Vinnytska,UA-05,Mohyliv-Podilskyi,Mohyliv-Podilskyi,YES,UKR-RAION-2020,UA-05|mohyliv-podilskyi,UKR-RAION-2020:UA-05|mohyliv-podilskyi,STABLE_OBLAST+RAION_KEY; POLYGON_JOIN_PENDING,,,,https://www.rada.gov.ua/print/196122.html
ITC-3687,Ukraine,Vinnytska,UA-05,Tulchynskyi,Tulchynskyi,YES,UKR-RAION-2020,UA-05|tulchynskyi,UKR-RAION-2020:UA-05|tulchynskyi,STABLE_OBLAST+RAION_KEY; POLYGON_JOIN_PENDING,,,,https://www.rada.gov.ua/print/196122.html
ITC-3688,Ukraine,Vinnytska,UA-05,Vinnytskyi,Vinnytskyi,YES,UKR-RAION-2020,UA-05|vinnytskyi,UKR-RAION-2020:UA-05|vinnytskyi,STABLE_OBLAST+RAION_KEY; POLYGON_JOIN_PENDING,,,,https://www.rada.gov.ua/print/196122.html
ITC-3689,Ukraine,Vinnytska,UA-05,Zhmerynskyi,Zhmerynskyi,YES,UKR-RAION-2020,UA-05|zhmerynskyi,UKR-RAION-2020:UA-05|zhmerynskyi,STABLE_OBLAST+RAION_KEY; POLYGON_JOIN_PENDING,,,,https://www.rada.gov.ua/print/196122.html
ITC-3690,Ukraine,Volynska,UA-07,Kamin-Kashyrskyi,Kamin-Kashyrskyi,YES,UKR-RAION-2020,UA-07|kamin-kashyrskyi,UKR-RAION-2020:UA-07|kamin-kashyrskyi,STABLE_OBLAST+RAION_KEY; POLYGON_JOIN_PENDING,,,,https://www.rada.gov.ua/print/196122.html
ITC-3691,Ukraine,Volynska,UA-07,Kovelskyi,Kovelskyi,YES,UKR-RAION-2020,UA-07|kovelskyi,UKR-RAION-2020:UA-07|kovelskyi,STABLE_OBLAST+RAION_KEY; POLYGON_JOIN_PENDING,,,,https://www.rada.gov.ua/print/196122.html
ITC-3692,Ukraine,Volynska,UA-07,Lutskyi,Lutskyi,YES,UKR-RAION-2020,UA-07|lutskyi,UKR-RAION-2020:UA-07|lutskyi,STABLE_OBLAST+RAION_KEY; POLYGON_JOIN_PENDING,,,,https://www.rada.gov.ua/print/196122.html
ITC-3693,Ukraine,Volynska,UA-07,Volodymyrskyi,Volodymyrskyi,YES,UKR-RAION-2020,UA-07|volodymyrskyi,UKR-RAION-2020:UA-07|volodymyrskyi,STABLE_OBLAST+RAION_KEY; POLYGON_JOIN_PENDING,,,,https://www.rada.gov.ua/print/196122.html
ITC-3694,Ukraine,Zakarpatska,UA-21,Berehivskyi,Berehivskyi,YES,UKR-RAION-2020,UA-21|berehivskyi,UKR-RAION-2020:UA-21|berehivskyi,STABLE_OBLAST+RAION_KEY; POLYGON_JOIN_PENDING,,,,https://www.rada.gov.ua/print/196122.html
ITC-3695,Ukraine,Zakarpatska,UA-21,Khustskyi,Khustskyi,YES,UKR-RAION-2020,UA-21|khustskyi,UKR-RAION-2020:UA-21|khustskyi,STABLE_OBLAST+RAION_KEY; POLYGON_JOIN_PENDING,,,,https://www.rada.gov.ua/print/196122.html
ITC-3696,Ukraine,Zakarpatska,UA-21,Mukachivskyi,Mukachivskyi,YES,UKR-RAION-2020,UA-21|mukachivskyi,UKR-RAION-2020:UA-21|mukachivskyi,STABLE_OBLAST+RAION_KEY; POLYGON_JOIN_PENDING,,,,https://www.rada.gov.ua/print/196122.html
ITC-3697,Ukraine,Zakarpatska,UA-21,Rakhivskyi,Rakhivskyi,YES,UKR-RAION-2020,UA-21|rakhivskyi,UKR-RAION-2020:UA-21|rakhivskyi,STABLE_OBLAST+RAION_KEY; POLYGON_JOIN_PENDING,,,,https://www.rada.gov.ua/print/196122.html
ITC-3698,Ukraine,Zakarpatska,UA-21,Tiachivskyi,Tiachivskyi,YES,UKR-RAION-2020,UA-21|tiachivskyi,UKR-RAION-2020:UA-21|tiachivskyi,STABLE_OBLAST+RAION_KEY; POLYGON_JOIN_PENDING,,,,https://www.rada.gov.ua/print/196122.html
ITC-3699,Ukraine,Zakarpatska,UA-21,Uzhhorodskyi,Uzhhorodskyi,YES,UKR-RAION-2020,UA-21|uzhhorodskyi,UKR-RAION-2020:UA-21|uzhhorodskyi,STABLE_OBLAST+RAION_KEY; POLYGON_JOIN_PENDING,,,,https://www.rada.gov.ua/print/196122.html
ITC-3700,Ukraine,Zaporizka,UA-23,Berdianskyi,Berdianskyi,YES,UKR-RAION-2020,UA-23|berdianskyi,UKR-RAION-2020:UA-23|berdianskyi,STABLE_OBLAST+RAION_KEY; POLYGON_JOIN_PENDING,,,,https://www.rada.gov.ua/print/196122.html
ITC-3701,Ukraine,Zaporizka,UA-23,Melitopolskyi,Melitopolskyi,YES,UKR-RAION-2020,UA-23|melitopolskyi,UKR-RAION-2020:UA-23|melitopolskyi,STABLE_OBLAST+RAION_KEY; POLYGON_JOIN_PENDING,,,,https://www.rada.gov.ua/print/196122.html
ITC-3702,Ukraine,Zaporizka,UA-23,Polohivskyi,Polohivskyi,YES,UKR-RAION-2020,UA-23|polohivskyi,UKR-RAION-2020:UA-23|polohivskyi,STABLE_OBLAST+RAION_KEY; POLYGON_JOIN_PENDING,,,,https://www.rada.gov.ua/print/196122.html
ITC-3703,Ukraine,Zaporizka,UA-23,Vasylivskyi,Vasylivskyi,YES,UKR-RAION-2020,UA-23|vasylivskyi,UKR-RAION-2020:UA-23|vasylivskyi,STABLE_OBLAST+RAION_KEY; POLYGON_JOIN_PENDING,,,,https://www.rada.gov.ua/print/196122.html
ITC-3704,Ukraine,Zaporizka,UA-23,Zaporizkyi,Zaporizkyi,YES,UKR-RAION-2020,UA-23|zaporizkyi,UKR-RAION-2020:UA-23|zaporizkyi,STABLE_OBLAST+RAION_KEY; POLYGON_JOIN_PENDING,,,,https://www.rada.gov.ua/print/196122.html
ITC-3705,Ukraine,Zhytomyrska,UA-18,Berdychivskyi,Berdychivskyi,YES,UKR-RAION-2020,UA-18|berdychivskyi,UKR-RAION-2020:UA-18|berdychivskyi,STABLE_OBLAST+RAION_KEY; POLYGON_JOIN_PENDING,,,,https://www.rada.gov.ua/print/196122.html
ITC-3706,Ukraine,Zhytomyrska,UA-18,Korostenskyi,Korostenskyi,YES,UKR-RAION-2020,UA-18|korostenskyi,UKR-RAION-2020:UA-18|korostenskyi,STABLE_OBLAST+RAION_KEY; POLYGON_JOIN_PENDING,,,,https://www.rada.gov.ua/print/196122.html
ITC-3707,Ukraine,Zhytomyrska,UA-18,Zhytomyrskyi,Zhytomyrskyi,YES,UKR-RAION-2020,UA-18|zhytomyrskyi,UKR-RAION-2020:UA-18|zhytomyrskyi,STABLE_OBLAST+RAION_KEY; POLYGON_JOIN_PENDING,,,,https://www.rada.gov.ua/print/196122.html
ITC-3708,Ukraine,Zhytomyrska,UA-18,Zviahelskyi,Zviahelskyi,YES,UKR-RAION-2020,UA-18|zviahelskyi,UKR-RAION-2020:UA-18|zviahelskyi,STABLE_OBLAST+RAION_KEY; POLYGON_JOIN_PENDING,,,,https://www.rada.gov.ua/print/196122.html
