Candidate_ID,Dataset,Parent_region,iTree_label,Normalized_name,Stable_geometry_key,source_layer,source_feature_id,source_name,match_status,note,area_km2_qa
ITC-0001,USA,Alabama,Autauga,Autauga,US-FIPS:01001,Census TIGER/Line 2024 County,01001,Autauga,EXACT_CURRENT_FIPS,Exact Census FIPS; historical Census vintage used only where the i-Tree configuration refers to a retired county/county-equivalent.,1565.3088797629184
ITC-0002,USA,Alabama,Baldwin,Baldwin,US-FIPS:01003,Census TIGER/Line 2024 County,01003,Baldwin,EXACT_CURRENT_FIPS,Exact Census FIPS; historical Census vintage used only where the i-Tree configuration refers to a retired county/county-equivalent.,5250.615922163037
ITC-0003,USA,Alabama,Barbour,Barbour,US-FIPS:01005,Census TIGER/Line 2024 County,01005,Barbour,EXACT_CURRENT_FIPS,Exact Census FIPS; historical Census vintage used only where the i-Tree configuration refers to a retired county/county-equivalent.,2342.6836858536008
ITC-0004,USA,Alabama,Bibb,Bibb,US-FIPS:01007,Census TIGER/Line 2024 County,01007,Bibb,EXACT_CURRENT_FIPS,Exact Census FIPS; historical Census vintage used only where the i-Tree configuration refers to a retired county/county-equivalent.,1621.7612898880436
ITC-0005,USA,Alabama,Blount,Blount,US-FIPS:01009,Census TIGER/Line 2024 County,01009,Blount,EXACT_CURRENT_FIPS,Exact Census FIPS; historical Census vintage used only where the i-Tree configuration refers to a retired county/county-equivalent.,1685.1194685764076
ITC-0006,USA,Alabama,Bullock,Bullock,US-FIPS:01011,Census TIGER/Line 2024 County,01011,Bullock,EXACT_CURRENT_FIPS,Exact Census FIPS; historical Census vintage used only where the i-Tree configuration refers to a retired county/county-equivalent.,1619.1142635109563
ITC-0007,USA,Alabama,Butler,Butler,US-FIPS:01013,Census TIGER/Line 2024 County,01013,Butler,EXACT_CURRENT_FIPS,Exact Census FIPS; historical Census vintage used only where the i-Tree configuration refers to a retired county/county-equivalent.,2014.703710433197
ITC-0008,USA,Alabama,Calhoun,Calhoun,US-FIPS:01015,Census TIGER/Line 2024 County,01015,Calhoun,EXACT_CURRENT_FIPS,Exact Census FIPS; historical Census vintage used only where the i-Tree configuration refers to a retired county/county-equivalent.,1585.7823014276412
ITC-0009,USA,Alabama,Chambers,Chambers,US-FIPS:01017,Census TIGER/Line 2024 County,01017,Chambers,EXACT_CURRENT_FIPS,Exact Census FIPS; historical Census vintage used only where the i-Tree configuration refers to a retired county/county-equivalent.,1562.0572519215045
ITC-0010,USA,Alabama,Cherokee,Cherokee,US-FIPS:01019,Census TIGER/Line 2024 County,01019,Cherokee,EXACT_CURRENT_FIPS,Exact Census FIPS; historical Census vintage used only where the i-Tree configuration refers to a retired county/county-equivalent.,1553.9315811758092
ITC-0011,USA,Alabama,Chilton,Chilton,US-FIPS:01021,Census TIGER/Line 2024 County,01021,Chilton,EXACT_CURRENT_FIPS,Exact Census FIPS; historical Census vintage used only where the i-Tree configuration refers to a retired county/county-equivalent.,1815.0312182909195
ITC-0012,USA,Alabama,Choctaw,Choctaw,US-FIPS:01023,Census TIGER/Line 2024 County,01023,Choctaw,EXACT_CURRENT_FIPS,Exact Census FIPS; historical Census vintage used only where the i-Tree configuration refers to a retired county/county-equivalent.,2385.014259012421
ITC-0013,USA,Alabama,Clarke,Clarke,US-FIPS:01025,Census TIGER/Line 2024 County,01025,Clarke,EXACT_CURRENT_FIPS,Exact Census FIPS; historical Census vintage used only where the i-Tree configuration refers to a retired county/county-equivalent.,3244.1523103273316
ITC-0014,USA,Alabama,Clay,Clay,US-FIPS:01027,Census TIGER/Line 2024 County,01027,Clay,EXACT_CURRENT_FIPS,Exact Census FIPS; historical Census vintage used only where the i-Tree configuration refers to a retired county/county-equivalent.,1569.536984437713
ITC-0015,USA,Alabama,Cleburne,Cleburne,US-FIPS:01029,Census TIGER/Line 2024 County,01029,Cleburne,EXACT_CURRENT_FIPS,Exact Census FIPS; historical Census vintage used only where the i-Tree configuration refers to a retired county/county-equivalent.,1453.018471859462
ITC-0016,USA,Alabama,Coffee,Coffee,US-FIPS:01031,Census TIGER/Line 2024 County,01031,Coffee,EXACT_CURRENT_FIPS,Exact Census FIPS; historical Census vintage used only where the i-Tree configuration refers to a retired county/county-equivalent.,1762.473072458963
ITC-0017,USA,Alabama,Colbert,Colbert,US-FIPS:01033,Census TIGER/Line 2024 County,01033,Colbert,EXACT_CURRENT_FIPS,Exact Census FIPS; historical Census vintage used only where the i-Tree configuration refers to a retired county/county-equivalent.,1614.9029057621058
ITC-0018,USA,Alabama,Conecuh,Conecuh,US-FIPS:01035,Census TIGER/Line 2024 County,01035,Conecuh,EXACT_CURRENT_FIPS,Exact Census FIPS; historical Census vintage used only where the i-Tree configuration refers to a retired county/county-equivalent.,2208.640234948983
ITC-0019,USA,Alabama,Coosa,Coosa,US-FIPS:01037,Census TIGER/Line 2024 County,01037,Coosa,EXACT_CURRENT_FIPS,Exact Census FIPS; historical Census vintage used only where the i-Tree configuration refers to a retired county/county-equivalent.,1725.8383182439868
ITC-0020,USA,Alabama,Covington,Covington,US-FIPS:01039,Census TIGER/Line 2024 County,01039,Covington,EXACT_CURRENT_FIPS,Exact Census FIPS; historical Census vintage used only where the i-Tree configuration refers to a retired county/county-equivalent.,2703.3600210438035
ITC-0021,USA,Alabama,Crenshaw,Crenshaw,US-FIPS:01041,Census TIGER/Line 2024 County,01041,Crenshaw,EXACT_CURRENT_FIPS,Exact Census FIPS; historical Census vintage used only where the i-Tree configuration refers to a retired county/county-equivalent.,1582.3414922496893
ITC-0022,USA,Alabama,Cullman,Cullman,US-FIPS:01043,Census TIGER/Line 2024 County,01043,Cullman,EXACT_CURRENT_FIPS,Exact Census FIPS; historical Census vintage used only where the i-Tree configuration refers to a retired county/county-equivalent.,1955.4957470767124
ITC-0023,USA,Alabama,Dale,Dale,US-FIPS:01045,Census TIGER/Line 2024 County,01045,Dale,EXACT_CURRENT_FIPS,Exact Census FIPS; historical Census vintage used only where the i-Tree configuration refers to a retired county/county-equivalent.,1457.327337275267
ITC-0024,USA,Alabama,Dallas,Dallas,US-FIPS:01047,Census TIGER/Line 2024 County,01047,Dallas,EXACT_CURRENT_FIPS,Exact Census FIPS; historical Census vintage used only where the i-Tree configuration refers to a retired county/county-equivalent.,2574.044964178849
ITC-0025,USA,Alabama,DeKalb,DeKalb,US-FIPS:01049,Census TIGER/Line 2024 County,01049,DeKalb,EXACT_CURRENT_FIPS,Exact Census FIPS; historical Census vintage used only where the i-Tree configuration refers to a retired county/county-equivalent.,2016.7270344429728
ITC-0026,USA,Alabama,Elmore,Elmore,US-FIPS:01051,Census TIGER/Line 2024 County,01051,Elmore,EXACT_CURRENT_FIPS,Exact Census FIPS; historical Census vintage used only where the i-Tree configuration refers to a retired county/county-equivalent.,1701.726598174715
ITC-0027,USA,Alabama,Escambia,Escambia,US-FIPS:01053,Census TIGER/Line 2024 County,01053,Escambia,EXACT_CURRENT_FIPS,Exact Census FIPS; historical Census vintage used only where the i-Tree configuration refers to a retired county/county-equivalent.,2468.6199329073447
ITC-0028,USA,Alabama,Etowah,Etowah,US-FIPS:01055,Census TIGER/Line 2024 County,01055,Etowah,EXACT_CURRENT_FIPS,Exact Census FIPS; historical Census vintage used only where the i-Tree configuration refers to a retired county/county-equivalent.,1420.940030148356
ITC-0029,USA,Alabama,Fayette,Fayette,US-FIPS:01057,Census TIGER/Line 2024 County,01057,Fayette,EXACT_CURRENT_FIPS,Exact Census FIPS; historical Census vintage used only where the i-Tree configuration refers to a retired county/county-equivalent.,1630.0237543551486
ITC-0030,USA,Alabama,Franklin,Franklin,US-FIPS:01059,Census TIGER/Line 2024 County,01059,Franklin,EXACT_CURRENT_FIPS,Exact Census FIPS; historical Census vintage used only where the i-Tree configuration refers to a retired county/county-equivalent.,1674.4855430039001
ITC-0031,USA,Alabama,Geneva,Geneva,US-FIPS:01061,Census TIGER/Line 2024 County,01061,Geneva,EXACT_CURRENT_FIPS,Exact Census FIPS; historical Census vintage used only where the i-Tree configuration refers to a retired county/county-equivalent.,1499.4758188097342
ITC-0032,USA,Alabama,Greene,Greene,US-FIPS:01063,Census TIGER/Line 2024 County,01063,Greene,EXACT_CURRENT_FIPS,Exact Census FIPS; historical Census vintage used only where the i-Tree configuration refers to a retired county/county-equivalent.,1709.1982054806244
ITC-0033,USA,Alabama,Hale,Hale,US-FIPS:01065,Census TIGER/Line 2024 County,01065,Hale,EXACT_CURRENT_FIPS,Exact Census FIPS; historical Census vintage used only where the i-Tree configuration refers to a retired county/county-equivalent.,1700.3306157847826
ITC-0034,USA,Alabama,Henry,Henry,US-FIPS:01067,Census TIGER/Line 2024 County,01067,Henry,EXACT_CURRENT_FIPS,Exact Census FIPS; historical Census vintage used only where the i-Tree configuration refers to a retired county/county-equivalent.,1471.913567164325
ITC-0035,USA,Alabama,Houston,Houston,US-FIPS:01069,Census TIGER/Line 2024 County,01069,Houston,EXACT_CURRENT_FIPS,Exact Census FIPS; historical Census vintage used only where the i-Tree configuration refers to a retired county/county-equivalent.,1506.5377433942124
ITC-0036,USA,Alabama,Jackson,Jackson,US-FIPS:01071,Census TIGER/Line 2024 County,01071,Jackson,EXACT_CURRENT_FIPS,Exact Census FIPS; historical Census vintage used only where the i-Tree configuration refers to a retired county/county-equivalent.,2918.3795449846234
ITC-0037,USA,Alabama,Jefferson,Jefferson,US-FIPS:01073,Census TIGER/Line 2024 County,01073,Jefferson,EXACT_CURRENT_FIPS,Exact Census FIPS; historical Census vintage used only where the i-Tree configuration refers to a retired county/county-equivalent.,2911.534005067483
ITC-0038,USA,Alabama,Lamar,Lamar,US-FIPS:01075,Census TIGER/Line 2024 County,01075,Lamar,EXACT_CURRENT_FIPS,Exact Census FIPS; historical Census vintage used only where the i-Tree configuration refers to a retired county/county-equivalent.,1568.1454857992833
ITC-0039,USA,Alabama,Lauderdale,Lauderdale,US-FIPS:01077,Census TIGER/Line 2024 County,01077,Lauderdale,EXACT_CURRENT_FIPS,Exact Census FIPS; historical Census vintage used only where the i-Tree configuration refers to a retired county/county-equivalent.,1863.7552261906656
ITC-0040,USA,Alabama,Lawrence,Lawrence,US-FIPS:01079,Census TIGER/Line 2024 County,01079,Lawrence,EXACT_CURRENT_FIPS,Exact Census FIPS; historical Census vintage used only where the i-Tree configuration refers to a retired county/county-equivalent.,1857.5468430824742
ITC-0041,USA,Alabama,Lee,Lee,US-FIPS:01081,Census TIGER/Line 2024 County,01081,Lee,EXACT_CURRENT_FIPS,Exact Census FIPS; historical Census vintage used only where the i-Tree configuration refers to a retired county/county-equivalent.,1595.0440042891994
ITC-0042,USA,Alabama,Limestone,Limestone,US-FIPS:01083,Census TIGER/Line 2024 County,01083,Limestone,EXACT_CURRENT_FIPS,Exact Census FIPS; historical Census vintage used only where the i-Tree configuration refers to a retired county/county-equivalent.,1572.6075606995767
ITC-0043,USA,Alabama,Lowndes,Lowndes,US-FIPS:01085,Census TIGER/Line 2024 County,01085,Lowndes,EXACT_CURRENT_FIPS,Exact Census FIPS; historical Census vintage used only where the i-Tree configuration refers to a retired county/county-equivalent.,1877.9237440860752
ITC-0044,USA,Alabama,Macon,Macon,US-FIPS:01087,Census TIGER/Line 2024 County,01087,Macon,EXACT_CURRENT_FIPS,Exact Census FIPS; historical Census vintage used only where the i-Tree configuration refers to a retired county/county-equivalent.,1588.201200988871
ITC-0045,USA,Alabama,Madison,Madison,US-FIPS:01089,Census TIGER/Line 2024 County,01089,Madison,EXACT_CURRENT_FIPS,Exact Census FIPS; historical Census vintage used only where the i-Tree configuration refers to a retired county/county-equivalent.,2104.922572273687
ITC-0046,USA,Alabama,Marengo,Marengo,US-FIPS:01091,Census TIGER/Line 2024 County,01091,Marengo,EXACT_CURRENT_FIPS,Exact Census FIPS; historical Census vintage used only where the i-Tree configuration refers to a retired county/county-equivalent.,2545.107161222835
ITC-0047,USA,Alabama,Marion,Marion,US-FIPS:01093,Census TIGER/Line 2024 County,01093,Marion,EXACT_CURRENT_FIPS,Exact Census FIPS; historical Census vintage used only where the i-Tree configuration refers to a retired county/county-equivalent.,1925.8405627505174
ITC-0048,USA,Alabama,Marshall,Marshall,US-FIPS:01095,Census TIGER/Line 2024 County,01095,Marshall,EXACT_CURRENT_FIPS,Exact Census FIPS; historical Census vintage used only where the i-Tree configuration refers to a retired county/county-equivalent.,1614.029623695881
ITC-0049,USA,Alabama,Mobile,Mobile,US-FIPS:01097,Census TIGER/Line 2024 County,01097,Mobile,EXACT_CURRENT_FIPS,Exact Census FIPS; historical Census vintage used only where the i-Tree configuration refers to a retired county/county-equivalent.,4258.07660496624
ITC-0050,USA,Alabama,Monroe,Monroe,US-FIPS:01099,Census TIGER/Line 2024 County,01099,Monroe,EXACT_CURRENT_FIPS,Exact Census FIPS; historical Census vintage used only where the i-Tree configuration refers to a retired county/county-equivalent.,2679.0791507756066
ITC-0051,USA,Alabama,Montgomery,Montgomery,US-FIPS:01101,Census TIGER/Line 2024 County,01101,Montgomery,EXACT_CURRENT_FIPS,Exact Census FIPS; historical Census vintage used only where the i-Tree configuration refers to a retired county/county-equivalent.,2071.763036797431
ITC-0052,USA,Alabama,Morgan,Morgan,US-FIPS:01103,Census TIGER/Line 2024 County,01103,Morgan,EXACT_CURRENT_FIPS,Exact Census FIPS; historical Census vintage used only where the i-Tree configuration refers to a retired county/county-equivalent.,1551.5320552319786
ITC-0053,USA,Alabama,Perry,Perry,US-FIPS:01105,Census TIGER/Line 2024 County,01105,Perry,EXACT_CURRENT_FIPS,Exact Census FIPS; historical Census vintage used only where the i-Tree configuration refers to a retired county/county-equivalent.,1874.8383925701503
ITC-0054,USA,Alabama,Pickens,Pickens,US-FIPS:01107,Census TIGER/Line 2024 County,01107,Pickens,EXACT_CURRENT_FIPS,Exact Census FIPS; historical Census vintage used only where the i-Tree configuration refers to a retired county/county-equivalent.,2305.456005014711
ITC-0055,USA,Alabama,Pike,Pike,US-FIPS:01109,Census TIGER/Line 2024 County,01109,Pike,EXACT_CURRENT_FIPS,Exact Census FIPS; historical Census vintage used only where the i-Tree configuration refers to a retired county/county-equivalent.,1742.9845427518362
ITC-0056,USA,Alabama,Randolph,Randolph,US-FIPS:01111,Census TIGER/Line 2024 County,01111,Randolph,EXACT_CURRENT_FIPS,Exact Census FIPS; historical Census vintage used only where the i-Tree configuration refers to a retired county/county-equivalent.,1512.9011899468633
ITC-0057,USA,Alabama,Russell,Russell,US-FIPS:01113,Census TIGER/Line 2024 County,01113,Russell,EXACT_CURRENT_FIPS,Exact Census FIPS; historical Census vintage used only where the i-Tree configuration refers to a retired county/county-equivalent.,1676.216920203282
ITC-0058,USA,Alabama,Shelby,Shelby,US-FIPS:01117,Census TIGER/Line 2024 County,01117,Shelby,EXACT_CURRENT_FIPS,Exact Census FIPS; historical Census vintage used only where the i-Tree configuration refers to a retired county/county-equivalent.,2096.5678976019376
ITC-0059,USA,Alabama,St. Clair,St. Clair,US-FIPS:01115,Census TIGER/Line 2024 County,01115,St. Clair,EXACT_CURRENT_FIPS,Exact Census FIPS; historical Census vintage used only where the i-Tree configuration refers to a retired county/county-equivalent.,1692.191700099561
ITC-0060,USA,Alabama,Sumter,Sumter,US-FIPS:01119,Census TIGER/Line 2024 County,01119,Sumter,EXACT_CURRENT_FIPS,Exact Census FIPS; historical Census vintage used only where the i-Tree configuration refers to a retired county/county-equivalent.,2365.534281967604
ITC-0061,USA,Alabama,Talladega,Talladega,US-FIPS:01121,Census TIGER/Line 2024 County,01121,Talladega,EXACT_CURRENT_FIPS,Exact Census FIPS; historical Census vintage used only where the i-Tree configuration refers to a retired county/county-equivalent.,1969.2212962197857
ITC-0062,USA,Alabama,Tallapoosa,Tallapoosa,US-FIPS:01123,Census TIGER/Line 2024 County,01123,Tallapoosa,EXACT_CURRENT_FIPS,Exact Census FIPS; historical Census vintage used only where the i-Tree configuration refers to a retired county/county-equivalent.,1984.589000061848
ITC-0063,USA,Alabama,Tuscaloosa,Tuscaloosa,US-FIPS:01125,Census TIGER/Line 2024 County,01125,Tuscaloosa,EXACT_CURRENT_FIPS,Exact Census FIPS; historical Census vintage used only where the i-Tree configuration refers to a retired county/county-equivalent.,3499.6839519885834
ITC-0064,USA,Alabama,Walker,Walker,US-FIPS:01127,Census TIGER/Line 2024 County,01127,Walker,EXACT_CURRENT_FIPS,Exact Census FIPS; historical Census vintage used only where the i-Tree configuration refers to a retired county/county-equivalent.,2085.44126956387
ITC-0065,USA,Alabama,Washington,Washington,US-FIPS:01129,Census TIGER/Line 2024 County,01129,Washington,EXACT_CURRENT_FIPS,Exact Census FIPS; historical Census vintage used only where the i-Tree configuration refers to a retired county/county-equivalent.,2819.373055172188
ITC-0066,USA,Alabama,Wilcox,Wilcox,US-FIPS:01131,Census TIGER/Line 2024 County,01131,Wilcox,EXACT_CURRENT_FIPS,Exact Census FIPS; historical Census vintage used only where the i-Tree configuration refers to a retired county/county-equivalent.,2350.132749953982
ITC-0067,USA,Alabama,Winston,Winston,US-FIPS:01133,Census TIGER/Line 2024 County,01133,Winston,EXACT_CURRENT_FIPS,Exact Census FIPS; historical Census vintage used only where the i-Tree configuration refers to a retired county/county-equivalent.,1636.5313453174695
ITC-0068,USA,Alaska,Aleutians East,Aleutians East,US-FIPS:02013,Census TIGER/Line 2024 County,02013,Aleutians East,EXACT_CURRENT_FIPS,Exact Census FIPS; historical Census vintage used only where the i-Tree configuration refers to a retired county/county-equivalent.,38891.75487461653
ITC-0069,USA,Alaska,Aleutians West,Aleutians West,US-FIPS:02016,Census TIGER/Line 2024 County,02016,Aleutians West,EXACT_CURRENT_FIPS,Exact Census FIPS; historical Census vintage used only where the i-Tree configuration refers to a retired county/county-equivalent.,36561.5679551696
ITC-0070,USA,Alaska,Anchorage,Anchorage,US-FIPS:02020,Census TIGER/Line 2024 County,02020,Anchorage,EXACT_CURRENT_FIPS,Exact Census FIPS; historical Census vintage used only where the i-Tree configuration refers to a retired county/county-equivalent.,5036.185507517352
ITC-0071,USA,Alaska,Bethel,Bethel,US-FIPS:02050,Census TIGER/Line 2024 County,02050,Bethel,EXACT_CURRENT_FIPS,Exact Census FIPS; historical Census vintage used only where the i-Tree configuration refers to a retired county/county-equivalent.,117988.56777366599
ITC-0072,USA,Alaska,Bristol Bay,Bristol Bay,US-FIPS:02060,Census TIGER/Line 2024 County,02060,Bristol Bay,EXACT_CURRENT_FIPS,Exact Census FIPS; historical Census vintage used only where the i-Tree configuration refers to a retired county/county-equivalent.,2199.381918633876
ITC-0073,USA,Alaska,Denali,Denali,US-FIPS:02068,Census TIGER/Line 2024 County,02068,Denali,EXACT_CURRENT_FIPS,Exact Census FIPS; historical Census vintage used only where the i-Tree configuration refers to a retired county/county-equivalent.,32806.06059086158
ITC-0074,USA,Alaska,Dillingham,Dillingham,US-FIPS:02070,Census TIGER/Line 2024 County,02070,Dillingham,EXACT_CURRENT_FIPS,Exact Census FIPS; historical Census vintage used only where the i-Tree configuration refers to a retired county/county-equivalent.,53427.185501941116
ITC-0075,USA,Alaska,Fairbanks North Star,Fairbanks North Star,US-FIPS:02090,Census TIGER/Line 2024 County,02090,Fairbanks North Star,EXACT_CURRENT_FIPS,Exact Census FIPS; historical Census vintage used only where the i-Tree configuration refers to a retired county/county-equivalent.,19256.425514798982
ITC-0076,USA,Alaska,Haines,Haines,US-FIPS:02100,Census TIGER/Line 2024 County,02100,Haines,EXACT_CURRENT_FIPS,Exact Census FIPS; historical Census vintage used only where the i-Tree configuration refers to a retired county/county-equivalent.,7075.50487691484
ITC-0077,USA,Alaska,Hoonah-Angoon,Hoonah-Angoon,US-FIPS:02105,Census TIGER/Line 2024 County,02105,Hoonah-Angoon,EXACT_CURRENT_FIPS,Exact Census FIPS; historical Census vintage used only where the i-Tree configuration refers to a retired county/county-equivalent.,24787.01276595112
ITC-0078,USA,Alaska,Juneau,Juneau,US-FIPS:02110,Census TIGER/Line 2024 County,02110,Juneau,EXACT_CURRENT_FIPS,Exact Census FIPS; historical Census vintage used only where the i-Tree configuration refers to a retired county/county-equivalent.,8438.475255875517
ITC-0079,USA,Alaska,Kenai Peninsula,Kenai Peninsula,US-FIPS:02122,Census TIGER/Line 2024 County,02122,Kenai Peninsula,EXACT_CURRENT_FIPS,Exact Census FIPS; historical Census vintage used only where the i-Tree configuration refers to a retired county/county-equivalent.,64028.19539049356
ITC-0080,USA,Alaska,Ketchikan Gateway,Ketchikan Gateway,US-FIPS:02130,Census TIGER/Line 2024 County,02130,Ketchikan Gateway,EXACT_CURRENT_FIPS,Exact Census FIPS; historical Census vintage used only where the i-Tree configuration refers to a retired county/county-equivalent.,17295.103409589243
ITC-0081,USA,Alaska,Kodiak Island,Kodiak Island,US-FIPS:02150,Census TIGER/Line 2024 County,02150,Kodiak Island,EXACT_CURRENT_FIPS,Exact Census FIPS; historical Census vintage used only where the i-Tree configuration refers to a retired county/county-equivalent.,31473.642725959475
ITC-0082,USA,Alaska,Lake and Peninsula,Lake and Peninsula,US-FIPS:02164,Census TIGER/Line 2024 County,02164,Lake and Peninsula,EXACT_CURRENT_FIPS,Exact Census FIPS; historical Census vintage used only where the i-Tree configuration refers to a retired county/county-equivalent.,87568.6979964058
ITC-0083,USA,Alaska,Matanuska-Susitna,Matanuska-Susitna,US-FIPS:02170,Census TIGER/Line 2024 County,02170,Matanuska-Susitna,EXACT_CURRENT_FIPS,Exact Census FIPS; historical Census vintage used only where the i-Tree configuration refers to a retired county/county-equivalent.,65443.06569952473
ITC-0084,USA,Alaska,Nome,Nome,US-FIPS:02180,Census TIGER/Line 2024 County,02180,Nome,EXACT_CURRENT_FIPS,Exact Census FIPS; historical Census vintage used only where the i-Tree configuration refers to a retired county/county-equivalent.,73271.15970328814
ITC-0085,USA,Alaska,North Slope,North Slope,US-FIPS:02185,Census TIGER/Line 2024 County,02185,North Slope,EXACT_CURRENT_FIPS,Exact Census FIPS; historical Census vintage used only where the i-Tree configuration refers to a retired county/county-equivalent.,245603.88124480247
ITC-0086,USA,Alaska,Northwest Arctic,Northwest Arctic,US-FIPS:02188,Census TIGER/Line 2024 County,02188,Northwest Arctic,EXACT_CURRENT_FIPS,Exact Census FIPS; historical Census vintage used only where the i-Tree configuration refers to a retired county/county-equivalent.,105204.88438701317
ITC-0087,USA,Alaska,Petersburg,Petersburg,US-FIPS:02195,Census TIGER/Line 2024 County,02195,Petersburg,EXACT_CURRENT_FIPS,Exact Census FIPS; historical Census vintage used only where the i-Tree configuration refers to a retired county/county-equivalent.,9913.053949651669
ITC-0088,USA,Alaska,Prince of Wales-Outer Ketchikan,Prince of Wales-Outer Ketchikan,US-FIPS:02201,Census 2000 Alaska county cartographic boundary,02201,Prince of Wales-Outer Ketchikan,EXACT_HISTORICAL_FIPS_2000,Exact Census FIPS; historical Census vintage used only where the i-Tree configuration refers to a retired county/county-equivalent.,21285.423893959214
ITC-0089,USA,Alaska,Princes of Wales-Hyder,Prince of Wales-Hyder,US-FIPS:02198,Census TIGER/Line 2024 County,02198,Prince of Wales-Hyder,EXACT_CURRENT_FIPS,Exact Census FIPS; historical Census vintage used only where the i-Tree configuration refers to a retired county/county-equivalent.,28206.771452170065
ITC-0090,USA,Alaska,Sitka,Sitka,US-FIPS:02220,Census TIGER/Line 2024 County,02220,Sitka,EXACT_CURRENT_FIPS,Exact Census FIPS; historical Census vintage used only where the i-Tree configuration refers to a retired county/county-equivalent.,12471.48021998735
ITC-0091,USA,Alaska,Skagway,Skagway,US-FIPS:02230,Census TIGER/Line 2024 County,02230,Skagway,EXACT_CURRENT_FIPS,Exact Census FIPS; historical Census vintage used only where the i-Tree configuration refers to a retired county/county-equivalent.,1175.0936257197047
ITC-0092,USA,Alaska,Skagway-Hoonah-Angoon,Skagway-Hoonah-Angoon,US-FIPS:02232,Census 2000 Alaska county cartographic boundary,02232,Skagway-Hoonah-Angoon,EXACT_HISTORICAL_FIPS_2000,Exact Census FIPS; historical Census vintage used only where the i-Tree configuration refers to a retired county/county-equivalent.,21777.37834068299
ITC-0093,USA,Alaska,Southeast Fairbanks,Southeast Fairbanks,US-FIPS:02240,Census TIGER/Line 2024 County,02240,Southeast Fairbanks,EXACT_CURRENT_FIPS,Exact Census FIPS; historical Census vintage used only where the i-Tree configuration refers to a retired county/county-equivalent.,65064.672878593155
ITC-0094,USA,Alaska,Valdez-Cordova,Valdez-Cordova,US-FIPS:02261,Census TIGER/Line 2010 County,02261,Valdez-Cordova,EXACT_HISTORICAL_FIPS_2010,Exact Census FIPS; historical Census vintage used only where the i-Tree configuration refers to a retired county/county-equivalent.,104481.71185632597
ITC-0095,USA,Alaska,Wade Hampton,Wade Hampton,US-FIPS:02270,Census TIGER/Line 2010 County,02270,Wade Hampton,EXACT_HISTORICAL_FIPS_2010,Exact Census FIPS; historical Census vintage used only where the i-Tree configuration refers to a retired county/county-equivalent.,50952.452220756764
ITC-0096,USA,Alaska,Wrangell,Wrangell,US-FIPS:02275,Census TIGER/Line 2024 County,02275,Wrangell,EXACT_CURRENT_FIPS,Exact Census FIPS; historical Census vintage used only where the i-Tree configuration refers to a retired county/county-equivalent.,8990.247014904577
ITC-0097,USA,Alaska,Wrangell-Petersburg,Wrangell-Petersburg,US-FIPS:02280,Census 2000 Alaska county cartographic boundary,02280,Wrangell-Petersburg,EXACT_HISTORICAL_FIPS_2000,Exact Census FIPS; historical Census vintage used only where the i-Tree configuration refers to a retired county/county-equivalent.,15813.742071484625
ITC-0098,USA,Alaska,Yakutat,Yakutat,US-FIPS:02282,Census TIGER/Line 2024 County,02282,Yakutat,EXACT_CURRENT_FIPS,Exact Census FIPS; historical Census vintage used only where the i-Tree configuration refers to a retired county/county-equivalent.,23736.307275250037
ITC-0099,USA,Alaska,Yukon-Koyukuk,Yukon-Koyukuk,US-FIPS:02290,Census TIGER/Line 2024 County,02290,Yukon-Koyukuk,EXACT_CURRENT_FIPS,Exact Census FIPS; historical Census vintage used only where the i-Tree configuration refers to a retired county/county-equivalent.,383002.10746928764
ITC-0100,USA,Arizona,Apache,Apache,US-FIPS:04001,Census TIGER/Line 2024 County,04001,Apache,EXACT_CURRENT_FIPS,Exact Census FIPS; historical Census vintage used only where the i-Tree configuration refers to a retired county/county-equivalent.,29057.63062246077
ITC-0101,USA,Arizona,Cochise,Cochise,US-FIPS:04003,Census TIGER/Line 2024 County,04003,Cochise,EXACT_CURRENT_FIPS,Exact Census FIPS; historical Census vintage used only where the i-Tree configuration refers to a retired county/county-equivalent.,16101.126273765121
ITC-0102,USA,Arizona,Coconino,Coconino,US-FIPS:04005,Census TIGER/Line 2024 County,04005,Coconino,EXACT_CURRENT_FIPS,Exact Census FIPS; historical Census vintage used only where the i-Tree configuration refers to a retired county/county-equivalent.,48332.77104235116
ITC-0103,USA,Arizona,Gila,Gila,US-FIPS:04007,Census TIGER/Line 2024 County,04007,Gila,EXACT_CURRENT_FIPS,Exact Census FIPS; historical Census vintage used only where the i-Tree configuration refers to a retired county/county-equivalent.,12418.53719304307
ITC-0104,USA,Arizona,Graham,Graham,US-FIPS:04009,Census TIGER/Line 2024 County,04009,Graham,EXACT_CURRENT_FIPS,Exact Census FIPS; historical Census vintage used only where the i-Tree configuration refers to a retired county/county-equivalent.,12018.08812979295
ITC-0105,USA,Arizona,Greenlee,Greenlee,US-FIPS:04011,Census TIGER/Line 2024 County,04011,Greenlee,EXACT_CURRENT_FIPS,Exact Census FIPS; historical Census vintage used only where the i-Tree configuration refers to a retired county/county-equivalent.,4784.875019061321
ITC-0106,USA,Arizona,La Paz,La Paz,US-FIPS:04012,Census TIGER/Line 2024 County,04012,La Paz,EXACT_CURRENT_FIPS,Exact Census FIPS; historical Census vintage used only where the i-Tree configuration refers to a retired county/county-equivalent.,11682.60642524453
ITC-0107,USA,Arizona,Maricopa,Maricopa,US-FIPS:04013,Census TIGER/Line 2024 County,04013,Maricopa,EXACT_CURRENT_FIPS,Exact Census FIPS; historical Census vintage used only where the i-Tree configuration refers to a retired county/county-equivalent.,23895.222969912484
ITC-0108,USA,Arizona,Mohave,Mohave,US-FIPS:04015,Census TIGER/Line 2024 County,04015,Mohave,EXACT_CURRENT_FIPS,Exact Census FIPS; historical Census vintage used only where the i-Tree configuration refers to a retired county/county-equivalent.,34863.42394063698
ITC-0109,USA,Arizona,Navajo,Navajo,US-FIPS:04017,Census TIGER/Line 2024 County,04017,Navajo,EXACT_CURRENT_FIPS,Exact Census FIPS; historical Census vintage used only where the i-Tree configuration refers to a retired county/county-equivalent.,25793.19808544196
ITC-0110,USA,Arizona,Pima,Pima,US-FIPS:04019,Census TIGER/Line 2024 County,04019,Pima,EXACT_CURRENT_FIPS,Exact Census FIPS; historical Census vintage used only where the i-Tree configuration refers to a retired county/county-equivalent.,23803.692266910566
ITC-0111,USA,Arizona,Pinal,Pinal,US-FIPS:04021,Census TIGER/Line 2024 County,04021,Pinal,EXACT_CURRENT_FIPS,Exact Census FIPS; historical Census vintage used only where the i-Tree configuration refers to a retired county/county-equivalent.,13920.37732873618
ITC-0112,USA,Arizona,Santa Cruz,Santa Cruz,US-FIPS:04023,Census TIGER/Line 2024 County,04023,Santa Cruz,EXACT_CURRENT_FIPS,Exact Census FIPS; historical Census vintage used only where the i-Tree configuration refers to a retired county/county-equivalent.,3204.969356975288
ITC-0113,USA,Arizona,Yavapai,Yavapai,US-FIPS:04025,Census TIGER/Line 2024 County,04025,Yavapai,EXACT_CURRENT_FIPS,Exact Census FIPS; historical Census vintage used only where the i-Tree configuration refers to a retired county/county-equivalent.,21049.658784332267
ITC-0114,USA,Arizona,Yuma,Yuma,US-FIPS:04027,Census TIGER/Line 2024 County,04027,Yuma,EXACT_CURRENT_FIPS,Exact Census FIPS; historical Census vintage used only where the i-Tree configuration refers to a retired county/county-equivalent.,14293.967366551604
ITC-0115,USA,Arkansas,Arkansas,Arkansas,US-FIPS:05001,Census TIGER/Line 2024 County,05001,Arkansas,EXACT_CURRENT_FIPS,Exact Census FIPS; historical Census vintage used only where the i-Tree configuration refers to a retired county/county-equivalent.,2690.329801626037
ITC-0116,USA,Arkansas,Ashley,Ashley,US-FIPS:05003,Census TIGER/Line 2024 County,05003,Ashley,EXACT_CURRENT_FIPS,Exact Census FIPS; historical Census vintage used only where the i-Tree configuration refers to a retired county/county-equivalent.,2435.6686395831125
ITC-0117,USA,Arkansas,Baxter,Baxter,US-FIPS:05005,Census TIGER/Line 2024 County,05005,Baxter,EXACT_CURRENT_FIPS,Exact Census FIPS; historical Census vintage used only where the i-Tree configuration refers to a retired county/county-equivalent.,1519.5914396494784
ITC-0118,USA,Arkansas,Benton,Benton,US-FIPS:05007,Census TIGER/Line 2024 County,05007,Benton,EXACT_CURRENT_FIPS,Exact Census FIPS; historical Census vintage used only where the i-Tree configuration refers to a retired county/county-equivalent.,2290.489751945415
ITC-0119,USA,Arkansas,Boone,Boone,US-FIPS:05009,Census TIGER/Line 2024 County,05009,Boone,EXACT_CURRENT_FIPS,Exact Census FIPS; historical Census vintage used only where the i-Tree configuration refers to a retired county/county-equivalent.,1559.1732131378194
ITC-0120,USA,Arkansas,Bradley,Bradley,US-FIPS:05011,Census TIGER/Line 2024 County,05011,Bradley,EXACT_CURRENT_FIPS,Exact Census FIPS; historical Census vintage used only where the i-Tree configuration refers to a retired county/county-equivalent.,1690.8405802976847
ITC-0121,USA,Arkansas,Calhoun,Calhoun,US-FIPS:05013,Census TIGER/Line 2024 County,05013,Calhoun,EXACT_CURRENT_FIPS,Exact Census FIPS; historical Census vintage used only where the i-Tree configuration refers to a retired county/county-equivalent.,1637.9557207501232
ITC-0122,USA,Arkansas,Carroll,Carroll,US-FIPS:05015,Census TIGER/Line 2024 County,05015,Carroll,EXACT_CURRENT_FIPS,Exact Census FIPS; historical Census vintage used only where the i-Tree configuration refers to a retired county/county-equivalent.,1654.2207347600813
ITC-0123,USA,Arkansas,Chicot,Chicot,US-FIPS:05017,Census TIGER/Line 2024 County,05017,Chicot,EXACT_CURRENT_FIPS,Exact Census FIPS; historical Census vintage used only where the i-Tree configuration refers to a retired county/county-equivalent.,1790.1777078328182
ITC-0124,USA,Arkansas,Clark,Clark,US-FIPS:05019,Census TIGER/Line 2024 County,05019,Clark,EXACT_CURRENT_FIPS,Exact Census FIPS; historical Census vintage used only where the i-Tree configuration refers to a retired county/county-equivalent.,2286.820795276992
ITC-0125,USA,Arkansas,Clay,Clay,US-FIPS:05021,Census TIGER/Line 2024 County,05021,Clay,EXACT_CURRENT_FIPS,Exact Census FIPS; historical Census vintage used only where the i-Tree configuration refers to a retired county/county-equivalent.,1661.0798216194269
ITC-0126,USA,Arkansas,Cleburne,Cleburne,US-FIPS:05023,Census TIGER/Line 2024 County,05023,Cleburne,EXACT_CURRENT_FIPS,Exact Census FIPS; historical Census vintage used only where the i-Tree configuration refers to a retired county/county-equivalent.,1533.633005498651
ITC-0127,USA,Arkansas,Cleveland,Cleveland,US-FIPS:05025,Census TIGER/Line 2024 County,05025,Cleveland,EXACT_CURRENT_FIPS,Exact Census FIPS; historical Census vintage used only where the i-Tree configuration refers to a retired county/county-equivalent.,1551.1426464407318
ITC-0128,USA,Arkansas,Columbia,Columbia,US-FIPS:05027,Census TIGER/Line 2024 County,05027,Columbia,EXACT_CURRENT_FIPS,Exact Census FIPS; historical Census vintage used only where the i-Tree configuration refers to a retired county/county-equivalent.,1986.0848272602495
ITC-0129,USA,Arkansas,Conway,Conway,US-FIPS:05029,Census TIGER/Line 2024 County,05029,Conway,EXACT_CURRENT_FIPS,Exact Census FIPS; historical Census vintage used only where the i-Tree configuration refers to a retired county/county-equivalent.,1467.2161254427526
ITC-0130,USA,Arkansas,Craighead,Craighead,US-FIPS:05031,Census TIGER/Line 2024 County,05031,Craighead,EXACT_CURRENT_FIPS,Exact Census FIPS; historical Census vintage used only where the i-Tree configuration refers to a retired county/county-equivalent.,1845.8618044468133
ITC-0131,USA,Arkansas,Crawford,Crawford,US-FIPS:05033,Census TIGER/Line 2024 County,05033,Crawford,EXACT_CURRENT_FIPS,Exact Census FIPS; historical Census vintage used only where the i-Tree configuration refers to a retired county/county-equivalent.,1568.656547143274
ITC-0132,USA,Arkansas,Crittenden,Crittenden,US-FIPS:05035,Census TIGER/Line 2024 County,05035,Crittenden,EXACT_CURRENT_FIPS,Exact Census FIPS; historical Census vintage used only where the i-Tree configuration refers to a retired county/county-equivalent.,1667.5177044123602
ITC-0133,USA,Arkansas,Cross,Cross,US-FIPS:05037,Census TIGER/Line 2024 County,05037,Cross,EXACT_CURRENT_FIPS,Exact Census FIPS; historical Census vintage used only where the i-Tree configuration refers to a retired county/county-equivalent.,1611.644634749583
ITC-0134,USA,Arkansas,Dallas,Dallas,US-FIPS:05039,Census TIGER/Line 2024 County,05039,Dallas,EXACT_CURRENT_FIPS,Exact Census FIPS; historical Census vintage used only where the i-Tree configuration refers to a retired county/county-equivalent.,1730.089701565121
ITC-0135,USA,Arkansas,Desha,Desha,US-FIPS:05041,Census TIGER/Line 2024 County,05041,Desha,EXACT_CURRENT_FIPS,Exact Census FIPS; historical Census vintage used only where the i-Tree configuration refers to a retired county/county-equivalent.,2104.9495724618373
ITC-0136,USA,Arkansas,Drew,Drew,US-FIPS:05043,Census TIGER/Line 2024 County,05043,Drew,EXACT_CURRENT_FIPS,Exact Census FIPS; historical Census vintage used only where the i-Tree configuration refers to a retired county/county-equivalent.,2165.0275752367943
ITC-0137,USA,Arkansas,Faulkner,Faulkner,US-FIPS:05045,Census TIGER/Line 2024 County,05045,Faulkner,EXACT_CURRENT_FIPS,Exact Census FIPS; historical Census vintage used only where the i-Tree configuration refers to a retired county/county-equivalent.,1719.9697237814312
ITC-0138,USA,Arkansas,Franklin,Franklin,US-FIPS:05047,Census TIGER/Line 2024 County,05047,Franklin,EXACT_CURRENT_FIPS,Exact Census FIPS; historical Census vintage used only where the i-Tree configuration refers to a retired county/county-equivalent.,1606.071814049589
ITC-0139,USA,Arkansas,Fulton,Fulton,US-FIPS:05049,Census TIGER/Line 2024 County,05049,Fulton,EXACT_CURRENT_FIPS,Exact Census FIPS; historical Census vintage used only where the i-Tree configuration refers to a retired county/county-equivalent.,1606.955179753707
ITC-0140,USA,Arkansas,Garland,Garland,US-FIPS:05051,Census TIGER/Line 2024 County,05051,Garland,EXACT_CURRENT_FIPS,Exact Census FIPS; historical Census vintage used only where the i-Tree configuration refers to a retired county/county-equivalent.,1902.4660248459584
ITC-0141,USA,Arkansas,Grant,Grant,US-FIPS:05053,Census TIGER/Line 2024 County,05053,Grant,EXACT_CURRENT_FIPS,Exact Census FIPS; historical Census vintage used only where the i-Tree configuration refers to a retired county/county-equivalent.,1639.4786597738791
ITC-0142,USA,Arkansas,Greene,Greene,US-FIPS:05055,Census TIGER/Line 2024 County,05055,Greene,EXACT_CURRENT_FIPS,Exact Census FIPS; historical Census vintage used only where the i-Tree configuration refers to a retired county/county-equivalent.,1500.577317141335
ITC-0143,USA,Arkansas,Hempstead,Hempstead,US-FIPS:05057,Census TIGER/Line 2024 County,05057,Hempstead,EXACT_CURRENT_FIPS,Exact Census FIPS; historical Census vintage used only where the i-Tree configuration refers to a retired county/county-equivalent.,1919.1773274999105
ITC-0144,USA,Arkansas,Hot Spring,Hot Spring,US-FIPS:05059,Census TIGER/Line 2024 County,05059,Hot Spring,EXACT_CURRENT_FIPS,Exact Census FIPS; historical Census vintage used only where the i-Tree configuration refers to a retired county/county-equivalent.,1611.4225566659586
ITC-0145,USA,Arkansas,Howard,Howard,US-FIPS:05061,Census TIGER/Line 2024 County,05061,Howard,EXACT_CURRENT_FIPS,Exact Census FIPS; historical Census vintage used only where the i-Tree configuration refers to a retired county/county-equivalent.,1542.5437597278578
ITC-0146,USA,Arkansas,Independence,Independence,US-FIPS:05063,Census TIGER/Line 2024 County,05063,Independence,EXACT_CURRENT_FIPS,Exact Census FIPS; historical Census vintage used only where the i-Tree configuration refers to a retired county/county-equivalent.,1998.2545280803356
ITC-0147,USA,Arkansas,Izard,Izard,US-FIPS:05065,Census TIGER/Line 2024 County,05065,Izard,EXACT_CURRENT_FIPS,Exact Census FIPS; historical Census vintage used only where the i-Tree configuration refers to a retired county/county-equivalent.,1512.2907502625142
ITC-0148,USA,Arkansas,Jackson,Jackson,US-FIPS:05067,Census TIGER/Line 2024 County,05067,Jackson,EXACT_CURRENT_FIPS,Exact Census FIPS; historical Census vintage used only where the i-Tree configuration refers to a retired county/county-equivalent.,1661.3289437097258
ITC-0149,USA,Arkansas,Jefferson,Jefferson,US-FIPS:05069,Census TIGER/Line 2024 County,05069,Jefferson,EXACT_CURRENT_FIPS,Exact Census FIPS; historical Census vintage used only where the i-Tree configuration refers to a retired county/county-equivalent.,2372.4365222904553
ITC-0150,USA,Arkansas,Johnson,Johnson,US-FIPS:05071,Census TIGER/Line 2024 County,05071,Johnson,EXACT_CURRENT_FIPS,Exact Census FIPS; historical Census vintage used only where the i-Tree configuration refers to a retired county/county-equivalent.,1771.4849199225832
ITC-0151,USA,Arkansas,Lafayette,Lafayette,US-FIPS:05073,Census TIGER/Line 2024 County,05073,Lafayette,EXACT_CURRENT_FIPS,Exact Census FIPS; historical Census vintage used only where the i-Tree configuration refers to a retired county/county-equivalent.,1414.356006663456
ITC-0152,USA,Arkansas,Lawrence,Lawrence,US-FIPS:05075,Census TIGER/Line 2024 County,05075,Lawrence,EXACT_CURRENT_FIPS,Exact Census FIPS; historical Census vintage used only where the i-Tree configuration refers to a retired county/county-equivalent.,1534.086369288782
ITC-0153,USA,Arkansas,Lee,Lee,US-FIPS:05077,Census TIGER/Line 2024 County,05077,Lee,EXACT_CURRENT_FIPS,Exact Census FIPS; historical Census vintage used only where the i-Tree configuration refers to a retired county/county-equivalent.,1611.3516618132726
ITC-0154,USA,Arkansas,Lincoln,Lincoln,US-FIPS:05079,Census TIGER/Line 2024 County,05079,Lincoln,EXACT_CURRENT_FIPS,Exact Census FIPS; historical Census vintage used only where the i-Tree configuration refers to a retired county/county-equivalent.,1475.7026998787508
ITC-0155,USA,Arkansas,Little River,Little River,US-FIPS:05081,Census TIGER/Line 2024 County,05081,Little River,EXACT_CURRENT_FIPS,Exact Census FIPS; historical Census vintage used only where the i-Tree configuration refers to a retired county/county-equivalent.,1459.0582912392058
ITC-0156,USA,Arkansas,Logan,Logan,US-FIPS:05083,Census TIGER/Line 2024 County,05083,Logan,EXACT_CURRENT_FIPS,Exact Census FIPS; historical Census vintage used only where the i-Tree configuration refers to a retired county/county-equivalent.,1890.5699402225869
ITC-0157,USA,Arkansas,Lonoke,Lonoke,US-FIPS:05085,Census TIGER/Line 2024 County,05085,Lonoke,EXACT_CURRENT_FIPS,Exact Census FIPS; historical Census vintage used only where the i-Tree configuration refers to a retired county/county-equivalent.,2080.764870873037
ITC-0158,USA,Arkansas,Madison,Madison,US-FIPS:05087,Census TIGER/Line 2024 County,05087,Madison,EXACT_CURRENT_FIPS,Exact Census FIPS; historical Census vintage used only where the i-Tree configuration refers to a retired county/county-equivalent.,2168.121168599906
ITC-0159,USA,Arkansas,Marion,Marion,US-FIPS:05089,Census TIGER/Line 2024 County,05089,Marion,EXACT_CURRENT_FIPS,Exact Census FIPS; historical Census vintage used only where the i-Tree configuration refers to a retired county/county-equivalent.,1658.134098978282
ITC-0160,USA,Arkansas,Miller,Miller,US-FIPS:05091,Census TIGER/Line 2024 County,05091,Miller,EXACT_CURRENT_FIPS,Exact Census FIPS; historical Census vintage used only where the i-Tree configuration refers to a retired county/county-equivalent.,1653.1062746368161
ITC-0161,USA,Arkansas,Mississippi,Mississippi,US-FIPS:05093,Census TIGER/Line 2024 County,05093,Mississippi,EXACT_CURRENT_FIPS,Exact Census FIPS; historical Census vintage used only where the i-Tree configuration refers to a retired county/county-equivalent.,2408.6342030457777
ITC-0162,USA,Arkansas,Monroe,Monroe,US-FIPS:05095,Census TIGER/Line 2024 County,05095,Monroe,EXACT_CURRENT_FIPS,Exact Census FIPS; historical Census vintage used only where the i-Tree configuration refers to a retired county/county-equivalent.,1609.0242417195868
ITC-0163,USA,Arkansas,Montgomery,Montgomery,US-FIPS:05097,Census TIGER/Line 2024 County,05097,Montgomery,EXACT_CURRENT_FIPS,Exact Census FIPS; historical Census vintage used only where the i-Tree configuration refers to a retired county/county-equivalent.,2074.342932797953
ITC-0164,USA,Arkansas,Nevada,Nevada,US-FIPS:05099,Census TIGER/Line 2024 County,05099,Nevada,EXACT_CURRENT_FIPS,Exact Census FIPS; historical Census vintage used only where the i-Tree configuration refers to a retired county/county-equivalent.,1607.5574022287594
ITC-0165,USA,Arkansas,Newton,Newton,US-FIPS:05101,Census TIGER/Line 2024 County,05101,Newton,EXACT_CURRENT_FIPS,Exact Census FIPS; historical Census vintage used only where the i-Tree configuration refers to a retired county/county-equivalent.,2132.512400093918
ITC-0166,USA,Arkansas,Ouachita,Ouachita,US-FIPS:05103,Census TIGER/Line 2024 County,05103,Ouachita,EXACT_CURRENT_FIPS,Exact Census FIPS; historical Census vintage used only where the i-Tree configuration refers to a retired county/county-equivalent.,1915.9230789068179
ITC-0167,USA,Arkansas,Perry,Perry,US-FIPS:05105,Census TIGER/Line 2024 County,05105,Perry,EXACT_CURRENT_FIPS,Exact Census FIPS; historical Census vintage used only where the i-Tree configuration refers to a retired county/county-equivalent.,1452.3821715631213
ITC-0168,USA,Arkansas,Phillips,Phillips,US-FIPS:05107,Census TIGER/Line 2024 County,05107,Phillips,EXACT_CURRENT_FIPS,Exact Census FIPS; historical Census vintage used only where the i-Tree configuration refers to a retired county/county-equivalent.,1883.991247629847
ITC-0169,USA,Arkansas,Pike,Pike,US-FIPS:05109,Census TIGER/Line 2024 County,05109,Pike,EXACT_CURRENT_FIPS,Exact Census FIPS; historical Census vintage used only where the i-Tree configuration refers to a retired county/county-equivalent.,1590.1459274862973
ITC-0170,USA,Arkansas,Poinsett,Poinsett,US-FIPS:05111,Census TIGER/Line 2024 County,05111,Poinsett,EXACT_CURRENT_FIPS,Exact Census FIPS; historical Census vintage used only where the i-Tree configuration refers to a retired county/county-equivalent.,1977.8679880653328
ITC-0171,USA,Arkansas,Polk,Polk,US-FIPS:05113,Census TIGER/Line 2024 County,05113,Polk,EXACT_CURRENT_FIPS,Exact Census FIPS; historical Census vintage used only where the i-Tree configuration refers to a retired county/county-equivalent.,2231.7215689682835
ITC-0172,USA,Arkansas,Pope,Pope,US-FIPS:05115,Census TIGER/Line 2024 County,05115,Pope,EXACT_CURRENT_FIPS,Exact Census FIPS; historical Census vintage used only where the i-Tree configuration refers to a retired county/county-equivalent.,2151.1283988574282
ITC-0173,USA,Arkansas,Prairie,Prairie,US-FIPS:05117,Census TIGER/Line 2024 County,05117,Prairie,EXACT_CURRENT_FIPS,Exact Census FIPS; historical Census vintage used only where the i-Tree configuration refers to a retired county/county-equivalent.,1749.6982949237222
ITC-0174,USA,Arkansas,Pulaski,Pulaski,US-FIPS:05119,Census TIGER/Line 2024 County,05119,Pulaski,EXACT_CURRENT_FIPS,Exact Census FIPS; historical Census vintage used only where the i-Tree configuration refers to a retired county/county-equivalent.,2091.1491711009817
ITC-0175,USA,Arkansas,Randolph,Randolph,US-FIPS:05121,Census TIGER/Line 2024 County,05121,Randolph,EXACT_CURRENT_FIPS,Exact Census FIPS; historical Census vintage used only where the i-Tree configuration refers to a retired county/county-equivalent.,1698.816658930095
ITC-0176,USA,Arkansas,Saline,Saline,US-FIPS:05125,Census TIGER/Line 2024 County,05125,Saline,EXACT_CURRENT_FIPS,Exact Census FIPS; historical Census vintage used only where the i-Tree configuration refers to a retired county/county-equivalent.,1891.8541467046175
ITC-0177,USA,Arkansas,Scott,Scott,US-FIPS:05127,Census TIGER/Line 2024 County,05127,Scott,EXACT_CURRENT_FIPS,Exact Census FIPS; historical Census vintage used only where the i-Tree configuration refers to a retired county/county-equivalent.,2326.8450083444727
ITC-0178,USA,Arkansas,Searcy,Searcy,US-FIPS:05129,Census TIGER/Line 2024 County,05129,Searcy,EXACT_CURRENT_FIPS,Exact Census FIPS; historical Census vintage used only where the i-Tree configuration refers to a retired county/county-equivalent.,1731.0804558299765
ITC-0179,USA,Arkansas,Sebastian,Sebastian,US-FIPS:05131,Census TIGER/Line 2024 County,05131,Sebastian,EXACT_CURRENT_FIPS,Exact Census FIPS; historical Census vintage used only where the i-Tree configuration refers to a retired county/county-equivalent.,1410.268904609044
ITC-0180,USA,Arkansas,Sevier,Sevier,US-FIPS:05133,Census TIGER/Line 2024 County,05133,Sevier,EXACT_CURRENT_FIPS,Exact Census FIPS; historical Census vintage used only where the i-Tree configuration refers to a retired county/county-equivalent.,1505.5565144800605
ITC-0181,USA,Arkansas,Sharp,Sharp,US-FIPS:05135,Census TIGER/Line 2024 County,05135,Sharp,EXACT_CURRENT_FIPS,Exact Census FIPS; historical Census vintage used only where the i-Tree configuration refers to a retired county/county-equivalent.,1571.2234201557872
ITC-0182,USA,Arkansas,St. Francis,St. Francis,US-FIPS:05123,Census TIGER/Line 2024 County,05123,St. Francis,EXACT_CURRENT_FIPS,Exact Census FIPS; historical Census vintage used only where the i-Tree configuration refers to a retired county/county-equivalent.,1664.1005979093677
ITC-0183,USA,Arkansas,Stone,Stone,US-FIPS:05137,Census TIGER/Line 2024 County,05137,Stone,EXACT_CURRENT_FIPS,Exact Census FIPS; historical Census vintage used only where the i-Tree configuration refers to a retired county/county-equivalent.,1578.8189093826547
ITC-0184,USA,Arkansas,Union,Union,US-FIPS:05139,Census TIGER/Line 2024 County,05139,Union,EXACT_CURRENT_FIPS,Exact Census FIPS; historical Census vintage used only where the i-Tree configuration refers to a retired county/county-equivalent.,2733.2727228596937
ITC-0185,USA,Arkansas,Van Buren,Van Buren,US-FIPS:05141,Census TIGER/Line 2024 County,05141,Van Buren,EXACT_CURRENT_FIPS,Exact Census FIPS; historical Census vintage used only where the i-Tree configuration refers to a retired county/county-equivalent.,1874.9864031859186
ITC-0186,USA,Arkansas,Washington,Washington,US-FIPS:05143,Census TIGER/Line 2024 County,05143,Washington,EXACT_CURRENT_FIPS,Exact Census FIPS; historical Census vintage used only where the i-Tree configuration refers to a retired county/county-equivalent.,2466.244875901165
ITC-0187,USA,Arkansas,White,White,US-FIPS:05145,Census TIGER/Line 2024 County,05145,White,EXACT_CURRENT_FIPS,Exact Census FIPS; historical Census vintage used only where the i-Tree configuration refers to a retired county/county-equivalent.,2698.7996289025396
ITC-0188,USA,Arkansas,Woodruff,Woodruff,US-FIPS:05147,Census TIGER/Line 2024 County,05147,Woodruff,EXACT_CURRENT_FIPS,Exact Census FIPS; historical Census vintage used only where the i-Tree configuration refers to a retired county/county-equivalent.,1538.7274829311314
ITC-0189,USA,Arkansas,Yell,Yell,US-FIPS:05149,Census TIGER/Line 2024 County,05149,Yell,EXACT_CURRENT_FIPS,Exact Census FIPS; historical Census vintage used only where the i-Tree configuration refers to a retired county/county-equivalent.,2456.6835260747735
ITC-0190,USA,California,Alameda,Alameda,US-FIPS:06001,Census TIGER/Line 2024 County,06001,Alameda,EXACT_CURRENT_FIPS,Exact Census FIPS; historical Census vintage used only where the i-Tree configuration refers to a retired county/county-equivalent.,2126.9210291818695
ITC-0191,USA,California,Alpine,Alpine,US-FIPS:06003,Census TIGER/Line 2024 County,06003,Alpine,EXACT_CURRENT_FIPS,Exact Census FIPS; historical Census vintage used only where the i-Tree configuration refers to a retired county/county-equivalent.,1924.849759481527
ITC-0192,USA,California,Amador,Amador,US-FIPS:06005,Census TIGER/Line 2024 County,06005,Amador,EXACT_CURRENT_FIPS,Exact Census FIPS; historical Census vintage used only where the i-Tree configuration refers to a retired county/county-equivalent.,1569.4044834064546
ITC-0193,USA,California,Butte,Butte,US-FIPS:06007,Census TIGER/Line 2024 County,06007,Butte,EXACT_CURRENT_FIPS,Exact Census FIPS; historical Census vintage used only where the i-Tree configuration refers to a retired county/county-equivalent.,4343.7489571885835
ITC-0194,USA,California,Calaveras,Calaveras,US-FIPS:06009,Census TIGER/Line 2024 County,06009,Calaveras,EXACT_CURRENT_FIPS,Exact Census FIPS; historical Census vintage used only where the i-Tree configuration refers to a retired county/county-equivalent.,2685.6275196875954
ITC-0195,USA,California,Colusa,Colusa,US-FIPS:06011,Census TIGER/Line 2024 County,06011,Colusa,EXACT_CURRENT_FIPS,Exact Census FIPS; historical Census vintage used only where the i-Tree configuration refers to a retired county/county-equivalent.,2994.94112212904
ITC-0196,USA,California,Contra Costa,Contra Costa,US-FIPS:06013,Census TIGER/Line 2024 County,06013,Contra Costa,EXACT_CURRENT_FIPS,Exact Census FIPS; historical Census vintage used only where the i-Tree configuration refers to a retired county/county-equivalent.,2082.1172058812454
ITC-0197,USA,California,Del Norte,Del Norte,US-FIPS:06015,Census TIGER/Line 2024 County,06015,Del Norte,EXACT_CURRENT_FIPS,Exact Census FIPS; historical Census vintage used only where the i-Tree configuration refers to a retired county/county-equivalent.,3184.8596246167804
ITC-0198,USA,California,El Dorado,El Dorado,US-FIPS:06017,Census TIGER/Line 2024 County,06017,El Dorado,EXACT_CURRENT_FIPS,Exact Census FIPS; historical Census vintage used only where the i-Tree configuration refers to a retired county/county-equivalent.,4626.652238710162
ITC-0199,USA,California,Fresno,Fresno,US-FIPS:06019,Census TIGER/Line 2024 County,06019,Fresno,EXACT_CURRENT_FIPS,Exact Census FIPS; historical Census vintage used only where the i-Tree configuration refers to a retired county/county-equivalent.,15569.293114953985
ITC-0200,USA,California,Glenn,Glenn,US-FIPS:06021,Census TIGER/Line 2024 County,06021,Glenn,EXACT_CURRENT_FIPS,Exact Census FIPS; historical Census vintage used only where the i-Tree configuration refers to a retired county/county-equivalent.,3436.854141967559
ITC-0201,USA,California,Humboldt,Humboldt,US-FIPS:06023,Census TIGER/Line 2024 County,06023,Humboldt,EXACT_CURRENT_FIPS,Exact Census FIPS; historical Census vintage used only where the i-Tree configuration refers to a retired county/county-equivalent.,10495.292251981788
ITC-0202,USA,California,Imperial,Imperial,US-FIPS:06025,Census TIGER/Line 2024 County,06025,Imperial,EXACT_CURRENT_FIPS,Exact Census FIPS; historical Census vintage used only where the i-Tree configuration refers to a retired county/county-equivalent.,11604.758581712895
ITC-0203,USA,California,Inyo,Inyo,US-FIPS:06027,Census TIGER/Line 2024 County,06027,Inyo,EXACT_CURRENT_FIPS,Exact Census FIPS; historical Census vintage used only where the i-Tree configuration refers to a retired county/county-equivalent.,26488.05187491578
ITC-0204,USA,California,Kern,Kern,US-FIPS:06029,Census TIGER/Line 2024 County,06029,Kern,EXACT_CURRENT_FIPS,Exact Census FIPS; historical Census vintage used only where the i-Tree configuration refers to a retired county/county-equivalent.,21147.038835834115
ITC-0205,USA,California,Kings,Kings,US-FIPS:06031,Census TIGER/Line 2024 County,06031,Kings,EXACT_CURRENT_FIPS,Exact Census FIPS; historical Census vintage used only where the i-Tree configuration refers to a retired county/county-equivalent.,3605.766645881987
ITC-0206,USA,California,Lake,Lake,US-FIPS:06033,Census TIGER/Line 2024 County,06033,Lake,EXACT_CURRENT_FIPS,Exact Census FIPS; historical Census vintage used only where the i-Tree configuration refers to a retired county/county-equivalent.,3439.748307328839
ITC-0207,USA,California,Lassen,Lassen,US-FIPS:06035,Census TIGER/Line 2024 County,06035,Lassen,EXACT_CURRENT_FIPS,Exact Census FIPS; historical Census vintage used only where the i-Tree configuration refers to a retired county/county-equivalent.,12225.041261076107
ITC-0208,USA,California,Los Angeles,Los Angeles,US-FIPS:06037,Census TIGER/Line 2024 County,06037,Los Angeles,EXACT_CURRENT_FIPS,Exact Census FIPS; historical Census vintage used only where the i-Tree configuration refers to a retired county/county-equivalent.,12300.995532183819
ITC-0209,USA,California,Madera,Madera,US-FIPS:06039,Census TIGER/Line 2024 County,06039,Madera,EXACT_CURRENT_FIPS,Exact Census FIPS; historical Census vintage used only where the i-Tree configuration refers to a retired county/county-equivalent.,5576.3181332882605
ITC-0210,USA,California,Marin,Marin,US-FIPS:06041,Census TIGER/Line 2024 County,06041,Marin,EXACT_CURRENT_FIPS,Exact Census FIPS; historical Census vintage used only where the i-Tree configuration refers to a retired county/county-equivalent.,2144.958403417579
ITC-0211,USA,California,Mariposa,Mariposa,US-FIPS:06043,Census TIGER/Line 2024 County,06043,Mariposa,EXACT_CURRENT_FIPS,Exact Census FIPS; historical Census vintage used only where the i-Tree configuration refers to a retired county/county-equivalent.,3788.699378911404
ITC-0212,USA,California,Mendocino,Mendocino,US-FIPS:06045,Census TIGER/Line 2024 County,06045,Mendocino,EXACT_CURRENT_FIPS,Exact Census FIPS; historical Census vintage used only where the i-Tree configuration refers to a retired county/county-equivalent.,10044.375605503263
ITC-0213,USA,California,Merced,Merced,US-FIPS:06047,Census TIGER/Line 2024 County,06047,Merced,EXACT_CURRENT_FIPS,Exact Census FIPS; historical Census vintage used only where the i-Tree configuration refers to a retired county/county-equivalent.,5124.684761555737
ITC-0214,USA,California,Modoc,Modoc,US-FIPS:06049,Census TIGER/Line 2024 County,06049,Modoc,EXACT_CURRENT_FIPS,Exact Census FIPS; historical Census vintage used only where the i-Tree configuration refers to a retired county/county-equivalent.,10886.38467040807
ITC-0215,USA,California,Mono,Mono,US-FIPS:06051,Census TIGER/Line 2024 County,06051,Mono,EXACT_CURRENT_FIPS,Exact Census FIPS; historical Census vintage used only where the i-Tree configuration refers to a retired county/county-equivalent.,8111.310739954551
ITC-0216,USA,California,Monterey,Monterey,US-FIPS:06053,Census TIGER/Line 2024 County,06053,Monterey,EXACT_CURRENT_FIPS,Exact Census FIPS; historical Census vintage used only where the i-Tree configuration refers to a retired county/county-equivalent.,9767.431475425376
ITC-0217,USA,California,Napa,Napa,US-FIPS:06055,Census TIGER/Line 2024 County,06055,Napa,EXACT_CURRENT_FIPS,Exact Census FIPS; historical Census vintage used only where the i-Tree configuration refers to a retired county/county-equivalent.,2052.0512962215917
ITC-0218,USA,California,Nevada,Nevada,US-FIPS:06057,Census TIGER/Line 2024 County,06057,Nevada,EXACT_CURRENT_FIPS,Exact Census FIPS; historical Census vintage used only where the i-Tree configuration refers to a retired county/county-equivalent.,2522.1198256514654
ITC-0219,USA,California,Orange,Orange,US-FIPS:06059,Census TIGER/Line 2024 County,06059,Orange,EXACT_CURRENT_FIPS,Exact Census FIPS; historical Census vintage used only where the i-Tree configuration refers to a retired county/county-equivalent.,2459.756421951761
ITC-0220,USA,California,Placer,Placer,US-FIPS:06061,Census TIGER/Line 2024 County,06061,Placer,EXACT_CURRENT_FIPS,Exact Census FIPS; historical Census vintage used only where the i-Tree configuration refers to a retired county/county-equivalent.,3890.7732396998235
ITC-0221,USA,California,Plumas,Plumas,US-FIPS:06063,Census TIGER/Line 2024 County,06063,Plumas,EXACT_CURRENT_FIPS,Exact Census FIPS; historical Census vintage used only where the i-Tree configuration refers to a retired county/county-equivalent.,6768.787783971165
ITC-0222,USA,California,Riverside,Riverside,US-FIPS:06065,Census TIGER/Line 2024 County,06065,Riverside,EXACT_CURRENT_FIPS,Exact Census FIPS; historical Census vintage used only where the i-Tree configuration refers to a retired county/county-equivalent.,18914.744076064402
ITC-0223,USA,California,Sacramento,Sacramento,US-FIPS:06067,Census TIGER/Line 2024 County,06067,Sacramento,EXACT_CURRENT_FIPS,Exact Census FIPS; historical Census vintage used only where the i-Tree configuration refers to a retired county/county-equivalent.,2575.386435834408
ITC-0224,USA,California,San Benito,San Benito,US-FIPS:06069,Census TIGER/Line 2024 County,06069,San Benito,EXACT_CURRENT_FIPS,Exact Census FIPS; historical Census vintage used only where the i-Tree configuration refers to a retired county/county-equivalent.,3601.310109385827
ITC-0225,USA,California,San Bernardino,San Bernardino,US-FIPS:06071,Census TIGER/Line 2024 County,06071,San Bernardino,EXACT_CURRENT_FIPS,Exact Census FIPS; historical Census vintage used only where the i-Tree configuration refers to a retired county/county-equivalent.,52072.73293387425
ITC-0226,USA,California,San Diego,San Diego,US-FIPS:06073,Census TIGER/Line 2024 County,06073,San Diego,EXACT_CURRENT_FIPS,Exact Census FIPS; historical Census vintage used only where the i-Tree configuration refers to a retired county/county-equivalent.,11721.595679398515
ITC-0227,USA,California,San Francisco,San Francisco,US-FIPS:06075,Census TIGER/Line 2024 County,06075,San Francisco,EXACT_CURRENT_FIPS,Exact Census FIPS; historical Census vintage used only where the i-Tree configuration refers to a retired county/county-equivalent.,600.6175793729124
ITC-0228,USA,California,San Joaquin,San Joaquin,US-FIPS:06077,Census TIGER/Line 2024 County,06077,San Joaquin,EXACT_CURRENT_FIPS,Exact Census FIPS; historical Census vintage used only where the i-Tree configuration refers to a retired county/county-equivalent.,3694.880553789711
ITC-0229,USA,California,San Luis Obispo,San Luis Obispo,US-FIPS:06079,Census TIGER/Line 2024 County,06079,San Luis Obispo,EXACT_CURRENT_FIPS,Exact Census FIPS; historical Census vintage used only where the i-Tree configuration refers to a retired county/county-equivalent.,9364.792191590699
ITC-0230,USA,California,San Mateo,San Mateo,US-FIPS:06081,Census TIGER/Line 2024 County,06081,San Mateo,EXACT_CURRENT_FIPS,Exact Census FIPS; historical Census vintage used only where the i-Tree configuration refers to a retired county/county-equivalent.,1919.0820739484127
ITC-0231,USA,California,Santa Barbara,Santa Barbara,US-FIPS:06083,Census TIGER/Line 2024 County,06083,Santa Barbara,EXACT_CURRENT_FIPS,Exact Census FIPS; historical Census vintage used only where the i-Tree configuration refers to a retired county/county-equivalent.,9810.079560652437
ITC-0232,USA,California,Santa Clara,Santa Clara,US-FIPS:06085,Census TIGER/Line 2024 County,06085,Santa Clara,EXACT_CURRENT_FIPS,Exact Census FIPS; historical Census vintage used only where the i-Tree configuration refers to a retired county/county-equivalent.,3377.4883378636955
ITC-0233,USA,California,Santa Cruz,Santa Cruz,US-FIPS:06087,Census TIGER/Line 2024 County,06087,Santa Cruz,EXACT_CURRENT_FIPS,Exact Census FIPS; historical Census vintage used only where the i-Tree configuration refers to a retired county/county-equivalent.,1572.5400850808953
ITC-0234,USA,California,Shasta,Shasta,US-FIPS:06089,Census TIGER/Line 2024 County,06089,Shasta,EXACT_CURRENT_FIPS,Exact Census FIPS; historical Census vintage used only where the i-Tree configuration refers to a retired county/county-equivalent.,9964.708329104515
ITC-0235,USA,California,Sierra,Sierra,US-FIPS:06091,Census TIGER/Line 2024 County,06091,Sierra,EXACT_CURRENT_FIPS,Exact Census FIPS; historical Census vintage used only where the i-Tree configuration refers to a retired county/county-equivalent.,2491.993498837587
ITC-0236,USA,California,Siskiyou,Siskiyou,US-FIPS:06093,Census TIGER/Line 2024 County,06093,Siskiyou,EXACT_CURRENT_FIPS,Exact Census FIPS; historical Census vintage used only where the i-Tree configuration refers to a retired county/county-equivalent.,16441.086251757002
ITC-0237,USA,California,Solano,Solano,US-FIPS:06095,Census TIGER/Line 2024 County,06095,Solano,EXACT_CURRENT_FIPS,Exact Census FIPS; historical Census vintage used only where the i-Tree configuration refers to a retired county/county-equivalent.,2346.903185010991
ITC-0238,USA,California,Sonoma,Sonoma,US-FIPS:06097,Census TIGER/Line 2024 County,06097,Sonoma,EXACT_CURRENT_FIPS,Exact Census FIPS; historical Census vintage used only where the i-Tree configuration refers to a retired county/county-equivalent.,4577.393013048871
ITC-0239,USA,California,Stanislaus,Stanislaus,US-FIPS:06099,Census TIGER/Line 2024 County,06099,Stanislaus,EXACT_CURRENT_FIPS,Exact Census FIPS; historical Census vintage used only where the i-Tree configuration refers to a retired county/county-equivalent.,3921.3890832096654
ITC-0240,USA,California,Sutter,Sutter,US-FIPS:06101,Census TIGER/Line 2024 County,06101,Sutter,EXACT_CURRENT_FIPS,Exact Census FIPS; historical Census vintage used only where the i-Tree configuration refers to a retired county/county-equivalent.,1575.7869316468739
ITC-0241,USA,California,Tehama,Tehama,US-FIPS:06103,Census TIGER/Line 2024 County,06103,Tehama,EXACT_CURRENT_FIPS,Exact Census FIPS; historical Census vintage used only where the i-Tree configuration refers to a retired county/county-equivalent.,7671.99865108299
ITC-0242,USA,California,Trinity,Trinity,US-FIPS:06105,Census TIGER/Line 2024 County,06105,Trinity,EXACT_CURRENT_FIPS,Exact Census FIPS; historical Census vintage used only where the i-Tree configuration refers to a retired county/county-equivalent.,8307.6752923609
ITC-0243,USA,California,Tulare,Tulare,US-FIPS:06107,Census TIGER/Line 2024 County,06107,Tulare,EXACT_CURRENT_FIPS,Exact Census FIPS; historical Census vintage used only where the i-Tree configuration refers to a retired county/county-equivalent.,12531.10509889894
ITC-0244,USA,California,Tuolumne,Tuolumne,US-FIPS:06109,Census TIGER/Line 2024 County,06109,Tuolumne,EXACT_CURRENT_FIPS,Exact Census FIPS; historical Census vintage used only where the i-Tree configuration refers to a retired county/county-equivalent.,5890.802311670957
ITC-0245,USA,California,Ventura,Ventura,US-FIPS:06111,Census TIGER/Line 2024 County,06111,Ventura,EXACT_CURRENT_FIPS,Exact Census FIPS; historical Census vintage used only where the i-Tree configuration refers to a retired county/county-equivalent.,5714.964039564762
ITC-0246,USA,California,Yolo,Yolo,US-FIPS:06113,Census TIGER/Line 2024 County,06113,Yolo,EXACT_CURRENT_FIPS,Exact Census FIPS; historical Census vintage used only where the i-Tree configuration refers to a retired county/county-equivalent.,2646.516389002022
ITC-0247,USA,California,Yuba,Yuba,US-FIPS:06115,Census TIGER/Line 2024 County,06115,Yuba,EXACT_CURRENT_FIPS,Exact Census FIPS; historical Census vintage used only where the i-Tree configuration refers to a retired county/county-equivalent.,1667.9720318814225
ITC-0248,USA,Colorado,Adams,Adams,US-FIPS:08001,Census TIGER/Line 2024 County,08001,Adams,EXACT_CURRENT_FIPS,Exact Census FIPS; historical Census vintage used only where the i-Tree configuration refers to a retired county/county-equivalent.,3065.5423437822083
ITC-0249,USA,Colorado,Alamosa,Alamosa,US-FIPS:08003,Census TIGER/Line 2024 County,08003,Alamosa,EXACT_CURRENT_FIPS,Exact Census FIPS; historical Census vintage used only where the i-Tree configuration refers to a retired county/county-equivalent.,1873.3118133942698
ITC-0250,USA,Colorado,Arapahoe,Arapahoe,US-FIPS:08005,Census TIGER/Line 2024 County,08005,Arapahoe,EXACT_CURRENT_FIPS,Exact Census FIPS; historical Census vintage used only where the i-Tree configuration refers to a retired county/county-equivalent.,2086.3086985442333
ITC-0251,USA,Colorado,Archuleta,Archuleta,US-FIPS:08007,Census TIGER/Line 2024 County,08007,Archuleta,EXACT_CURRENT_FIPS,Exact Census FIPS; historical Census vintage used only where the i-Tree configuration refers to a retired county/county-equivalent.,3510.4512382454104
ITC-0252,USA,Colorado,Baca,Baca,US-FIPS:08009,Census TIGER/Line 2024 County,08009,Baca,EXACT_CURRENT_FIPS,Exact Census FIPS; historical Census vintage used only where the i-Tree configuration refers to a retired county/county-equivalent.,6623.544600482941
ITC-0253,USA,Colorado,Bent,Bent,US-FIPS:08011,Census TIGER/Line 2024 County,08011,Bent,EXACT_CURRENT_FIPS,Exact Census FIPS; historical Census vintage used only where the i-Tree configuration refers to a retired county/county-equivalent.,3991.396136533181
ITC-0254,USA,Colorado,Boulder,Boulder,US-FIPS:08013,Census TIGER/Line 2024 County,08013,Boulder,EXACT_CURRENT_FIPS,Exact Census FIPS; historical Census vintage used only where the i-Tree configuration refers to a retired county/county-equivalent.,1917.8110860248646
ITC-0255,USA,Colorado,Broomfield,Broomfield,US-FIPS:08014,Census TIGER/Line 2024 County,08014,Broomfield,EXACT_CURRENT_FIPS,Exact Census FIPS; historical Census vintage used only where the i-Tree configuration refers to a retired county/county-equivalent.,86.88970481065174
ITC-0256,USA,Colorado,Chaffee,Chaffee,US-FIPS:08015,Census TIGER/Line 2024 County,08015,Chaffee,EXACT_CURRENT_FIPS,Exact Census FIPS; historical Census vintage used only where the i-Tree configuration refers to a retired county/county-equivalent.,2628.7119735605706
ITC-0257,USA,Colorado,Cheyenne,Cheyenne,US-FIPS:08017,Census TIGER/Line 2024 County,08017,Cheyenne,EXACT_CURRENT_FIPS,Exact Census FIPS; historical Census vintage used only where the i-Tree configuration refers to a retired county/county-equivalent.,4613.8805707777865
ITC-0258,USA,Colorado,Clear Creek,Clear Creek,US-FIPS:08019,Census TIGER/Line 2024 County,08019,Clear Creek,EXACT_CURRENT_FIPS,Exact Census FIPS; historical Census vintage used only where the i-Tree configuration refers to a retired county/county-equivalent.,1026.5098866156159
ITC-0259,USA,Colorado,Conejos,Conejos,US-FIPS:08021,Census TIGER/Line 2024 County,08021,Conejos,EXACT_CURRENT_FIPS,Exact Census FIPS; historical Census vintage used only where the i-Tree configuration refers to a retired county/county-equivalent.,3343.6608584628016
ITC-0260,USA,Colorado,Costilla,Costilla,US-FIPS:08023,Census TIGER/Line 2024 County,08023,Costilla,EXACT_CURRENT_FIPS,Exact Census FIPS; historical Census vintage used only where the i-Tree configuration refers to a retired county/county-equivalent.,3188.2818530502273
ITC-0261,USA,Colorado,Crowley,Crowley,US-FIPS:08025,Census TIGER/Line 2024 County,08025,Crowley,EXACT_CURRENT_FIPS,Exact Census FIPS; historical Census vintage used only where the i-Tree configuration refers to a retired county/county-equivalent.,2072.8505575141007
ITC-0262,USA,Colorado,Custer,Custer,US-FIPS:08027,Census TIGER/Line 2024 County,08027,Custer,EXACT_CURRENT_FIPS,Exact Census FIPS; historical Census vintage used only where the i-Tree configuration refers to a retired county/county-equivalent.,1916.3956694673402
ITC-0263,USA,Colorado,Delta,Delta,US-FIPS:08029,Census TIGER/Line 2024 County,08029,Delta,EXACT_CURRENT_FIPS,Exact Census FIPS; historical Census vintage used only where the i-Tree configuration refers to a retired county/county-equivalent.,2974.879416657814
ITC-0264,USA,Colorado,Denver,Denver,US-FIPS:08031,Census TIGER/Line 2024 County,08031,Denver,EXACT_CURRENT_FIPS,Exact Census FIPS; historical Census vintage used only where the i-Tree configuration refers to a retired county/county-equivalent.,400.73571526621055
ITC-0265,USA,Colorado,Dolores,Dolores,US-FIPS:08033,Census TIGER/Line 2024 County,08033,Dolores,EXACT_CURRENT_FIPS,Exact Census FIPS; historical Census vintage used only where the i-Tree configuration refers to a retired county/county-equivalent.,2766.676104267694
ITC-0266,USA,Colorado,Douglas,Douglas,US-FIPS:08035,Census TIGER/Line 2024 County,08035,Douglas,EXACT_CURRENT_FIPS,Exact Census FIPS; historical Census vintage used only where the i-Tree configuration refers to a retired county/county-equivalent.,2184.6863320721895
ITC-0267,USA,Colorado,Eagle,Eagle,US-FIPS:08037,Census TIGER/Line 2024 County,08037,Eagle,EXACT_CURRENT_FIPS,Exact Census FIPS; historical Census vintage used only where the i-Tree configuration refers to a retired county/county-equivalent.,4381.725374554974
ITC-0268,USA,Colorado,El Paso,El Paso,US-FIPS:08041,Census TIGER/Line 2024 County,08041,El Paso,EXACT_CURRENT_FIPS,Exact Census FIPS; historical Census vintage used only where the i-Tree configuration refers to a retired county/county-equivalent.,5514.45872793026
ITC-0269,USA,Colorado,Elbert,Elbert,US-FIPS:08039,Census TIGER/Line 2024 County,08039,Elbert,EXACT_CURRENT_FIPS,Exact Census FIPS; historical Census vintage used only where the i-Tree configuration refers to a retired county/county-equivalent.,4792.1431769008095
ITC-0270,USA,Colorado,Fremont,Fremont,US-FIPS:08043,Census TIGER/Line 2024 County,08043,Fremont,EXACT_CURRENT_FIPS,Exact Census FIPS; historical Census vintage used only where the i-Tree configuration refers to a retired county/county-equivalent.,3974.848784749654
ITC-0271,USA,Colorado,Garfield,Garfield,US-FIPS:08045,Census TIGER/Line 2024 County,08045,Garfield,EXACT_CURRENT_FIPS,Exact Census FIPS; historical Census vintage used only where the i-Tree configuration refers to a retired county/county-equivalent.,7655.504273830368
ITC-0272,USA,Colorado,Gilpin,Gilpin,US-FIPS:08047,Census TIGER/Line 2024 County,08047,Gilpin,EXACT_CURRENT_FIPS,Exact Census FIPS; historical Census vintage used only where the i-Tree configuration refers to a retired county/county-equivalent.,389.498545139765
ITC-0273,USA,Colorado,Grand,Grand,US-FIPS:08049,Census TIGER/Line 2024 County,08049,Grand,EXACT_CURRENT_FIPS,Exact Census FIPS; historical Census vintage used only where the i-Tree configuration refers to a retired county/county-equivalent.,4842.163640716518
ITC-0274,USA,Colorado,Gunnison,Gunnison,US-FIPS:08051,Census TIGER/Line 2024 County,08051,Gunnison,EXACT_CURRENT_FIPS,Exact Census FIPS; historical Census vintage used only where the i-Tree configuration refers to a retired county/county-equivalent.,8442.406981851811
ITC-0275,USA,Colorado,Hinsdale,Hinsdale,US-FIPS:08053,Census TIGER/Line 2024 County,08053,Hinsdale,EXACT_CURRENT_FIPS,Exact Census FIPS; historical Census vintage used only where the i-Tree configuration refers to a retired county/county-equivalent.,2908.939369216417
ITC-0276,USA,Colorado,Huerfano,Huerfano,US-FIPS:08055,Census TIGER/Line 2024 County,08055,Huerfano,EXACT_CURRENT_FIPS,Exact Census FIPS; historical Census vintage used only where the i-Tree configuration refers to a retired county/county-equivalent.,4126.549065561923
ITC-0277,USA,Colorado,Jackson,Jackson,US-FIPS:08057,Census TIGER/Line 2024 County,08057,Jackson,EXACT_CURRENT_FIPS,Exact Census FIPS; historical Census vintage used only where the i-Tree configuration refers to a retired county/county-equivalent.,4198.279690439225
ITC-0278,USA,Colorado,Jefferson,Jefferson,US-FIPS:08059,Census TIGER/Line 2024 County,08059,Jefferson,EXACT_CURRENT_FIPS,Exact Census FIPS; historical Census vintage used only where the i-Tree configuration refers to a retired county/county-equivalent.,2004.8149501243752
ITC-0279,USA,Colorado,Kiowa,Kiowa,US-FIPS:08061,Census TIGER/Line 2024 County,08061,Kiowa,EXACT_CURRENT_FIPS,Exact Census FIPS; historical Census vintage used only where the i-Tree configuration refers to a retired county/county-equivalent.,4625.63793794502
ITC-0280,USA,Colorado,Kit Carson,Kit Carson,US-FIPS:08063,Census TIGER/Line 2024 County,08063,Kit Carson,EXACT_CURRENT_FIPS,Exact Census FIPS; historical Census vintage used only where the i-Tree configuration refers to a retired county/county-equivalent.,5598.755699475513
ITC-0281,USA,Colorado,La Plata,La Plata,US-FIPS:08067,Census TIGER/Line 2024 County,08067,La Plata,EXACT_CURRENT_FIPS,Exact Census FIPS; historical Census vintage used only where the i-Tree configuration refers to a retired county/county-equivalent.,4401.8994188616825
ITC-0282,USA,Colorado,Lake,Lake,US-FIPS:08065,Census TIGER/Line 2024 County,08065,Lake,EXACT_CURRENT_FIPS,Exact Census FIPS; historical Census vintage used only where the i-Tree configuration refers to a retired county/county-equivalent.,994.3327054342618
ITC-0283,USA,Colorado,Larimer,Larimer,US-FIPS:08069,Census TIGER/Line 2024 County,08069,Larimer,EXACT_CURRENT_FIPS,Exact Census FIPS; historical Census vintage used only where the i-Tree configuration refers to a retired county/county-equivalent.,6821.998653485972
ITC-0284,USA,Colorado,Las Animas,Las Animas,US-FIPS:08071,Census TIGER/Line 2024 County,08071,Las Animas,EXACT_CURRENT_FIPS,Exact Census FIPS; historical Census vintage used only where the i-Tree configuration refers to a retired county/county-equivalent.,12368.785498714673
ITC-0285,USA,Colorado,Lincoln,Lincoln,US-FIPS:08073,Census TIGER/Line 2024 County,08073,Lincoln,EXACT_CURRENT_FIPS,Exact Census FIPS; historical Census vintage used only where the i-Tree configuration refers to a retired county/county-equivalent.,6699.071791934792
ITC-0286,USA,Colorado,Logan,Logan,US-FIPS:08075,Census TIGER/Line 2024 County,08075,Logan,EXACT_CURRENT_FIPS,Exact Census FIPS; historical Census vintage used only where the i-Tree configuration refers to a retired county/county-equivalent.,4778.313093921655
ITC-0287,USA,Colorado,Mesa,Mesa,US-FIPS:08077,Census TIGER/Line 2024 County,08077,Mesa,EXACT_CURRENT_FIPS,Exact Census FIPS; historical Census vintage used only where the i-Tree configuration refers to a retired county/county-equivalent.,8653.340617001542
ITC-0288,USA,Colorado,Mineral,Mineral,US-FIPS:08079,Census TIGER/Line 2024 County,08079,Mineral,EXACT_CURRENT_FIPS,Exact Census FIPS; historical Census vintage used only where the i-Tree configuration refers to a retired county/county-equivalent.,2273.431612991886
ITC-0289,USA,Colorado,Moffat,Moffat,US-FIPS:08081,Census TIGER/Line 2024 County,08081,Moffat,EXACT_CURRENT_FIPS,Exact Census FIPS; historical Census vintage used only where the i-Tree configuration refers to a retired county/county-equivalent.,12304.748743953785
ITC-0290,USA,Colorado,Montezuma,Montezuma,US-FIPS:08083,Census TIGER/Line 2024 County,08083,Montezuma,EXACT_CURRENT_FIPS,Exact Census FIPS; historical Census vintage used only where the i-Tree configuration refers to a retired county/county-equivalent.,5283.198272383273
ITC-0291,USA,Colorado,Montrose,Montrose,US-FIPS:08085,Census TIGER/Line 2024 County,08085,Montrose,EXACT_CURRENT_FIPS,Exact Census FIPS; historical Census vintage used only where the i-Tree configuration refers to a retired county/county-equivalent.,5808.946343208001
ITC-0292,USA,Colorado,Morgan,Morgan,US-FIPS:08087,Census TIGER/Line 2024 County,08087,Morgan,EXACT_CURRENT_FIPS,Exact Census FIPS; historical Census vintage used only where the i-Tree configuration refers to a retired county/county-equivalent.,3351.1050083618975
ITC-0293,USA,Colorado,Otero,Otero,US-FIPS:08089,Census TIGER/Line 2024 County,08089,Otero,EXACT_CURRENT_FIPS,Exact Census FIPS; historical Census vintage used only where the i-Tree configuration refers to a retired county/county-equivalent.,3288.517193712501
ITC-0294,USA,Colorado,Ouray,Ouray,US-FIPS:08091,Census TIGER/Line 2024 County,08091,Ouray,EXACT_CURRENT_FIPS,Exact Census FIPS; historical Census vintage used only where the i-Tree configuration refers to a retired county/county-equivalent.,1404.319290061424
ITC-0295,USA,Colorado,Park,Park,US-FIPS:08093,Census TIGER/Line 2024 County,08093,Park,EXACT_CURRENT_FIPS,Exact Census FIPS; historical Census vintage used only where the i-Tree configuration refers to a retired county/county-equivalent.,5724.684599746119
ITC-0296,USA,Colorado,Phillips,Phillips,US-FIPS:08095,Census TIGER/Line 2024 County,08095,Phillips,EXACT_CURRENT_FIPS,Exact Census FIPS; historical Census vintage used only where the i-Tree configuration refers to a retired county/county-equivalent.,1782.0283731221089
ITC-0297,USA,Colorado,Pitkin,Pitkin,US-FIPS:08097,Census TIGER/Line 2024 County,08097,Pitkin,EXACT_CURRENT_FIPS,Exact Census FIPS; historical Census vintage used only where the i-Tree configuration refers to a retired county/county-equivalent.,2520.5772686928976
ITC-0298,USA,Colorado,Prowers,Prowers,US-FIPS:08099,Census TIGER/Line 2024 County,08099,Prowers,EXACT_CURRENT_FIPS,Exact Census FIPS; historical Census vintage used only where the i-Tree configuration refers to a retired county/county-equivalent.,4258.774394229624
ITC-0299,USA,Colorado,Pueblo,Pueblo,US-FIPS:08101,Census TIGER/Line 2024 County,08101,Pueblo,EXACT_CURRENT_FIPS,Exact Census FIPS; historical Census vintage used only where the i-Tree configuration refers to a retired county/county-equivalent.,6210.183174325085
ITC-0300,USA,Colorado,Rio Blanco,Rio Blanco,US-FIPS:08103,Census TIGER/Line 2024 County,08103,Rio Blanco,EXACT_CURRENT_FIPS,Exact Census FIPS; historical Census vintage used only where the i-Tree configuration refers to a retired county/county-equivalent.,8347.144229335938
ITC-0301,USA,Colorado,Rio Grande,Rio Grande,US-FIPS:08105,Census TIGER/Line 2024 County,08105,Rio Grande,EXACT_CURRENT_FIPS,Exact Census FIPS; historical Census vintage used only where the i-Tree configuration refers to a retired county/county-equivalent.,2362.9403838034664
ITC-0302,USA,Colorado,Routt,Routt,US-FIPS:08107,Census TIGER/Line 2024 County,08107,Routt,EXACT_CURRENT_FIPS,Exact Census FIPS; historical Census vintage used only where the i-Tree configuration refers to a retired county/county-equivalent.,6133.435922197667
ITC-0303,USA,Colorado,Saguache,Saguache,US-FIPS:08109,Census TIGER/Line 2024 County,08109,Saguache,EXACT_CURRENT_FIPS,Exact Census FIPS; historical Census vintage used only where the i-Tree configuration refers to a retired county/county-equivalent.,8211.004553212371
ITC-0304,USA,Colorado,San Juan,San Juan,US-FIPS:08111,Census TIGER/Line 2024 County,08111,San Juan,EXACT_CURRENT_FIPS,Exact Census FIPS; historical Census vintage used only where the i-Tree configuration refers to a retired county/county-equivalent.,1005.6970328982874
ITC-0305,USA,Colorado,San Miguel,San Miguel,US-FIPS:08113,Census TIGER/Line 2024 County,08113,San Miguel,EXACT_CURRENT_FIPS,Exact Census FIPS; historical Census vintage used only where the i-Tree configuration refers to a retired county/county-equivalent.,3337.810721920637
ITC-0306,USA,Colorado,Sedgwick,Sedgwick,US-FIPS:08115,Census TIGER/Line 2024 County,08115,Sedgwick,EXACT_CURRENT_FIPS,Exact Census FIPS; historical Census vintage used only where the i-Tree configuration refers to a retired county/county-equivalent.,1422.9497005424575
ITC-0307,USA,Colorado,Summit,Summit,US-FIPS:08117,Census TIGER/Line 2024 County,08117,Summit,EXACT_CURRENT_FIPS,Exact Census FIPS; historical Census vintage used only where the i-Tree configuration refers to a retired county/county-equivalent.,1603.874402221471
ITC-0308,USA,Colorado,Teller,Teller,US-FIPS:08119,Census TIGER/Line 2024 County,08119,Teller,EXACT_CURRENT_FIPS,Exact Census FIPS; historical Census vintage used only where the i-Tree configuration refers to a retired county/county-equivalent.,1447.9485450817829
ITC-0309,USA,Colorado,Washington,Washington,US-FIPS:08121,Census TIGER/Line 2024 County,08121,Washington,EXACT_CURRENT_FIPS,Exact Census FIPS; historical Census vintage used only where the i-Tree configuration refers to a retired county/county-equivalent.,6537.0147526743
ITC-0310,USA,Colorado,Weld,Weld,US-FIPS:08123,Census TIGER/Line 2024 County,08123,Weld,EXACT_CURRENT_FIPS,Exact Census FIPS; historical Census vintage used only where the i-Tree configuration refers to a retired county/county-equivalent.,10403.32274827943
ITC-0311,USA,Colorado,Yuma,Yuma,US-FIPS:08125,Census TIGER/Line 2024 County,08125,Yuma,EXACT_CURRENT_FIPS,Exact Census FIPS; historical Census vintage used only where the i-Tree configuration refers to a retired county/county-equivalent.,6134.897171361878
ITC-0312,USA,Connecticut,Fairfield,Fairfield,US-FIPS:09001,Census TIGER/Line 2010 County,09001,Fairfield,EXACT_HISTORICAL_FIPS_2010,Exact Census FIPS; historical Census vintage used only where the i-Tree configuration refers to a retired county/county-equivalent.,2167.946076109819
ITC-0313,USA,Connecticut,Hartford,Hartford,US-FIPS:09003,Census TIGER/Line 2010 County,09003,Hartford,EXACT_HISTORICAL_FIPS_2010,Exact Census FIPS; historical Census vintage used only where the i-Tree configuration refers to a retired county/county-equivalent.,1944.1051152157725
ITC-0314,USA,Connecticut,Litchfield,Litchfield,US-FIPS:09005,Census TIGER/Line 2010 County,09005,Litchfield,EXACT_HISTORICAL_FIPS_2010,Exact Census FIPS; historical Census vintage used only where the i-Tree configuration refers to a retired county/county-equivalent.,2446.4047529126624
ITC-0315,USA,Connecticut,Middlesex,Middlesex,US-FIPS:09007,Census TIGER/Line 2010 County,09007,Middlesex,EXACT_HISTORICAL_FIPS_2010,Exact Census FIPS; historical Census vintage used only where the i-Tree configuration refers to a retired county/county-equivalent.,1137.1712022309805
ITC-0316,USA,Connecticut,New Haven,New Haven,US-FIPS:09009,Census TIGER/Line 2010 County,09009,New Haven,EXACT_HISTORICAL_FIPS_2010,Exact Census FIPS; historical Census vintage used only where the i-Tree configuration refers to a retired county/county-equivalent.,2232.7217418549817
ITC-0317,USA,Connecticut,New London,New London,US-FIPS:09011,Census TIGER/Line 2010 County,09011,New London,EXACT_HISTORICAL_FIPS_2010,Exact Census FIPS; historical Census vintage used only where the i-Tree configuration refers to a retired county/county-equivalent.,1998.6929149027258
ITC-0318,USA,Connecticut,Tolland,Tolland,US-FIPS:09013,Census TIGER/Line 2010 County,09013,Tolland,EXACT_HISTORICAL_FIPS_2010,Exact Census FIPS; historical Census vintage used only where the i-Tree configuration refers to a retired county/county-equivalent.,1080.1466900110324
ITC-0319,USA,Connecticut,Windham,Windham,US-FIPS:09015,Census TIGER/Line 2010 County,09015,Windham,EXACT_HISTORICAL_FIPS_2010,Exact Census FIPS; historical Census vintage used only where the i-Tree configuration refers to a retired county/county-equivalent.,1350.522790763308
ITC-0320,USA,Delaware,Kent,Kent,US-FIPS:10001,Census TIGER/Line 2024 County,10001,Kent,EXACT_CURRENT_FIPS,Exact Census FIPS; historical Census vintage used only where the i-Tree configuration refers to a retired county/county-equivalent.,2067.670008402493
ITC-0321,USA,Delaware,New Castle,New Castle,US-FIPS:10003,Census TIGER/Line 2024 County,10003,New Castle,EXACT_CURRENT_FIPS,Exact Census FIPS; historical Census vintage used only where the i-Tree configuration refers to a retired county/county-equivalent.,1279.5239124661014
ITC-0322,USA,Delaware,Sussex,Sussex,US-FIPS:10005,Census TIGER/Line 2024 County,10005,Sussex,EXACT_CURRENT_FIPS,Exact Census FIPS; historical Census vintage used only where the i-Tree configuration refers to a retired county/county-equivalent.,3098.71298289269
ITC-0323,USA,District of Columbia,District of Columbia,District of Columbia,US-FIPS:11001,Census TIGER/Line 2024 County,11001,District of Columbia,EXACT_CURRENT_FIPS,Exact Census FIPS; historical Census vintage used only where the i-Tree configuration refers to a retired county/county-equivalent.,177.02599039505873
ITC-0324,USA,Florida,Alachua,Alachua,US-FIPS:12001,Census TIGER/Line 2024 County,12001,Alachua,EXACT_CURRENT_FIPS,Exact Census FIPS; historical Census vintage used only where the i-Tree configuration refers to a retired county/county-equivalent.,2509.2032020364827
ITC-0325,USA,Florida,Baker,Baker,US-FIPS:12003,Census TIGER/Line 2024 County,12003,Baker,EXACT_CURRENT_FIPS,Exact Census FIPS; historical Census vintage used only where the i-Tree configuration refers to a retired county/county-equivalent.,1525.4257296459384
ITC-0326,USA,Florida,Bay,Bay,US-FIPS:12005,Census TIGER/Line 2024 County,12005,Bay,EXACT_CURRENT_FIPS,Exact Census FIPS; historical Census vintage used only where the i-Tree configuration refers to a retired county/county-equivalent.,3798.779119895486
ITC-0327,USA,Florida,Bradford,Bradford,US-FIPS:12007,Census TIGER/Line 2024 County,12007,Bradford,EXACT_CURRENT_FIPS,Exact Census FIPS; historical Census vintage used only where the i-Tree configuration refers to a retired county/county-equivalent.,778.2671481785839
ITC-0328,USA,Florida,Brevard,Brevard,US-FIPS:12009,Census TIGER/Line 2024 County,12009,Brevard,EXACT_CURRENT_FIPS,Exact Census FIPS; historical Census vintage used only where the i-Tree configuration refers to a retired county/county-equivalent.,4032.6821112038238
ITC-0329,USA,Florida,Broward,Broward,US-FIPS:12011,Census TIGER/Line 2024 County,12011,Broward,EXACT_CURRENT_FIPS,Exact Census FIPS; historical Census vintage used only where the i-Tree configuration refers to a retired county/county-equivalent.,3388.807816953548
ITC-0330,USA,Florida,Calhoun,Calhoun,US-FIPS:12013,Census TIGER/Line 2024 County,12013,Calhoun,EXACT_CURRENT_FIPS,Exact Census FIPS; historical Census vintage used only where the i-Tree configuration refers to a retired county/county-equivalent.,1487.4651977651667
ITC-0331,USA,Florida,Charlotte,Charlotte,US-FIPS:12015,Census TIGER/Line 2024 County,12015,Charlotte,EXACT_CURRENT_FIPS,Exact Census FIPS; historical Census vintage used only where the i-Tree configuration refers to a retired county/county-equivalent.,2453.347701106676
ITC-0332,USA,Florida,Citrus,Citrus,US-FIPS:12017,Census TIGER/Line 2024 County,12017,Citrus,EXACT_CURRENT_FIPS,Exact Census FIPS; historical Census vintage used only where the i-Tree configuration refers to a retired county/county-equivalent.,2488.2427289258007
ITC-0333,USA,Florida,Clay,Clay,US-FIPS:12019,Census TIGER/Line 2024 County,12019,Clay,EXACT_CURRENT_FIPS,Exact Census FIPS; historical Census vintage used only where the i-Tree configuration refers to a retired county/county-equivalent.,1666.770755275938
ITC-0334,USA,Florida,Collier,Collier,US-FIPS:12021,Census TIGER/Line 2024 County,12021,Collier,EXACT_CURRENT_FIPS,Exact Census FIPS; historical Census vintage used only where the i-Tree configuration refers to a retired county/county-equivalent.,6747.022622423539
ITC-0335,USA,Florida,Columbia,Columbia,US-FIPS:12023,Census TIGER/Line 2024 County,12023,Columbia,EXACT_CURRENT_FIPS,Exact Census FIPS; historical Census vintage used only where the i-Tree configuration refers to a retired county/county-equivalent.,2075.4043159332236
ITC-0336,USA,Florida,DeSoto,DeSoto,US-FIPS:12027,Census TIGER/Line 2024 County,12027,DeSoto,EXACT_CURRENT_FIPS,Exact Census FIPS; historical Census vintage used only where the i-Tree configuration refers to a retired county/county-equivalent.,1655.2766182674013
ITC-0337,USA,Florida,Dixie,Dixie,US-FIPS:12029,Census TIGER/Line 2024 County,12029,Dixie,EXACT_CURRENT_FIPS,Exact Census FIPS; historical Census vintage used only where the i-Tree configuration refers to a retired county/county-equivalent.,2702.374982203711
ITC-0338,USA,Florida,Duval,Duval,US-FIPS:12031,Census TIGER/Line 2024 County,12031,Duval,EXACT_CURRENT_FIPS,Exact Census FIPS; historical Census vintage used only where the i-Tree configuration refers to a retired county/county-equivalent.,2378.807600994156
ITC-0339,USA,Florida,Escambia,Escambia,US-FIPS:12033,Census TIGER/Line 2024 County,12033,Escambia,EXACT_CURRENT_FIPS,Exact Census FIPS; historical Census vintage used only where the i-Tree configuration refers to a retired county/county-equivalent.,2915.5766464981325
ITC-0340,USA,Florida,Flagler,Flagler,US-FIPS:12035,Census TIGER/Line 2024 County,12035,Flagler,EXACT_CURRENT_FIPS,Exact Census FIPS; historical Census vintage used only where the i-Tree configuration refers to a retired county/county-equivalent.,1478.436799880012
ITC-0341,USA,Florida,Franklin,Franklin,US-FIPS:12037,Census TIGER/Line 2024 County,12037,Franklin,EXACT_CURRENT_FIPS,Exact Census FIPS; historical Census vintage used only where the i-Tree configuration refers to a retired county/county-equivalent.,3681.967013547142
ITC-0342,USA,Florida,Gadsden,Gadsden,US-FIPS:12039,Census TIGER/Line 2024 County,12039,Gadsden,EXACT_CURRENT_FIPS,Exact Census FIPS; historical Census vintage used only where the i-Tree configuration refers to a retired county/county-equivalent.,1368.8805527125592
ITC-0343,USA,Florida,Gilchrist,Gilchrist,US-FIPS:12041,Census TIGER/Line 2024 County,12041,Gilchrist,EXACT_CURRENT_FIPS,Exact Census FIPS; historical Census vintage used only where the i-Tree configuration refers to a retired county/county-equivalent.,920.067882846531
ITC-0344,USA,Florida,Glades,Glades,US-FIPS:12043,Census TIGER/Line 2024 County,12043,Glades,EXACT_CURRENT_FIPS,Exact Census FIPS; historical Census vintage used only where the i-Tree configuration refers to a retired county/county-equivalent.,2556.9579810119844
ITC-0345,USA,Florida,Gulf,Gulf,US-FIPS:12045,Census TIGER/Line 2024 County,12045,Gulf,EXACT_CURRENT_FIPS,Exact Census FIPS; historical Census vintage used only where the i-Tree configuration refers to a retired county/county-equivalent.,2057.8823557665673
ITC-0346,USA,Florida,Hamilton,Hamilton,US-FIPS:12047,Census TIGER/Line 2024 County,12047,Hamilton,EXACT_CURRENT_FIPS,Exact Census FIPS; historical Census vintage used only where the i-Tree configuration refers to a retired county/county-equivalent.,1344.3479002265624
ITC-0347,USA,Florida,Hardee,Hardee,US-FIPS:12049,Census TIGER/Line 2024 County,12049,Hardee,EXACT_CURRENT_FIPS,Exact Census FIPS; historical Census vintage used only where the i-Tree configuration refers to a retired county/county-equivalent.,1652.769727657092
ITC-0348,USA,Florida,Hendry,Hendry,US-FIPS:12051,Census TIGER/Line 2024 County,12051,Hendry,EXACT_CURRENT_FIPS,Exact Census FIPS; historical Census vintage used only where the i-Tree configuration refers to a retired county/county-equivalent.,3080.471147198493
ITC-0349,USA,Florida,Hernando,Hernando,US-FIPS:12053,Census TIGER/Line 2024 County,12053,Hernando,EXACT_CURRENT_FIPS,Exact Census FIPS; historical Census vintage used only where the i-Tree configuration refers to a retired county/county-equivalent.,1852.9010762159253
ITC-0350,USA,Florida,Highlands,Highlands,US-FIPS:12055,Census TIGER/Line 2024 County,12055,Highlands,EXACT_CURRENT_FIPS,Exact Census FIPS; historical Census vintage used only where the i-Tree configuration refers to a retired county/county-equivalent.,2866.394642761958
ITC-0351,USA,Florida,Hillsborough,Hillsborough,US-FIPS:12057,Census TIGER/Line 2024 County,12057,Hillsborough,EXACT_CURRENT_FIPS,Exact Census FIPS; historical Census vintage used only where the i-Tree configuration refers to a retired county/county-equivalent.,3439.043376985506
ITC-0352,USA,Florida,Holmes,Holmes,US-FIPS:12059,Census TIGER/Line 2024 County,12059,Holmes,EXACT_CURRENT_FIPS,Exact Census FIPS; historical Census vintage used only where the i-Tree configuration refers to a retired county/county-equivalent.,1266.6262687050883
ITC-0353,USA,Florida,Indian River,Indian River,US-FIPS:12061,Census TIGER/Line 2024 County,12061,Indian River,EXACT_CURRENT_FIPS,Exact Census FIPS; historical Census vintage used only where the i-Tree configuration refers to a retired county/county-equivalent.,1597.0544681148326
ITC-0354,USA,Florida,Jackson,Jackson,US-FIPS:12063,Census TIGER/Line 2024 County,12063,Jackson,EXACT_CURRENT_FIPS,Exact Census FIPS; historical Census vintage used only where the i-Tree configuration refers to a retired county/county-equivalent.,2472.3090505954774
ITC-0355,USA,Florida,Jefferson,Jefferson,US-FIPS:12065,Census TIGER/Line 2024 County,12065,Jefferson,EXACT_CURRENT_FIPS,Exact Census FIPS; historical Census vintage used only where the i-Tree configuration refers to a retired county/county-equivalent.,1742.0844814815885
ITC-0356,USA,Florida,Lafayette,Lafayette,US-FIPS:12067,Census TIGER/Line 2024 County,12067,Lafayette,EXACT_CURRENT_FIPS,Exact Census FIPS; historical Census vintage used only where the i-Tree configuration refers to a retired county/county-equivalent.,1419.0745503786115
ITC-0357,USA,Florida,Lake,Lake,US-FIPS:12069,Census TIGER/Line 2024 County,12069,Lake,EXACT_CURRENT_FIPS,Exact Census FIPS; historical Census vintage used only where the i-Tree configuration refers to a retired county/county-equivalent.,2995.9985775757496
ITC-0358,USA,Florida,Lee,Lee,US-FIPS:12071,Census TIGER/Line 2024 County,12071,Lee,EXACT_CURRENT_FIPS,Exact Census FIPS; historical Census vintage used only where the i-Tree configuration refers to a retired county/county-equivalent.,3923.3936502531624
ITC-0359,USA,Florida,Leon,Leon,US-FIPS:12073,Census TIGER/Line 2024 County,12073,Leon,EXACT_CURRENT_FIPS,Exact Census FIPS; historical Census vintage used only where the i-Tree configuration refers to a retired county/county-equivalent.,1817.635224307674
ITC-0360,USA,Florida,Levy,Levy,US-FIPS:12075,Census TIGER/Line 2024 County,12075,Levy,EXACT_CURRENT_FIPS,Exact Census FIPS; historical Census vintage used only where the i-Tree configuration refers to a retired county/county-equivalent.,4120.614004225215
ITC-0361,USA,Florida,Liberty,Liberty,US-FIPS:12077,Census TIGER/Line 2024 County,12077,Liberty,EXACT_CURRENT_FIPS,Exact Census FIPS; historical Census vintage used only where the i-Tree configuration refers to a retired county/county-equivalent.,2183.681939995865
ITC-0362,USA,Florida,Madison,Madison,US-FIPS:12079,Census TIGER/Line 2024 County,12079,Madison,EXACT_CURRENT_FIPS,Exact Census FIPS; historical Census vintage used only where the i-Tree configuration refers to a retired county/county-equivalent.,1853.6356867119487
ITC-0363,USA,Florida,Manatee,Manatee,US-FIPS:12081,Census TIGER/Line 2024 County,12081,Manatee,EXACT_CURRENT_FIPS,Exact Census FIPS; historical Census vintage used only where the i-Tree configuration refers to a retired county/county-equivalent.,2496.8330982932266
ITC-0364,USA,Florida,Marion,Marion,US-FIPS:12083,Census TIGER/Line 2024 County,12083,Marion,EXACT_CURRENT_FIPS,Exact Census FIPS; historical Census vintage used only where the i-Tree configuration refers to a retired county/county-equivalent.,4306.27618098209
ITC-0365,USA,Florida,Martin,Martin,US-FIPS:12085,Census TIGER/Line 2024 County,12085,Martin,EXACT_CURRENT_FIPS,Exact Census FIPS; historical Census vintage used only where the i-Tree configuration refers to a retired county/county-equivalent.,1950.593828295169
ITC-0366,USA,Florida,Miami-Dade,Miami-Dade,US-FIPS:12086,Census TIGER/Line 2024 County,12086,Miami-Dade,EXACT_CURRENT_FIPS,Exact Census FIPS; historical Census vintage used only where the i-Tree configuration refers to a retired county/county-equivalent.,6188.310389110427
ITC-0367,USA,Florida,Monroe,Monroe,US-FIPS:12087,Census TIGER/Line 2024 County,12087,Monroe,EXACT_CURRENT_FIPS,Exact Census FIPS; historical Census vintage used only where the i-Tree configuration refers to a retired county/county-equivalent.,13699.904389597967
ITC-0368,USA,Florida,Nassau,Nassau,US-FIPS:12089,Census TIGER/Line 2024 County,12089,Nassau,EXACT_CURRENT_FIPS,Exact Census FIPS; historical Census vintage used only where the i-Tree configuration refers to a retired county/county-equivalent.,1880.1283938623285
ITC-0369,USA,Florida,Okaloosa,Okaloosa,US-FIPS:12091,Census TIGER/Line 2024 County,12091,Okaloosa,EXACT_CURRENT_FIPS,Exact Census FIPS; historical Census vintage used only where the i-Tree configuration refers to a retired county/county-equivalent.,3228.9103086648333
ITC-0370,USA,Florida,Okeechobee,Okeechobee,US-FIPS:12093,Census TIGER/Line 2024 County,12093,Okeechobee,EXACT_CURRENT_FIPS,Exact Census FIPS; historical Census vintage used only where the i-Tree configuration refers to a retired county/county-equivalent.,2310.3681602782863
ITC-0371,USA,Florida,Orange,Orange,US-FIPS:12095,Census TIGER/Line 2024 County,12095,Orange,EXACT_CURRENT_FIPS,Exact Census FIPS; historical Census vintage used only where the i-Tree configuration refers to a retired county/county-equivalent.,2598.8862189487404
ITC-0372,USA,Florida,Osceola,Osceola,US-FIPS:12097,Census TIGER/Line 2024 County,12097,Osceola,EXACT_CURRENT_FIPS,Exact Census FIPS; historical Census vintage used only where the i-Tree configuration refers to a retired county/county-equivalent.,3900.4656229885795
ITC-0373,USA,Florida,Palm Beach,Palm Beach,US-FIPS:12099,Census TIGER/Line 2024 County,12099,Palm Beach,EXACT_CURRENT_FIPS,Exact Census FIPS; historical Census vintage used only where the i-Tree configuration refers to a retired county/county-equivalent.,6172.457304101228
ITC-0374,USA,Florida,Pasco,Pasco,US-FIPS:12101,Census TIGER/Line 2024 County,12101,Pasco,EXACT_CURRENT_FIPS,Exact Census FIPS; historical Census vintage used only where the i-Tree configuration refers to a retired county/county-equivalent.,2627.77079938745
ITC-0375,USA,Florida,Pinellas,Pinellas,US-FIPS:12103,Census TIGER/Line 2024 County,12103,Pinellas,EXACT_CURRENT_FIPS,Exact Census FIPS; historical Census vintage used only where the i-Tree configuration refers to a retired county/county-equivalent.,2245.082814117779
ITC-0376,USA,Florida,Polk,Polk,US-FIPS:12105,Census TIGER/Line 2024 County,12105,Polk,EXACT_CURRENT_FIPS,Exact Census FIPS; historical Census vintage used only where the i-Tree configuration refers to a retired county/county-equivalent.,5206.943768754736
ITC-0377,USA,Florida,Putnam,Putnam,US-FIPS:12107,Census TIGER/Line 2024 County,12107,Putnam,EXACT_CURRENT_FIPS,Exact Census FIPS; historical Census vintage used only where the i-Tree configuration refers to a retired county/county-equivalent.,2141.715793082563
ITC-0378,USA,Florida,Santa Rosa,Santa Rosa,US-FIPS:12113,Census TIGER/Line 2024 County,12113,Santa Rosa,EXACT_CURRENT_FIPS,Exact Census FIPS; historical Census vintage used only where the i-Tree configuration refers to a retired county/county-equivalent.,3165.402278560179
ITC-0379,USA,Florida,Sarasota,Sarasota,US-FIPS:12115,Census TIGER/Line 2024 County,12115,Sarasota,EXACT_CURRENT_FIPS,Exact Census FIPS; historical Census vintage used only where the i-Tree configuration refers to a retired county/county-equivalent.,2526.6570548009927
ITC-0380,USA,Florida,Seminole,Seminole,US-FIPS:12117,Census TIGER/Line 2024 County,12117,Seminole,EXACT_CURRENT_FIPS,Exact Census FIPS; historical Census vintage used only where the i-Tree configuration refers to a retired county/county-equivalent.,894.4241689888067
ITC-0381,USA,Florida,St. Johns,St. Johns,US-FIPS:12109,Census TIGER/Line 2024 County,12109,St. Johns,EXACT_CURRENT_FIPS,Exact Census FIPS; historical Census vintage used only where the i-Tree configuration refers to a retired county/county-equivalent.,2127.7582014878494
ITC-0382,USA,Florida,St. Lucie,St. Lucie,US-FIPS:12111,Census TIGER/Line 2024 County,12111,St. Lucie,EXACT_CURRENT_FIPS,Exact Census FIPS; historical Census vintage used only where the i-Tree configuration refers to a retired county/county-equivalent.,1781.9098730098744
ITC-0383,USA,Florida,Sumter,Sumter,US-FIPS:12119,Census TIGER/Line 2024 County,12119,Sumter,EXACT_CURRENT_FIPS,Exact Census FIPS; historical Census vintage used only where the i-Tree configuration refers to a retired county/county-equivalent.,1501.749255988339
ITC-0384,USA,Florida,Suwannee,Suwannee,US-FIPS:12121,Census TIGER/Line 2024 County,12121,Suwannee,EXACT_CURRENT_FIPS,Exact Census FIPS; historical Census vintage used only where the i-Tree configuration refers to a retired county/county-equivalent.,1792.9356212850955
ITC-0385,USA,Florida,Taylor,Taylor,US-FIPS:12123,Census TIGER/Line 2024 County,12123,Taylor,EXACT_CURRENT_FIPS,Exact Census FIPS; historical Census vintage used only where the i-Tree configuration refers to a retired county/county-equivalent.,3915.81365064849
ITC-0386,USA,Florida,Union,Union,US-FIPS:12125,Census TIGER/Line 2024 County,12125,Union,EXACT_CURRENT_FIPS,Exact Census FIPS; historical Census vintage used only where the i-Tree configuration refers to a retired county/county-equivalent.,646.8535926516853
ITC-0387,USA,Florida,Volusia,Volusia,US-FIPS:12127,Census TIGER/Line 2024 County,12127,Volusia,EXACT_CURRENT_FIPS,Exact Census FIPS; historical Census vintage used only where the i-Tree configuration refers to a retired county/county-equivalent.,3709.99027592003
ITC-0388,USA,Florida,Wakulla,Wakulla,US-FIPS:12129,Census TIGER/Line 2024 County,12129,Wakulla,EXACT_CURRENT_FIPS,Exact Census FIPS; historical Census vintage used only where the i-Tree configuration refers to a retired county/county-equivalent.,2374.7023432572655
ITC-0389,USA,Florida,Walton,Walton,US-FIPS:12131,Census TIGER/Line 2024 County,12131,Walton,EXACT_CURRENT_FIPS,Exact Census FIPS; historical Census vintage used only where the i-Tree configuration refers to a retired county/county-equivalent.,3650.45606607944
ITC-0390,USA,Florida,Washington,Washington,US-FIPS:12133,Census TIGER/Line 2024 County,12133,Washington,EXACT_CURRENT_FIPS,Exact Census FIPS; historical Census vintage used only where the i-Tree configuration refers to a retired county/county-equivalent.,1595.3142901493784
ITC-0391,USA,Georgia,Appling,Appling,US-FIPS:13001,Census TIGER/Line 2024 County,13001,Appling,EXACT_CURRENT_FIPS,Exact Census FIPS; historical Census vintage used only where the i-Tree configuration refers to a retired county/county-equivalent.,1326.7510620291353
ITC-0392,USA,Georgia,Atkinson,Atkinson,US-FIPS:13003,Census TIGER/Line 2024 County,13003,Atkinson,EXACT_CURRENT_FIPS,Exact Census FIPS; historical Census vintage used only where the i-Tree configuration refers to a retired county/county-equivalent.,892.3385304220836
ITC-0393,USA,Georgia,Bacon,Bacon,US-FIPS:13005,Census TIGER/Line 2024 County,13005,Bacon,EXACT_CURRENT_FIPS,Exact Census FIPS; historical Census vintage used only where the i-Tree configuration refers to a retired county/county-equivalent.,740.2765843788592
ITC-0394,USA,Georgia,Baker,Baker,US-FIPS:13007,Census TIGER/Line 2024 County,13007,Baker,EXACT_CURRENT_FIPS,Exact Census FIPS; historical Census vintage used only where the i-Tree configuration refers to a retired county/county-equivalent.,904.2638228080071
ITC-0395,USA,Georgia,Baldwin,Baldwin,US-FIPS:13009,Census TIGER/Line 2024 County,13009,Baldwin,EXACT_CURRENT_FIPS,Exact Census FIPS; historical Census vintage used only where the i-Tree configuration refers to a retired county/county-equivalent.,694.8313268892331
ITC-0396,USA,Georgia,Banks,Banks,US-FIPS:13011,Census TIGER/Line 2024 County,13011,Banks,EXACT_CURRENT_FIPS,Exact Census FIPS; historical Census vintage used only where the i-Tree configuration refers to a retired county/county-equivalent.,607.2140826264847
ITC-0397,USA,Georgia,Barrow,Barrow,US-FIPS:13013,Census TIGER/Line 2024 County,13013,Barrow,EXACT_CURRENT_FIPS,Exact Census FIPS; historical Census vintage used only where the i-Tree configuration refers to a retired county/county-equivalent.,421.992479576881
ITC-0398,USA,Georgia,Bartow,Bartow,US-FIPS:13015,Census TIGER/Line 2024 County,13015,Bartow,EXACT_CURRENT_FIPS,Exact Census FIPS; historical Census vintage used only where the i-Tree configuration refers to a retired county/county-equivalent.,1215.9430495524891
ITC-0399,USA,Georgia,Ben Hill,Ben Hill,US-FIPS:13017,Census TIGER/Line 2024 County,13017,Ben Hill,EXACT_CURRENT_FIPS,Exact Census FIPS; historical Census vintage used only where the i-Tree configuration refers to a retired county/county-equivalent.,657.616602353372
ITC-0400,USA,Georgia,Berrien,Berrien,US-FIPS:13019,Census TIGER/Line 2024 County,13019,Berrien,EXACT_CURRENT_FIPS,Exact Census FIPS; historical Census vintage used only where the i-Tree configuration refers to a retired county/county-equivalent.,1185.9107732532002
ITC-0401,USA,Georgia,Bibb,Bibb,US-FIPS:13021,Census TIGER/Line 2024 County,13021,Bibb,EXACT_CURRENT_FIPS,Exact Census FIPS; historical Census vintage used only where the i-Tree configuration refers to a retired county/county-equivalent.,660.2032385626314
ITC-0402,USA,Georgia,Bleckley,Bleckley,US-FIPS:13023,Census TIGER/Line 2024 County,13023,Bleckley,EXACT_CURRENT_FIPS,Exact Census FIPS; historical Census vintage used only where the i-Tree configuration refers to a retired county/county-equivalent.,567.5476247979482
ITC-0403,USA,Georgia,Brantley,Brantley,US-FIPS:13025,Census TIGER/Line 2024 County,13025,Brantley,EXACT_CURRENT_FIPS,Exact Census FIPS; historical Census vintage used only where the i-Tree configuration refers to a retired county/county-equivalent.,1158.2639218591767
ITC-0404,USA,Georgia,Brooks,Brooks,US-FIPS:13027,Census TIGER/Line 2024 County,13027,Brooks,EXACT_CURRENT_FIPS,Exact Census FIPS; historical Census vintage used only where the i-Tree configuration refers to a retired county/county-equivalent.,1289.2972648584812
ITC-0405,USA,Georgia,Bryan,Bryan,US-FIPS:13029,Census TIGER/Line 2024 County,13029,Bryan,EXACT_CURRENT_FIPS,Exact Census FIPS; historical Census vintage used only where the i-Tree configuration refers to a retired county/county-equivalent.,1177.0354711634784
ITC-0406,USA,Georgia,Bulloch,Bulloch,US-FIPS:13031,Census TIGER/Line 2024 County,13031,Bulloch,EXACT_CURRENT_FIPS,Exact Census FIPS; historical Census vintage used only where the i-Tree configuration refers to a retired county/county-equivalent.,1783.5630910181403
ITC-0407,USA,Georgia,Burke,Burke,US-FIPS:13033,Census TIGER/Line 2024 County,13033,Burke,EXACT_CURRENT_FIPS,Exact Census FIPS; historical Census vintage used only where the i-Tree configuration refers to a retired county/county-equivalent.,2162.595303014825
ITC-0408,USA,Georgia,Butts,Butts,US-FIPS:13035,Census TIGER/Line 2024 County,13035,Butts,EXACT_CURRENT_FIPS,Exact Census FIPS; historical Census vintage used only where the i-Tree configuration refers to a retired county/county-equivalent.,487.02448038799207
ITC-0409,USA,Georgia,Calhoun,Calhoun,US-FIPS:13037,Census TIGER/Line 2024 County,13037,Calhoun,EXACT_CURRENT_FIPS,Exact Census FIPS; historical Census vintage used only where the i-Tree configuration refers to a retired county/county-equivalent.,734.4629817872939
ITC-0410,USA,Georgia,Camden,Camden,US-FIPS:13039,Census TIGER/Line 2024 County,13039,Camden,EXACT_CURRENT_FIPS,Exact Census FIPS; historical Census vintage used only where the i-Tree configuration refers to a retired county/county-equivalent.,2025.1290610315623
ITC-0411,USA,Georgia,Candler,Candler,US-FIPS:13043,Census TIGER/Line 2024 County,13043,Candler,EXACT_CURRENT_FIPS,Exact Census FIPS; historical Census vintage used only where the i-Tree configuration refers to a retired county/county-equivalent.,644.5390123530868
ITC-0412,USA,Georgia,Carroll,Carroll,US-FIPS:13045,Census TIGER/Line 2024 County,13045,Carroll,EXACT_CURRENT_FIPS,Exact Census FIPS; historical Census vintage used only where the i-Tree configuration refers to a retired county/county-equivalent.,1304.5874732775249
ITC-0413,USA,Georgia,Catoosa,Catoosa,US-FIPS:13047,Census TIGER/Line 2024 County,13047,Catoosa,EXACT_CURRENT_FIPS,Exact Census FIPS; historical Census vintage used only where the i-Tree configuration refers to a retired county/county-equivalent.,420.7701044737489
ITC-0414,USA,Georgia,Charlton,Charlton,US-FIPS:13049,Census TIGER/Line 2024 County,13049,Charlton,EXACT_CURRENT_FIPS,Exact Census FIPS; historical Census vintage used only where the i-Tree configuration refers to a retired county/county-equivalent.,2026.3785045478585
ITC-0415,USA,Georgia,Chatham,Chatham,US-FIPS:13051,Census TIGER/Line 2024 County,13051,Chatham,EXACT_CURRENT_FIPS,Exact Census FIPS; historical Census vintage used only where the i-Tree configuration refers to a retired county/county-equivalent.,1631.6284155677345
ITC-0416,USA,Georgia,Chattahoochee,Chattahoochee,US-FIPS:13053,Census TIGER/Line 2024 County,13053,Chattahoochee,EXACT_CURRENT_FIPS,Exact Census FIPS; historical Census vintage used only where the i-Tree configuration refers to a retired county/county-equivalent.,650.5031993178935
ITC-0417,USA,Georgia,Chattooga,Chattooga,US-FIPS:13055,Census TIGER/Line 2024 County,13055,Chattooga,EXACT_CURRENT_FIPS,Exact Census FIPS; historical Census vintage used only where the i-Tree configuration refers to a retired county/county-equivalent.,812.0832171488962
ITC-0418,USA,Georgia,Cherokee,Cherokee,US-FIPS:13057,Census TIGER/Line 2024 County,13057,Cherokee,EXACT_CURRENT_FIPS,Exact Census FIPS; historical Census vintage used only where the i-Tree configuration refers to a retired county/county-equivalent.,1124.678699543996
ITC-0419,USA,Georgia,Clarke,Clarke,US-FIPS:13059,Census TIGER/Line 2024 County,13059,Clarke,EXACT_CURRENT_FIPS,Exact Census FIPS; historical Census vintage used only where the i-Tree configuration refers to a retired county/county-equivalent.,313.76225245254403
ITC-0420,USA,Georgia,Clay,Clay,US-FIPS:13061,Census TIGER/Line 2024 County,13061,Clay,EXACT_CURRENT_FIPS,Exact Census FIPS; historical Census vintage used only where the i-Tree configuration refers to a retired county/county-equivalent.,562.6406828804867
ITC-0421,USA,Georgia,Clayton,Clayton,US-FIPS:13063,Census TIGER/Line 2024 County,13063,Clayton,EXACT_CURRENT_FIPS,Exact Census FIPS; historical Census vintage used only where the i-Tree configuration refers to a retired county/county-equivalent.,373.92331768795924
ITC-0422,USA,Georgia,Clinch,Clinch,US-FIPS:13065,Census TIGER/Line 2024 County,13065,Clinch,EXACT_CURRENT_FIPS,Exact Census FIPS; historical Census vintage used only where the i-Tree configuration refers to a retired county/county-equivalent.,2134.132332745236
ITC-0423,USA,Georgia,Cobb,Cobb,US-FIPS:13067,Census TIGER/Line 2024 County,13067,Cobb,EXACT_CURRENT_FIPS,Exact Census FIPS; historical Census vintage used only where the i-Tree configuration refers to a retired county/county-equivalent.,891.8298314421047
ITC-0424,USA,Georgia,Coffee,Coffee,US-FIPS:13069,Census TIGER/Line 2024 County,13069,Coffee,EXACT_CURRENT_FIPS,Exact Census FIPS; historical Census vintage used only where the i-Tree configuration refers to a retired county/county-equivalent.,1560.8562429939757
ITC-0425,USA,Georgia,Colquitt,Colquitt,US-FIPS:13071,Census TIGER/Line 2024 County,13071,Colquitt,EXACT_CURRENT_FIPS,Exact Census FIPS; historical Census vintage used only where the i-Tree configuration refers to a retired county/county-equivalent.,1441.6885297552749
ITC-0426,USA,Georgia,Columbia,Columbia,US-FIPS:13073,Census TIGER/Line 2024 County,13073,Columbia,EXACT_CURRENT_FIPS,Exact Census FIPS; historical Census vintage used only where the i-Tree configuration refers to a retired county/county-equivalent.,796.9445403249991
ITC-0427,USA,Georgia,Cook,Cook,US-FIPS:13075,Census TIGER/Line 2024 County,13075,Cook,EXACT_CURRENT_FIPS,Exact Census FIPS; historical Census vintage used only where the i-Tree configuration refers to a retired county/county-equivalent.,603.9929567111169
ITC-0428,USA,Georgia,Coweta,Coweta,US-FIPS:13077,Census TIGER/Line 2024 County,13077,Coweta,EXACT_CURRENT_FIPS,Exact Census FIPS; historical Census vintage used only where the i-Tree configuration refers to a retired county/county-equivalent.,1154.8503402595363
ITC-0429,USA,Georgia,Crawford,Crawford,US-FIPS:13079,Census TIGER/Line 2024 County,13079,Crawford,EXACT_CURRENT_FIPS,Exact Census FIPS; historical Census vintage used only where the i-Tree configuration refers to a retired county/county-equivalent.,845.5110982535001
ITC-0430,USA,Georgia,Crisp,Crisp,US-FIPS:13081,Census TIGER/Line 2024 County,13081,Crisp,EXACT_CURRENT_FIPS,Exact Census FIPS; historical Census vintage used only where the i-Tree configuration refers to a retired county/county-equivalent.,727.6459936133793
ITC-0431,USA,Georgia,Dade,Dade,US-FIPS:13083,Census TIGER/Line 2024 County,13083,Dade,EXACT_CURRENT_FIPS,Exact Census FIPS; historical Census vintage used only where the i-Tree configuration refers to a retired county/county-equivalent.,451.3443304877294
ITC-0432,USA,Georgia,Dawson,Dawson,US-FIPS:13085,Census TIGER/Line 2024 County,13085,Dawson,EXACT_CURRENT_FIPS,Exact Census FIPS; historical Census vintage used only where the i-Tree configuration refers to a retired county/county-equivalent.,555.3148867670493
ITC-0433,USA,Georgia,Decatur,Decatur,US-FIPS:13087,Census TIGER/Line 2024 County,13087,Decatur,EXACT_CURRENT_FIPS,Exact Census FIPS; historical Census vintage used only where the i-Tree configuration refers to a retired county/county-equivalent.,1613.997594972216
ITC-0434,USA,Georgia,DeKalb,DeKalb,US-FIPS:13089,Census TIGER/Line 2024 County,13089,DeKalb,EXACT_CURRENT_FIPS,Exact Census FIPS; historical Census vintage used only where the i-Tree configuration refers to a retired county/county-equivalent.,702.1004825226539
ITC-0435,USA,Georgia,Dodge,Dodge,US-FIPS:13091,Census TIGER/Line 2024 County,13091,Dodge,EXACT_CURRENT_FIPS,Exact Census FIPS; historical Census vintage used only where the i-Tree configuration refers to a retired county/county-equivalent.,1303.0671147288367
ITC-0436,USA,Georgia,Dooly,Dooly,US-FIPS:13093,Census TIGER/Line 2024 County,13093,Dooly,EXACT_CURRENT_FIPS,Exact Census FIPS; historical Census vintage used only where the i-Tree configuration refers to a retired county/county-equivalent.,1029.0506813056952
ITC-0437,USA,Georgia,Dougherty,Dougherty,US-FIPS:13095,Census TIGER/Line 2024 County,13095,Dougherty,EXACT_CURRENT_FIPS,Exact Census FIPS; historical Census vintage used only where the i-Tree configuration refers to a retired county/county-equivalent.,866.5359599910099
ITC-0438,USA,Georgia,Douglas,Douglas,US-FIPS:13097,Census TIGER/Line 2024 County,13097,Douglas,EXACT_CURRENT_FIPS,Exact Census FIPS; historical Census vintage used only where the i-Tree configuration refers to a retired county/county-equivalent.,520.729566690307
ITC-0439,USA,Georgia,Early,Early,US-FIPS:13099,Census TIGER/Line 2024 County,13099,Early,EXACT_CURRENT_FIPS,Exact Census FIPS; historical Census vintage used only where the i-Tree configuration refers to a retired county/county-equivalent.,1337.3295279620622
ITC-0440,USA,Georgia,Echols,Echols,US-FIPS:13101,Census TIGER/Line 2024 County,13101,Echols,EXACT_CURRENT_FIPS,Exact Census FIPS; historical Census vintage used only where the i-Tree configuration refers to a retired county/county-equivalent.,1089.6604421295979
ITC-0441,USA,Georgia,Effingham,Effingham,US-FIPS:13103,Census TIGER/Line 2024 County,13103,Effingham,EXACT_CURRENT_FIPS,Exact Census FIPS; historical Census vintage used only where the i-Tree configuration refers to a retired county/county-equivalent.,1250.714113423485
ITC-0442,USA,Georgia,Elbert,Elbert,US-FIPS:13105,Census TIGER/Line 2024 County,13105,Elbert,EXACT_CURRENT_FIPS,Exact Census FIPS; historical Census vintage used only where the i-Tree configuration refers to a retired county/county-equivalent.,969.2154509933638
ITC-0443,USA,Georgia,Emanuel,Emanuel,US-FIPS:13107,Census TIGER/Line 2024 County,13107,Emanuel,EXACT_CURRENT_FIPS,Exact Census FIPS; historical Census vintage used only where the i-Tree configuration refers to a retired county/county-equivalent.,1787.5685436506185
ITC-0444,USA,Georgia,Evans,Evans,US-FIPS:13109,Census TIGER/Line 2024 County,13109,Evans,EXACT_CURRENT_FIPS,Exact Census FIPS; historical Census vintage used only where the i-Tree configuration refers to a retired county/county-equivalent.,483.9901056463655
ITC-0445,USA,Georgia,Fannin,Fannin,US-FIPS:13111,Census TIGER/Line 2024 County,13111,Fannin,EXACT_CURRENT_FIPS,Exact Census FIPS; historical Census vintage used only where the i-Tree configuration refers to a retired county/county-equivalent.,1016.0715498940535
ITC-0446,USA,Georgia,Fayette,Fayette,US-FIPS:13113,Census TIGER/Line 2024 County,13113,Fayette,EXACT_CURRENT_FIPS,Exact Census FIPS; historical Census vintage used only where the i-Tree configuration refers to a retired county/county-equivalent.,517.0375586184321
ITC-0447,USA,Georgia,Floyd,Floyd,US-FIPS:13115,Census TIGER/Line 2024 County,13115,Floyd,EXACT_CURRENT_FIPS,Exact Census FIPS; historical Census vintage used only where the i-Tree configuration refers to a retired county/county-equivalent.,1342.8189319080425
ITC-0448,USA,Georgia,Forsyth,Forsyth,US-FIPS:13117,Census TIGER/Line 2024 County,13117,Forsyth,EXACT_CURRENT_FIPS,Exact Census FIPS; historical Census vintage used only where the i-Tree configuration refers to a retired county/county-equivalent.,640.1594133252803
ITC-0449,USA,Georgia,Franklin,Franklin,US-FIPS:13119,Census TIGER/Line 2024 County,13119,Franklin,EXACT_CURRENT_FIPS,Exact Census FIPS; historical Census vintage used only where the i-Tree configuration refers to a retired county/county-equivalent.,689.6258798967409
ITC-0450,USA,Georgia,Fulton,Fulton,US-FIPS:13121,Census TIGER/Line 2024 County,13121,Fulton,EXACT_CURRENT_FIPS,Exact Census FIPS; historical Census vintage used only where the i-Tree configuration refers to a retired county/county-equivalent.,1385.123883367157
ITC-0451,USA,Georgia,Gilmer,Gilmer,US-FIPS:13123,Census TIGER/Line 2024 County,13123,Gilmer,EXACT_CURRENT_FIPS,Exact Census FIPS; historical Census vintage used only where the i-Tree configuration refers to a retired county/county-equivalent.,1116.141415909825
ITC-0452,USA,Georgia,Glascock,Glascock,US-FIPS:13125,Census TIGER/Line 2024 County,13125,Glascock,EXACT_CURRENT_FIPS,Exact Census FIPS; historical Census vintage used only where the i-Tree configuration refers to a retired county/county-equivalent.,374.13203047129446
ITC-0453,USA,Georgia,Glynn,Glynn,US-FIPS:13127,Census TIGER/Line 2024 County,13127,Glynn,EXACT_CURRENT_FIPS,Exact Census FIPS; historical Census vintage used only where the i-Tree configuration refers to a retired county/county-equivalent.,1515.9590249421954
ITC-0454,USA,Georgia,Gordon,Gordon,US-FIPS:13129,Census TIGER/Line 2024 County,13129,Gordon,EXACT_CURRENT_FIPS,Exact Census FIPS; historical Census vintage used only where the i-Tree configuration refers to a retired county/county-equivalent.,928.9520983905425
ITC-0455,USA,Georgia,Grady,Grady,US-FIPS:13131,Census TIGER/Line 2024 County,13131,Grady,EXACT_CURRENT_FIPS,Exact Census FIPS; historical Census vintage used only where the i-Tree configuration refers to a retired county/county-equivalent.,1192.0783613204208
ITC-0456,USA,Georgia,Greene,Greene,US-FIPS:13133,Census TIGER/Line 2024 County,13133,Greene,EXACT_CURRENT_FIPS,Exact Census FIPS; historical Census vintage used only where the i-Tree configuration refers to a retired county/county-equivalent.,1052.0817639012764
ITC-0457,USA,Georgia,Gwinnett,Gwinnett,US-FIPS:13135,Census TIGER/Line 2024 County,13135,Gwinnett,EXACT_CURRENT_FIPS,Exact Census FIPS; historical Census vintage used only where the i-Tree configuration refers to a retired county/county-equivalent.,1132.30471340149
ITC-0458,USA,Georgia,Habersham,Habersham,US-FIPS:13137,Census TIGER/Line 2024 County,13137,Habersham,EXACT_CURRENT_FIPS,Exact Census FIPS; historical Census vintage used only where the i-Tree configuration refers to a retired county/county-equivalent.,722.7539864560567
ITC-0459,USA,Georgia,Hall,Hall,US-FIPS:13139,Census TIGER/Line 2024 County,13139,Hall,EXACT_CURRENT_FIPS,Exact Census FIPS; historical Census vintage used only where the i-Tree configuration refers to a retired county/county-equivalent.,1110.1378153383464
ITC-0460,USA,Georgia,Hancock,Hancock,US-FIPS:13141,Census TIGER/Line 2024 County,13141,Hancock,EXACT_CURRENT_FIPS,Exact Census FIPS; historical Census vintage used only where the i-Tree configuration refers to a retired county/county-equivalent.,1237.5370350944204
ITC-0461,USA,Georgia,Haralson,Haralson,US-FIPS:13143,Census TIGER/Line 2024 County,13143,Haralson,EXACT_CURRENT_FIPS,Exact Census FIPS; historical Census vintage used only where the i-Tree configuration refers to a retired county/county-equivalent.,733.421172924669
ITC-0462,USA,Georgia,Harris,Harris,US-FIPS:13145,Census TIGER/Line 2024 County,13145,Harris,EXACT_CURRENT_FIPS,Exact Census FIPS; historical Census vintage used only where the i-Tree configuration refers to a retired county/county-equivalent.,1224.9516860309664
ITC-0463,USA,Georgia,Hart,Hart,US-FIPS:13147,Census TIGER/Line 2024 County,13147,Hart,EXACT_CURRENT_FIPS,Exact Census FIPS; historical Census vintage used only where the i-Tree configuration refers to a retired county/county-equivalent.,665.4921026506316
ITC-0464,USA,Georgia,Heard,Heard,US-FIPS:13149,Census TIGER/Line 2024 County,13149,Heard,EXACT_CURRENT_FIPS,Exact Census FIPS; historical Census vintage used only where the i-Tree configuration refers to a retired county/county-equivalent.,779.8312265214894
ITC-0465,USA,Georgia,Henry,Henry,US-FIPS:13151,Census TIGER/Line 2024 County,13151,Henry,EXACT_CURRENT_FIPS,Exact Census FIPS; historical Census vintage used only where the i-Tree configuration refers to a retired county/county-equivalent.,845.7057065732403
ITC-0466,USA,Georgia,Houston,Houston,US-FIPS:13153,Census TIGER/Line 2024 County,13153,Houston,EXACT_CURRENT_FIPS,Exact Census FIPS; historical Census vintage used only where the i-Tree configuration refers to a retired county/county-equivalent.,983.9454089050148
ITC-0467,USA,Georgia,Irwin,Irwin,US-FIPS:13155,Census TIGER/Line 2024 County,13155,Irwin,EXACT_CURRENT_FIPS,Exact Census FIPS; historical Census vintage used only where the i-Tree configuration refers to a retired county/county-equivalent.,939.5512703779742
ITC-0468,USA,Georgia,Jackson,Jackson,US-FIPS:13157,Census TIGER/Line 2024 County,13157,Jackson,EXACT_CURRENT_FIPS,Exact Census FIPS; historical Census vintage used only where the i-Tree configuration refers to a retired county/county-equivalent.,888.5976421793313
ITC-0469,USA,Georgia,Jasper,Jasper,US-FIPS:13159,Census TIGER/Line 2024 County,13159,Jasper,EXACT_CURRENT_FIPS,Exact Census FIPS; historical Census vintage used only where the i-Tree configuration refers to a retired county/county-equivalent.,967.2683667555474
ITC-0470,USA,Georgia,Jeff Davis,Jeff Davis,US-FIPS:13161,Census TIGER/Line 2024 County,13161,Jeff Davis,EXACT_CURRENT_FIPS,Exact Census FIPS; historical Census vintage used only where the i-Tree configuration refers to a retired county/county-equivalent.,868.6772133248063
ITC-0471,USA,Georgia,Jefferson,Jefferson,US-FIPS:13163,Census TIGER/Line 2024 County,13163,Jefferson,EXACT_CURRENT_FIPS,Exact Census FIPS; historical Census vintage used only where the i-Tree configuration refers to a retired county/county-equivalent.,1371.8310560126697
ITC-0472,USA,Georgia,Jenkins,Jenkins,US-FIPS:13165,Census TIGER/Line 2024 County,13165,Jenkins,EXACT_CURRENT_FIPS,Exact Census FIPS; historical Census vintage used only where the i-Tree configuration refers to a retired county/county-equivalent.,912.9021233630876
ITC-0473,USA,Georgia,Johnson,Johnson,US-FIPS:13167,Census TIGER/Line 2024 County,13167,Johnson,EXACT_CURRENT_FIPS,Exact Census FIPS; historical Census vintage used only where the i-Tree configuration refers to a retired county/county-equivalent.,794.0718912215845
ITC-0474,USA,Georgia,Jones,Jones,US-FIPS:13169,Census TIGER/Line 2024 County,13169,Jones,EXACT_CURRENT_FIPS,Exact Census FIPS; historical Census vintage used only where the i-Tree configuration refers to a retired county/county-equivalent.,1024.1244164293055
ITC-0475,USA,Georgia,Lamar,Lamar,US-FIPS:13171,Census TIGER/Line 2024 County,13171,Lamar,EXACT_CURRENT_FIPS,Exact Census FIPS; historical Census vintage used only where the i-Tree configuration refers to a retired county/county-equivalent.,481.3088242986365
ITC-0476,USA,Georgia,Lanier,Lanier,US-FIPS:13173,Census TIGER/Line 2024 County,13173,Lanier,EXACT_CURRENT_FIPS,Exact Census FIPS; historical Census vintage used only where the i-Tree configuration refers to a retired county/county-equivalent.,517.4495899960724
ITC-0477,USA,Georgia,Laurens,Laurens,US-FIPS:13175,Census TIGER/Line 2024 County,13175,Laurens,EXACT_CURRENT_FIPS,Exact Census FIPS; historical Census vintage used only where the i-Tree configuration refers to a retired county/county-equivalent.,2119.828696119129
ITC-0478,USA,Georgia,Lee,Lee,US-FIPS:13177,Census TIGER/Line 2024 County,13177,Lee,EXACT_CURRENT_FIPS,Exact Census FIPS; historical Census vintage used only where the i-Tree configuration refers to a retired county/county-equivalent.,937.0419008761247
ITC-0479,USA,Georgia,Liberty,Liberty,US-FIPS:13179,Census TIGER/Line 2024 County,13179,Liberty,EXACT_CURRENT_FIPS,Exact Census FIPS; historical Census vintage used only where the i-Tree configuration refers to a retired county/county-equivalent.,1560.5154064931912
ITC-0480,USA,Georgia,Lincoln,Lincoln,US-FIPS:13181,Census TIGER/Line 2024 County,13181,Lincoln,EXACT_CURRENT_FIPS,Exact Census FIPS; historical Census vintage used only where the i-Tree configuration refers to a retired county/county-equivalent.,666.3982736642458
ITC-0481,USA,Georgia,Long,Long,US-FIPS:13183,Census TIGER/Line 2024 County,13183,Long,EXACT_CURRENT_FIPS,Exact Census FIPS; historical Census vintage used only where the i-Tree configuration refers to a retired county/county-equivalent.,1045.890743702872
ITC-0482,USA,Georgia,Lowndes,Lowndes,US-FIPS:13185,Census TIGER/Line 2024 County,13185,Lowndes,EXACT_CURRENT_FIPS,Exact Census FIPS; historical Census vintage used only where the i-Tree configuration refers to a retired county/county-equivalent.,1322.3844140071628
ITC-0483,USA,Georgia,Lumpkin,Lumpkin,US-FIPS:13187,Census TIGER/Line 2024 County,13187,Lumpkin,EXACT_CURRENT_FIPS,Exact Census FIPS; historical Census vintage used only where the i-Tree configuration refers to a retired county/county-equivalent.,736.0963665387508
ITC-0484,USA,Georgia,Macon,Macon,US-FIPS:13193,Census TIGER/Line 2024 County,13193,Macon,EXACT_CURRENT_FIPS,Exact Census FIPS; historical Census vintage used only where the i-Tree configuration refers to a retired county/county-equivalent.,1051.5516639902594
ITC-0485,USA,Georgia,Madison,Madison,US-FIPS:13195,Census TIGER/Line 2024 County,13195,Madison,EXACT_CURRENT_FIPS,Exact Census FIPS; historical Census vintage used only where the i-Tree configuration refers to a retired county/county-equivalent.,739.662814659634
ITC-0486,USA,Georgia,Marion,Marion,US-FIPS:13197,Census TIGER/Line 2024 County,13197,Marion,EXACT_CURRENT_FIPS,Exact Census FIPS; historical Census vintage used only where the i-Tree configuration refers to a retired county/county-equivalent.,950.9996878549795
ITC-0487,USA,Georgia,McDuffie,McDuffie,US-FIPS:13189,Census TIGER/Line 2024 County,13189,McDuffie,EXACT_CURRENT_FIPS,Exact Census FIPS; historical Census vintage used only where the i-Tree configuration refers to a retired county/county-equivalent.,689.7042775124389
ITC-0488,USA,Georgia,McIntosh,McIntosh,US-FIPS:13191,Census TIGER/Line 2024 County,13191,McIntosh,EXACT_CURRENT_FIPS,Exact Census FIPS; historical Census vintage used only where the i-Tree configuration refers to a retired county/county-equivalent.,1486.3678792240582
ITC-0489,USA,Georgia,Meriwether,Meriwether,US-FIPS:13199,Census TIGER/Line 2024 County,13199,Meriwether,EXACT_CURRENT_FIPS,Exact Census FIPS; historical Census vintage used only where the i-Tree configuration refers to a retired county/county-equivalent.,1308.17473879109
ITC-0490,USA,Georgia,Miller,Miller,US-FIPS:13201,Census TIGER/Line 2024 County,13201,Miller,EXACT_CURRENT_FIPS,Exact Census FIPS; historical Census vintage used only where the i-Tree configuration refers to a retired county/county-equivalent.,734.6830564406107
ITC-0491,USA,Georgia,Mitchell,Mitchell,US-FIPS:13205,Census TIGER/Line 2024 County,13205,Mitchell,EXACT_CURRENT_FIPS,Exact Census FIPS; historical Census vintage used only where the i-Tree configuration refers to a retired county/county-equivalent.,1330.7973349931392
ITC-0492,USA,Georgia,Monroe,Monroe,US-FIPS:13207,Census TIGER/Line 2024 County,13207,Monroe,EXACT_CURRENT_FIPS,Exact Census FIPS; historical Census vintage used only where the i-Tree configuration refers to a retired county/county-equivalent.,1031.5165055023565
ITC-0493,USA,Georgia,Montgomery,Montgomery,US-FIPS:13209,Census TIGER/Line 2024 County,13209,Montgomery,EXACT_CURRENT_FIPS,Exact Census FIPS; historical Census vintage used only where the i-Tree configuration refers to a retired county/county-equivalent.,633.7546130640342
ITC-0494,USA,Georgia,Morgan,Morgan,US-FIPS:13211,Census TIGER/Line 2024 County,13211,Morgan,EXACT_CURRENT_FIPS,Exact Census FIPS; historical Census vintage used only where the i-Tree configuration refers to a retired county/county-equivalent.,918.4636477484495
ITC-0495,USA,Georgia,Murray,Murray,US-FIPS:13213,Census TIGER/Line 2024 County,13213,Murray,EXACT_CURRENT_FIPS,Exact Census FIPS; historical Census vintage used only where the i-Tree configuration refers to a retired county/county-equivalent.,897.9547913360182
ITC-0496,USA,Georgia,Muscogee,Muscogee,US-FIPS:13215,Census TIGER/Line 2024 County,13215,Muscogee,EXACT_CURRENT_FIPS,Exact Census FIPS; historical Census vintage used only where the i-Tree configuration refers to a retired county/county-equivalent.,572.415343265023
ITC-0497,USA,Georgia,Newton,Newton,US-FIPS:13217,Census TIGER/Line 2024 County,13217,Newton,EXACT_CURRENT_FIPS,Exact Census FIPS; historical Census vintage used only where the i-Tree configuration refers to a retired county/county-equivalent.,723.1221181955705
ITC-0498,USA,Georgia,Oconee,Oconee,US-FIPS:13219,Census TIGER/Line 2024 County,13219,Oconee,EXACT_CURRENT_FIPS,Exact Census FIPS; historical Census vintage used only where the i-Tree configuration refers to a retired county/county-equivalent.,482.7080188882472
ITC-0499,USA,Georgia,Oglethorpe,Oglethorpe,US-FIPS:13221,Census TIGER/Line 2024 County,13221,Oglethorpe,EXACT_CURRENT_FIPS,Exact Census FIPS; historical Census vintage used only where the i-Tree configuration refers to a retired county/county-equivalent.,1144.873433409076
ITC-0500,USA,Georgia,Paulding,Paulding,US-FIPS:13223,Census TIGER/Line 2024 County,13223,Paulding,EXACT_CURRENT_FIPS,Exact Census FIPS; historical Census vintage used only where the i-Tree configuration refers to a retired county/county-equivalent.,814.2853217173129
ITC-0501,USA,Georgia,Peach,Peach,US-FIPS:13225,Census TIGER/Line 2024 County,13225,Peach,EXACT_CURRENT_FIPS,Exact Census FIPS; historical Census vintage used only where the i-Tree configuration refers to a retired county/county-equivalent.,391.9121070897312
ITC-0502,USA,Georgia,Pickens,Pickens,US-FIPS:13227,Census TIGER/Line 2024 County,13227,Pickens,EXACT_CURRENT_FIPS,Exact Census FIPS; historical Census vintage used only where the i-Tree configuration refers to a retired county/county-equivalent.,602.7098472255323
ITC-0503,USA,Georgia,Pierce,Pierce,US-FIPS:13229,Census TIGER/Line 2024 County,13229,Pierce,EXACT_CURRENT_FIPS,Exact Census FIPS; historical Census vintage used only where the i-Tree configuration refers to a retired county/county-equivalent.,888.9611701924048
ITC-0504,USA,Georgia,Pike,Pike,US-FIPS:13231,Census TIGER/Line 2024 County,13231,Pike,EXACT_CURRENT_FIPS,Exact Census FIPS; historical Census vintage used only where the i-Tree configuration refers to a retired county/county-equivalent.,568.2565997692283
ITC-0505,USA,Georgia,Polk,Polk,US-FIPS:13233,Census TIGER/Line 2024 County,13233,Polk,EXACT_CURRENT_FIPS,Exact Census FIPS; historical Census vintage used only where the i-Tree configuration refers to a retired county/county-equivalent.,808.4404658023628
ITC-0506,USA,Georgia,Pulaski,Pulaski,US-FIPS:13235,Census TIGER/Line 2024 County,13235,Pulaski,EXACT_CURRENT_FIPS,Exact Census FIPS; historical Census vintage used only where the i-Tree configuration refers to a retired county/county-equivalent.,650.6305481617125
ITC-0507,USA,Georgia,Putnam,Putnam,US-FIPS:13237,Census TIGER/Line 2024 County,13237,Putnam,EXACT_CURRENT_FIPS,Exact Census FIPS; historical Census vintage used only where the i-Tree configuration refers to a retired county/county-equivalent.,934.1735125186669
ITC-0508,USA,Georgia,Quitman,Quitman,US-FIPS:13239,Census TIGER/Line 2024 County,13239,Quitman,EXACT_CURRENT_FIPS,Exact Census FIPS; historical Census vintage used only where the i-Tree configuration refers to a retired county/county-equivalent.,415.86164303718544
ITC-0509,USA,Georgia,Rabun,Rabun,US-FIPS:13241,Census TIGER/Line 2024 County,13241,Rabun,EXACT_CURRENT_FIPS,Exact Census FIPS; historical Census vintage used only where the i-Tree configuration refers to a retired county/county-equivalent.,976.4976946106872
ITC-0510,USA,Georgia,Randolph,Randolph,US-FIPS:13243,Census TIGER/Line 2024 County,13243,Randolph,EXACT_CURRENT_FIPS,Exact Census FIPS; historical Census vintage used only where the i-Tree configuration refers to a retired county/county-equivalent.,1115.9561494047512
ITC-0511,USA,Georgia,Richmond,Richmond,US-FIPS:13245,Census TIGER/Line 2024 County,13245,Richmond,EXACT_CURRENT_FIPS,Exact Census FIPS; historical Census vintage used only where the i-Tree configuration refers to a retired county/county-equivalent.,851.0317809815317
ITC-0512,USA,Georgia,Rockdale,Rockdale,US-FIPS:13247,Census TIGER/Line 2024 County,13247,Rockdale,EXACT_CURRENT_FIPS,Exact Census FIPS; historical Census vintage used only where the i-Tree configuration refers to a retired county/county-equivalent.,342.12811032804274
ITC-0513,USA,Georgia,Schley,Schley,US-FIPS:13249,Census TIGER/Line 2024 County,13249,Schley,EXACT_CURRENT_FIPS,Exact Census FIPS; historical Census vintage used only where the i-Tree configuration refers to a retired county/county-equivalent.,434.6609437133438
ITC-0514,USA,Georgia,Screven,Screven,US-FIPS:13251,Census TIGER/Line 2024 County,13251,Screven,EXACT_CURRENT_FIPS,Exact Census FIPS; historical Census vintage used only where the i-Tree configuration refers to a retired county/county-equivalent.,1698.6920339136855
ITC-0515,USA,Georgia,Seminole,Seminole,US-FIPS:13253,Census TIGER/Line 2024 County,13253,Seminole,EXACT_CURRENT_FIPS,Exact Census FIPS; historical Census vintage used only where the i-Tree configuration refers to a retired county/county-equivalent.,664.4768399627759
ITC-0516,USA,Georgia,Spalding,Spalding,US-FIPS:13255,Census TIGER/Line 2024 County,13255,Spalding,EXACT_CURRENT_FIPS,Exact Census FIPS; historical Census vintage used only where the i-Tree configuration refers to a retired county/county-equivalent.,516.9372257842213
ITC-0517,USA,Georgia,Stephens,Stephens,US-FIPS:13257,Census TIGER/Line 2024 County,13257,Stephens,EXACT_CURRENT_FIPS,Exact Census FIPS; historical Census vintage used only where the i-Tree configuration refers to a retired county/county-equivalent.,476.28956882780017
ITC-0518,USA,Georgia,Stewart,Stewart,US-FIPS:13259,Census TIGER/Line 2024 County,13259,Stewart,EXACT_CURRENT_FIPS,Exact Census FIPS; historical Census vintage used only where the i-Tree configuration refers to a retired county/county-equivalent.,1200.7517600114143
ITC-0519,USA,Georgia,Sumter,Sumter,US-FIPS:13261,Census TIGER/Line 2024 County,13261,Sumter,EXACT_CURRENT_FIPS,Exact Census FIPS; historical Census vintage used only where the i-Tree configuration refers to a retired county/county-equivalent.,1275.8577779726563
ITC-0520,USA,Georgia,Talbot,Talbot,US-FIPS:13263,Census TIGER/Line 2024 County,13263,Talbot,EXACT_CURRENT_FIPS,Exact Census FIPS; historical Census vintage used only where the i-Tree configuration refers to a retired county/county-equivalent.,1022.429878171652
ITC-0521,USA,Georgia,Taliaferro,Taliaferro,US-FIPS:13265,Census TIGER/Line 2024 County,13265,Taliaferro,EXACT_CURRENT_FIPS,Exact Census FIPS; historical Census vintage used only where the i-Tree configuration refers to a retired county/county-equivalent.,505.94664223352055
ITC-0522,USA,Georgia,Tattnall,Tattnall,US-FIPS:13267,Census TIGER/Line 2024 County,13267,Tattnall,EXACT_CURRENT_FIPS,Exact Census FIPS; historical Census vintage used only where the i-Tree configuration refers to a retired county/county-equivalent.,1264.816807580948
ITC-0523,USA,Georgia,Taylor,Taylor,US-FIPS:13269,Census TIGER/Line 2024 County,13269,Taylor,EXACT_CURRENT_FIPS,Exact Census FIPS; historical Census vintage used only where the i-Tree configuration refers to a retired county/county-equivalent.,983.4148943172224
ITC-0524,USA,Georgia,Telfair,Telfair,US-FIPS:13271,Census TIGER/Line 2024 County,13271,Telfair,EXACT_CURRENT_FIPS,Exact Census FIPS; historical Census vintage used only where the i-Tree configuration refers to a retired county/county-equivalent.,1149.9773286113525
ITC-0525,USA,Georgia,Terrell,Terrell,US-FIPS:13273,Census TIGER/Line 2024 County,13273,Terrell,EXACT_CURRENT_FIPS,Exact Census FIPS; historical Census vintage used only where the i-Tree configuration refers to a retired county/county-equivalent.,874.6474413289575
ITC-0526,USA,Georgia,Thomas,Thomas,US-FIPS:13275,Census TIGER/Line 2024 County,13275,Thomas,EXACT_CURRENT_FIPS,Exact Census FIPS; historical Census vintage used only where the i-Tree configuration refers to a retired county/county-equivalent.,1430.2383750505808
ITC-0527,USA,Georgia,Tift,Tift,US-FIPS:13277,Census TIGER/Line 2024 County,13277,Tift,EXACT_CURRENT_FIPS,Exact Census FIPS; historical Census vintage used only where the i-Tree configuration refers to a retired county/county-equivalent.,696.1606292183448
ITC-0528,USA,Georgia,Toombs,Toombs,US-FIPS:13279,Census TIGER/Line 2024 County,13279,Toombs,EXACT_CURRENT_FIPS,Exact Census FIPS; historical Census vintage used only where the i-Tree configuration refers to a retired county/county-equivalent.,960.8649987050984
ITC-0529,USA,Georgia,Towns,Towns,US-FIPS:13281,Census TIGER/Line 2024 County,13281,Towns,EXACT_CURRENT_FIPS,Exact Census FIPS; historical Census vintage used only where the i-Tree configuration refers to a retired county/county-equivalent.,444.93254002625974
ITC-0530,USA,Georgia,Treutlen,Treutlen,US-FIPS:13283,Census TIGER/Line 2024 County,13283,Treutlen,EXACT_CURRENT_FIPS,Exact Census FIPS; historical Census vintage used only where the i-Tree configuration refers to a retired county/county-equivalent.,524.33502947017
ITC-0531,USA,Georgia,Troup,Troup,US-FIPS:13285,Census TIGER/Line 2024 County,13285,Troup,EXACT_CURRENT_FIPS,Exact Census FIPS; historical Census vintage used only where the i-Tree configuration refers to a retired county/county-equivalent.,1155.0360619604169
ITC-0532,USA,Georgia,Turner,Turner,US-FIPS:13287,Census TIGER/Line 2024 County,13287,Turner,EXACT_CURRENT_FIPS,Exact Census FIPS; historical Census vintage used only where the i-Tree configuration refers to a retired county/county-equivalent.,751.0457599832009
ITC-0533,USA,Georgia,Twiggs,Twiggs,US-FIPS:13289,Census TIGER/Line 2024 County,13289,Twiggs,EXACT_CURRENT_FIPS,Exact Census FIPS; historical Census vintage used only where the i-Tree configuration refers to a retired county/county-equivalent.,939.2182083242585
ITC-0534,USA,Georgia,Union,Union,US-FIPS:13291,Census TIGER/Line 2024 County,13291,Union,EXACT_CURRENT_FIPS,Exact Census FIPS; historical Census vintage used only where the i-Tree configuration refers to a retired county/county-equivalent.,852.2801757156664
ITC-0535,USA,Georgia,Upson,Upson,US-FIPS:13293,Census TIGER/Line 2024 County,13293,Upson,EXACT_CURRENT_FIPS,Exact Census FIPS; historical Census vintage used only where the i-Tree configuration refers to a retired county/county-equivalent.,848.3601883082605
ITC-0536,USA,Georgia,Walker,Walker,US-FIPS:13295,Census TIGER/Line 2024 County,13295,Walker,EXACT_CURRENT_FIPS,Exact Census FIPS; historical Census vintage used only where the i-Tree configuration refers to a retired county/county-equivalent.,1157.547338183523
ITC-0537,USA,Georgia,Walton,Walton,US-FIPS:13297,Census TIGER/Line 2024 County,13297,Walton,EXACT_CURRENT_FIPS,Exact Census FIPS; historical Census vintage used only where the i-Tree configuration refers to a retired county/county-equivalent.,854.6953248717144
ITC-0538,USA,Georgia,Ware,Ware,US-FIPS:13299,Census TIGER/Line 2024 County,13299,Ware,EXACT_CURRENT_FIPS,Exact Census FIPS; historical Census vintage used only where the i-Tree configuration refers to a retired county/county-equivalent.,2351.676656114169
ITC-0539,USA,Georgia,Warren,Warren,US-FIPS:13301,Census TIGER/Line 2024 County,13301,Warren,EXACT_CURRENT_FIPS,Exact Census FIPS; historical Census vintage used only where the i-Tree configuration refers to a retired county/county-equivalent.,742.5180951185921
ITC-0540,USA,Georgia,Washington,Washington,US-FIPS:13303,Census TIGER/Line 2024 County,13303,Washington,EXACT_CURRENT_FIPS,Exact Census FIPS; historical Census vintage used only where the i-Tree configuration refers to a retired county/county-equivalent.,1772.4730358005436
ITC-0541,USA,Georgia,Wayne,Wayne,US-FIPS:13305,Census TIGER/Line 2024 County,13305,Wayne,EXACT_CURRENT_FIPS,Exact Census FIPS; historical Census vintage used only where the i-Tree configuration refers to a retired county/county-equivalent.,1680.0554759630422
ITC-0542,USA,Georgia,Webster,Webster,US-FIPS:13307,Census TIGER/Line 2024 County,13307,Webster,EXACT_CURRENT_FIPS,Exact Census FIPS; historical Census vintage used only where the i-Tree configuration refers to a retired county/county-equivalent.,545.3490147938553
ITC-0543,USA,Georgia,Wheeler,Wheeler,US-FIPS:13309,Census TIGER/Line 2024 County,13309,Wheeler,EXACT_CURRENT_FIPS,Exact Census FIPS; historical Census vintage used only where the i-Tree configuration refers to a retired county/county-equivalent.,777.6913297065955
ITC-0544,USA,Georgia,White,White,US-FIPS:13311,Census TIGER/Line 2024 County,13311,White,EXACT_CURRENT_FIPS,Exact Census FIPS; historical Census vintage used only where the i-Tree configuration refers to a retired county/county-equivalent.,627.4419563867455
ITC-0545,USA,Georgia,Whitfield,Whitfield,US-FIPS:13313,Census TIGER/Line 2024 County,13313,Whitfield,EXACT_CURRENT_FIPS,Exact Census FIPS; historical Census vintage used only where the i-Tree configuration refers to a retired county/county-equivalent.,753.827764886698
ITC-0546,USA,Georgia,Wilcox,Wilcox,US-FIPS:13315,Census TIGER/Line 2024 County,13315,Wilcox,EXACT_CURRENT_FIPS,Exact Census FIPS; historical Census vintage used only where the i-Tree configuration refers to a retired county/county-equivalent.,989.6730865812201
ITC-0547,USA,Georgia,Wilkes,Wilkes,US-FIPS:13317,Census TIGER/Line 2024 County,13317,Wilkes,EXACT_CURRENT_FIPS,Exact Census FIPS; historical Census vintage used only where the i-Tree configuration refers to a retired county/county-equivalent.,1227.8984256849287
ITC-0548,USA,Georgia,Wilkinson,Wilkinson,US-FIPS:13319,Census TIGER/Line 2024 County,13319,Wilkinson,EXACT_CURRENT_FIPS,Exact Census FIPS; historical Census vintage used only where the i-Tree configuration refers to a retired county/county-equivalent.,1170.5450055575182
ITC-0549,USA,Georgia,Worth,Worth,US-FIPS:13321,Census TIGER/Line 2024 County,13321,Worth,EXACT_CURRENT_FIPS,Exact Census FIPS; historical Census vintage used only where the i-Tree configuration refers to a retired county/county-equivalent.,1488.6094892963504
ITC-0550,USA,Hawaii,Hawaii,Hawaii,US-FIPS:15001,Census TIGER/Line 2024 County,15001,Hawaii,EXACT_CURRENT_FIPS,Exact Census FIPS; historical Census vintage used only where the i-Tree configuration refers to a retired county/county-equivalent.,13173.117332222973
ITC-0551,USA,Hawaii,Honolulu,Honolulu,US-FIPS:15003,Census TIGER/Line 2024 County,15003,Honolulu,EXACT_CURRENT_FIPS,Exact Census FIPS; historical Census vintage used only where the i-Tree configuration refers to a retired county/county-equivalent.,5610.50257207802
ITC-0552,USA,Hawaii,Kalawao,Kalawao,US-FIPS:15005,Census TIGER/Line 2024 County,15005,Kalawao,EXACT_CURRENT_FIPS,Exact Census FIPS; historical Census vintage used only where the i-Tree configuration refers to a retired county/county-equivalent.,136.82287072854874
ITC-0553,USA,Hawaii,Kauai,Kauai,US-FIPS:15007,Census TIGER/Line 2024 County,15007,Kauai,EXACT_CURRENT_FIPS,Exact Census FIPS; historical Census vintage used only where the i-Tree configuration refers to a retired county/county-equivalent.,3279.7379358736484
ITC-0554,USA,Hawaii,Maui,Maui,US-FIPS:15009,Census TIGER/Line 2024 County,15009,Maui,EXACT_CURRENT_FIPS,Exact Census FIPS; historical Census vintage used only where the i-Tree configuration refers to a retired county/county-equivalent.,6211.646417884748
ITC-0555,USA,Idaho,Ada,Ada,US-FIPS:16001,Census TIGER/Line 2024 County,16001,Ada,EXACT_CURRENT_FIPS,Exact Census FIPS; historical Census vintage used only where the i-Tree configuration refers to a retired county/county-equivalent.,2747.353899273059
ITC-0556,USA,Idaho,Adams,Adams,US-FIPS:16003,Census TIGER/Line 2024 County,16003,Adams,EXACT_CURRENT_FIPS,Exact Census FIPS; historical Census vintage used only where the i-Tree configuration refers to a retired county/county-equivalent.,3547.009168012445
ITC-0557,USA,Idaho,Bannock,Bannock,US-FIPS:16005,Census TIGER/Line 2024 County,16005,Bannock,EXACT_CURRENT_FIPS,Exact Census FIPS; historical Census vintage used only where the i-Tree configuration refers to a retired county/county-equivalent.,2973.4127696052765
ITC-0558,USA,Idaho,Bear Lake,Bear Lake,US-FIPS:16007,Census TIGER/Line 2024 County,16007,Bear Lake,EXACT_CURRENT_FIPS,Exact Census FIPS; historical Census vintage used only where the i-Tree configuration refers to a retired county/county-equivalent.,2718.4885197428466
ITC-0559,USA,Idaho,Benewah,Benewah,US-FIPS:16009,Census TIGER/Line 2024 County,16009,Benewah,EXACT_CURRENT_FIPS,Exact Census FIPS; historical Census vintage used only where the i-Tree configuration refers to a retired county/county-equivalent.,2031.046420515692
ITC-0560,USA,Idaho,Bingham,Bingham,US-FIPS:16011,Census TIGER/Line 2024 County,16011,Bingham,EXACT_CURRENT_FIPS,Exact Census FIPS; historical Census vintage used only where the i-Tree configuration refers to a retired county/county-equivalent.,5491.373763536309
ITC-0561,USA,Idaho,Blaine,Blaine,US-FIPS:16013,Census TIGER/Line 2024 County,16013,Blaine,EXACT_CURRENT_FIPS,Exact Census FIPS; historical Census vintage used only where the i-Tree configuration refers to a retired county/county-equivalent.,6876.366692044652
ITC-0562,USA,Idaho,Boise,Boise,US-FIPS:16015,Census TIGER/Line 2024 County,16015,Boise,EXACT_CURRENT_FIPS,Exact Census FIPS; historical Census vintage used only where the i-Tree configuration refers to a retired county/county-equivalent.,4938.441589813775
ITC-0563,USA,Idaho,Bonner,Bonner,US-FIPS:16017,Census TIGER/Line 2024 County,16017,Bonner,EXACT_CURRENT_FIPS,Exact Census FIPS; historical Census vintage used only where the i-Tree configuration refers to a retired county/county-equivalent.,4967.941152518998
ITC-0564,USA,Idaho,Bonneville,Bonneville,US-FIPS:16019,Census TIGER/Line 2024 County,16019,Bonneville,EXACT_CURRENT_FIPS,Exact Census FIPS; historical Census vintage used only where the i-Tree configuration refers to a retired county/county-equivalent.,4921.729063802048
ITC-0565,USA,Idaho,Boundary,Boundary,US-FIPS:16021,Census TIGER/Line 2024 County,16021,Boundary,EXACT_CURRENT_FIPS,Exact Census FIPS; historical Census vintage used only where the i-Tree configuration refers to a retired county/county-equivalent.,3310.1409465644324
ITC-0566,USA,Idaho,Butte,Butte,US-FIPS:16023,Census TIGER/Line 2024 County,16023,Butte,EXACT_CURRENT_FIPS,Exact Census FIPS; historical Census vintage used only where the i-Tree configuration refers to a retired county/county-equivalent.,5797.734579681782
ITC-0567,USA,Idaho,Camas,Camas,US-FIPS:16025,Census TIGER/Line 2024 County,16025,Camas,EXACT_CURRENT_FIPS,Exact Census FIPS; historical Census vintage used only where the i-Tree configuration refers to a retired county/county-equivalent.,2793.802406727163
ITC-0568,USA,Idaho,Canyon,Canyon,US-FIPS:16027,Census TIGER/Line 2024 County,16027,Canyon,EXACT_CURRENT_FIPS,Exact Census FIPS; historical Census vintage used only where the i-Tree configuration refers to a retired county/county-equivalent.,1563.5692541918577
ITC-0569,USA,Idaho,Caribou,Caribou,US-FIPS:16029,Census TIGER/Line 2024 County,16029,Caribou,EXACT_CURRENT_FIPS,Exact Census FIPS; historical Census vintage used only where the i-Tree configuration refers to a retired county/county-equivalent.,4658.457735866167
ITC-0570,USA,Idaho,Cassia,Cassia,US-FIPS:16031,Census TIGER/Line 2024 County,16031,Cassia,EXACT_CURRENT_FIPS,Exact Census FIPS; historical Census vintage used only where the i-Tree configuration refers to a retired county/county-equivalent.,6684.059623514782
ITC-0571,USA,Idaho,Clark,Clark,US-FIPS:16033,Census TIGER/Line 2024 County,16033,Clark,EXACT_CURRENT_FIPS,Exact Census FIPS; historical Census vintage used only where the i-Tree configuration refers to a retired county/county-equivalent.,4569.0021981986365
ITC-0572,USA,Idaho,Clearwater,Clearwater,US-FIPS:16035,Census TIGER/Line 2024 County,16035,Clearwater,EXACT_CURRENT_FIPS,Exact Census FIPS; historical Census vintage used only where the i-Tree configuration refers to a retired county/county-equivalent.,6444.005830164592
ITC-0573,USA,Idaho,Custer,Custer,US-FIPS:16037,Census TIGER/Line 2024 County,16037,Custer,EXACT_CURRENT_FIPS,Exact Census FIPS; historical Census vintage used only where the i-Tree configuration refers to a retired county/county-equivalent.,12790.906493236473
ITC-0574,USA,Idaho,Elmore,Elmore,US-FIPS:16039,Census TIGER/Line 2024 County,16039,Elmore,EXACT_CURRENT_FIPS,Exact Census FIPS; historical Census vintage used only where the i-Tree configuration refers to a retired county/county-equivalent.,8032.7483540849835
ITC-0575,USA,Idaho,Franklin,Franklin,US-FIPS:16041,Census TIGER/Line 2024 County,16041,Franklin,EXACT_CURRENT_FIPS,Exact Census FIPS; historical Census vintage used only where the i-Tree configuration refers to a retired county/county-equivalent.,1729.365286483024
ITC-0576,USA,Idaho,Fremont,Fremont,US-FIPS:16043,Census TIGER/Line 2024 County,16043,Fremont,EXACT_CURRENT_FIPS,Exact Census FIPS; historical Census vintage used only where the i-Tree configuration refers to a retired county/county-equivalent.,4911.074107086848
ITC-0577,USA,Idaho,Gem,Gem,US-FIPS:16045,Census TIGER/Line 2024 County,16045,Gem,EXACT_CURRENT_FIPS,Exact Census FIPS; historical Census vintage used only where the i-Tree configuration refers to a retired county/county-equivalent.,1462.2882194347621
ITC-0578,USA,Idaho,Gooding,Gooding,US-FIPS:16047,Census TIGER/Line 2024 County,16047,Gooding,EXACT_CURRENT_FIPS,Exact Census FIPS; historical Census vintage used only where the i-Tree configuration refers to a retired county/county-equivalent.,1901.4053085765943
ITC-0579,USA,Idaho,Idaho,Idaho,US-FIPS:16049,Census TIGER/Line 2024 County,16049,Idaho,EXACT_CURRENT_FIPS,Exact Census FIPS; historical Census vintage used only where the i-Tree configuration refers to a retired county/county-equivalent.,22024.154907527547
ITC-0580,USA,Idaho,Jefferson,Jefferson,US-FIPS:16051,Census TIGER/Line 2024 County,16051,Jefferson,EXACT_CURRENT_FIPS,Exact Census FIPS; historical Census vintage used only where the i-Tree configuration refers to a retired county/county-equivalent.,2863.785959422865
ITC-0581,USA,Idaho,Jerome,Jerome,US-FIPS:16053,Census TIGER/Line 2024 County,16053,Jerome,EXACT_CURRENT_FIPS,Exact Census FIPS; historical Census vintage used only where the i-Tree configuration refers to a retired county/county-equivalent.,1560.53800979705
ITC-0582,USA,Idaho,Kootenai,Kootenai,US-FIPS:16055,Census TIGER/Line 2024 County,16055,Kootenai,EXACT_CURRENT_FIPS,Exact Census FIPS; historical Census vintage used only where the i-Tree configuration refers to a retired county/county-equivalent.,3390.2816011524556
ITC-0583,USA,Idaho,Latah,Latah,US-FIPS:16057,Census TIGER/Line 2024 County,16057,Latah,EXACT_CURRENT_FIPS,Exact Census FIPS; historical Census vintage used only where the i-Tree configuration refers to a retired county/county-equivalent.,2788.8532344328955
ITC-0584,USA,Idaho,Lemhi,Lemhi,US-FIPS:16059,Census TIGER/Line 2024 County,16059,Lemhi,EXACT_CURRENT_FIPS,Exact Census FIPS; historical Census vintage used only where the i-Tree configuration refers to a retired county/county-equivalent.,11834.021183446574
ITC-0585,USA,Idaho,Lewis,Lewis,US-FIPS:16061,Census TIGER/Line 2024 County,16061,Lewis,EXACT_CURRENT_FIPS,Exact Census FIPS; historical Census vintage used only where the i-Tree configuration refers to a retired county/county-equivalent.,1242.4822636742645
ITC-0586,USA,Idaho,Lincoln,Lincoln,US-FIPS:16063,Census TIGER/Line 2024 County,16063,Lincoln,EXACT_CURRENT_FIPS,Exact Census FIPS; historical Census vintage used only where the i-Tree configuration refers to a retired county/county-equivalent.,3123.106492783816
ITC-0587,USA,Idaho,Madison,Madison,US-FIPS:16065,Census TIGER/Line 2024 County,16065,Madison,EXACT_CURRENT_FIPS,Exact Census FIPS; historical Census vintage used only where the i-Tree configuration refers to a retired county/county-equivalent.,1225.897453675158
ITC-0588,USA,Idaho,Minidoka,Minidoka,US-FIPS:16067,Census TIGER/Line 2024 County,16067,Minidoka,EXACT_CURRENT_FIPS,Exact Census FIPS; historical Census vintage used only where the i-Tree configuration refers to a retired county/county-equivalent.,1974.538503023876
ITC-0589,USA,Idaho,Nez Perce,Nez Perce,US-FIPS:16069,Census TIGER/Line 2024 County,16069,Nez Perce,EXACT_CURRENT_FIPS,Exact Census FIPS; historical Census vintage used only where the i-Tree configuration refers to a retired county/county-equivalent.,2218.392848705782
ITC-0590,USA,Idaho,Oneida,Oneida,US-FIPS:16071,Census TIGER/Line 2024 County,16071,Oneida,EXACT_CURRENT_FIPS,Exact Census FIPS; historical Census vintage used only where the i-Tree configuration refers to a retired county/county-equivalent.,3109.2689422097583
ITC-0591,USA,Idaho,Owyhee,Owyhee,US-FIPS:16073,Census TIGER/Line 2024 County,16073,Owyhee,EXACT_CURRENT_FIPS,Exact Census FIPS; historical Census vintage used only where the i-Tree configuration refers to a retired county/county-equivalent.,19934.68980784522
ITC-0592,USA,Idaho,Payette,Payette,US-FIPS:16075,Census TIGER/Line 2024 County,16075,Payette,EXACT_CURRENT_FIPS,Exact Census FIPS; historical Census vintage used only where the i-Tree configuration refers to a retired county/county-equivalent.,1062.721392771585
ITC-0593,USA,Idaho,Power,Power,US-FIPS:16077,Census TIGER/Line 2024 County,16077,Power,EXACT_CURRENT_FIPS,Exact Census FIPS; historical Census vintage used only where the i-Tree configuration refers to a retired county/county-equivalent.,3735.0984336318256
ITC-0594,USA,Idaho,Shoshone,Shoshone,US-FIPS:16079,Census TIGER/Line 2024 County,16079,Shoshone,EXACT_CURRENT_FIPS,Exact Census FIPS; historical Census vintage used only where the i-Tree configuration refers to a retired county/county-equivalent.,6844.86208188827
ITC-0595,USA,Idaho,Teton,Teton,US-FIPS:16081,Census TIGER/Line 2024 County,16081,Teton,EXACT_CURRENT_FIPS,Exact Census FIPS; historical Census vintage used only where the i-Tree configuration refers to a retired county/county-equivalent.,1166.0086210542631
ITC-0596,USA,Idaho,Twin Falls,Twin Falls,US-FIPS:16083,Census TIGER/Line 2024 County,16083,Twin Falls,EXACT_CURRENT_FIPS,Exact Census FIPS; historical Census vintage used only where the i-Tree configuration refers to a retired county/county-equivalent.,4995.2774561750175
ITC-0597,USA,Idaho,Valley,Valley,US-FIPS:16085,Census TIGER/Line 2024 County,16085,Valley,EXACT_CURRENT_FIPS,Exact Census FIPS; historical Census vintage used only where the i-Tree configuration refers to a retired county/county-equivalent.,9669.723977516973
ITC-0598,USA,Idaho,Washington,Washington,US-FIPS:16087,Census TIGER/Line 2024 County,16087,Washington,EXACT_CURRENT_FIPS,Exact Census FIPS; historical Census vintage used only where the i-Tree configuration refers to a retired county/county-equivalent.,3816.0987748064495
ITC-0599,USA,Illinois,Adams,Adams,US-FIPS:17001,Census TIGER/Line 2024 County,17001,Adams,EXACT_CURRENT_FIPS,Exact Census FIPS; historical Census vintage used only where the i-Tree configuration refers to a retired county/county-equivalent.,2256.5807399772525
ITC-0600,USA,Illinois,Alexander,Alexander,US-FIPS:17003,Census TIGER/Line 2024 County,17003,Alexander,EXACT_CURRENT_FIPS,Exact Census FIPS; historical Census vintage used only where the i-Tree configuration refers to a retired county/county-equivalent.,654.3071629187225
ITC-0601,USA,Illinois,Bond,Bond,US-FIPS:17005,Census TIGER/Line 2024 County,17005,Bond,EXACT_CURRENT_FIPS,Exact Census FIPS; historical Census vintage used only where the i-Tree configuration refers to a retired county/county-equivalent.,991.5292565501506
ITC-0602,USA,Illinois,Boone,Boone,US-FIPS:17007,Census TIGER/Line 2024 County,17007,Boone,EXACT_CURRENT_FIPS,Exact Census FIPS; historical Census vintage used only where the i-Tree configuration refers to a retired county/county-equivalent.,730.4752280066549
ITC-0603,USA,Illinois,Brown,Brown,US-FIPS:17009,Census TIGER/Line 2024 County,17009,Brown,EXACT_CURRENT_FIPS,Exact Census FIPS; historical Census vintage used only where the i-Tree configuration refers to a retired county/county-equivalent.,795.9731110536798
ITC-0604,USA,Illinois,Bureau,Bureau,US-FIPS:17011,Census TIGER/Line 2024 County,17011,Bureau,EXACT_CURRENT_FIPS,Exact Census FIPS; historical Census vintage used only where the i-Tree configuration refers to a retired county/county-equivalent.,2262.408719213163
ITC-0605,USA,Illinois,Calhoun,Calhoun,US-FIPS:17013,Census TIGER/Line 2024 County,17013,Calhoun,EXACT_CURRENT_FIPS,Exact Census FIPS; historical Census vintage used only where the i-Tree configuration refers to a retired county/county-equivalent.,734.4666358110924
ITC-0606,USA,Illinois,Carroll,Carroll,US-FIPS:17015,Census TIGER/Line 2024 County,17015,Carroll,EXACT_CURRENT_FIPS,Exact Census FIPS; historical Census vintage used only where the i-Tree configuration refers to a retired county/county-equivalent.,1209.4791484578304
ITC-0607,USA,Illinois,Cass,Cass,US-FIPS:17017,Census TIGER/Line 2024 County,17017,Cass,EXACT_CURRENT_FIPS,Exact Census FIPS; historical Census vintage used only where the i-Tree configuration refers to a retired county/county-equivalent.,993.768361691803
ITC-0608,USA,Illinois,Champaign,Champaign,US-FIPS:17019,Census TIGER/Line 2024 County,17019,Champaign,EXACT_CURRENT_FIPS,Exact Census FIPS; historical Census vintage used only where the i-Tree configuration refers to a retired county/county-equivalent.,2586.0086380634475
ITC-0609,USA,Illinois,Christian,Christian,US-FIPS:17021,Census TIGER/Line 2024 County,17021,Christian,EXACT_CURRENT_FIPS,Exact Census FIPS; historical Census vintage used only where the i-Tree configuration refers to a retired county/county-equivalent.,1853.7802709962777
ITC-0610,USA,Illinois,Clark,Clark,US-FIPS:17023,Census TIGER/Line 2024 County,17023,Clark,EXACT_CURRENT_FIPS,Exact Census FIPS; historical Census vintage used only where the i-Tree configuration refers to a retired county/county-equivalent.,1307.3262602461882
ITC-0611,USA,Illinois,Clay,Clay,US-FIPS:17025,Census TIGER/Line 2024 County,17025,Clay,EXACT_CURRENT_FIPS,Exact Census FIPS; historical Census vintage used only where the i-Tree configuration refers to a retired county/county-equivalent.,1216.0876207706442
ITC-0612,USA,Illinois,Clinton,Clinton,US-FIPS:17027,Census TIGER/Line 2024 County,17027,Clinton,EXACT_CURRENT_FIPS,Exact Census FIPS; historical Census vintage used only where the i-Tree configuration refers to a retired county/county-equivalent.,1303.1363700111817
ITC-0613,USA,Illinois,Coles,Coles,US-FIPS:17029,Census TIGER/Line 2024 County,17029,Coles,EXACT_CURRENT_FIPS,Exact Census FIPS; historical Census vintage used only where the i-Tree configuration refers to a retired county/county-equivalent.,1321.0680987645499
ITC-0614,USA,Illinois,Cook,Cook,US-FIPS:17031,Census TIGER/Line 2024 County,17031,Cook,EXACT_CURRENT_FIPS,Exact Census FIPS; historical Census vintage used only where the i-Tree configuration refers to a retired county/county-equivalent.,4233.660177053978
ITC-0615,USA,Illinois,Crawford,Crawford,US-FIPS:17033,Census TIGER/Line 2024 County,17033,Crawford,EXACT_CURRENT_FIPS,Exact Census FIPS; historical Census vintage used only where the i-Tree configuration refers to a retired county/county-equivalent.,1154.7761877106545
ITC-0616,USA,Illinois,Cumberland,Cumberland,US-FIPS:17035,Census TIGER/Line 2024 County,17035,Cumberland,EXACT_CURRENT_FIPS,Exact Census FIPS; historical Census vintage used only where the i-Tree configuration refers to a retired county/county-equivalent.,898.5280388826825
ITC-0617,USA,Illinois,De Witt,De Witt,US-FIPS:17039,Census TIGER/Line 2024 County,17039,De Witt,EXACT_CURRENT_FIPS,Exact Census FIPS; historical Census vintage used only where the i-Tree configuration refers to a retired county/county-equivalent.,1049.1708162852306
ITC-0618,USA,Illinois,DeKalb,DeKalb,US-FIPS:17037,Census TIGER/Line 2024 County,17037,DeKalb,EXACT_CURRENT_FIPS,Exact Census FIPS; historical Census vintage used only where the i-Tree configuration refers to a retired county/county-equivalent.,1643.7158908040392
ITC-0619,USA,Illinois,Douglas,Douglas,US-FIPS:17041,Census TIGER/Line 2024 County,17041,Douglas,EXACT_CURRENT_FIPS,Exact Census FIPS; historical Census vintage used only where the i-Tree configuration refers to a retired county/county-equivalent.,1080.558950176645
ITC-0620,USA,Illinois,DuPage,DuPage,US-FIPS:17043,Census TIGER/Line 2024 County,17043,DuPage,EXACT_CURRENT_FIPS,Exact Census FIPS; historical Census vintage used only where the i-Tree configuration refers to a retired county/county-equivalent.,871.2426540487144
ITC-0621,USA,Illinois,Edgar,Edgar,US-FIPS:17045,Census TIGER/Line 2024 County,17045,Edgar,EXACT_CURRENT_FIPS,Exact Census FIPS; historical Census vintage used only where the i-Tree configuration refers to a retired county/county-equivalent.,1615.9657469808174
ITC-0622,USA,Illinois,Edwards,Edwards,US-FIPS:17047,Census TIGER/Line 2024 County,17047,Edwards,EXACT_CURRENT_FIPS,Exact Census FIPS; historical Census vintage used only where the i-Tree configuration refers to a retired county/county-equivalent.,576.7936755685812
ITC-0623,USA,Illinois,Effingham,Effingham,US-FIPS:17049,Census TIGER/Line 2024 County,17049,Effingham,EXACT_CURRENT_FIPS,Exact Census FIPS; historical Census vintage used only where the i-Tree configuration refers to a retired county/county-equivalent.,1243.1804401657762
ITC-0624,USA,Illinois,Fayette,Fayette,US-FIPS:17051,Census TIGER/Line 2024 County,17051,Fayette,EXACT_CURRENT_FIPS,Exact Census FIPS; historical Census vintage used only where the i-Tree configuration refers to a retired county/county-equivalent.,1878.4986004398422
ITC-0625,USA,Illinois,Ford,Ford,US-FIPS:17053,Census TIGER/Line 2024 County,17053,Ford,EXACT_CURRENT_FIPS,Exact Census FIPS; historical Census vintage used only where the i-Tree configuration refers to a retired county/county-equivalent.,1259.3304455763227
ITC-0626,USA,Illinois,Franklin,Franklin,US-FIPS:17055,Census TIGER/Line 2024 County,17055,Franklin,EXACT_CURRENT_FIPS,Exact Census FIPS; historical Census vintage used only where the i-Tree configuration refers to a retired county/county-equivalent.,1117.506304756155
ITC-0627,USA,Illinois,Fulton,Fulton,US-FIPS:17057,Census TIGER/Line 2024 County,17057,Fulton,EXACT_CURRENT_FIPS,Exact Census FIPS; historical Census vintage used only where the i-Tree configuration refers to a retired county/county-equivalent.,2286.037431502419
ITC-0628,USA,Illinois,Gallatin,Gallatin,US-FIPS:17059,Census TIGER/Line 2024 County,17059,Gallatin,EXACT_CURRENT_FIPS,Exact Census FIPS; historical Census vintage used only where the i-Tree configuration refers to a retired county/county-equivalent.,849.7707065026894
ITC-0629,USA,Illinois,Greene,Greene,US-FIPS:17061,Census TIGER/Line 2024 County,17061,Greene,EXACT_CURRENT_FIPS,Exact Census FIPS; historical Census vintage used only where the i-Tree configuration refers to a retired county/county-equivalent.,1415.1608022066746
ITC-0630,USA,Illinois,Grundy,Grundy,US-FIPS:17063,Census TIGER/Line 2024 County,17063,Grundy,EXACT_CURRENT_FIPS,Exact Census FIPS; historical Census vintage used only where the i-Tree configuration refers to a retired county/county-equivalent.,1115.0722887069428
ITC-0631,USA,Illinois,Hamilton,Hamilton,US-FIPS:17065,Census TIGER/Line 2024 County,17065,Hamilton,EXACT_CURRENT_FIPS,Exact Census FIPS; historical Census vintage used only where the i-Tree configuration refers to a retired county/county-equivalent.,1128.9035724114392
ITC-0632,USA,Illinois,Hancock,Hancock,US-FIPS:17067,Census TIGER/Line 2024 County,17067,Hancock,EXACT_CURRENT_FIPS,Exact Census FIPS; historical Census vintage used only where the i-Tree configuration refers to a retired county/county-equivalent.,2109.361736910387
ITC-0633,USA,Illinois,Hardin,Hardin,US-FIPS:17069,Census TIGER/Line 2024 County,17069,Hardin,EXACT_CURRENT_FIPS,Exact Census FIPS; historical Census vintage used only where the i-Tree configuration refers to a retired county/county-equivalent.,469.92072059040936
ITC-0634,USA,Illinois,Henderson,Henderson,US-FIPS:17071,Census TIGER/Line 2024 County,17071,Henderson,EXACT_CURRENT_FIPS,Exact Census FIPS; historical Census vintage used only where the i-Tree configuration refers to a retired county/county-equivalent.,1023.6346258705405
ITC-0635,USA,Illinois,Henry,Henry,US-FIPS:17073,Census TIGER/Line 2024 County,17073,Henry,EXACT_CURRENT_FIPS,Exact Census FIPS; historical Census vintage used only where the i-Tree configuration refers to a retired county/county-equivalent.,2138.5242274652164
ITC-0636,USA,Illinois,Iroquois,Iroquois,US-FIPS:17075,Census TIGER/Line 2024 County,17075,Iroquois,EXACT_CURRENT_FIPS,Exact Census FIPS; historical Census vintage used only where the i-Tree configuration refers to a retired county/county-equivalent.,2898.2807035641704
ITC-0637,USA,Illinois,Jackson,Jackson,US-FIPS:17077,Census TIGER/Line 2024 County,17077,Jackson,EXACT_CURRENT_FIPS,Exact Census FIPS; historical Census vintage used only where the i-Tree configuration refers to a retired county/county-equivalent.,1559.7517879403654
ITC-0638,USA,Illinois,Jasper,Jasper,US-FIPS:17079,Census TIGER/Line 2024 County,17079,Jasper,EXACT_CURRENT_FIPS,Exact Census FIPS; historical Census vintage used only where the i-Tree configuration refers to a retired county/county-equivalent.,1290.3782211052949
ITC-0639,USA,Illinois,Jefferson,Jefferson,US-FIPS:17081,Census TIGER/Line 2024 County,17081,Jefferson,EXACT_CURRENT_FIPS,Exact Census FIPS; historical Census vintage used only where the i-Tree configuration refers to a retired county/county-equivalent.,1512.040840317167
ITC-0640,USA,Illinois,Jersey,Jersey,US-FIPS:17083,Census TIGER/Line 2024 County,17083,Jersey,EXACT_CURRENT_FIPS,Exact Census FIPS; historical Census vintage used only where the i-Tree configuration refers to a retired county/county-equivalent.,977.4772604052298
ITC-0641,USA,Illinois,Jo Daviess,Jo Daviess,US-FIPS:17085,Census TIGER/Line 2024 County,17085,Jo Daviess,EXACT_CURRENT_FIPS,Exact Census FIPS; historical Census vintage used only where the i-Tree configuration refers to a retired county/county-equivalent.,1602.1748009788805
ITC-0642,USA,Illinois,Johnson,Johnson,US-FIPS:17087,Census TIGER/Line 2024 County,17087,Johnson,EXACT_CURRENT_FIPS,Exact Census FIPS; historical Census vintage used only where the i-Tree configuration refers to a retired county/county-equivalent.,903.0881052498337
ITC-0643,USA,Illinois,Kane,Kane,US-FIPS:17089,Census TIGER/Line 2024 County,17089,Kane,EXACT_CURRENT_FIPS,Exact Census FIPS; historical Census vintage used only where the i-Tree configuration refers to a retired county/county-equivalent.,1357.620082271668
ITC-0644,USA,Illinois,Kankakee,Kankakee,US-FIPS:17091,Census TIGER/Line 2024 County,17091,Kankakee,EXACT_CURRENT_FIPS,Exact Census FIPS; historical Census vintage used only where the i-Tree configuration refers to a retired county/county-equivalent.,1764.5604922731275
ITC-0645,USA,Illinois,Kendall,Kendall,US-FIPS:17093,Census TIGER/Line 2024 County,17093,Kendall,EXACT_CURRENT_FIPS,Exact Census FIPS; historical Census vintage used only where the i-Tree configuration refers to a retired county/county-equivalent.,834.5492917458937
ITC-0646,USA,Illinois,Knox,Knox,US-FIPS:17095,Census TIGER/Line 2024 County,17095,Knox,EXACT_CURRENT_FIPS,Exact Census FIPS; historical Census vintage used only where the i-Tree configuration refers to a retired county/county-equivalent.,1864.2662019822956
ITC-0647,USA,Illinois,Lake,Lake,US-FIPS:17097,Census TIGER/Line 2024 County,17097,Lake,EXACT_CURRENT_FIPS,Exact Census FIPS; historical Census vintage used only where the i-Tree configuration refers to a retired county/county-equivalent.,3543.9501739059824
ITC-0648,USA,Illinois,LaSalle,LaSalle,US-FIPS:17099,Census TIGER/Line 2024 County,17099,LaSalle,EXACT_CURRENT_FIPS,Exact Census FIPS; historical Census vintage used only where the i-Tree configuration refers to a retired county/county-equivalent.,2973.7689357654435
ITC-0649,USA,Illinois,Lawrence,Lawrence,US-FIPS:17101,Census TIGER/Line 2024 County,17101,Lawrence,EXACT_CURRENT_FIPS,Exact Census FIPS; historical Census vintage used only where the i-Tree configuration refers to a retired county/county-equivalent.,969.014641074064
ITC-0650,USA,Illinois,Lee,Lee,US-FIPS:17103,Census TIGER/Line 2024 County,17103,Lee,EXACT_CURRENT_FIPS,Exact Census FIPS; historical Census vintage used only where the i-Tree configuration refers to a retired county/county-equivalent.,1886.921788158775
ITC-0651,USA,Illinois,Livingston,Livingston,US-FIPS:17105,Census TIGER/Line 2024 County,17105,Livingston,EXACT_CURRENT_FIPS,Exact Census FIPS; historical Census vintage used only where the i-Tree configuration refers to a retired county/county-equivalent.,2708.9600738245836
ITC-0652,USA,Illinois,Logan,Logan,US-FIPS:17107,Census TIGER/Line 2024 County,17107,Logan,EXACT_CURRENT_FIPS,Exact Census FIPS; historical Census vintage used only where the i-Tree configuration refers to a retired county/county-equivalent.,1603.0104766688007
ITC-0653,USA,Illinois,Macon,Macon,US-FIPS:17115,Census TIGER/Line 2024 County,17115,Macon,EXACT_CURRENT_FIPS,Exact Census FIPS; historical Census vintage used only where the i-Tree configuration refers to a retired county/county-equivalent.,1517.0907793537358
ITC-0654,USA,Illinois,Macoupin,Macoupin,US-FIPS:17117,Census TIGER/Line 2024 County,17117,Macoupin,EXACT_CURRENT_FIPS,Exact Census FIPS; historical Census vintage used only where the i-Tree configuration refers to a retired county/county-equivalent.,2247.3411939205025
ITC-0655,USA,Illinois,Madison,Madison,US-FIPS:17119,Census TIGER/Line 2024 County,17119,Madison,EXACT_CURRENT_FIPS,Exact Census FIPS; historical Census vintage used only where the i-Tree configuration refers to a retired county/county-equivalent.,1916.6980702015444
ITC-0656,USA,Illinois,Marion,Marion,US-FIPS:17121,Census TIGER/Line 2024 County,17121,Marion,EXACT_CURRENT_FIPS,Exact Census FIPS; historical Census vintage used only where the i-Tree configuration refers to a retired county/county-equivalent.,1492.099598104702
ITC-0657,USA,Illinois,Marshall,Marshall,US-FIPS:17123,Census TIGER/Line 2024 County,17123,Marshall,EXACT_CURRENT_FIPS,Exact Census FIPS; historical Census vintage used only where the i-Tree configuration refers to a retired county/county-equivalent.,1032.20855713022
ITC-0658,USA,Illinois,Mason,Mason,US-FIPS:17125,Census TIGER/Line 2024 County,17125,Mason,EXACT_CURRENT_FIPS,Exact Census FIPS; historical Census vintage used only where the i-Tree configuration refers to a retired county/county-equivalent.,1459.6632498001773
ITC-0659,USA,Illinois,Massac,Massac,US-FIPS:17127,Census TIGER/Line 2024 County,17127,Massac,EXACT_CURRENT_FIPS,Exact Census FIPS; historical Census vintage used only where the i-Tree configuration refers to a retired county/county-equivalent.,627.0027745489252
ITC-0660,USA,Illinois,McDonough,McDonough,US-FIPS:17109,Census TIGER/Line 2024 County,17109,McDonough,EXACT_CURRENT_FIPS,Exact Census FIPS; historical Census vintage used only where the i-Tree configuration refers to a retired county/county-equivalent.,1528.3521002189484
ITC-0661,USA,Illinois,McHenry,McHenry,US-FIPS:17111,Census TIGER/Line 2024 County,17111,McHenry,EXACT_CURRENT_FIPS,Exact Census FIPS; historical Census vintage used only where the i-Tree configuration refers to a retired county/county-equivalent.,1582.6620822565974
ITC-0662,USA,Illinois,McLean,McLean,US-FIPS:17113,Census TIGER/Line 2024 County,17113,McLean,EXACT_CURRENT_FIPS,Exact Census FIPS; historical Census vintage used only where the i-Tree configuration refers to a retired county/county-equivalent.,3072.402104348939
ITC-0663,USA,Illinois,Menard,Menard,US-FIPS:17129,Census TIGER/Line 2024 County,17129,Menard,EXACT_CURRENT_FIPS,Exact Census FIPS; historical Census vintage used only where the i-Tree configuration refers to a retired county/county-equivalent.,816.9099455303578
ITC-0664,USA,Illinois,Mercer,Mercer,US-FIPS:17131,Census TIGER/Line 2024 County,17131,Mercer,EXACT_CURRENT_FIPS,Exact Census FIPS; historical Census vintage used only where the i-Tree configuration refers to a retired county/county-equivalent.,1473.0163183765126
ITC-0665,USA,Illinois,Monroe,Monroe,US-FIPS:17133,Census TIGER/Line 2024 County,17133,Monroe,EXACT_CURRENT_FIPS,Exact Census FIPS; historical Census vintage used only where the i-Tree configuration refers to a retired county/county-equivalent.,1031.6793185962879
ITC-0666,USA,Illinois,Montgomery,Montgomery,US-FIPS:17135,Census TIGER/Line 2024 County,17135,Montgomery,EXACT_CURRENT_FIPS,Exact Census FIPS; historical Census vintage used only where the i-Tree configuration refers to a retired county/county-equivalent.,1838.2175794467835
ITC-0667,USA,Illinois,Morgan,Morgan,US-FIPS:17137,Census TIGER/Line 2024 County,17137,Morgan,EXACT_CURRENT_FIPS,Exact Census FIPS; historical Census vintage used only where the i-Tree configuration refers to a retired county/county-equivalent.,1482.649370599771
ITC-0668,USA,Illinois,Moultrie,Moultrie,US-FIPS:17139,Census TIGER/Line 2024 County,17139,Moultrie,EXACT_CURRENT_FIPS,Exact Census FIPS; historical Census vintage used only where the i-Tree configuration refers to a retired county/county-equivalent.,892.2387560267592
ITC-0669,USA,Illinois,Ogle,Ogle,US-FIPS:17141,Census TIGER/Line 2024 County,17141,Ogle,EXACT_CURRENT_FIPS,Exact Census FIPS; historical Census vintage used only where the i-Tree configuration refers to a retired county/county-equivalent.,1977.2828005604163
ITC-0670,USA,Illinois,Peoria,Peoria,US-FIPS:17143,Census TIGER/Line 2024 County,17143,Peoria,EXACT_CURRENT_FIPS,Exact Census FIPS; historical Census vintage used only where the i-Tree configuration refers to a retired county/county-equivalent.,1632.3323233080243
ITC-0671,USA,Illinois,Perry,Perry,US-FIPS:17145,Census TIGER/Line 2024 County,17145,Perry,EXACT_CURRENT_FIPS,Exact Census FIPS; historical Census vintage used only where the i-Tree configuration refers to a retired county/county-equivalent.,1157.7863909512055
ITC-0672,USA,Illinois,Piatt,Piatt,US-FIPS:17147,Census TIGER/Line 2024 County,17147,Piatt,EXACT_CURRENT_FIPS,Exact Census FIPS; historical Census vintage used only where the i-Tree configuration refers to a retired county/county-equivalent.,1138.2460913269651
ITC-0673,USA,Illinois,Pike,Pike,US-FIPS:17149,Census TIGER/Line 2024 County,17149,Pike,EXACT_CURRENT_FIPS,Exact Census FIPS; historical Census vintage used only where the i-Tree configuration refers to a retired county/county-equivalent.,2198.4424250464735
ITC-0674,USA,Illinois,Pope,Pope,US-FIPS:17151,Census TIGER/Line 2024 County,17151,Pope,EXACT_CURRENT_FIPS,Exact Census FIPS; historical Census vintage used only where the i-Tree configuration refers to a retired county/county-equivalent.,970.0243423176098
ITC-0675,USA,Illinois,Pulaski,Pulaski,US-FIPS:17153,Census TIGER/Line 2024 County,17153,Pulaski,EXACT_CURRENT_FIPS,Exact Census FIPS; historical Census vintage used only where the i-Tree configuration refers to a retired county/county-equivalent.,525.8689606691278
ITC-0676,USA,Illinois,Putnam,Putnam,US-FIPS:17155,Census TIGER/Line 2024 County,17155,Putnam,EXACT_CURRENT_FIPS,Exact Census FIPS; historical Census vintage used only where the i-Tree configuration refers to a retired county/county-equivalent.,445.84457741509715
ITC-0677,USA,Illinois,Randolph,Randolph,US-FIPS:17157,Census TIGER/Line 2024 County,17157,Randolph,EXACT_CURRENT_FIPS,Exact Census FIPS; historical Census vintage used only where the i-Tree configuration refers to a retired county/county-equivalent.,1546.3443691525983
ITC-0678,USA,Illinois,Richland,Richland,US-FIPS:17159,Census TIGER/Line 2024 County,17159,Richland,EXACT_CURRENT_FIPS,Exact Census FIPS; historical Census vintage used only where the i-Tree configuration refers to a retired county/county-equivalent.,937.3587223028499
ITC-0679,USA,Illinois,Rock Island,Rock Island,US-FIPS:17161,Census TIGER/Line 2024 County,17161,Rock Island,EXACT_CURRENT_FIPS,Exact Census FIPS; historical Census vintage used only where the i-Tree configuration refers to a retired county/county-equivalent.,1168.8438364530389
ITC-0680,USA,Illinois,Saline,Saline,US-FIPS:17165,Census TIGER/Line 2024 County,17165,Saline,EXACT_CURRENT_FIPS,Exact Census FIPS; historical Census vintage used only where the i-Tree configuration refers to a retired county/county-equivalent.,1002.1495692312097
ITC-0681,USA,Illinois,Sangamon,Sangamon,US-FIPS:17167,Census TIGER/Line 2024 County,17167,Sangamon,EXACT_CURRENT_FIPS,Exact Census FIPS; historical Census vintage used only where the i-Tree configuration refers to a retired county/county-equivalent.,2271.4524895726595
ITC-0682,USA,Illinois,Schuyler,Schuyler,US-FIPS:17169,Census TIGER/Line 2024 County,17169,Schuyler,EXACT_CURRENT_FIPS,Exact Census FIPS; historical Census vintage used only where the i-Tree configuration refers to a retired county/county-equivalent.,1143.1132356351698
ITC-0683,USA,Illinois,Scott,Scott,US-FIPS:17171,Census TIGER/Line 2024 County,17171,Scott,EXACT_CURRENT_FIPS,Exact Census FIPS; historical Census vintage used only where the i-Tree configuration refers to a retired county/county-equivalent.,654.3564335391438
ITC-0684,USA,Illinois,Shelby,Shelby,US-FIPS:17173,Census TIGER/Line 2024 County,17173,Shelby,EXACT_CURRENT_FIPS,Exact Census FIPS; historical Census vintage used only where the i-Tree configuration refers to a retired county/county-equivalent.,1989.2753979693136
ITC-0685,USA,Illinois,St. Clair,St. Clair,US-FIPS:17163,Census TIGER/Line 2024 County,17163,St. Clair,EXACT_CURRENT_FIPS,Exact Census FIPS; historical Census vintage used only where the i-Tree configuration refers to a retired county/county-equivalent.,1745.3701360039956
ITC-0686,USA,Illinois,Stark,Stark,US-FIPS:17175,Census TIGER/Line 2024 County,17175,Stark,EXACT_CURRENT_FIPS,Exact Census FIPS; historical Census vintage used only where the i-Tree configuration refers to a retired county/county-equivalent.,746.8746226115459
ITC-0687,USA,Illinois,Stephenson,Stephenson,US-FIPS:17177,Census TIGER/Line 2024 County,17177,Stephenson,EXACT_CURRENT_FIPS,Exact Census FIPS; historical Census vintage used only where the i-Tree configuration refers to a retired county/county-equivalent.,1462.7424851902813
ITC-0688,USA,Illinois,Tazewell,Tazewell,US-FIPS:17179,Census TIGER/Line 2024 County,17179,Tazewell,EXACT_CURRENT_FIPS,Exact Census FIPS; historical Census vintage used only where the i-Tree configuration refers to a retired county/county-equivalent.,1704.0591461493043
ITC-0689,USA,Illinois,Union,Union,US-FIPS:17181,Census TIGER/Line 2024 County,17181,Union,EXACT_CURRENT_FIPS,Exact Census FIPS; historical Census vintage used only where the i-Tree configuration refers to a retired county/county-equivalent.,1093.2718231386777
ITC-0690,USA,Illinois,Vermilion,Vermilion,US-FIPS:17183,Census TIGER/Line 2024 County,17183,Vermilion,EXACT_CURRENT_FIPS,Exact Census FIPS; historical Census vintage used only where the i-Tree configuration refers to a retired county/county-equivalent.,2334.166398031387
ITC-0691,USA,Illinois,Wabash,Wabash,US-FIPS:17185,Census TIGER/Line 2024 County,17185,Wabash,EXACT_CURRENT_FIPS,Exact Census FIPS; historical Census vintage used only where the i-Tree configuration refers to a retired county/county-equivalent.,589.3775026423949
ITC-0692,USA,Illinois,Warren,Warren,US-FIPS:17187,Census TIGER/Line 2024 County,17187,Warren,EXACT_CURRENT_FIPS,Exact Census FIPS; historical Census vintage used only where the i-Tree configuration refers to a retired county/county-equivalent.,1406.441032103327
ITC-0693,USA,Illinois,Washington,Washington,US-FIPS:17189,Census TIGER/Line 2024 County,17189,Washington,EXACT_CURRENT_FIPS,Exact Census FIPS; historical Census vintage used only where the i-Tree configuration refers to a retired county/county-equivalent.,1460.5063894585765
ITC-0694,USA,Illinois,Wayne,Wayne,US-FIPS:17191,Census TIGER/Line 2024 County,17191,Wayne,EXACT_CURRENT_FIPS,Exact Census FIPS; historical Census vintage used only where the i-Tree configuration refers to a retired county/county-equivalent.,1853.035392230207
ITC-0695,USA,Illinois,White,White,US-FIPS:17193,Census TIGER/Line 2024 County,17193,White,EXACT_CURRENT_FIPS,Exact Census FIPS; historical Census vintage used only where the i-Tree configuration refers to a retired county/county-equivalent.,1299.8328505033721
ITC-0696,USA,Illinois,Whiteside,Whiteside,US-FIPS:17195,Census TIGER/Line 2024 County,17195,Whiteside,EXACT_CURRENT_FIPS,Exact Census FIPS; historical Census vintage used only where the i-Tree configuration refers to a retired county/county-equivalent.,1803.692619921925
ITC-0697,USA,Illinois,Will,Will,US-FIPS:17197,Census TIGER/Line 2024 County,17197,Will,EXACT_CURRENT_FIPS,Exact Census FIPS; historical Census vintage used only where the i-Tree configuration refers to a retired county/county-equivalent.,2199.475669351286
ITC-0698,USA,Illinois,Williamson,Williamson,US-FIPS:17199,Census TIGER/Line 2024 County,17199,Williamson,EXACT_CURRENT_FIPS,Exact Census FIPS; historical Census vintage used only where the i-Tree configuration refers to a retired county/county-equivalent.,1150.8093866385798
ITC-0699,USA,Illinois,Winnebago,Winnebago,US-FIPS:17201,Census TIGER/Line 2024 County,17201,Winnebago,EXACT_CURRENT_FIPS,Exact Census FIPS; historical Census vintage used only where the i-Tree configuration refers to a retired county/county-equivalent.,1344.6664883552976
ITC-0700,USA,Illinois,Woodford,Woodford,US-FIPS:17203,Census TIGER/Line 2024 County,17203,Woodford,EXACT_CURRENT_FIPS,Exact Census FIPS; historical Census vintage used only where the i-Tree configuration refers to a retired county/county-equivalent.,1406.2257154823737
ITC-0701,USA,Indiana,Adams,Adams,US-FIPS:18001,Census TIGER/Line 2024 County,18001,Adams,EXACT_CURRENT_FIPS,Exact Census FIPS; historical Census vintage used only where the i-Tree configuration refers to a retired county/county-equivalent.,880.5070637800131
ITC-0702,USA,Indiana,Allen,Allen,US-FIPS:18003,Census TIGER/Line 2024 County,18003,Allen,EXACT_CURRENT_FIPS,Exact Census FIPS; historical Census vintage used only where the i-Tree configuration refers to a retired county/county-equivalent.,1709.3484648164929
ITC-0703,USA,Indiana,Bartholomew,Bartholomew,US-FIPS:18005,Census TIGER/Line 2024 County,18005,Bartholomew,EXACT_CURRENT_FIPS,Exact Census FIPS; historical Census vintage used only where the i-Tree configuration refers to a retired county/county-equivalent.,1060.6840378392928
ITC-0704,USA,Indiana,Benton,Benton,US-FIPS:18007,Census TIGER/Line 2024 County,18007,Benton,EXACT_CURRENT_FIPS,Exact Census FIPS; historical Census vintage used only where the i-Tree configuration refers to a retired county/county-equivalent.,1052.8525379147381
ITC-0705,USA,Indiana,Blackford,Blackford,US-FIPS:18009,Census TIGER/Line 2024 County,18009,Blackford,EXACT_CURRENT_FIPS,Exact Census FIPS; historical Census vintage used only where the i-Tree configuration refers to a retired county/county-equivalent.,428.85811413178055
ITC-0706,USA,Indiana,Boone,Boone,US-FIPS:18011,Census TIGER/Line 2024 County,18011,Boone,EXACT_CURRENT_FIPS,Exact Census FIPS; historical Census vintage used only where the i-Tree configuration refers to a retired county/county-equivalent.,1096.1367878367187
ITC-0707,USA,Indiana,Brown,Brown,US-FIPS:18013,Census TIGER/Line 2024 County,18013,Brown,EXACT_CURRENT_FIPS,Exact Census FIPS; historical Census vintage used only where the i-Tree configuration refers to a retired county/county-equivalent.,820.0699989594967
ITC-0708,USA,Indiana,Carroll,Carroll,US-FIPS:18015,Census TIGER/Line 2024 County,18015,Carroll,EXACT_CURRENT_FIPS,Exact Census FIPS; historical Census vintage used only where the i-Tree configuration refers to a retired county/county-equivalent.,971.2938692190761
ITC-0709,USA,Indiana,Cass,Cass,US-FIPS:18017,Census TIGER/Line 2024 County,18017,Cass,EXACT_CURRENT_FIPS,Exact Census FIPS; historical Census vintage used only where the i-Tree configuration refers to a retired county/county-equivalent.,1074.4502539176362
ITC-0710,USA,Indiana,Clark,Clark,US-FIPS:18019,Census TIGER/Line 2024 County,18019,Clark,EXACT_CURRENT_FIPS,Exact Census FIPS; historical Census vintage used only where the i-Tree configuration refers to a retired county/county-equivalent.,975.4405593514615
ITC-0711,USA,Indiana,Clay,Clay,US-FIPS:18021,Census TIGER/Line 2024 County,18021,Clay,EXACT_CURRENT_FIPS,Exact Census FIPS; historical Census vintage used only where the i-Tree configuration refers to a retired county/county-equivalent.,933.2281358482553
ITC-0712,USA,Indiana,Clinton,Clinton,US-FIPS:18023,Census TIGER/Line 2024 County,18023,Clinton,EXACT_CURRENT_FIPS,Exact Census FIPS; historical Census vintage used only where the i-Tree configuration refers to a retired county/county-equivalent.,1049.580176202775
ITC-0713,USA,Indiana,Crawford,Crawford,US-FIPS:18025,Census TIGER/Line 2024 County,18025,Crawford,EXACT_CURRENT_FIPS,Exact Census FIPS; historical Census vintage used only where the i-Tree configuration refers to a retired county/county-equivalent.,799.7358490029998
ITC-0714,USA,Indiana,Daviess,Daviess,US-FIPS:18027,Census TIGER/Line 2024 County,18027,Daviess,EXACT_CURRENT_FIPS,Exact Census FIPS; historical Census vintage used only where the i-Tree configuration refers to a retired county/county-equivalent.,1131.4987610163168
ITC-0715,USA,Indiana,Dearborn,Dearborn,US-FIPS:18029,Census TIGER/Line 2024 County,18029,Dearborn,EXACT_CURRENT_FIPS,Exact Census FIPS; historical Census vintage used only where the i-Tree configuration refers to a retired county/county-equivalent.,796.1901035723455
ITC-0716,USA,Indiana,Decatur,Decatur,US-FIPS:18031,Census TIGER/Line 2024 County,18031,Decatur,EXACT_CURRENT_FIPS,Exact Census FIPS; historical Census vintage used only where the i-Tree configuration refers to a retired county/county-equivalent.,966.9018301531197
ITC-0717,USA,Indiana,DeKalb,DeKalb,US-FIPS:18033,Census TIGER/Line 2024 County,18033,DeKalb,EXACT_CURRENT_FIPS,Exact Census FIPS; historical Census vintage used only where the i-Tree configuration refers to a retired county/county-equivalent.,942.3930369024184
ITC-0718,USA,Indiana,Delaware,Delaware,US-FIPS:18035,Census TIGER/Line 2024 County,18035,Delaware,EXACT_CURRENT_FIPS,Exact Census FIPS; historical Census vintage used only where the i-Tree configuration refers to a retired county/county-equivalent.,1025.4001892709196
ITC-0719,USA,Indiana,Dubois,Dubois,US-FIPS:18037,Census TIGER/Line 2024 County,18037,Dubois,EXACT_CURRENT_FIPS,Exact Census FIPS; historical Census vintage used only where the i-Tree configuration refers to a retired county/county-equivalent.,1127.5093591991342
ITC-0720,USA,Indiana,Elkhart,Elkhart,US-FIPS:18039,Census TIGER/Line 2024 County,18039,Elkhart,EXACT_CURRENT_FIPS,Exact Census FIPS; historical Census vintage used only where the i-Tree configuration refers to a retired county/county-equivalent.,1212.038146067484
ITC-0721,USA,Indiana,Fayette,Fayette,US-FIPS:18041,Census TIGER/Line 2024 County,18041,Fayette,EXACT_CURRENT_FIPS,Exact Census FIPS; historical Census vintage used only where the i-Tree configuration refers to a retired county/county-equivalent.,557.2680329121381
ITC-0722,USA,Indiana,Floyd,Floyd,US-FIPS:18043,Census TIGER/Line 2024 County,18043,Floyd,EXACT_CURRENT_FIPS,Exact Census FIPS; historical Census vintage used only where the i-Tree configuration refers to a retired county/county-equivalent.,387.2476869199091
ITC-0723,USA,Indiana,Fountain,Fountain,US-FIPS:18045,Census TIGER/Line 2024 County,18045,Fountain,EXACT_CURRENT_FIPS,Exact Census FIPS; historical Census vintage used only where the i-Tree configuration refers to a retired county/county-equivalent.,1030.5033653553555
ITC-0724,USA,Indiana,Franklin,Franklin,US-FIPS:18047,Census TIGER/Line 2024 County,18047,Franklin,EXACT_CURRENT_FIPS,Exact Census FIPS; historical Census vintage used only where the i-Tree configuration refers to a retired county/county-equivalent.,1012.8141780287119
ITC-0725,USA,Indiana,Fulton,Fulton,US-FIPS:18049,Census TIGER/Line 2024 County,18049,Fulton,EXACT_CURRENT_FIPS,Exact Census FIPS; historical Census vintage used only where the i-Tree configuration refers to a retired county/county-equivalent.,961.5729949877033
ITC-0726,USA,Indiana,Gibson,Gibson,US-FIPS:18051,Census TIGER/Line 2024 County,18051,Gibson,EXACT_CURRENT_FIPS,Exact Census FIPS; historical Census vintage used only where the i-Tree configuration refers to a retired county/county-equivalent.,1293.1948564965282
ITC-0727,USA,Indiana,Grant,Grant,US-FIPS:18053,Census TIGER/Line 2024 County,18053,Grant,EXACT_CURRENT_FIPS,Exact Census FIPS; historical Census vintage used only where the i-Tree configuration refers to a retired county/county-equivalent.,1074.5861535682418
ITC-0728,USA,Indiana,Greene,Greene,US-FIPS:18055,Census TIGER/Line 2024 County,18055,Greene,EXACT_CURRENT_FIPS,Exact Census FIPS; historical Census vintage used only where the i-Tree configuration refers to a retired county/county-equivalent.,1413.9036212185279
ITC-0729,USA,Indiana,Hamilton,Hamilton,US-FIPS:18057,Census TIGER/Line 2024 County,18057,Hamilton,EXACT_CURRENT_FIPS,Exact Census FIPS; historical Census vintage used only where the i-Tree configuration refers to a retired county/county-equivalent.,1042.3841209346806
ITC-0730,USA,Indiana,Hancock,Hancock,US-FIPS:18059,Census TIGER/Line 2024 County,18059,Hancock,EXACT_CURRENT_FIPS,Exact Census FIPS; historical Census vintage used only where the i-Tree configuration refers to a retired county/county-equivalent.,795.1950013299352
ITC-0731,USA,Indiana,Harrison,Harrison,US-FIPS:18061,Census TIGER/Line 2024 County,18061,Harrison,EXACT_CURRENT_FIPS,Exact Census FIPS; historical Census vintage used only where the i-Tree configuration refers to a retired county/county-equivalent.,1259.040031741606
ITC-0732,USA,Indiana,Hendricks,Hendricks,US-FIPS:18063,Census TIGER/Line 2024 County,18063,Hendricks,EXACT_CURRENT_FIPS,Exact Census FIPS; historical Census vintage used only where the i-Tree configuration refers to a retired county/county-equivalent.,1058.7302573799707
ITC-0733,USA,Indiana,Henry,Henry,US-FIPS:18065,Census TIGER/Line 2024 County,18065,Henry,EXACT_CURRENT_FIPS,Exact Census FIPS; historical Census vintage used only where the i-Tree configuration refers to a retired county/county-equivalent.,1022.6097540726662
ITC-0734,USA,Indiana,Howard,Howard,US-FIPS:18067,Census TIGER/Line 2024 County,18067,Howard,EXACT_CURRENT_FIPS,Exact Census FIPS; historical Census vintage used only where the i-Tree configuration refers to a retired county/county-equivalent.,761.2532315509163
ITC-0735,USA,Indiana,Huntington,Huntington,US-FIPS:18069,Census TIGER/Line 2024 County,18069,Huntington,EXACT_CURRENT_FIPS,Exact Census FIPS; historical Census vintage used only where the i-Tree configuration refers to a retired county/county-equivalent.,1004.1586172919631
ITC-0736,USA,Indiana,Jackson,Jackson,US-FIPS:18071,Census TIGER/Line 2024 County,18071,Jackson,EXACT_CURRENT_FIPS,Exact Census FIPS; historical Census vintage used only where the i-Tree configuration refers to a retired county/county-equivalent.,1331.0104120190251
ITC-0737,USA,Indiana,Jasper,Jasper,US-FIPS:18073,Census TIGER/Line 2024 County,18073,Jasper,EXACT_CURRENT_FIPS,Exact Census FIPS; historical Census vintage used only where the i-Tree configuration refers to a retired county/county-equivalent.,1453.9924553445517
ITC-0738,USA,Indiana,Jay,Jay,US-FIPS:18075,Census TIGER/Line 2024 County,18075,Jay,EXACT_CURRENT_FIPS,Exact Census FIPS; historical Census vintage used only where the i-Tree configuration refers to a retired county/county-equivalent.,994.7684257673794
ITC-0739,USA,Indiana,Jefferson,Jefferson,US-FIPS:18077,Census TIGER/Line 2024 County,18077,Jefferson,EXACT_CURRENT_FIPS,Exact Census FIPS; historical Census vintage used only where the i-Tree configuration refers to a retired county/county-equivalent.,940.196636371054
ITC-0740,USA,Indiana,Jennings,Jennings,US-FIPS:18079,Census TIGER/Line 2024 County,18079,Jennings,EXACT_CURRENT_FIPS,Exact Census FIPS; historical Census vintage used only where the i-Tree configuration refers to a retired county/county-equivalent.,979.9103371554257
ITC-0741,USA,Indiana,Johnson,Johnson,US-FIPS:18081,Census TIGER/Line 2024 County,18081,Johnson,EXACT_CURRENT_FIPS,Exact Census FIPS; historical Census vintage used only where the i-Tree configuration refers to a retired county/county-equivalent.,833.43459807585
ITC-0742,USA,Indiana,Knox,Knox,US-FIPS:18083,Census TIGER/Line 2024 County,18083,Knox,EXACT_CURRENT_FIPS,Exact Census FIPS; historical Census vintage used only where the i-Tree configuration refers to a retired county/county-equivalent.,1356.9034076532516
ITC-0743,USA,Indiana,Kosciusko,Kosciusko,US-FIPS:18085,Census TIGER/Line 2024 County,18085,Kosciusko,EXACT_CURRENT_FIPS,Exact Census FIPS; historical Census vintage used only where the i-Tree configuration refers to a retired county/county-equivalent.,1435.8711859548005
ITC-0744,USA,Indiana,LaGrange,LaGrange,US-FIPS:18087,Census TIGER/Line 2024 County,18087,LaGrange,EXACT_CURRENT_FIPS,Exact Census FIPS; historical Census vintage used only where the i-Tree configuration refers to a retired county/county-equivalent.,1001.5546623876754
ITC-0745,USA,Indiana,Lake,Lake,US-FIPS:18089,Census TIGER/Line 2024 County,18089,Lake,EXACT_CURRENT_FIPS,Exact Census FIPS; historical Census vintage used only where the i-Tree configuration refers to a retired county/county-equivalent.,1622.9507320909395
ITC-0746,USA,Indiana,LaPorte,LaPorte,US-FIPS:18091,Census TIGER/Line 2024 County,18091,LaPorte,EXACT_CURRENT_FIPS,Exact Census FIPS; historical Census vintage used only where the i-Tree configuration refers to a retired county/county-equivalent.,1588.3342873929203
ITC-0747,USA,Indiana,Lawrence,Lawrence,US-FIPS:18093,Census TIGER/Line 2024 County,18093,Lawrence,EXACT_CURRENT_FIPS,Exact Census FIPS; historical Census vintage used only where the i-Tree configuration refers to a retired county/county-equivalent.,1170.4903686528332
ITC-0748,USA,Indiana,Madison,Madison,US-FIPS:18095,Census TIGER/Line 2024 County,18095,Madison,EXACT_CURRENT_FIPS,Exact Census FIPS; historical Census vintage used only where the i-Tree configuration refers to a retired county/county-equivalent.,1173.0169189587998
ITC-0749,USA,Indiana,Marion,Marion,US-FIPS:18097,Census TIGER/Line 2024 County,18097,Marion,EXACT_CURRENT_FIPS,Exact Census FIPS; historical Census vintage used only where the i-Tree configuration refers to a retired county/county-equivalent.,1043.787823204512
ITC-0750,USA,Indiana,Marshall,Marshall,US-FIPS:18099,Census TIGER/Line 2024 County,18099,Marshall,EXACT_CURRENT_FIPS,Exact Census FIPS; historical Census vintage used only where the i-Tree configuration refers to a retired county/county-equivalent.,1164.8284337263972
ITC-0751,USA,Indiana,Martin,Martin,US-FIPS:18101,Census TIGER/Line 2024 County,18101,Martin,EXACT_CURRENT_FIPS,Exact Census FIPS; historical Census vintage used only where the i-Tree configuration refers to a retired county/county-equivalent.,881.6489552614402
ITC-0752,USA,Indiana,Miami,Miami,US-FIPS:18103,Census TIGER/Line 2024 County,18103,Miami,EXACT_CURRENT_FIPS,Exact Census FIPS; historical Census vintage used only where the i-Tree configuration refers to a retired county/county-equivalent.,977.4314718460676
ITC-0753,USA,Indiana,Monroe,Monroe,US-FIPS:18105,Census TIGER/Line 2024 County,18105,Monroe,EXACT_CURRENT_FIPS,Exact Census FIPS; historical Census vintage used only where the i-Tree configuration refers to a retired county/county-equivalent.,1065.3176106683723
ITC-0754,USA,Indiana,Montgomery,Montgomery,US-FIPS:18107,Census TIGER/Line 2024 County,18107,Montgomery,EXACT_CURRENT_FIPS,Exact Census FIPS; historical Census vintage used only where the i-Tree configuration refers to a retired county/county-equivalent.,1309.09872567009
ITC-0755,USA,Indiana,Morgan,Morgan,US-FIPS:18109,Census TIGER/Line 2024 County,18109,Morgan,EXACT_CURRENT_FIPS,Exact Census FIPS; historical Census vintage used only where the i-Tree configuration refers to a retired county/county-equivalent.,1060.414807768532
ITC-0756,USA,Indiana,Newton,Newton,US-FIPS:18111,Census TIGER/Line 2024 County,18111,Newton,EXACT_CURRENT_FIPS,Exact Census FIPS; historical Census vintage used only where the i-Tree configuration refers to a retired county/county-equivalent.,1044.8893397974189
ITC-0757,USA,Indiana,Noble,Noble,US-FIPS:18113,Census TIGER/Line 2024 County,18113,Noble,EXACT_CURRENT_FIPS,Exact Census FIPS; historical Census vintage used only where the i-Tree configuration refers to a retired county/county-equivalent.,1081.1460108847937
ITC-0758,USA,Indiana,Ohio,Ohio,US-FIPS:18115,Census TIGER/Line 2024 County,18115,Ohio,EXACT_CURRENT_FIPS,Exact Census FIPS; historical Census vintage used only where the i-Tree configuration refers to a retired county/county-equivalent.,226.49687444835186
ITC-0759,USA,Indiana,Orange,Orange,US-FIPS:18117,Census TIGER/Line 2024 County,18117,Orange,EXACT_CURRENT_FIPS,Exact Census FIPS; historical Census vintage used only where the i-Tree configuration refers to a retired county/county-equivalent.,1057.2121770449044
ITC-0760,USA,Indiana,Owen,Owen,US-FIPS:18119,Census TIGER/Line 2024 County,18119,Owen,EXACT_CURRENT_FIPS,Exact Census FIPS; historical Census vintage used only where the i-Tree configuration refers to a retired county/county-equivalent.,1004.478027199715
ITC-0761,USA,Indiana,Parke,Parke,US-FIPS:18121,Census TIGER/Line 2024 County,18121,Parke,EXACT_CURRENT_FIPS,Exact Census FIPS; historical Census vintage used only where the i-Tree configuration refers to a retired county/county-equivalent.,1165.4771126475277
ITC-0762,USA,Indiana,Perry,Perry,US-FIPS:18123,Census TIGER/Line 2024 County,18123,Perry,EXACT_CURRENT_FIPS,Exact Census FIPS; historical Census vintage used only where the i-Tree configuration refers to a retired county/county-equivalent.,1000.5396203633542
ITC-0763,USA,Indiana,Pike,Pike,US-FIPS:18125,Census TIGER/Line 2024 County,18125,Pike,EXACT_CURRENT_FIPS,Exact Census FIPS; historical Census vintage used only where the i-Tree configuration refers to a retired county/county-equivalent.,883.4302692629631
ITC-0764,USA,Indiana,Porter,Porter,US-FIPS:18127,Census TIGER/Line 2024 County,18127,Porter,EXACT_CURRENT_FIPS,Exact Census FIPS; historical Census vintage used only where the i-Tree configuration refers to a retired county/county-equivalent.,1351.5210630893641
ITC-0765,USA,Indiana,Posey,Posey,US-FIPS:18129,Census TIGER/Line 2024 County,18129,Posey,EXACT_CURRENT_FIPS,Exact Census FIPS; historical Census vintage used only where the i-Tree configuration refers to a retired county/county-equivalent.,1086.807557069368
ITC-0766,USA,Indiana,Pulaski,Pulaski,US-FIPS:18131,Census TIGER/Line 2024 County,18131,Pulaski,EXACT_CURRENT_FIPS,Exact Census FIPS; historical Census vintage used only where the i-Tree configuration refers to a retired county/county-equivalent.,1125.4376132417547
ITC-0767,USA,Indiana,Putnam,Putnam,US-FIPS:18133,Census TIGER/Line 2024 County,18133,Putnam,EXACT_CURRENT_FIPS,Exact Census FIPS; historical Census vintage used only where the i-Tree configuration refers to a retired county/county-equivalent.,1250.1717200713915
ITC-0768,USA,Indiana,Randolph,Randolph,US-FIPS:18135,Census TIGER/Line 2024 County,18135,Randolph,EXACT_CURRENT_FIPS,Exact Census FIPS; historical Census vintage used only where the i-Tree configuration refers to a retired county/county-equivalent.,1174.0770838881663
ITC-0769,USA,Indiana,Ripley,Ripley,US-FIPS:18137,Census TIGER/Line 2024 County,18137,Ripley,EXACT_CURRENT_FIPS,Exact Census FIPS; historical Census vintage used only where the i-Tree configuration refers to a retired county/county-equivalent.,1160.4746819283994
ITC-0770,USA,Indiana,Rush,Rush,US-FIPS:18139,Census TIGER/Line 2024 County,18139,Rush,EXACT_CURRENT_FIPS,Exact Census FIPS; historical Census vintage used only where the i-Tree configuration refers to a retired county/county-equivalent.,1057.9076579749617
ITC-0771,USA,Indiana,Scott,Scott,US-FIPS:18143,Census TIGER/Line 2024 County,18143,Scott,EXACT_CURRENT_FIPS,Exact Census FIPS; historical Census vintage used only where the i-Tree configuration refers to a retired county/county-equivalent.,499.2152821679504
ITC-0772,USA,Indiana,Shelby,Shelby,US-FIPS:18145,Census TIGER/Line 2024 County,18145,Shelby,EXACT_CURRENT_FIPS,Exact Census FIPS; historical Census vintage used only where the i-Tree configuration refers to a retired county/county-equivalent.,1069.0340997457452
ITC-0773,USA,Indiana,Spencer,Spencer,US-FIPS:18147,Census TIGER/Line 2024 County,18147,Spencer,EXACT_CURRENT_FIPS,Exact Census FIPS; historical Census vintage used only where the i-Tree configuration refers to a retired county/county-equivalent.,1039.9034444610022
ITC-0774,USA,Indiana,St. Joseph,St. Joseph,US-FIPS:18141,Census TIGER/Line 2024 County,18141,St. Joseph,EXACT_CURRENT_FIPS,Exact Census FIPS; historical Census vintage used only where the i-Tree configuration refers to a retired county/county-equivalent.,1194.982969294661
ITC-0775,USA,Indiana,Starke,Starke,US-FIPS:18149,Census TIGER/Line 2024 County,18149,Starke,EXACT_CURRENT_FIPS,Exact Census FIPS; historical Census vintage used only where the i-Tree configuration refers to a retired county/county-equivalent.,808.6089719940553
ITC-0776,USA,Indiana,Steuben,Steuben,US-FIPS:18151,Census TIGER/Line 2024 County,18151,Steuben,EXACT_CURRENT_FIPS,Exact Census FIPS; historical Census vintage used only where the i-Tree configuration refers to a retired county/county-equivalent.,835.1840169582727
ITC-0777,USA,Indiana,Sullivan,Sullivan,US-FIPS:18153,Census TIGER/Line 2024 County,18153,Sullivan,EXACT_CURRENT_FIPS,Exact Census FIPS; historical Census vintage used only where the i-Tree configuration refers to a retired county/county-equivalent.,1176.154648912514
ITC-0778,USA,Indiana,Switzerland,Switzerland,US-FIPS:18155,Census TIGER/Line 2024 County,18155,Switzerland,EXACT_CURRENT_FIPS,Exact Census FIPS; historical Census vintage used only where the i-Tree configuration refers to a retired county/county-equivalent.,579.0575578451978
ITC-0779,USA,Indiana,Tippecanoe,Tippecanoe,US-FIPS:18157,Census TIGER/Line 2024 County,18157,Tippecanoe,EXACT_CURRENT_FIPS,Exact Census FIPS; historical Census vintage used only where the i-Tree configuration refers to a retired county/county-equivalent.,1303.3942476548384
ITC-0780,USA,Indiana,Tipton,Tipton,US-FIPS:18159,Census TIGER/Line 2024 County,18159,Tipton,EXACT_CURRENT_FIPS,Exact Census FIPS; historical Census vintage used only where the i-Tree configuration refers to a retired county/county-equivalent.,674.8656806065173
ITC-0781,USA,Indiana,Union,Union,US-FIPS:18161,Census TIGER/Line 2024 County,18161,Union,EXACT_CURRENT_FIPS,Exact Census FIPS; historical Census vintage used only where the i-Tree configuration refers to a retired county/county-equivalent.,427.8069603577115
ITC-0782,USA,Indiana,Vanderburgh,Vanderburgh,US-FIPS:18163,Census TIGER/Line 2024 County,18163,Vanderburgh,EXACT_CURRENT_FIPS,Exact Census FIPS; historical Census vintage used only where the i-Tree configuration refers to a retired county/county-equivalent.,613.4622495069451
ITC-0783,USA,Indiana,Vermillion,Vermillion,US-FIPS:18165,Census TIGER/Line 2024 County,18165,Vermillion,EXACT_CURRENT_FIPS,Exact Census FIPS; historical Census vintage used only where the i-Tree configuration refers to a retired county/county-equivalent.,673.1703598866695
ITC-0784,USA,Indiana,Vigo,Vigo,US-FIPS:18167,Census TIGER/Line 2024 County,18167,Vigo,EXACT_CURRENT_FIPS,Exact Census FIPS; historical Census vintage used only where the i-Tree configuration refers to a retired county/county-equivalent.,1063.0615397119598
ITC-0785,USA,Indiana,Wabash,Wabash,US-FIPS:18169,Census TIGER/Line 2024 County,18169,Wabash,EXACT_CURRENT_FIPS,Exact Census FIPS; historical Census vintage used only where the i-Tree configuration refers to a retired county/county-equivalent.,1090.3222985431394
ITC-0786,USA,Indiana,Warren,Warren,US-FIPS:18171,Census TIGER/Line 2024 County,18171,Warren,EXACT_CURRENT_FIPS,Exact Census FIPS; historical Census vintage used only where the i-Tree configuration refers to a retired county/county-equivalent.,948.9868088961289
ITC-0787,USA,Indiana,Warrick,Warrick,US-FIPS:18173,Census TIGER/Line 2024 County,18173,Warrick,EXACT_CURRENT_FIPS,Exact Census FIPS; historical Census vintage used only where the i-Tree configuration refers to a retired county/county-equivalent.,1012.8178655486059
ITC-0788,USA,Indiana,Washington,Washington,US-FIPS:18175,Census TIGER/Line 2024 County,18175,Washington,EXACT_CURRENT_FIPS,Exact Census FIPS; historical Census vintage used only where the i-Tree configuration refers to a retired county/county-equivalent.,1337.9762939995853
ITC-0789,USA,Indiana,Wayne,Wayne,US-FIPS:18177,Census TIGER/Line 2024 County,18177,Wayne,EXACT_CURRENT_FIPS,Exact Census FIPS; historical Census vintage used only where the i-Tree configuration refers to a retired county/county-equivalent.,1047.2414994869619
ITC-0790,USA,Indiana,Wells,Wells,US-FIPS:18179,Census TIGER/Line 2024 County,18179,Wells,EXACT_CURRENT_FIPS,Exact Census FIPS; historical Census vintage used only where the i-Tree configuration refers to a retired county/county-equivalent.,958.9377554443793
ITC-0791,USA,Indiana,White,White,US-FIPS:18181,Census TIGER/Line 2024 County,18181,White,EXACT_CURRENT_FIPS,Exact Census FIPS; historical Census vintage used only where the i-Tree configuration refers to a retired county/county-equivalent.,1317.4731719774263
ITC-0792,USA,Indiana,Whitley,Whitley,US-FIPS:18183,Census TIGER/Line 2024 County,18183,Whitley,EXACT_CURRENT_FIPS,Exact Census FIPS; historical Census vintage used only where the i-Tree configuration refers to a retired county/county-equivalent.,875.3307795549714
ITC-0793,USA,Iowa,Adair,Adair,US-FIPS:19001,Census TIGER/Line 2024 County,19001,Adair,EXACT_CURRENT_FIPS,Exact Census FIPS; historical Census vintage used only where the i-Tree configuration refers to a retired county/county-equivalent.,1477.0021353282837
ITC-0794,USA,Iowa,Adams,Adams,US-FIPS:19003,Census TIGER/Line 2024 County,19003,Adams,EXACT_CURRENT_FIPS,Exact Census FIPS; historical Census vintage used only where the i-Tree configuration refers to a retired county/county-equivalent.,1102.0541020255225
ITC-0795,USA,Iowa,Allamakee,Allamakee,US-FIPS:19005,Census TIGER/Line 2024 County,19005,Allamakee,EXACT_CURRENT_FIPS,Exact Census FIPS; historical Census vintage used only where the i-Tree configuration refers to a retired county/county-equivalent.,1706.2783328351823
ITC-0796,USA,Iowa,Appanoose,Appanoose,US-FIPS:19007,Census TIGER/Line 2024 County,19007,Appanoose,EXACT_CURRENT_FIPS,Exact Census FIPS; historical Census vintage used only where the i-Tree configuration refers to a retired county/county-equivalent.,1337.0916181210048
ITC-0797,USA,Iowa,Audubon,Audubon,US-FIPS:19009,Census TIGER/Line 2024 County,19009,Audubon,EXACT_CURRENT_FIPS,Exact Census FIPS; historical Census vintage used only where the i-Tree configuration refers to a retired county/county-equivalent.,1148.4146114387054
ITC-0798,USA,Iowa,Benton,Benton,US-FIPS:19011,Census TIGER/Line 2024 County,19011,Benton,EXACT_CURRENT_FIPS,Exact Census FIPS; historical Census vintage used only where the i-Tree configuration refers to a retired county/county-equivalent.,1860.554309907378
ITC-0799,USA,Iowa,Black Hawk,Black Hawk,US-FIPS:19013,Census TIGER/Line 2024 County,19013,Black Hawk,EXACT_CURRENT_FIPS,Exact Census FIPS; historical Census vintage used only where the i-Tree configuration refers to a retired county/county-equivalent.,1483.2319882526376
ITC-0800,USA,Iowa,Boone,Boone,US-FIPS:19015,Census TIGER/Line 2024 County,19015,Boone,EXACT_CURRENT_FIPS,Exact Census FIPS; historical Census vintage used only where the i-Tree configuration refers to a retired county/county-equivalent.,1485.69644627934
ITC-0801,USA,Iowa,Bremer,Bremer,US-FIPS:19017,Census TIGER/Line 2024 County,19017,Bremer,EXACT_CURRENT_FIPS,Exact Census FIPS; historical Census vintage used only where the i-Tree configuration refers to a retired county/county-equivalent.,1138.0521107423722
ITC-0802,USA,Iowa,Buchanan,Buchanan,US-FIPS:19019,Census TIGER/Line 2024 County,19019,Buchanan,EXACT_CURRENT_FIPS,Exact Census FIPS; historical Census vintage used only where the i-Tree configuration refers to a retired county/county-equivalent.,1484.3097081836136
ITC-0803,USA,Iowa,Buena Vista,Buena Vista,US-FIPS:19021,Census TIGER/Line 2024 County,19021,Buena Vista,EXACT_CURRENT_FIPS,Exact Census FIPS; historical Census vintage used only where the i-Tree configuration refers to a retired county/county-equivalent.,1502.7799153364547
ITC-0804,USA,Iowa,Butler,Butler,US-FIPS:19023,Census TIGER/Line 2024 County,19023,Butler,EXACT_CURRENT_FIPS,Exact Census FIPS; historical Census vintage used only where the i-Tree configuration refers to a retired county/county-equivalent.,1506.7457999166413
ITC-0805,USA,Iowa,Calhoun,Calhoun,US-FIPS:19025,Census TIGER/Line 2024 County,19025,Calhoun,EXACT_CURRENT_FIPS,Exact Census FIPS; historical Census vintage used only where the i-Tree configuration refers to a retired county/county-equivalent.,1481.7685853538462
ITC-0806,USA,Iowa,Carroll,Carroll,US-FIPS:19027,Census TIGER/Line 2024 County,19027,Carroll,EXACT_CURRENT_FIPS,Exact Census FIPS; historical Census vintage used only where the i-Tree configuration refers to a retired county/county-equivalent.,1477.0224747396949
ITC-0807,USA,Iowa,Cass,Cass,US-FIPS:19029,Census TIGER/Line 2024 County,19029,Cass,EXACT_CURRENT_FIPS,Exact Census FIPS; historical Census vintage used only where the i-Tree configuration refers to a retired county/county-equivalent.,1463.209490291874
ITC-0808,USA,Iowa,Cedar,Cedar,US-FIPS:19031,Census TIGER/Line 2024 County,19031,Cedar,EXACT_CURRENT_FIPS,Exact Census FIPS; historical Census vintage used only where the i-Tree configuration refers to a retired county/county-equivalent.,1507.1844409741293
ITC-0809,USA,Iowa,Cerro Gordo,Cerro Gordo,US-FIPS:19033,Census TIGER/Line 2024 County,19033,Cerro Gordo,EXACT_CURRENT_FIPS,Exact Census FIPS; historical Census vintage used only where the i-Tree configuration refers to a retired county/county-equivalent.,1489.5499033131275
ITC-0810,USA,Iowa,Cherokee,Cherokee,US-FIPS:19035,Census TIGER/Line 2024 County,19035,Cherokee,EXACT_CURRENT_FIPS,Exact Census FIPS; historical Census vintage used only where the i-Tree configuration refers to a retired county/county-equivalent.,1494.6045467018207
ITC-0811,USA,Iowa,Chickasaw,Chickasaw,US-FIPS:19037,Census TIGER/Line 2024 County,19037,Chickasaw,EXACT_CURRENT_FIPS,Exact Census FIPS; historical Census vintage used only where the i-Tree configuration refers to a retired county/county-equivalent.,1309.6482765729713
ITC-0812,USA,Iowa,Clarke,Clarke,US-FIPS:19039,Census TIGER/Line 2024 County,19039,Clarke,EXACT_CURRENT_FIPS,Exact Census FIPS; historical Census vintage used only where the i-Tree configuration refers to a retired county/county-equivalent.,1118.098412047307
ITC-0813,USA,Iowa,Clay,Clay,US-FIPS:19041,Census TIGER/Line 2024 County,19041,Clay,EXACT_CURRENT_FIPS,Exact Census FIPS; historical Census vintage used only where the i-Tree configuration refers to a retired county/county-equivalent.,1483.006051747761
ITC-0814,USA,Iowa,Clayton,Clayton,US-FIPS:19043,Census TIGER/Line 2024 County,19043,Clayton,EXACT_CURRENT_FIPS,Exact Census FIPS; historical Census vintage used only where the i-Tree configuration refers to a retired county/county-equivalent.,2052.9036064402903
ITC-0815,USA,Iowa,Clinton,Clinton,US-FIPS:19045,Census TIGER/Line 2024 County,19045,Clinton,EXACT_CURRENT_FIPS,Exact Census FIPS; historical Census vintage used only where the i-Tree configuration refers to a retired county/county-equivalent.,1839.3456360751147
ITC-0816,USA,Iowa,Crawford,Crawford,US-FIPS:19047,Census TIGER/Line 2024 County,19047,Crawford,EXACT_CURRENT_FIPS,Exact Census FIPS; historical Census vintage used only where the i-Tree configuration refers to a retired county/county-equivalent.,1851.9376326287727
ITC-0817,USA,Iowa,Dallas,Dallas,US-FIPS:19049,Census TIGER/Line 2024 County,19049,Dallas,EXACT_CURRENT_FIPS,Exact Census FIPS; historical Census vintage used only where the i-Tree configuration refers to a retired county/county-equivalent.,1532.2517381454586
ITC-0818,USA,Iowa,Davis,Davis,US-FIPS:19051,Census TIGER/Line 2024 County,19051,Davis,EXACT_CURRENT_FIPS,Exact Census FIPS; historical Census vintage used only where the i-Tree configuration refers to a retired county/county-equivalent.,1307.5659014647867
ITC-0819,USA,Iowa,Decatur,Decatur,US-FIPS:19053,Census TIGER/Line 2024 County,19053,Decatur,EXACT_CURRENT_FIPS,Exact Census FIPS; historical Census vintage used only where the i-Tree configuration refers to a retired county/county-equivalent.,1381.7080571441375
ITC-0820,USA,Iowa,Delaware,Delaware,US-FIPS:19055,Census TIGER/Line 2024 County,19055,Delaware,EXACT_CURRENT_FIPS,Exact Census FIPS; historical Census vintage used only where the i-Tree configuration refers to a retired county/county-equivalent.,1499.3789505448876
ITC-0821,USA,Iowa,Des Moines,Des Moines,US-FIPS:19057,Census TIGER/Line 2024 County,19057,Des Moines,EXACT_CURRENT_FIPS,Exact Census FIPS; historical Census vintage used only where the i-Tree configuration refers to a retired county/county-equivalent.,1113.1111709289146
ITC-0822,USA,Iowa,Dickinson,Dickinson,US-FIPS:19059,Census TIGER/Line 2024 County,19059,Dickinson,EXACT_CURRENT_FIPS,Exact Census FIPS; historical Census vintage used only where the i-Tree configuration refers to a retired county/county-equivalent.,1046.2554854572213
ITC-0823,USA,Iowa,Dubuque,Dubuque,US-FIPS:19061,Census TIGER/Line 2024 County,19061,Dubuque,EXACT_CURRENT_FIPS,Exact Census FIPS; historical Census vintage used only where the i-Tree configuration refers to a retired county/county-equivalent.,1596.626974778396
ITC-0824,USA,Iowa,Emmet,Emmet,US-FIPS:19063,Census TIGER/Line 2024 County,19063,Emmet,EXACT_CURRENT_FIPS,Exact Census FIPS; historical Census vintage used only where the i-Tree configuration refers to a retired county/county-equivalent.,1042.5245500928063
ITC-0825,USA,Iowa,Fayette,Fayette,US-FIPS:19065,Census TIGER/Line 2024 County,19065,Fayette,EXACT_CURRENT_FIPS,Exact Census FIPS; historical Census vintage used only where the i-Tree configuration refers to a retired county/county-equivalent.,1894.1616301560434
ITC-0826,USA,Iowa,Floyd,Floyd,US-FIPS:19067,Census TIGER/Line 2024 County,19067,Floyd,EXACT_CURRENT_FIPS,Exact Census FIPS; historical Census vintage used only where the i-Tree configuration refers to a retired county/county-equivalent.,1298.4960178538613
ITC-0827,USA,Iowa,Franklin,Franklin,US-FIPS:19069,Census TIGER/Line 2024 County,19069,Franklin,EXACT_CURRENT_FIPS,Exact Census FIPS; historical Census vintage used only where the i-Tree configuration refers to a retired county/county-equivalent.,1508.7385559760999
ITC-0828,USA,Iowa,Fremont,Fremont,US-FIPS:19071,Census TIGER/Line 2024 County,19071,Fremont,EXACT_CURRENT_FIPS,Exact Census FIPS; historical Census vintage used only where the i-Tree configuration refers to a retired county/county-equivalent.,1338.0872971285692
ITC-0829,USA,Iowa,Greene,Greene,US-FIPS:19073,Census TIGER/Line 2024 County,19073,Greene,EXACT_CURRENT_FIPS,Exact Census FIPS; historical Census vintage used only where the i-Tree configuration refers to a retired county/county-equivalent.,1479.5522208999414
ITC-0830,USA,Iowa,Grundy,Grundy,US-FIPS:19075,Census TIGER/Line 2024 County,19075,Grundy,EXACT_CURRENT_FIPS,Exact Census FIPS; historical Census vintage used only where the i-Tree configuration refers to a retired county/county-equivalent.,1299.8923328769588
ITC-0831,USA,Iowa,Guthrie,Guthrie,US-FIPS:19077,Census TIGER/Line 2024 County,19077,Guthrie,EXACT_CURRENT_FIPS,Exact Census FIPS; historical Census vintage used only where the i-Tree configuration refers to a retired county/county-equivalent.,1536.0122729647894
ITC-0832,USA,Iowa,Hamilton,Hamilton,US-FIPS:19079,Census TIGER/Line 2024 County,19079,Hamilton,EXACT_CURRENT_FIPS,Exact Census FIPS; historical Census vintage used only where the i-Tree configuration refers to a retired county/county-equivalent.,1495.6817435501762
ITC-0833,USA,Iowa,Hancock,Hancock,US-FIPS:19081,Census TIGER/Line 2024 County,19081,Hancock,EXACT_CURRENT_FIPS,Exact Census FIPS; historical Census vintage used only where the i-Tree configuration refers to a retired county/county-equivalent.,1484.1603943012178
ITC-0834,USA,Iowa,Hardin,Hardin,US-FIPS:19083,Census TIGER/Line 2024 County,19083,Hardin,EXACT_CURRENT_FIPS,Exact Census FIPS; historical Census vintage used only where the i-Tree configuration refers to a retired county/county-equivalent.,1476.2820538116914
ITC-0835,USA,Iowa,Harrison,Harrison,US-FIPS:19085,Census TIGER/Line 2024 County,19085,Harrison,EXACT_CURRENT_FIPS,Exact Census FIPS; historical Census vintage used only where the i-Tree configuration refers to a retired county/county-equivalent.,1817.2214232654308
ITC-0836,USA,Iowa,Henry,Henry,US-FIPS:19087,Census TIGER/Line 2024 County,19087,Henry,EXACT_CURRENT_FIPS,Exact Census FIPS; historical Census vintage used only where the i-Tree configuration refers to a retired county/county-equivalent.,1130.574909016626
ITC-0837,USA,Iowa,Howard,Howard,US-FIPS:19089,Census TIGER/Line 2024 County,19089,Howard,EXACT_CURRENT_FIPS,Exact Census FIPS; historical Census vintage used only where the i-Tree configuration refers to a retired county/county-equivalent.,1226.634259950149
ITC-0838,USA,Iowa,Humboldt,Humboldt,US-FIPS:19091,Census TIGER/Line 2024 County,19091,Humboldt,EXACT_CURRENT_FIPS,Exact Census FIPS; historical Census vintage used only where the i-Tree configuration refers to a retired county/county-equivalent.,1128.3913815314454
ITC-0839,USA,Iowa,Ida,Ida,US-FIPS:19093,Census TIGER/Line 2024 County,19093,Ida,EXACT_CURRENT_FIPS,Exact Census FIPS; historical Census vintage used only where the i-Tree configuration refers to a retired county/county-equivalent.,1119.006137191551
ITC-0840,USA,Iowa,Iowa,Iowa,US-FIPS:19095,Census TIGER/Line 2024 County,19095,Iowa,EXACT_CURRENT_FIPS,Exact Census FIPS; historical Census vintage used only where the i-Tree configuration refers to a retired county/county-equivalent.,1521.598428427844
ITC-0841,USA,Iowa,Jackson,Jackson,US-FIPS:19097,Census TIGER/Line 2024 County,19097,Jackson,EXACT_CURRENT_FIPS,Exact Census FIPS; historical Census vintage used only where the i-Tree configuration refers to a retired county/county-equivalent.,1682.4739689259857
ITC-0842,USA,Iowa,Jasper,Jasper,US-FIPS:19099,Census TIGER/Line 2024 County,19099,Jasper,EXACT_CURRENT_FIPS,Exact Census FIPS; historical Census vintage used only where the i-Tree configuration refers to a retired county/county-equivalent.,1898.3392742813667
ITC-0843,USA,Iowa,Jefferson,Jefferson,US-FIPS:19101,Census TIGER/Line 2024 County,19101,Jefferson,EXACT_CURRENT_FIPS,Exact Census FIPS; historical Census vintage used only where the i-Tree configuration refers to a retired county/county-equivalent.,1131.524856535854
ITC-0844,USA,Iowa,Johnson,Johnson,US-FIPS:19103,Census TIGER/Line 2024 County,19103,Johnson,EXACT_CURRENT_FIPS,Exact Census FIPS; historical Census vintage used only where the i-Tree configuration refers to a retired county/county-equivalent.,1613.7267116695496
ITC-0845,USA,Iowa,Jones,Jones,US-FIPS:19105,Census TIGER/Line 2024 County,19105,Jones,EXACT_CURRENT_FIPS,Exact Census FIPS; historical Census vintage used only where the i-Tree configuration refers to a retired county/county-equivalent.,1494.6272732971422
ITC-0846,USA,Iowa,Keokuk,Keokuk,US-FIPS:19107,Census TIGER/Line 2024 County,19107,Keokuk,EXACT_CURRENT_FIPS,Exact Census FIPS; historical Census vintage used only where the i-Tree configuration refers to a retired county/county-equivalent.,1502.0008656186562
ITC-0847,USA,Iowa,Kossuth,Kossuth,US-FIPS:19109,Census TIGER/Line 2024 County,19109,Kossuth,EXACT_CURRENT_FIPS,Exact Census FIPS; historical Census vintage used only where the i-Tree configuration refers to a retired county/county-equivalent.,2523.487710149797
ITC-0848,USA,Iowa,Lee,Lee,US-FIPS:19111,Census TIGER/Line 2024 County,19111,Lee,EXACT_CURRENT_FIPS,Exact Census FIPS; historical Census vintage used only where the i-Tree configuration refers to a retired county/county-equivalent.,1395.7158732268717
ITC-0849,USA,Iowa,Linn,Linn,US-FIPS:19113,Census TIGER/Line 2024 County,19113,Linn,EXACT_CURRENT_FIPS,Exact Census FIPS; historical Census vintage used only where the i-Tree configuration refers to a retired county/county-equivalent.,1876.8835089422769
ITC-0850,USA,Iowa,Louisa,Louisa,US-FIPS:19115,Census TIGER/Line 2024 County,19115,Louisa,EXACT_CURRENT_FIPS,Exact Census FIPS; historical Census vintage used only where the i-Tree configuration refers to a retired county/county-equivalent.,1081.381114681527
ITC-0851,USA,Iowa,Lucas,Lucas,US-FIPS:19117,Census TIGER/Line 2024 County,19117,Lucas,EXACT_CURRENT_FIPS,Exact Census FIPS; historical Census vintage used only where the i-Tree configuration refers to a retired county/county-equivalent.,1125.3113387819574
ITC-0852,USA,Iowa,Lyon,Lyon,US-FIPS:19119,Census TIGER/Line 2024 County,19119,Lyon,EXACT_CURRENT_FIPS,Exact Census FIPS; historical Census vintage used only where the i-Tree configuration refers to a retired county/county-equivalent.,1522.341556202444
ITC-0853,USA,Iowa,Madison,Madison,US-FIPS:19121,Census TIGER/Line 2024 County,19121,Madison,EXACT_CURRENT_FIPS,Exact Census FIPS; historical Census vintage used only where the i-Tree configuration refers to a retired county/county-equivalent.,1455.9827840098878
ITC-0854,USA,Iowa,Mahaska,Mahaska,US-FIPS:19123,Census TIGER/Line 2024 County,19123,Mahaska,EXACT_CURRENT_FIPS,Exact Census FIPS; historical Census vintage used only where the i-Tree configuration refers to a retired county/county-equivalent.,1485.091373279122
ITC-0855,USA,Iowa,Marion,Marion,US-FIPS:19125,Census TIGER/Line 2024 County,19125,Marion,EXACT_CURRENT_FIPS,Exact Census FIPS; historical Census vintage used only where the i-Tree configuration refers to a retired county/county-equivalent.,1477.6076692301299
ITC-0856,USA,Iowa,Marshall,Marshall,US-FIPS:19127,Census TIGER/Line 2024 County,19127,Marshall,EXACT_CURRENT_FIPS,Exact Census FIPS; historical Census vintage used only where the i-Tree configuration refers to a retired county/county-equivalent.,1484.57879826155
ITC-0857,USA,Iowa,Mills,Mills,US-FIPS:19129,Census TIGER/Line 2024 County,19129,Mills,EXACT_CURRENT_FIPS,Exact Census FIPS; historical Census vintage used only where the i-Tree configuration refers to a retired county/county-equivalent.,1141.260381025131
ITC-0858,USA,Iowa,Mitchell,Mitchell,US-FIPS:19131,Census TIGER/Line 2024 County,19131,Mitchell,EXACT_CURRENT_FIPS,Exact Census FIPS; historical Census vintage used only where the i-Tree configuration refers to a retired county/county-equivalent.,1216.4867821991213
ITC-0859,USA,Iowa,Monona,Monona,US-FIPS:19133,Census TIGER/Line 2024 County,19133,Monona,EXACT_CURRENT_FIPS,Exact Census FIPS; historical Census vintage used only where the i-Tree configuration refers to a retired county/county-equivalent.,1810.2300760169626
ITC-0860,USA,Iowa,Monroe,Monroe,US-FIPS:19135,Census TIGER/Line 2024 County,19135,Monroe,EXACT_CURRENT_FIPS,Exact Census FIPS; historical Census vintage used only where the i-Tree configuration refers to a retired county/county-equivalent.,1124.8220286948554
ITC-0861,USA,Iowa,Montgomery,Montgomery,US-FIPS:19137,Census TIGER/Line 2024 County,19137,Montgomery,EXACT_CURRENT_FIPS,Exact Census FIPS; historical Census vintage used only where the i-Tree configuration refers to a retired county/county-equivalent.,1100.8162887609174
ITC-0862,USA,Iowa,Muscatine,Muscatine,US-FIPS:19139,Census TIGER/Line 2024 County,19139,Muscatine,EXACT_CURRENT_FIPS,Exact Census FIPS; historical Census vintage used only where the i-Tree configuration refers to a retired county/county-equivalent.,1163.2268205947692
ITC-0863,USA,Iowa,O'Brien,O'Brien,US-FIPS:19141,Census TIGER/Line 2024 County,19141,O'Brien,EXACT_CURRENT_FIPS,Exact Census FIPS; historical Census vintage used only where the i-Tree configuration refers to a retired county/county-equivalent.,1484.6013166077907
ITC-0864,USA,Iowa,Osceola,Osceola,US-FIPS:19143,Census TIGER/Line 2024 County,19143,Osceola,EXACT_CURRENT_FIPS,Exact Census FIPS; historical Census vintage used only where the i-Tree configuration refers to a retired county/county-equivalent.,1034.4292392364632
ITC-0865,USA,Iowa,Page,Page,US-FIPS:19145,Census TIGER/Line 2024 County,19145,Page,EXACT_CURRENT_FIPS,Exact Census FIPS; historical Census vintage used only where the i-Tree configuration refers to a retired county/county-equivalent.,1386.8568702825207
ITC-0866,USA,Iowa,Palo Alto,Palo Alto,US-FIPS:19147,Census TIGER/Line 2024 County,19147,Palo Alto,EXACT_CURRENT_FIPS,Exact Census FIPS; historical Census vintage used only where the i-Tree configuration refers to a retired county/county-equivalent.,1474.8294216203765
ITC-0867,USA,Iowa,Plymouth,Plymouth,US-FIPS:19149,Census TIGER/Line 2024 County,19149,Plymouth,EXACT_CURRENT_FIPS,Exact Census FIPS; historical Census vintage used only where the i-Tree configuration refers to a retired county/county-equivalent.,2236.892193831823
ITC-0868,USA,Iowa,Pocahontas,Pocahontas,US-FIPS:19151,Census TIGER/Line 2024 County,19151,Pocahontas,EXACT_CURRENT_FIPS,Exact Census FIPS; historical Census vintage used only where the i-Tree configuration refers to a retired county/county-equivalent.,1498.7136266739435
ITC-0869,USA,Iowa,Polk,Polk,US-FIPS:19153,Census TIGER/Line 2024 County,19153,Polk,EXACT_CURRENT_FIPS,Exact Census FIPS; historical Census vintage used only where the i-Tree configuration refers to a retired county/county-equivalent.,1532.9838789510957
ITC-0870,USA,Iowa,Pottawattamie,Pottawattamie,US-FIPS:19155,Census TIGER/Line 2024 County,19155,Pottawattamie,EXACT_CURRENT_FIPS,Exact Census FIPS; historical Census vintage used only where the i-Tree configuration refers to a retired county/county-equivalent.,2484.1698301724423
ITC-0871,USA,Iowa,Poweshiek,Poweshiek,US-FIPS:19157,Census TIGER/Line 2024 County,19157,Poweshiek,EXACT_CURRENT_FIPS,Exact Census FIPS; historical Census vintage used only where the i-Tree configuration refers to a retired county/county-equivalent.,1517.9051992624966
ITC-0872,USA,Iowa,Ringgold,Ringgold,US-FIPS:19159,Census TIGER/Line 2024 County,19159,Ringgold,EXACT_CURRENT_FIPS,Exact Census FIPS; historical Census vintage used only where the i-Tree configuration refers to a retired county/county-equivalent.,1395.655618850073
ITC-0873,USA,Iowa,Sac,Sac,US-FIPS:19161,Census TIGER/Line 2024 County,19161,Sac,EXACT_CURRENT_FIPS,Exact Census FIPS; historical Census vintage used only where the i-Tree configuration refers to a retired county/county-equivalent.,1497.8699774019055
ITC-0874,USA,Iowa,Scott,Scott,US-FIPS:19163,Census TIGER/Line 2024 County,19163,Scott,EXACT_CURRENT_FIPS,Exact Census FIPS; historical Census vintage used only where the i-Tree configuration refers to a retired county/county-equivalent.,1212.6599523641237
ITC-0875,USA,Iowa,Shelby,Shelby,US-FIPS:19165,Census TIGER/Line 2024 County,19165,Shelby,EXACT_CURRENT_FIPS,Exact Census FIPS; historical Census vintage used only where the i-Tree configuration refers to a retired county/county-equivalent.,1531.5897577757537
ITC-0876,USA,Iowa,Sioux,Sioux,US-FIPS:19167,Census TIGER/Line 2024 County,19167,Sioux,EXACT_CURRENT_FIPS,Exact Census FIPS; historical Census vintage used only where the i-Tree configuration refers to a retired county/county-equivalent.,1991.6836580082936
ITC-0877,USA,Iowa,Story,Story,US-FIPS:19169,Census TIGER/Line 2024 County,19169,Story,EXACT_CURRENT_FIPS,Exact Census FIPS; historical Census vintage used only where the i-Tree configuration refers to a retired county/county-equivalent.,1485.7448811309646
ITC-0878,USA,Iowa,Tama,Tama,US-FIPS:19171,Census TIGER/Line 2024 County,19171,Tama,EXACT_CURRENT_FIPS,Exact Census FIPS; historical Census vintage used only where the i-Tree configuration refers to a retired county/county-equivalent.,1870.179914440332
ITC-0879,USA,Iowa,Taylor,Taylor,US-FIPS:19173,Census TIGER/Line 2024 County,19173,Taylor,EXACT_CURRENT_FIPS,Exact Census FIPS; historical Census vintage used only where the i-Tree configuration refers to a retired county/county-equivalent.,1384.7523091089297
ITC-0880,USA,Iowa,Union,Union,US-FIPS:19175,Census TIGER/Line 2024 County,19175,Union,EXACT_CURRENT_FIPS,Exact Census FIPS; historical Census vintage used only where the i-Tree configuration refers to a retired county/county-equivalent.,1102.8117276345947
ITC-0881,USA,Iowa,Van Buren,Van Buren,US-FIPS:19177,Census TIGER/Line 2024 County,19177,Van Buren,EXACT_CURRENT_FIPS,Exact Census FIPS; historical Census vintage used only where the i-Tree configuration refers to a retired county/county-equivalent.,1270.4862554065542
ITC-0882,USA,Iowa,Wapello,Wapello,US-FIPS:19179,Census TIGER/Line 2024 County,19179,Wapello,EXACT_CURRENT_FIPS,Exact Census FIPS; historical Census vintage used only where the i-Tree configuration refers to a retired county/county-equivalent.,1129.2899825775087
ITC-0883,USA,Iowa,Warren,Warren,US-FIPS:19181,Census TIGER/Line 2024 County,19181,Warren,EXACT_CURRENT_FIPS,Exact Census FIPS; historical Census vintage used only where the i-Tree configuration refers to a retired county/county-equivalent.,1484.0535861551798
ITC-0884,USA,Iowa,Washington,Washington,US-FIPS:19183,Census TIGER/Line 2024 County,19183,Washington,EXACT_CURRENT_FIPS,Exact Census FIPS; historical Census vintage used only where the i-Tree configuration refers to a retired county/county-equivalent.,1478.5976411373906
ITC-0885,USA,Iowa,Wayne,Wayne,US-FIPS:19185,Census TIGER/Line 2024 County,19185,Wayne,EXACT_CURRENT_FIPS,Exact Census FIPS; historical Census vintage used only where the i-Tree configuration refers to a retired county/county-equivalent.,1365.229951313022
ITC-0886,USA,Iowa,Webster,Webster,US-FIPS:19187,Census TIGER/Line 2024 County,19187,Webster,EXACT_CURRENT_FIPS,Exact Census FIPS; historical Census vintage used only where the i-Tree configuration refers to a retired county/county-equivalent.,1860.9351901742127
ITC-0887,USA,Iowa,Winnebago,Winnebago,US-FIPS:19189,Census TIGER/Line 2024 County,19189,Winnebago,EXACT_CURRENT_FIPS,Exact Census FIPS; historical Census vintage used only where the i-Tree configuration refers to a retired county/county-equivalent.,1040.4443040097074
ITC-0888,USA,Iowa,Winneshiek,Winneshiek,US-FIPS:19191,Census TIGER/Line 2024 County,19191,Winneshiek,EXACT_CURRENT_FIPS,Exact Census FIPS; historical Census vintage used only where the i-Tree configuration refers to a retired county/county-equivalent.,1787.432678210485
ITC-0889,USA,Iowa,Woodbury,Woodbury,US-FIPS:19193,Census TIGER/Line 2024 County,19193,Woodbury,EXACT_CURRENT_FIPS,Exact Census FIPS; historical Census vintage used only where the i-Tree configuration refers to a retired county/county-equivalent.,2273.584587399076
ITC-0890,USA,Iowa,Worth,Worth,US-FIPS:19195,Census TIGER/Line 2024 County,19195,Worth,EXACT_CURRENT_FIPS,Exact Census FIPS; historical Census vintage used only where the i-Tree configuration refers to a retired county/county-equivalent.,1041.0240849750744
ITC-0891,USA,Iowa,Wright,Wright,US-FIPS:19197,Census TIGER/Line 2024 County,19197,Wright,EXACT_CURRENT_FIPS,Exact Census FIPS; historical Census vintage used only where the i-Tree configuration refers to a retired county/county-equivalent.,1507.9642844267298
ITC-0892,USA,Kansas,Allen,Allen,US-FIPS:20001,Census TIGER/Line 2024 County,20001,Allen,EXACT_CURRENT_FIPS,Exact Census FIPS; historical Census vintage used only where the i-Tree configuration refers to a retired county/county-equivalent.,1308.786111821875
ITC-0893,USA,Kansas,Anderson,Anderson,US-FIPS:20003,Census TIGER/Line 2024 County,20003,Anderson,EXACT_CURRENT_FIPS,Exact Census FIPS; historical Census vintage used only where the i-Tree configuration refers to a retired county/county-equivalent.,1511.8637596452527
ITC-0894,USA,Kansas,Atchison,Atchison,US-FIPS:20005,Census TIGER/Line 2024 County,20005,Atchison,EXACT_CURRENT_FIPS,Exact Census FIPS; historical Census vintage used only where the i-Tree configuration refers to a retired county/county-equivalent.,1123.587795495293
ITC-0895,USA,Kansas,Barber,Barber,US-FIPS:20007,Census TIGER/Line 2024 County,20007,Barber,EXACT_CURRENT_FIPS,Exact Census FIPS; historical Census vintage used only where the i-Tree configuration refers to a retired county/county-equivalent.,2942.6529009263018
ITC-0896,USA,Kansas,Barton,Barton,US-FIPS:20009,Census TIGER/Line 2024 County,20009,Barton,EXACT_CURRENT_FIPS,Exact Census FIPS; historical Census vintage used only where the i-Tree configuration refers to a retired county/county-equivalent.,2332.6322475937322
ITC-0897,USA,Kansas,Bourbon,Bourbon,US-FIPS:20011,Census TIGER/Line 2024 County,20011,Bourbon,EXACT_CURRENT_FIPS,Exact Census FIPS; historical Census vintage used only where the i-Tree configuration refers to a retired county/county-equivalent.,1655.23943716195
ITC-0898,USA,Kansas,Brown,Brown,US-FIPS:20013,Census TIGER/Line 2024 County,20013,Brown,EXACT_CURRENT_FIPS,Exact Census FIPS; historical Census vintage used only where the i-Tree configuration refers to a retired county/county-equivalent.,1481.7462963070188
ITC-0899,USA,Kansas,Butler,Butler,US-FIPS:20015,Census TIGER/Line 2024 County,20015,Butler,EXACT_CURRENT_FIPS,Exact Census FIPS; historical Census vintage used only where the i-Tree configuration refers to a retired county/county-equivalent.,3746.4884254017975
ITC-0900,USA,Kansas,Chase,Chase,US-FIPS:20017,Census TIGER/Line 2024 County,20017,Chase,EXACT_CURRENT_FIPS,Exact Census FIPS; historical Census vintage used only where the i-Tree configuration refers to a retired county/county-equivalent.,2014.2900201070152
ITC-0901,USA,Kansas,Chautauqua,Chautauqua,US-FIPS:20019,Census TIGER/Line 2024 County,20019,Chautauqua,EXACT_CURRENT_FIPS,Exact Census FIPS; historical Census vintage used only where the i-Tree configuration refers to a retired county/county-equivalent.,1669.9380122417529
ITC-0902,USA,Kansas,Cherokee,Cherokee,US-FIPS:20021,Census TIGER/Line 2024 County,20021,Cherokee,EXACT_CURRENT_FIPS,Exact Census FIPS; historical Census vintage used only where the i-Tree configuration refers to a retired county/county-equivalent.,1530.7425119364884
ITC-0903,USA,Kansas,Cheyenne,Cheyenne,US-FIPS:20023,Census TIGER/Line 2024 County,20023,Cheyenne,EXACT_CURRENT_FIPS,Exact Census FIPS; historical Census vintage used only where the i-Tree configuration refers to a retired county/county-equivalent.,2644.239636864694
ITC-0904,USA,Kansas,Clark,Clark,US-FIPS:20025,Census TIGER/Line 2024 County,20025,Clark,EXACT_CURRENT_FIPS,Exact Census FIPS; historical Census vintage used only where the i-Tree configuration refers to a retired county/county-equivalent.,2530.904595364491
ITC-0905,USA,Kansas,Clay,Clay,US-FIPS:20027,Census TIGER/Line 2024 County,20027,Clay,EXACT_CURRENT_FIPS,Exact Census FIPS; historical Census vintage used only where the i-Tree configuration refers to a retired county/county-equivalent.,1698.015770313203
ITC-0906,USA,Kansas,Cloud,Cloud,US-FIPS:20029,Census TIGER/Line 2024 County,20029,Cloud,EXACT_CURRENT_FIPS,Exact Census FIPS; historical Census vintage used only where the i-Tree configuration refers to a retired county/county-equivalent.,1859.5865970906416
ITC-0907,USA,Kansas,Coffey,Coffey,US-FIPS:20031,Census TIGER/Line 2024 County,20031,Coffey,EXACT_CURRENT_FIPS,Exact Census FIPS; historical Census vintage used only where the i-Tree configuration refers to a retired county/county-equivalent.,1694.0948482300682
ITC-0908,USA,Kansas,Comanche,Comanche,US-FIPS:20033,Census TIGER/Line 2024 County,20033,Comanche,EXACT_CURRENT_FIPS,Exact Census FIPS; historical Census vintage used only where the i-Tree configuration refers to a retired county/county-equivalent.,2045.2857985507414
ITC-0909,USA,Kansas,Cowley,Cowley,US-FIPS:20035,Census TIGER/Line 2024 County,20035,Cowley,EXACT_CURRENT_FIPS,Exact Census FIPS; historical Census vintage used only where the i-Tree configuration refers to a retired county/county-equivalent.,2932.971474582671
ITC-0910,USA,Kansas,Crawford,Crawford,US-FIPS:20037,Census TIGER/Line 2024 County,20037,Crawford,EXACT_CURRENT_FIPS,Exact Census FIPS; historical Census vintage used only where the i-Tree configuration refers to a retired county/county-equivalent.,1541.0728403125297
ITC-0911,USA,Kansas,Decatur,Decatur,US-FIPS:20039,Census TIGER/Line 2024 County,20039,Decatur,EXACT_CURRENT_FIPS,Exact Census FIPS; historical Census vintage used only where the i-Tree configuration refers to a retired county/county-equivalent.,2315.831246496757
ITC-0912,USA,Kansas,Dickinson,Dickinson,US-FIPS:20041,Census TIGER/Line 2024 County,20041,Dickinson,EXACT_CURRENT_FIPS,Exact Census FIPS; historical Census vintage used only where the i-Tree configuration refers to a retired county/county-equivalent.,2206.527862245577
ITC-0913,USA,Kansas,Doniphan,Doniphan,US-FIPS:20043,Census TIGER/Line 2024 County,20043,Doniphan,EXACT_CURRENT_FIPS,Exact Census FIPS; historical Census vintage used only where the i-Tree configuration refers to a retired county/county-equivalent.,1031.5299559357636
ITC-0914,USA,Kansas,Douglas,Douglas,US-FIPS:20045,Census TIGER/Line 2024 County,20045,Douglas,EXACT_CURRENT_FIPS,Exact Census FIPS; historical Census vintage used only where the i-Tree configuration refers to a retired county/county-equivalent.,1229.3031488880104
ITC-0915,USA,Kansas,Edwards,Edwards,US-FIPS:20047,Census TIGER/Line 2024 County,20047,Edwards,EXACT_CURRENT_FIPS,Exact Census FIPS; historical Census vintage used only where the i-Tree configuration refers to a retired county/county-equivalent.,1610.9068463811225
ITC-0916,USA,Kansas,Elk,Elk,US-FIPS:20049,Census TIGER/Line 2024 County,20049,Elk,EXACT_CURRENT_FIPS,Exact Census FIPS; historical Census vintage used only where the i-Tree configuration refers to a retired county/county-equivalent.,1684.6982303175664
ITC-0917,USA,Kansas,Ellis,Ellis,US-FIPS:20051,Census TIGER/Line 2024 County,20051,Ellis,EXACT_CURRENT_FIPS,Exact Census FIPS; historical Census vintage used only where the i-Tree configuration refers to a retired county/county-equivalent.,2331.959230375637
ITC-0918,USA,Kansas,Ellsworth,Ellsworth,US-FIPS:20053,Census TIGER/Line 2024 County,20053,Ellsworth,EXACT_CURRENT_FIPS,Exact Census FIPS; historical Census vintage used only where the i-Tree configuration refers to a retired county/county-equivalent.,1873.300700260725
ITC-0919,USA,Kansas,Finney,Finney,US-FIPS:20055,Census TIGER/Line 2024 County,20055,Finney,EXACT_CURRENT_FIPS,Exact Census FIPS; historical Census vintage used only where the i-Tree configuration refers to a retired county/county-equivalent.,3373.8745801816126
ITC-0920,USA,Kansas,Ford,Ford,US-FIPS:20057,Census TIGER/Line 2024 County,20057,Ford,EXACT_CURRENT_FIPS,Exact Census FIPS; historical Census vintage used only where the i-Tree configuration refers to a retired county/county-equivalent.,2846.604868133499
ITC-0921,USA,Kansas,Franklin,Franklin,US-FIPS:20059,Census TIGER/Line 2024 County,20059,Franklin,EXACT_CURRENT_FIPS,Exact Census FIPS; historical Census vintage used only where the i-Tree configuration refers to a retired county/county-equivalent.,1494.7757732527932
ITC-0922,USA,Kansas,Geary,Geary,US-FIPS:20061,Census TIGER/Line 2024 County,20061,Geary,EXACT_CURRENT_FIPS,Exact Census FIPS; historical Census vintage used only where the i-Tree configuration refers to a retired county/county-equivalent.,1047.9010990013799
ITC-0923,USA,Kansas,Gove,Gove,US-FIPS:20063,Census TIGER/Line 2024 County,20063,Gove,EXACT_CURRENT_FIPS,Exact Census FIPS; historical Census vintage used only where the i-Tree configuration refers to a retired county/county-equivalent.,2775.847080143139
ITC-0924,USA,Kansas,Graham,Graham,US-FIPS:20065,Census TIGER/Line 2024 County,20065,Graham,EXACT_CURRENT_FIPS,Exact Census FIPS; historical Census vintage used only where the i-Tree configuration refers to a retired county/county-equivalent.,2327.7731976762902
ITC-0925,USA,Kansas,Grant,Grant,US-FIPS:20067,Census TIGER/Line 2024 County,20067,Grant,EXACT_CURRENT_FIPS,Exact Census FIPS; historical Census vintage used only where the i-Tree configuration refers to a retired county/county-equivalent.,1489.6174303965531
ITC-0926,USA,Kansas,Gray,Gray,US-FIPS:20069,Census TIGER/Line 2024 County,20069,Gray,EXACT_CURRENT_FIPS,Exact Census FIPS; historical Census vintage used only where the i-Tree configuration refers to a retired county/county-equivalent.,2251.469787404927
ITC-0927,USA,Kansas,Greeley,Greeley,US-FIPS:20071,Census TIGER/Line 2024 County,20071,Greeley,EXACT_CURRENT_FIPS,Exact Census FIPS; historical Census vintage used only where the i-Tree configuration refers to a retired county/county-equivalent.,2016.0582525344798
ITC-0928,USA,Kansas,Greenwood,Greenwood,US-FIPS:20073,Census TIGER/Line 2024 County,20073,Greenwood,EXACT_CURRENT_FIPS,Exact Census FIPS; historical Census vintage used only where the i-Tree configuration refers to a retired county/county-equivalent.,2985.2885261966408
ITC-0929,USA,Kansas,Hamilton,Hamilton,US-FIPS:20075,Census TIGER/Line 2024 County,20075,Hamilton,EXACT_CURRENT_FIPS,Exact Census FIPS; historical Census vintage used only where the i-Tree configuration refers to a retired county/county-equivalent.,2583.8520261335716
ITC-0930,USA,Kansas,Harper,Harper,US-FIPS:20077,Census TIGER/Line 2024 County,20077,Harper,EXACT_CURRENT_FIPS,Exact Census FIPS; historical Census vintage used only where the i-Tree configuration refers to a retired county/county-equivalent.,2079.189833911128
ITC-0931,USA,Kansas,Harvey,Harvey,US-FIPS:20079,Census TIGER/Line 2024 County,20079,Harvey,EXACT_CURRENT_FIPS,Exact Census FIPS; historical Census vintage used only where the i-Tree configuration refers to a retired county/county-equivalent.,1400.464482852942
ITC-0932,USA,Kansas,Haskell,Haskell,US-FIPS:20081,Census TIGER/Line 2024 County,20081,Haskell,EXACT_CURRENT_FIPS,Exact Census FIPS; historical Census vintage used only where the i-Tree configuration refers to a retired county/county-equivalent.,1496.6830133980159
ITC-0933,USA,Kansas,Hodgeman,Hodgeman,US-FIPS:20083,Census TIGER/Line 2024 County,20083,Hodgeman,EXACT_CURRENT_FIPS,Exact Census FIPS; historical Census vintage used only where the i-Tree configuration refers to a retired county/county-equivalent.,2228.195656477234
ITC-0934,USA,Kansas,Jackson,Jackson,US-FIPS:20085,Census TIGER/Line 2024 County,20085,Jackson,EXACT_CURRENT_FIPS,Exact Census FIPS; historical Census vintage used only where the i-Tree configuration refers to a retired county/county-equivalent.,1704.2668694459367
ITC-0935,USA,Kansas,Jefferson,Jefferson,US-FIPS:20087,Census TIGER/Line 2024 County,20087,Jefferson,EXACT_CURRENT_FIPS,Exact Census FIPS; historical Census vintage used only where the i-Tree configuration refers to a retired county/county-equivalent.,1441.787583361704
ITC-0936,USA,Kansas,Jewell,Jewell,US-FIPS:20089,Census TIGER/Line 2024 County,20089,Jewell,EXACT_CURRENT_FIPS,Exact Census FIPS; historical Census vintage used only where the i-Tree configuration refers to a retired county/county-equivalent.,2368.1807236962954
ITC-0937,USA,Kansas,Johnson,Johnson,US-FIPS:20091,Census TIGER/Line 2024 County,20091,Johnson,EXACT_CURRENT_FIPS,Exact Census FIPS; historical Census vintage used only where the i-Tree configuration refers to a retired county/county-equivalent.,1242.9987492807422
ITC-0938,USA,Kansas,Kearny,Kearny,US-FIPS:20093,Census TIGER/Line 2024 County,20093,Kearny,EXACT_CURRENT_FIPS,Exact Census FIPS; historical Census vintage used only where the i-Tree configuration refers to a retired county/county-equivalent.,2255.830293085711
ITC-0939,USA,Kansas,Kingman,Kingman,US-FIPS:20095,Census TIGER/Line 2024 County,20095,Kingman,EXACT_CURRENT_FIPS,Exact Census FIPS; historical Census vintage used only where the i-Tree configuration refers to a retired county/county-equivalent.,2244.637013422815
ITC-0940,USA,Kansas,Kiowa,Kiowa,US-FIPS:20097,Census TIGER/Line 2024 County,20097,Kiowa,EXACT_CURRENT_FIPS,Exact Census FIPS; historical Census vintage used only where the i-Tree configuration refers to a retired county/county-equivalent.,1872.2240510839533
ITC-0941,USA,Kansas,Labette,Labette,US-FIPS:20099,Census TIGER/Line 2024 County,20099,Labette,EXACT_CURRENT_FIPS,Exact Census FIPS; historical Census vintage used only where the i-Tree configuration refers to a retired county/county-equivalent.,1691.5669148435093
ITC-0942,USA,Kansas,Lane,Lane,US-FIPS:20101,Census TIGER/Line 2024 County,20101,Lane,EXACT_CURRENT_FIPS,Exact Census FIPS; historical Census vintage used only where the i-Tree configuration refers to a retired county/county-equivalent.,1858.6316013000092
ITC-0943,USA,Kansas,Leavenworth,Leavenworth,US-FIPS:20103,Census TIGER/Line 2024 County,20103,Leavenworth,EXACT_CURRENT_FIPS,Exact Census FIPS; historical Census vintage used only where the i-Tree configuration refers to a retired county/county-equivalent.,1214.5570866328173
ITC-0944,USA,Kansas,Lincoln,Lincoln,US-FIPS:20105,Census TIGER/Line 2024 County,20105,Lincoln,EXACT_CURRENT_FIPS,Exact Census FIPS; historical Census vintage used only where the i-Tree configuration refers to a retired county/county-equivalent.,1865.9855046140963
ITC-0945,USA,Kansas,Linn,Linn,US-FIPS:20107,Census TIGER/Line 2024 County,20107,Linn,EXACT_CURRENT_FIPS,Exact Census FIPS; historical Census vintage used only where the i-Tree configuration refers to a retired county/county-equivalent.,1570.5559220333407
ITC-0946,USA,Kansas,Logan,Logan,US-FIPS:20109,Census TIGER/Line 2024 County,20109,Logan,EXACT_CURRENT_FIPS,Exact Census FIPS; historical Census vintage used only where the i-Tree configuration refers to a retired county/county-equivalent.,2779.315338699903
ITC-0947,USA,Kansas,Lyon,Lyon,US-FIPS:20111,Census TIGER/Line 2024 County,20111,Lyon,EXACT_CURRENT_FIPS,Exact Census FIPS; historical Census vintage used only where the i-Tree configuration refers to a retired county/county-equivalent.,2215.5200795111564
ITC-0948,USA,Kansas,Marion,Marion,US-FIPS:20115,Census TIGER/Line 2024 County,20115,Marion,EXACT_CURRENT_FIPS,Exact Census FIPS; historical Census vintage used only where the i-Tree configuration refers to a retired county/county-equivalent.,2470.1555127157535
ITC-0949,USA,Kansas,Marshall,Marshall,US-FIPS:20117,Census TIGER/Line 2024 County,20117,Marshall,EXACT_CURRENT_FIPS,Exact Census FIPS; historical Census vintage used only where the i-Tree configuration refers to a retired county/county-equivalent.,2344.186447936149
ITC-0950,USA,Kansas,McPherson,McPherson,US-FIPS:20113,Census TIGER/Line 2024 County,20113,McPherson,EXACT_CURRENT_FIPS,Exact Census FIPS; historical Census vintage used only where the i-Tree configuration refers to a retired county/county-equivalent.,2332.5508113467113
ITC-0951,USA,Kansas,Meade,Meade,US-FIPS:20119,Census TIGER/Line 2024 County,20119,Meade,EXACT_CURRENT_FIPS,Exact Census FIPS; historical Census vintage used only where the i-Tree configuration refers to a retired county/county-equivalent.,2536.481097556012
ITC-0952,USA,Kansas,Miami,Miami,US-FIPS:20121,Census TIGER/Line 2024 County,20121,Miami,EXACT_CURRENT_FIPS,Exact Census FIPS; historical Census vintage used only where the i-Tree configuration refers to a retired county/county-equivalent.,1528.7544876829227
ITC-0953,USA,Kansas,Mitchell,Mitchell,US-FIPS:20123,Census TIGER/Line 2024 County,20123,Mitchell,EXACT_CURRENT_FIPS,Exact Census FIPS; historical Census vintage used only where the i-Tree configuration refers to a retired county/county-equivalent.,1862.6130387447574
ITC-0954,USA,Kansas,Montgomery,Montgomery,US-FIPS:20125,Census TIGER/Line 2024 County,20125,Montgomery,EXACT_CURRENT_FIPS,Exact Census FIPS; historical Census vintage used only where the i-Tree configuration refers to a retired county/county-equivalent.,1687.330037874631
ITC-0955,USA,Kansas,Morris,Morris,US-FIPS:20127,Census TIGER/Line 2024 County,20127,Morris,EXACT_CURRENT_FIPS,Exact Census FIPS; historical Census vintage used only where the i-Tree configuration refers to a retired county/county-equivalent.,1820.4748439208663
ITC-0956,USA,Kansas,Morton,Morton,US-FIPS:20129,Census TIGER/Line 2024 County,20129,Morton,EXACT_CURRENT_FIPS,Exact Census FIPS; historical Census vintage used only where the i-Tree configuration refers to a retired county/county-equivalent.,1890.5015025932769
ITC-0957,USA,Kansas,Nemaha,Nemaha,US-FIPS:20131,Census TIGER/Line 2024 County,20131,Nemaha,EXACT_CURRENT_FIPS,Exact Census FIPS; historical Census vintage used only where the i-Tree configuration refers to a retired county/county-equivalent.,1863.3332344554246
ITC-0958,USA,Kansas,Neosho,Neosho,US-FIPS:20133,Census TIGER/Line 2024 County,20133,Neosho,EXACT_CURRENT_FIPS,Exact Census FIPS; historical Census vintage used only where the i-Tree configuration refers to a retired county/county-equivalent.,1496.4806509200992
ITC-0959,USA,Kansas,Ness,Ness,US-FIPS:20135,Census TIGER/Line 2024 County,20135,Ness,EXACT_CURRENT_FIPS,Exact Census FIPS; historical Census vintage used only where the i-Tree configuration refers to a retired county/county-equivalent.,2784.23012164892
ITC-0960,USA,Kansas,Norton,Norton,US-FIPS:20137,Census TIGER/Line 2024 County,20137,Norton,EXACT_CURRENT_FIPS,Exact Census FIPS; historical Census vintage used only where the i-Tree configuration refers to a retired county/county-equivalent.,2282.544306719389
ITC-0961,USA,Kansas,Osage,Osage,US-FIPS:20139,Census TIGER/Line 2024 County,20139,Osage,EXACT_CURRENT_FIPS,Exact Census FIPS; historical Census vintage used only where the i-Tree configuration refers to a retired county/county-equivalent.,1864.3904155723899
ITC-0962,USA,Kansas,Osborne,Osborne,US-FIPS:20141,Census TIGER/Line 2024 County,20141,Osborne,EXACT_CURRENT_FIPS,Exact Census FIPS; historical Census vintage used only where the i-Tree configuration refers to a retired county/county-equivalent.,2316.4112014377724
ITC-0963,USA,Kansas,Ottawa,Ottawa,US-FIPS:20143,Census TIGER/Line 2024 County,20143,Ottawa,EXACT_CURRENT_FIPS,Exact Census FIPS; historical Census vintage used only where the i-Tree configuration refers to a retired county/county-equivalent.,1868.250905331932
ITC-0964,USA,Kansas,Pawnee,Pawnee,US-FIPS:20145,Census TIGER/Line 2024 County,20145,Pawnee,EXACT_CURRENT_FIPS,Exact Census FIPS; historical Census vintage used only where the i-Tree configuration refers to a retired county/county-equivalent.,1954.523708245426
ITC-0965,USA,Kansas,Phillips,Phillips,US-FIPS:20147,Census TIGER/Line 2024 County,20147,Phillips,EXACT_CURRENT_FIPS,Exact Census FIPS; historical Census vintage used only where the i-Tree configuration refers to a retired county/county-equivalent.,2316.889031549081
ITC-0966,USA,Kansas,Pottawatomie,Pottawatomie,US-FIPS:20149,Census TIGER/Line 2024 County,20149,Pottawatomie,EXACT_CURRENT_FIPS,Exact Census FIPS; historical Census vintage used only where the i-Tree configuration refers to a retired county/county-equivalent.,2231.642850236697
ITC-0967,USA,Kansas,Pratt,Pratt,US-FIPS:20151,Census TIGER/Line 2024 County,20151,Pratt,EXACT_CURRENT_FIPS,Exact Census FIPS; historical Census vintage used only where the i-Tree configuration refers to a retired county/county-equivalent.,1905.513105631923
ITC-0968,USA,Kansas,Rawlins,Rawlins,US-FIPS:20153,Census TIGER/Line 2024 County,20153,Rawlins,EXACT_CURRENT_FIPS,Exact Census FIPS; historical Census vintage used only where the i-Tree configuration refers to a retired county/county-equivalent.,2770.191419570342
ITC-0969,USA,Kansas,Reno,Reno,US-FIPS:20155,Census TIGER/Line 2024 County,20155,Reno,EXACT_CURRENT_FIPS,Exact Census FIPS; historical Census vintage used only where the i-Tree configuration refers to a retired county/county-equivalent.,3294.7494929904606
ITC-0970,USA,Kansas,Republic,Republic,US-FIPS:20157,Census TIGER/Line 2024 County,20157,Republic,EXACT_CURRENT_FIPS,Exact Census FIPS; historical Census vintage used only where the i-Tree configuration refers to a retired county/county-equivalent.,1865.9504229095999
ITC-0971,USA,Kansas,Rice,Rice,US-FIPS:20159,Census TIGER/Line 2024 County,20159,Rice,EXACT_CURRENT_FIPS,Exact Census FIPS; historical Census vintage used only where the i-Tree configuration refers to a retired county/county-equivalent.,1885.4189171595033
ITC-0972,USA,Kansas,Riley,Riley,US-FIPS:20161,Census TIGER/Line 2024 County,20161,Riley,EXACT_CURRENT_FIPS,Exact Census FIPS; historical Census vintage used only where the i-Tree configuration refers to a retired county/county-equivalent.,1611.1029634092588
ITC-0973,USA,Kansas,Rooks,Rooks,US-FIPS:20163,Census TIGER/Line 2024 County,20163,Rooks,EXACT_CURRENT_FIPS,Exact Census FIPS; historical Census vintage used only where the i-Tree configuration refers to a retired county/county-equivalent.,2318.4167154214806
ITC-0974,USA,Kansas,Rush,Rush,US-FIPS:20165,Census TIGER/Line 2024 County,20165,Rush,EXACT_CURRENT_FIPS,Exact Census FIPS; historical Census vintage used only where the i-Tree configuration refers to a retired county/county-equivalent.,1859.5425526757504
ITC-0975,USA,Kansas,Russell,Russell,US-FIPS:20167,Census TIGER/Line 2024 County,20167,Russell,EXACT_CURRENT_FIPS,Exact Census FIPS; historical Census vintage used only where the i-Tree configuration refers to a retired county/county-equivalent.,2329.529866235074
ITC-0976,USA,Kansas,Saline,Saline,US-FIPS:20169,Census TIGER/Line 2024 County,20169,Saline,EXACT_CURRENT_FIPS,Exact Census FIPS; historical Census vintage used only where the i-Tree configuration refers to a retired county/county-equivalent.,1868.1801837007524
ITC-0977,USA,Kansas,Scott,Scott,US-FIPS:20171,Census TIGER/Line 2024 County,20171,Scott,EXACT_CURRENT_FIPS,Exact Census FIPS; historical Census vintage used only where the i-Tree configuration refers to a retired county/county-equivalent.,1858.8423577420276
ITC-0978,USA,Kansas,Sedgwick,Sedgwick,US-FIPS:20173,Census TIGER/Line 2024 County,20173,Sedgwick,EXACT_CURRENT_FIPS,Exact Census FIPS; historical Census vintage used only where the i-Tree configuration refers to a retired county/county-equivalent.,2613.6107123626803
ITC-0979,USA,Kansas,Seward,Seward,US-FIPS:20175,Census TIGER/Line 2024 County,20175,Seward,EXACT_CURRENT_FIPS,Exact Census FIPS; historical Census vintage used only where the i-Tree configuration refers to a retired county/county-equivalent.,1658.6553081072916
ITC-0980,USA,Kansas,Shawnee,Shawnee,US-FIPS:20177,Census TIGER/Line 2024 County,20177,Shawnee,EXACT_CURRENT_FIPS,Exact Census FIPS; historical Census vintage used only where the i-Tree configuration refers to a retired county/county-equivalent.,1439.3336784353512
ITC-0981,USA,Kansas,Sheridan,Sheridan,US-FIPS:20179,Census TIGER/Line 2024 County,20179,Sheridan,EXACT_CURRENT_FIPS,Exact Census FIPS; historical Census vintage used only where the i-Tree configuration refers to a retired county/county-equivalent.,2321.165893898601
ITC-0982,USA,Kansas,Sherman,Sherman,US-FIPS:20181,Census TIGER/Line 2024 County,20181,Sherman,EXACT_CURRENT_FIPS,Exact Census FIPS; historical Census vintage used only where the i-Tree configuration refers to a retired county/county-equivalent.,2735.7413262833675
ITC-0983,USA,Kansas,Smith,Smith,US-FIPS:20183,Census TIGER/Line 2024 County,20183,Smith,EXACT_CURRENT_FIPS,Exact Census FIPS; historical Census vintage used only where the i-Tree configuration refers to a retired county/county-equivalent.,2323.1261400826215
ITC-0984,USA,Kansas,Stafford,Stafford,US-FIPS:20185,Census TIGER/Line 2024 County,20185,Stafford,EXACT_CURRENT_FIPS,Exact Census FIPS; historical Census vintage used only where the i-Tree configuration refers to a retired county/county-equivalent.,2058.825148503175
ITC-0985,USA,Kansas,Stanton,Stanton,US-FIPS:20187,Census TIGER/Line 2024 County,20187,Stanton,EXACT_CURRENT_FIPS,Exact Census FIPS; historical Census vintage used only where the i-Tree configuration refers to a retired county/county-equivalent.,1762.2817291402662
ITC-0986,USA,Kansas,Stevens,Stevens,US-FIPS:20189,Census TIGER/Line 2024 County,20189,Stevens,EXACT_CURRENT_FIPS,Exact Census FIPS; historical Census vintage used only where the i-Tree configuration refers to a retired county/county-equivalent.,1884.0593451034388
ITC-0987,USA,Kansas,Sumner,Sumner,US-FIPS:20191,Census TIGER/Line 2024 County,20191,Sumner,EXACT_CURRENT_FIPS,Exact Census FIPS; historical Census vintage used only where the i-Tree configuration refers to a retired county/county-equivalent.,3069.0187226770972
ITC-0988,USA,Kansas,Thomas,Thomas,US-FIPS:20193,Census TIGER/Line 2024 County,20193,Thomas,EXACT_CURRENT_FIPS,Exact Census FIPS; historical Census vintage used only where the i-Tree configuration refers to a retired county/county-equivalent.,2783.71394696548
ITC-0989,USA,Kansas,Trego,Trego,US-FIPS:20195,Census TIGER/Line 2024 County,20195,Trego,EXACT_CURRENT_FIPS,Exact Census FIPS; historical Census vintage used only where the i-Tree configuration refers to a retired county/county-equivalent.,2330.009382476064
ITC-0990,USA,Kansas,Wabaunsee,Wabaunsee,US-FIPS:20197,Census TIGER/Line 2024 County,20197,Wabaunsee,EXACT_CURRENT_FIPS,Exact Census FIPS; historical Census vintage used only where the i-Tree configuration refers to a retired county/county-equivalent.,2071.1663417833092
ITC-0991,USA,Kansas,Wallace,Wallace,US-FIPS:20199,Census TIGER/Line 2024 County,20199,Wallace,EXACT_CURRENT_FIPS,Exact Census FIPS; historical Census vintage used only where the i-Tree configuration refers to a retired county/county-equivalent.,2366.4895249297847
ITC-0992,USA,Kansas,Washington,Washington,US-FIPS:20201,Census TIGER/Line 2024 County,20201,Washington,EXACT_CURRENT_FIPS,Exact Census FIPS; historical Census vintage used only where the i-Tree configuration refers to a retired county/county-equivalent.,2327.553787410982
ITC-0993,USA,Kansas,Wichita,Wichita,US-FIPS:20203,Census TIGER/Line 2024 County,20203,Wichita,EXACT_CURRENT_FIPS,Exact Census FIPS; historical Census vintage used only where the i-Tree configuration refers to a retired county/county-equivalent.,1861.140453424314
ITC-0994,USA,Kansas,Wilson,Wilson,US-FIPS:20205,Census TIGER/Line 2024 County,20205,Wilson,EXACT_CURRENT_FIPS,Exact Census FIPS; historical Census vintage used only where the i-Tree configuration refers to a retired county/county-equivalent.,1489.4345169105864
ITC-0995,USA,Kansas,Woodson,Woodson,US-FIPS:20207,Census TIGER/Line 2024 County,20207,Woodson,EXACT_CURRENT_FIPS,Exact Census FIPS; historical Census vintage used only where the i-Tree configuration refers to a retired county/county-equivalent.,1308.5989573469944
ITC-0996,USA,Kansas,Wyandotte,Wyandotte,US-FIPS:20209,Census TIGER/Line 2024 County,20209,Wyandotte,EXACT_CURRENT_FIPS,Exact Census FIPS; historical Census vintage used only where the i-Tree configuration refers to a retired county/county-equivalent.,404.5407350708592
ITC-0997,USA,Kentucky,Adair,Adair,US-FIPS:21001,Census TIGER/Line 2024 County,21001,Adair,EXACT_CURRENT_FIPS,Exact Census FIPS; historical Census vintage used only where the i-Tree configuration refers to a retired county/county-equivalent.,1068.094566097614
ITC-0998,USA,Kentucky,Allen,Allen,US-FIPS:21003,Census TIGER/Line 2024 County,21003,Allen,EXACT_CURRENT_FIPS,Exact Census FIPS; historical Census vintage used only where the i-Tree configuration refers to a retired county/county-equivalent.,911.3208395300918
ITC-0999,USA,Kentucky,Anderson,Anderson,US-FIPS:21005,Census TIGER/Line 2024 County,21005,Anderson,EXACT_CURRENT_FIPS,Exact Census FIPS; historical Census vintage used only where the i-Tree configuration refers to a retired county/county-equivalent.,529.094643339607
ITC-1000,USA,Kentucky,Ballard,Ballard,US-FIPS:21007,Census TIGER/Line 2024 County,21007,Ballard,EXACT_CURRENT_FIPS,Exact Census FIPS; historical Census vintage used only where the i-Tree configuration refers to a retired county/county-equivalent.,709.6088220992751
ITC-1001,USA,Kentucky,Barren,Barren,US-FIPS:21009,Census TIGER/Line 2024 County,21009,Barren,EXACT_CURRENT_FIPS,Exact Census FIPS; historical Census vintage used only where the i-Tree configuration refers to a retired county/county-equivalent.,1294.9928003407686
ITC-1002,USA,Kentucky,Bath,Bath,US-FIPS:21011,Census TIGER/Line 2024 County,21011,Bath,EXACT_CURRENT_FIPS,Exact Census FIPS; historical Census vintage used only where the i-Tree configuration refers to a retired county/county-equivalent.,735.5679034236264
ITC-1003,USA,Kentucky,Bell,Bell,US-FIPS:21013,Census TIGER/Line 2024 County,21013,Bell,EXACT_CURRENT_FIPS,Exact Census FIPS; historical Census vintage used only where the i-Tree configuration refers to a retired county/county-equivalent.,935.2878616383423
ITC-1004,USA,Kentucky,Boone,Boone,US-FIPS:21015,Census TIGER/Line 2024 County,21015,Boone,EXACT_CURRENT_FIPS,Exact Census FIPS; historical Census vintage used only where the i-Tree configuration refers to a retired county/county-equivalent.,664.3440535492002
ITC-1005,USA,Kentucky,Bourbon,Bourbon,US-FIPS:21017,Census TIGER/Line 2024 County,21017,Bourbon,EXACT_CURRENT_FIPS,Exact Census FIPS; historical Census vintage used only where the i-Tree configuration refers to a retired county/county-equivalent.,755.2694096010528
ITC-1006,USA,Kentucky,Boyd,Boyd,US-FIPS:21019,Census TIGER/Line 2024 County,21019,Boyd,EXACT_CURRENT_FIPS,Exact Census FIPS; historical Census vintage used only where the i-Tree configuration refers to a retired county/county-equivalent.,419.62342485801184
ITC-1007,USA,Kentucky,Boyle,Boyle,US-FIPS:21021,Census TIGER/Line 2024 County,21021,Boyle,EXACT_CURRENT_FIPS,Exact Census FIPS; historical Census vintage used only where the i-Tree configuration refers to a retired county/county-equivalent.,473.55448498576874
ITC-1008,USA,Kentucky,Bracken,Bracken,US-FIPS:21023,Census TIGER/Line 2024 County,21023,Bracken,EXACT_CURRENT_FIPS,Exact Census FIPS; historical Census vintage used only where the i-Tree configuration refers to a retired county/county-equivalent.,541.1805448565613
ITC-1009,USA,Kentucky,Breathitt,Breathitt,US-FIPS:21025,Census TIGER/Line 2024 County,21025,Breathitt,EXACT_CURRENT_FIPS,Exact Census FIPS; historical Census vintage used only where the i-Tree configuration refers to a retired county/county-equivalent.,1282.7374104147677
ITC-1010,USA,Kentucky,Breckinridge,Breckinridge,US-FIPS:21027,Census TIGER/Line 2024 County,21027,Breckinridge,EXACT_CURRENT_FIPS,Exact Census FIPS; historical Census vintage used only where the i-Tree configuration refers to a retired county/county-equivalent.,1516.6792170505128
ITC-1011,USA,Kentucky,Bullitt,Bullitt,US-FIPS:21029,Census TIGER/Line 2024 County,21029,Bullitt,EXACT_CURRENT_FIPS,Exact Census FIPS; historical Census vintage used only where the i-Tree configuration refers to a retired county/county-equivalent.,777.6815179151114
ITC-1012,USA,Kentucky,Butler,Butler,US-FIPS:21031,Census TIGER/Line 2024 County,21031,Butler,EXACT_CURRENT_FIPS,Exact Census FIPS; historical Census vintage used only where the i-Tree configuration refers to a retired county/county-equivalent.,1117.5149398920817
ITC-1013,USA,Kentucky,Caldwell,Caldwell,US-FIPS:21033,Census TIGER/Line 2024 County,21033,Caldwell,EXACT_CURRENT_FIPS,Exact Census FIPS; historical Census vintage used only where the i-Tree configuration refers to a retired county/county-equivalent.,901.7029018876605
ITC-1014,USA,Kentucky,Calloway,Calloway,US-FIPS:21035,Census TIGER/Line 2024 County,21035,Calloway,EXACT_CURRENT_FIPS,Exact Census FIPS; historical Census vintage used only where the i-Tree configuration refers to a retired county/county-equivalent.,1063.6989552720447
ITC-1015,USA,Kentucky,Campbell,Campbell,US-FIPS:21037,Census TIGER/Line 2024 County,21037,Campbell,EXACT_CURRENT_FIPS,Exact Census FIPS; historical Census vintage used only where the i-Tree configuration refers to a retired county/county-equivalent.,412.8608368898583
ITC-1016,USA,Kentucky,Carlisle,Carlisle,US-FIPS:21039,Census TIGER/Line 2024 County,21039,Carlisle,EXACT_CURRENT_FIPS,Exact Census FIPS; historical Census vintage used only where the i-Tree configuration refers to a retired county/county-equivalent.,515.3554003758422
ITC-1017,USA,Kentucky,Carroll,Carroll,US-FIPS:21041,Census TIGER/Line 2024 County,21041,Carroll,EXACT_CURRENT_FIPS,Exact Census FIPS; historical Census vintage used only where the i-Tree configuration refers to a retired county/county-equivalent.,355.5172356435592
ITC-1018,USA,Kentucky,Carter,Carter,US-FIPS:21043,Census TIGER/Line 2024 County,21043,Carter,EXACT_CURRENT_FIPS,Exact Census FIPS; historical Census vintage used only where the i-Tree configuration refers to a retired county/county-equivalent.,1067.3760467606385
ITC-1019,USA,Kentucky,Casey,Casey,US-FIPS:21045,Census TIGER/Line 2024 County,21045,Casey,EXACT_CURRENT_FIPS,Exact Census FIPS; historical Census vintage used only where the i-Tree configuration refers to a retired county/county-equivalent.,1154.4642970012903
ITC-1020,USA,Kentucky,Christian,Christian,US-FIPS:21047,Census TIGER/Line 2024 County,21047,Christian,EXACT_CURRENT_FIPS,Exact Census FIPS; historical Census vintage used only where the i-Tree configuration refers to a retired county/county-equivalent.,1875.2617958417786
ITC-1021,USA,Kentucky,Clark,Clark,US-FIPS:21049,Census TIGER/Line 2024 County,21049,Clark,EXACT_CURRENT_FIPS,Exact Census FIPS; historical Census vintage used only where the i-Tree configuration refers to a retired county/county-equivalent.,660.8680042453907
ITC-1022,USA,Kentucky,Clay,Clay,US-FIPS:21051,Census TIGER/Line 2024 County,21051,Clay,EXACT_CURRENT_FIPS,Exact Census FIPS; historical Census vintage used only where the i-Tree configuration refers to a retired county/county-equivalent.,1220.225179490221
ITC-1023,USA,Kentucky,Clinton,Clinton,US-FIPS:21053,Census TIGER/Line 2024 County,21053,Clinton,EXACT_CURRENT_FIPS,Exact Census FIPS; historical Census vintage used only where the i-Tree configuration refers to a retired county/county-equivalent.,532.0281902625691
ITC-1024,USA,Kentucky,Crittenden,Crittenden,US-FIPS:21055,Census TIGER/Line 2024 County,21055,Crittenden,EXACT_CURRENT_FIPS,Exact Census FIPS; historical Census vintage used only where the i-Tree configuration refers to a retired county/county-equivalent.,961.6508556856948
ITC-1025,USA,Kentucky,Cumberland,Cumberland,US-FIPS:21057,Census TIGER/Line 2024 County,21057,Cumberland,EXACT_CURRENT_FIPS,Exact Census FIPS; historical Census vintage used only where the i-Tree configuration refers to a retired county/county-equivalent.,805.247480390139
ITC-1026,USA,Kentucky,Daviess,Daviess,US-FIPS:21059,Census TIGER/Line 2024 County,21059,Daviess,EXACT_CURRENT_FIPS,Exact Census FIPS; historical Census vintage used only where the i-Tree configuration refers to a retired county/county-equivalent.,1234.0537738566727
ITC-1027,USA,Kentucky,Edmonson,Edmonson,US-FIPS:21061,Census TIGER/Line 2024 County,21061,Edmonson,EXACT_CURRENT_FIPS,Exact Census FIPS; historical Census vintage used only where the i-Tree configuration refers to a retired county/county-equivalent.,797.7272779136865
ITC-1028,USA,Kentucky,Elliott,Elliott,US-FIPS:21063,Census TIGER/Line 2024 County,21063,Elliott,EXACT_CURRENT_FIPS,Exact Census FIPS; historical Census vintage used only where the i-Tree configuration refers to a retired county/county-equivalent.,609.4841900858205
ITC-1029,USA,Kentucky,Estill,Estill,US-FIPS:21065,Census TIGER/Line 2024 County,21065,Estill,EXACT_CURRENT_FIPS,Exact Census FIPS; historical Census vintage used only where the i-Tree configuration refers to a retired county/county-equivalent.,662.0264820957245
ITC-1030,USA,Kentucky,Fayette,Fayette,US-FIPS:21067,Census TIGER/Line 2024 County,21067,Fayette,EXACT_CURRENT_FIPS,Exact Census FIPS; historical Census vintage used only where the i-Tree configuration refers to a retired county/county-equivalent.,739.6159219390106
ITC-1031,USA,Kentucky,Fleming,Fleming,US-FIPS:21069,Census TIGER/Line 2024 County,21069,Fleming,EXACT_CURRENT_FIPS,Exact Census FIPS; historical Census vintage used only where the i-Tree configuration refers to a retired county/county-equivalent.,909.90164535502
ITC-1032,USA,Kentucky,Floyd,Floyd,US-FIPS:21071,Census TIGER/Line 2024 County,21071,Floyd,EXACT_CURRENT_FIPS,Exact Census FIPS; historical Census vintage used only where the i-Tree configuration refers to a retired county/county-equivalent.,1024.8721141309509
ITC-1033,USA,Kentucky,Franklin,Franklin,US-FIPS:21073,Census TIGER/Line 2024 County,21073,Franklin,EXACT_CURRENT_FIPS,Exact Census FIPS; historical Census vintage used only where the i-Tree configuration refers to a retired county/county-equivalent.,549.0982394575357
ITC-1034,USA,Kentucky,Fulton,Fulton,US-FIPS:21075,Census TIGER/Line 2024 County,21075,Fulton,EXACT_CURRENT_FIPS,Exact Census FIPS; historical Census vintage used only where the i-Tree configuration refers to a retired county/county-equivalent.,597.4431944648416
ITC-1035,USA,Kentucky,Gallatin,Gallatin,US-FIPS:21077,Census TIGER/Line 2024 County,21077,Gallatin,EXACT_CURRENT_FIPS,Exact Census FIPS; historical Census vintage used only where the i-Tree configuration refers to a retired county/county-equivalent.,271.00010761814053
ITC-1036,USA,Kentucky,Garrard,Garrard,US-FIPS:21079,Census TIGER/Line 2024 County,21079,Garrard,EXACT_CURRENT_FIPS,Exact Census FIPS; historical Census vintage used only where the i-Tree configuration refers to a retired county/county-equivalent.,605.9172518215656
ITC-1037,USA,Kentucky,Grant,Grant,US-FIPS:21081,Census TIGER/Line 2024 County,21081,Grant,EXACT_CURRENT_FIPS,Exact Census FIPS; historical Census vintage used only where the i-Tree configuration refers to a retired county/county-equivalent.,675.4010873321859
ITC-1038,USA,Kentucky,Graves,Graves,US-FIPS:21083,Census TIGER/Line 2024 County,21083,Graves,EXACT_CURRENT_FIPS,Exact Census FIPS; historical Census vintage used only where the i-Tree configuration refers to a retired county/county-equivalent.,1442.0729633354858
ITC-1039,USA,Kentucky,Grayson,Grayson,US-FIPS:21085,Census TIGER/Line 2024 County,21085,Grayson,EXACT_CURRENT_FIPS,Exact Census FIPS; historical Census vintage used only where the i-Tree configuration refers to a retired county/county-equivalent.,1323.5601238506824
ITC-1040,USA,Kentucky,Green,Green,US-FIPS:21087,Census TIGER/Line 2024 County,21087,Green,EXACT_CURRENT_FIPS,Exact Census FIPS; historical Census vintage used only where the i-Tree configuration refers to a retired county/county-equivalent.,747.9690861840476
ITC-1041,USA,Kentucky,Greenup,Greenup,US-FIPS:21089,Census TIGER/Line 2024 County,21089,Greenup,EXACT_CURRENT_FIPS,Exact Census FIPS; historical Census vintage used only where the i-Tree configuration refers to a retired county/county-equivalent.,917.9986098486592
ITC-1042,USA,Kentucky,Hancock,Hancock,US-FIPS:21091,Census TIGER/Line 2024 County,21091,Hancock,EXACT_CURRENT_FIPS,Exact Census FIPS; historical Census vintage used only where the i-Tree configuration refers to a retired county/county-equivalent.,515.2078986300528
ITC-1043,USA,Kentucky,Hardin,Hardin,US-FIPS:21093,Census TIGER/Line 2024 County,21093,Hardin,EXACT_CURRENT_FIPS,Exact Census FIPS; historical Census vintage used only where the i-Tree configuration refers to a retired county/county-equivalent.,1632.015632064502
ITC-1044,USA,Kentucky,Harlan,Harlan,US-FIPS:21095,Census TIGER/Line 2024 County,21095,Harlan,EXACT_CURRENT_FIPS,Exact Census FIPS; historical Census vintage used only where the i-Tree configuration refers to a retired county/county-equivalent.,1212.506284853466
ITC-1045,USA,Kentucky,Harrison,Harrison,US-FIPS:21097,Census TIGER/Line 2024 County,21097,Harrison,EXACT_CURRENT_FIPS,Exact Census FIPS; historical Census vintage used only where the i-Tree configuration refers to a retired county/county-equivalent.,802.5785643075394
ITC-1046,USA,Kentucky,Hart,Hart,US-FIPS:21099,Census TIGER/Line 2024 County,21099,Hart,EXACT_CURRENT_FIPS,Exact Census FIPS; historical Census vintage used only where the i-Tree configuration refers to a retired county/county-equivalent.,1082.2205460787782
ITC-1047,USA,Kentucky,Henderson,Henderson,US-FIPS:21101,Census TIGER/Line 2024 County,21101,Henderson,EXACT_CURRENT_FIPS,Exact Census FIPS; historical Census vintage used only where the i-Tree configuration refers to a retired county/county-equivalent.,1205.776983838987
ITC-1048,USA,Kentucky,Henry,Henry,US-FIPS:21103,Census TIGER/Line 2024 County,21103,Henry,EXACT_CURRENT_FIPS,Exact Census FIPS; historical Census vintage used only where the i-Tree configuration refers to a retired county/county-equivalent.,754.0034063678127
ITC-1049,USA,Kentucky,Hickman,Hickman,US-FIPS:21105,Census TIGER/Line 2024 County,21105,Hickman,EXACT_CURRENT_FIPS,Exact Census FIPS; historical Census vintage used only where the i-Tree configuration refers to a retired county/county-equivalent.,655.3701378772676
ITC-1050,USA,Kentucky,Hopkins,Hopkins,US-FIPS:21107,Census TIGER/Line 2024 County,21107,Hopkins,EXACT_CURRENT_FIPS,Exact Census FIPS; historical Census vintage used only where the i-Tree configuration refers to a retired county/county-equivalent.,1435.9292323829325
ITC-1051,USA,Kentucky,Jackson,Jackson,US-FIPS:21109,Census TIGER/Line 2024 County,21109,Jackson,EXACT_CURRENT_FIPS,Exact Census FIPS; historical Census vintage used only where the i-Tree configuration refers to a retired county/county-equivalent.,897.4631988775211
ITC-1052,USA,Kentucky,Jefferson,Jefferson,US-FIPS:21111,Census TIGER/Line 2024 County,21111,Jefferson,EXACT_CURRENT_FIPS,Exact Census FIPS; historical Census vintage used only where the i-Tree configuration refers to a retired county/county-equivalent.,1029.781472650979
ITC-1053,USA,Kentucky,Jessamine,Jessamine,US-FIPS:21113,Census TIGER/Line 2024 County,21113,Jessamine,EXACT_CURRENT_FIPS,Exact Census FIPS; historical Census vintage used only where the i-Tree configuration refers to a retired county/county-equivalent.,451.8884237704153
ITC-1054,USA,Kentucky,Johnson,Johnson,US-FIPS:21115,Census TIGER/Line 2024 County,21115,Johnson,EXACT_CURRENT_FIPS,Exact Census FIPS; historical Census vintage used only where the i-Tree configuration refers to a retired county/county-equivalent.,684.108051518996
ITC-1055,USA,Kentucky,Kenton,Kenton,US-FIPS:21117,Census TIGER/Line 2024 County,21117,Kenton,EXACT_CURRENT_FIPS,Exact Census FIPS; historical Census vintage used only where the i-Tree configuration refers to a retired county/county-equivalent.,425.5559885257454
ITC-1056,USA,Kentucky,Knott,Knott,US-FIPS:21119,Census TIGER/Line 2024 County,21119,Knott,EXACT_CURRENT_FIPS,Exact Census FIPS; historical Census vintage used only where the i-Tree configuration refers to a retired county/county-equivalent.,913.8807516728482
ITC-1057,USA,Kentucky,Knox,Knox,US-FIPS:21121,Census TIGER/Line 2024 County,21121,Knox,EXACT_CURRENT_FIPS,Exact Census FIPS; historical Census vintage used only where the i-Tree configuration refers to a retired county/county-equivalent.,1004.2673853913906
ITC-1058,USA,Kentucky,Larue,Larue,US-FIPS:21123,Census TIGER/Line 2024 County,21123,Larue,EXACT_CURRENT_FIPS,Exact Census FIPS; historical Census vintage used only where the i-Tree configuration refers to a retired county/county-equivalent.,682.8122508713031
ITC-1059,USA,Kentucky,Laurel,Laurel,US-FIPS:21125,Census TIGER/Line 2024 County,21125,Laurel,EXACT_CURRENT_FIPS,Exact Census FIPS; historical Census vintage used only where the i-Tree configuration refers to a retired county/county-equivalent.,1149.1595497263527
ITC-1060,USA,Kentucky,Lawrence,Lawrence,US-FIPS:21127,Census TIGER/Line 2024 County,21127,Lawrence,EXACT_CURRENT_FIPS,Exact Census FIPS; historical Census vintage used only where the i-Tree configuration refers to a retired county/county-equivalent.,1087.9707442679735
ITC-1061,USA,Kentucky,Lee,Lee,US-FIPS:21129,Census TIGER/Line 2024 County,21129,Lee,EXACT_CURRENT_FIPS,Exact Census FIPS; historical Census vintage used only where the i-Tree configuration refers to a retired county/county-equivalent.,547.1526817259196
ITC-1062,USA,Kentucky,Leslie,Leslie,US-FIPS:21131,Census TIGER/Line 2024 County,21131,Leslie,EXACT_CURRENT_FIPS,Exact Census FIPS; historical Census vintage used only where the i-Tree configuration refers to a retired county/county-equivalent.,1047.3970461072995
ITC-1063,USA,Kentucky,Letcher,Letcher,US-FIPS:21133,Census TIGER/Line 2024 County,21133,Letcher,EXACT_CURRENT_FIPS,Exact Census FIPS; historical Census vintage used only where the i-Tree configuration refers to a retired county/county-equivalent.,878.0920673167661
ITC-1064,USA,Kentucky,Lewis,Lewis,US-FIPS:21135,Census TIGER/Line 2024 County,21135,Lewis,EXACT_CURRENT_FIPS,Exact Census FIPS; historical Census vintage used only where the i-Tree configuration refers to a retired county/county-equivalent.,1282.4679679608819
ITC-1065,USA,Kentucky,Lincoln,Lincoln,US-FIPS:21137,Census TIGER/Line 2024 County,21137,Lincoln,EXACT_CURRENT_FIPS,Exact Census FIPS; historical Census vintage used only where the i-Tree configuration refers to a retired county/county-equivalent.,871.2530736530257
ITC-1066,USA,Kentucky,Livingston,Livingston,US-FIPS:21139,Census TIGER/Line 2024 County,21139,Livingston,EXACT_CURRENT_FIPS,Exact Census FIPS; historical Census vintage used only where the i-Tree configuration refers to a retired county/county-equivalent.,886.1764867901026
ITC-1067,USA,Kentucky,Logan,Logan,US-FIPS:21141,Census TIGER/Line 2024 County,21141,Logan,EXACT_CURRENT_FIPS,Exact Census FIPS; historical Census vintage used only where the i-Tree configuration refers to a retired county/county-equivalent.,1442.7030693465053
ITC-1068,USA,Kentucky,Lyon,Lyon,US-FIPS:21143,Census TIGER/Line 2024 County,21143,Lyon,EXACT_CURRENT_FIPS,Exact Census FIPS; historical Census vintage used only where the i-Tree configuration refers to a retired county/county-equivalent.,664.4058186366294
ITC-1069,USA,Kentucky,Madison,Madison,US-FIPS:21151,Census TIGER/Line 2024 County,21151,Madison,EXACT_CURRENT_FIPS,Exact Census FIPS; historical Census vintage used only where the i-Tree configuration refers to a retired county/county-equivalent.,1148.029936994471
ITC-1070,USA,Kentucky,Magoffin,Magoffin,US-FIPS:21153,Census TIGER/Line 2024 County,21153,Magoffin,EXACT_CURRENT_FIPS,Exact Census FIPS; historical Census vintage used only where the i-Tree configuration refers to a retired county/county-equivalent.,800.713783915443
ITC-1071,USA,Kentucky,Marion,Marion,US-FIPS:21155,Census TIGER/Line 2024 County,21155,Marion,EXACT_CURRENT_FIPS,Exact Census FIPS; historical Census vintage used only where the i-Tree configuration refers to a retired county/county-equivalent.,898.355879016088
ITC-1072,USA,Kentucky,Marshall,Marshall,US-FIPS:21157,Census TIGER/Line 2024 County,21157,Marshall,EXACT_CURRENT_FIPS,Exact Census FIPS; historical Census vintage used only where the i-Tree configuration refers to a retired county/county-equivalent.,881.0376728517057
ITC-1073,USA,Kentucky,Martin,Martin,US-FIPS:21159,Census TIGER/Line 2024 County,21159,Martin,EXACT_CURRENT_FIPS,Exact Census FIPS; historical Census vintage used only where the i-Tree configuration refers to a retired county/county-equivalent.,597.3371226447538
ITC-1074,USA,Kentucky,Mason,Mason,US-FIPS:21161,Census TIGER/Line 2024 County,21161,Mason,EXACT_CURRENT_FIPS,Exact Census FIPS; historical Census vintage used only where the i-Tree configuration refers to a retired county/county-equivalent.,638.2009712426875
ITC-1075,USA,Kentucky,McCracken,McCracken,US-FIPS:21145,Census TIGER/Line 2024 County,21145,McCracken,EXACT_CURRENT_FIPS,Exact Census FIPS; historical Census vintage used only where the i-Tree configuration refers to a retired county/county-equivalent.,693.9547242161328
ITC-1076,USA,Kentucky,McCreary,McCreary,US-FIPS:21147,Census TIGER/Line 2024 County,21147,McCreary,EXACT_CURRENT_FIPS,Exact Census FIPS; historical Census vintage used only where the i-Tree configuration refers to a retired county/county-equivalent.,1116.1477924023386
ITC-1077,USA,Kentucky,McLean,McLean,US-FIPS:21149,Census TIGER/Line 2024 County,21149,McLean,EXACT_CURRENT_FIPS,Exact Census FIPS; historical Census vintage used only where the i-Tree configuration refers to a retired county/county-equivalent.,663.6480418055121
ITC-1078,USA,Kentucky,Meade,Meade,US-FIPS:21163,Census TIGER/Line 2024 County,21163,Meade,EXACT_CURRENT_FIPS,Exact Census FIPS; historical Census vintage used only where the i-Tree configuration refers to a retired county/county-equivalent.,840.2049989271693
ITC-1079,USA,Kentucky,Menifee,Menifee,US-FIPS:21165,Census TIGER/Line 2024 County,21165,Menifee,EXACT_CURRENT_FIPS,Exact Census FIPS; historical Census vintage used only where the i-Tree configuration refers to a retired county/county-equivalent.,533.3680607551588
ITC-1080,USA,Kentucky,Mercer,Mercer,US-FIPS:21167,Census TIGER/Line 2024 County,21167,Mercer,EXACT_CURRENT_FIPS,Exact Census FIPS; historical Census vintage used only where the i-Tree configuration refers to a retired county/county-equivalent.,656.0644905400952
ITC-1081,USA,Kentucky,Metcalfe,Metcalfe,US-FIPS:21169,Census TIGER/Line 2024 County,21169,Metcalfe,EXACT_CURRENT_FIPS,Exact Census FIPS; historical Census vintage used only where the i-Tree configuration refers to a retired county/county-equivalent.,754.1784048721057
ITC-1082,USA,Kentucky,Monroe,Monroe,US-FIPS:21171,Census TIGER/Line 2024 County,21171,Monroe,EXACT_CURRENT_FIPS,Exact Census FIPS; historical Census vintage used only where the i-Tree configuration refers to a retired county/county-equivalent.,860.0226840526906
ITC-1083,USA,Kentucky,Montgomery,Montgomery,US-FIPS:21173,Census TIGER/Line 2024 County,21173,Montgomery,EXACT_CURRENT_FIPS,Exact Census FIPS; historical Census vintage used only where the i-Tree configuration refers to a retired county/county-equivalent.,514.9890202027269
ITC-1084,USA,Kentucky,Morgan,Morgan,US-FIPS:21175,Census TIGER/Line 2024 County,21175,Morgan,EXACT_CURRENT_FIPS,Exact Census FIPS; historical Census vintage used only where the i-Tree configuration refers to a retired county/county-equivalent.,994.0043223145015
ITC-1085,USA,Kentucky,Muhlenberg,Muhlenberg,US-FIPS:21177,Census TIGER/Line 2024 County,21177,Muhlenberg,EXACT_CURRENT_FIPS,Exact Census FIPS; historical Census vintage used only where the i-Tree configuration refers to a retired county/county-equivalent.,1241.6401268920927
ITC-1086,USA,Kentucky,Nelson,Nelson,US-FIPS:21179,Census TIGER/Line 2024 County,21179,Nelson,EXACT_CURRENT_FIPS,Exact Census FIPS; historical Census vintage used only where the i-Tree configuration refers to a retired county/county-equivalent.,1098.352681542888
ITC-1087,USA,Kentucky,Nicholas,Nicholas,US-FIPS:21181,Census TIGER/Line 2024 County,21181,Nicholas,EXACT_CURRENT_FIPS,Exact Census FIPS; historical Census vintage used only where the i-Tree configuration refers to a retired county/county-equivalent.,509.77663852852794
ITC-1088,USA,Kentucky,Ohio,Ohio,US-FIPS:21183,Census TIGER/Line 2024 County,21183,Ohio,EXACT_CURRENT_FIPS,Exact Census FIPS; historical Census vintage used only where the i-Tree configuration refers to a retired county/county-equivalent.,1544.222058434416
ITC-1089,USA,Kentucky,Oldham,Oldham,US-FIPS:21185,Census TIGER/Line 2024 County,21185,Oldham,EXACT_CURRENT_FIPS,Exact Census FIPS; historical Census vintage used only where the i-Tree configuration refers to a retired county/county-equivalent.,508.52956995225327
ITC-1090,USA,Kentucky,Owen,Owen,US-FIPS:21187,Census TIGER/Line 2024 County,21187,Owen,EXACT_CURRENT_FIPS,Exact Census FIPS; historical Census vintage used only where the i-Tree configuration refers to a retired county/county-equivalent.,917.4937701546236
ITC-1091,USA,Kentucky,Owsley,Owsley,US-FIPS:21189,Census TIGER/Line 2024 County,21189,Owsley,EXACT_CURRENT_FIPS,Exact Census FIPS; historical Census vintage used only where the i-Tree configuration refers to a retired county/county-equivalent.,513.5690288580506
ITC-1092,USA,Kentucky,Pendleton,Pendleton,US-FIPS:21191,Census TIGER/Line 2024 County,21191,Pendleton,EXACT_CURRENT_FIPS,Exact Census FIPS; historical Census vintage used only where the i-Tree configuration refers to a retired county/county-equivalent.,730.1433021468997
ITC-1093,USA,Kentucky,Perry,Perry,US-FIPS:21193,Census TIGER/Line 2024 County,21193,Perry,EXACT_CURRENT_FIPS,Exact Census FIPS; historical Census vintage used only where the i-Tree configuration refers to a retired county/county-equivalent.,887.3542669211065
ITC-1094,USA,Kentucky,Pike,Pike,US-FIPS:21195,Census TIGER/Line 2024 County,21195,Pike,EXACT_CURRENT_FIPS,Exact Census FIPS; historical Census vintage used only where the i-Tree configuration refers to a retired county/county-equivalent.,2042.3791286100493
ITC-1095,USA,Kentucky,Powell,Powell,US-FIPS:21197,Census TIGER/Line 2024 County,21197,Powell,EXACT_CURRENT_FIPS,Exact Census FIPS; historical Census vintage used only where the i-Tree configuration refers to a retired county/county-equivalent.,466.51209862296247
ITC-1096,USA,Kentucky,Pulaski,Pulaski,US-FIPS:21199,Census TIGER/Line 2024 County,21199,Pulaski,EXACT_CURRENT_FIPS,Exact Census FIPS; historical Census vintage used only where the i-Tree configuration refers to a retired county/county-equivalent.,1753.82116586796
ITC-1097,USA,Kentucky,Robertson,Robertson,US-FIPS:21201,Census TIGER/Line 2024 County,21201,Robertson,EXACT_CURRENT_FIPS,Exact Census FIPS; historical Census vintage used only where the i-Tree configuration refers to a retired county/county-equivalent.,259.2717418365561
ITC-1098,USA,Kentucky,Rockcastle,Rockcastle,US-FIPS:21203,Census TIGER/Line 2024 County,21203,Rockcastle,EXACT_CURRENT_FIPS,Exact Census FIPS; historical Census vintage used only where the i-Tree configuration refers to a retired county/county-equivalent.,823.8654816411104
ITC-1099,USA,Kentucky,Rowan,Rowan,US-FIPS:21205,Census TIGER/Line 2024 County,21205,Rowan,EXACT_CURRENT_FIPS,Exact Census FIPS; historical Census vintage used only where the i-Tree configuration refers to a retired county/county-equivalent.,741.4261313518172
ITC-1100,USA,Kentucky,Russell,Russell,US-FIPS:21207,Census TIGER/Line 2024 County,21207,Russell,EXACT_CURRENT_FIPS,Exact Census FIPS; historical Census vintage used only where the i-Tree configuration refers to a retired county/county-equivalent.,732.6441853733994
ITC-1101,USA,Kentucky,Scott,Scott,US-FIPS:21209,Census TIGER/Line 2024 County,21209,Scott,EXACT_CURRENT_FIPS,Exact Census FIPS; historical Census vintage used only where the i-Tree configuration refers to a retired county/county-equivalent.,739.2216501587682
ITC-1102,USA,Kentucky,Shelby,Shelby,US-FIPS:21211,Census TIGER/Line 2024 County,21211,Shelby,EXACT_CURRENT_FIPS,Exact Census FIPS; historical Census vintage used only where the i-Tree configuration refers to a retired county/county-equivalent.,998.8632886237239
ITC-1103,USA,Kentucky,Simpson,Simpson,US-FIPS:21213,Census TIGER/Line 2024 County,21213,Simpson,EXACT_CURRENT_FIPS,Exact Census FIPS; historical Census vintage used only where the i-Tree configuration refers to a retired county/county-equivalent.,612.4418771692107
ITC-1104,USA,Kentucky,Spencer,Spencer,US-FIPS:21215,Census TIGER/Line 2024 County,21215,Spencer,EXACT_CURRENT_FIPS,Exact Census FIPS; historical Census vintage used only where the i-Tree configuration refers to a retired county/county-equivalent.,496.39053452772566
ITC-1105,USA,Kentucky,Taylor,Taylor,US-FIPS:21217,Census TIGER/Line 2024 County,21217,Taylor,EXACT_CURRENT_FIPS,Exact Census FIPS; historical Census vintage used only where the i-Tree configuration refers to a retired county/county-equivalent.,716.9634317816858
ITC-1106,USA,Kentucky,Todd,Todd,US-FIPS:21219,Census TIGER/Line 2024 County,21219,Todd,EXACT_CURRENT_FIPS,Exact Census FIPS; historical Census vintage used only where the i-Tree configuration refers to a retired county/county-equivalent.,976.5707225722996
ITC-1107,USA,Kentucky,Trigg,Trigg,US-FIPS:21221,Census TIGER/Line 2024 County,21221,Trigg,EXACT_CURRENT_FIPS,Exact Census FIPS; historical Census vintage used only where the i-Tree configuration refers to a retired county/county-equivalent.,1246.6421727539398
ITC-1108,USA,Kentucky,Trimble,Trimble,US-FIPS:21223,Census TIGER/Line 2024 County,21223,Trimble,EXACT_CURRENT_FIPS,Exact Census FIPS; historical Census vintage used only where the i-Tree configuration refers to a retired county/county-equivalent.,403.98144636269535
ITC-1109,USA,Kentucky,Union,Union,US-FIPS:21225,Census TIGER/Line 2024 County,21225,Union,EXACT_CURRENT_FIPS,Exact Census FIPS; historical Census vintage used only where the i-Tree configuration refers to a retired county/county-equivalent.,940.7165231027138
ITC-1110,USA,Kentucky,Warren,Warren,US-FIPS:21227,Census TIGER/Line 2024 County,21227,Warren,EXACT_CURRENT_FIPS,Exact Census FIPS; historical Census vintage used only where the i-Tree configuration refers to a retired county/county-equivalent.,1418.1850436267796
ITC-1111,USA,Kentucky,Washington,Washington,US-FIPS:21229,Census TIGER/Line 2024 County,21229,Washington,EXACT_CURRENT_FIPS,Exact Census FIPS; historical Census vintage used only where the i-Tree configuration refers to a retired county/county-equivalent.,780.1019320445869
ITC-1112,USA,Kentucky,Wayne,Wayne,US-FIPS:21231,Census TIGER/Line 2024 County,21231,Wayne,EXACT_CURRENT_FIPS,Exact Census FIPS; historical Census vintage used only where the i-Tree configuration refers to a retired county/county-equivalent.,1253.9748578424533
ITC-1113,USA,Kentucky,Webster,Webster,US-FIPS:21233,Census TIGER/Line 2024 County,21233,Webster,EXACT_CURRENT_FIPS,Exact Census FIPS; historical Census vintage used only where the i-Tree configuration refers to a retired county/county-equivalent.,869.3434711893274
ITC-1114,USA,Kentucky,Whitley,Whitley,US-FIPS:21235,Census TIGER/Line 2024 County,21235,Whitley,EXACT_CURRENT_FIPS,Exact Census FIPS; historical Census vintage used only where the i-Tree configuration refers to a retired county/county-equivalent.,1152.8515575877439
ITC-1115,USA,Kentucky,Wolfe,Wolfe,US-FIPS:21237,Census TIGER/Line 2024 County,21237,Wolfe,EXACT_CURRENT_FIPS,Exact Census FIPS; historical Census vintage used only where the i-Tree configuration refers to a retired county/county-equivalent.,576.9242527086587
ITC-1116,USA,Kentucky,Woodford,Woodford,US-FIPS:21239,Census TIGER/Line 2024 County,21239,Woodford,EXACT_CURRENT_FIPS,Exact Census FIPS; historical Census vintage used only where the i-Tree configuration refers to a retired county/county-equivalent.,497.37421882196315
ITC-1117,USA,Louisiana,Acadia,Acadia,US-FIPS:22001,Census TIGER/Line 2024 County,22001,Acadia,EXACT_CURRENT_FIPS,Exact Census FIPS; historical Census vintage used only where the i-Tree configuration refers to a retired county/county-equivalent.,1703.0086107289126
ITC-1118,USA,Louisiana,Allen,Allen,US-FIPS:22003,Census TIGER/Line 2024 County,22003,Allen,EXACT_CURRENT_FIPS,Exact Census FIPS; historical Census vintage used only where the i-Tree configuration refers to a retired county/county-equivalent.,1984.246560410463
ITC-1119,USA,Louisiana,Ascension,Ascension,US-FIPS:22005,Census TIGER/Line 2024 County,22005,Ascension,EXACT_CURRENT_FIPS,Exact Census FIPS; historical Census vintage used only where the i-Tree configuration refers to a retired county/county-equivalent.,783.9885622208645
ITC-1120,USA,Louisiana,Assumption,Assumption,US-FIPS:22007,Census TIGER/Line 2024 County,22007,Assumption,EXACT_CURRENT_FIPS,Exact Census FIPS; historical Census vintage used only where the i-Tree configuration refers to a retired county/county-equivalent.,958.1152179328697
ITC-1121,USA,Louisiana,Avoyelles,Avoyelles,US-FIPS:22009,Census TIGER/Line 2024 County,22009,Avoyelles,EXACT_CURRENT_FIPS,Exact Census FIPS; historical Census vintage used only where the i-Tree configuration refers to a retired county/county-equivalent.,2241.981594308987
ITC-1122,USA,Louisiana,Beauregard,Beauregard,US-FIPS:22011,Census TIGER/Line 2024 County,22011,Beauregard,EXACT_CURRENT_FIPS,Exact Census FIPS; historical Census vintage used only where the i-Tree configuration refers to a retired county/county-equivalent.,3019.797348604388
ITC-1123,USA,Louisiana,Bienville,Bienville,US-FIPS:22013,Census TIGER/Line 2024 County,22013,Bienville,EXACT_CURRENT_FIPS,Exact Census FIPS; historical Census vintage used only where the i-Tree configuration refers to a retired county/county-equivalent.,2129.34340612078
ITC-1124,USA,Louisiana,Bossier,Bossier,US-FIPS:22015,Census TIGER/Line 2024 County,22015,Bossier,EXACT_CURRENT_FIPS,Exact Census FIPS; historical Census vintage used only where the i-Tree configuration refers to a retired county/county-equivalent.,2245.2978810520826
ITC-1125,USA,Louisiana,Caddo,Caddo,US-FIPS:22017,Census TIGER/Line 2024 County,22017,Caddo,EXACT_CURRENT_FIPS,Exact Census FIPS; historical Census vintage used only where the i-Tree configuration refers to a retired county/county-equivalent.,2426.9124632436747
ITC-1126,USA,Louisiana,Calcasieu,Calcasieu,US-FIPS:22019,Census TIGER/Line 2024 County,22019,Calcasieu,EXACT_CURRENT_FIPS,Exact Census FIPS; historical Census vintage used only where the i-Tree configuration refers to a retired county/county-equivalent.,2833.873607976781
ITC-1127,USA,Louisiana,Caldwell,Caldwell,US-FIPS:22021,Census TIGER/Line 2024 County,22021,Caldwell,EXACT_CURRENT_FIPS,Exact Census FIPS; historical Census vintage used only where the i-Tree configuration refers to a retired county/county-equivalent.,1401.2024837437414
ITC-1128,USA,Louisiana,Cameron,Cameron,US-FIPS:22023,Census TIGER/Line 2024 County,22023,Cameron,EXACT_CURRENT_FIPS,Exact Census FIPS; historical Census vintage used only where the i-Tree configuration refers to a retired county/county-equivalent.,5016.093175459857
ITC-1129,USA,Louisiana,Catahoula,Catahoula,US-FIPS:22025,Census TIGER/Line 2024 County,22025,Catahoula,EXACT_CURRENT_FIPS,Exact Census FIPS; historical Census vintage used only where the i-Tree configuration refers to a retired county/county-equivalent.,1915.132244633311
ITC-1130,USA,Louisiana,Claiborne,Claiborne,US-FIPS:22027,Census TIGER/Line 2024 County,22027,Claiborne,EXACT_CURRENT_FIPS,Exact Census FIPS; historical Census vintage used only where the i-Tree configuration refers to a retired county/county-equivalent.,1987.3821934475143
ITC-1131,USA,Louisiana,Concordia,Concordia,US-FIPS:22029,Census TIGER/Line 2024 County,22029,Concordia,EXACT_CURRENT_FIPS,Exact Census FIPS; historical Census vintage used only where the i-Tree configuration refers to a retired county/county-equivalent.,1935.6833949240377
ITC-1132,USA,Louisiana,De Soto,De Soto,US-FIPS:22031,Census TIGER/Line 2024 County,22031,De Soto,EXACT_CURRENT_FIPS,Exact Census FIPS; historical Census vintage used only where the i-Tree configuration refers to a retired county/county-equivalent.,2316.9820989954455
ITC-1133,USA,Louisiana,East Baton Rouge,East Baton Rouge,US-FIPS:22033,Census TIGER/Line 2024 County,22033,East Baton Rouge,EXACT_CURRENT_FIPS,Exact Census FIPS; historical Census vintage used only where the i-Tree configuration refers to a retired county/county-equivalent.,1218.1882595245852
ITC-1134,USA,Louisiana,East Carroll,East Carroll,US-FIPS:22035,Census TIGER/Line 2024 County,22035,East Carroll,EXACT_CURRENT_FIPS,Exact Census FIPS; historical Census vintage used only where the i-Tree configuration refers to a retired county/county-equivalent.,1146.5054797705552
ITC-1135,USA,Louisiana,East Feliciana,East Feliciana,US-FIPS:22037,Census TIGER/Line 2024 County,22037,East Feliciana,EXACT_CURRENT_FIPS,Exact Census FIPS; historical Census vintage used only where the i-Tree configuration refers to a retired county/county-equivalent.,1180.1737920740886
ITC-1136,USA,Louisiana,Evangeline,Evangeline,US-FIPS:22039,Census TIGER/Line 2024 County,22039,Evangeline,EXACT_CURRENT_FIPS,Exact Census FIPS; historical Census vintage used only where the i-Tree configuration refers to a retired county/county-equivalent.,1760.3498610123147
ITC-1137,USA,Louisiana,Franklin,Franklin,US-FIPS:22041,Census TIGER/Line 2024 County,22041,Franklin,EXACT_CURRENT_FIPS,Exact Census FIPS; historical Census vintage used only where the i-Tree configuration refers to a retired county/county-equivalent.,1644.9758176924681
ITC-1138,USA,Louisiana,Grant,Grant,US-FIPS:22043,Census TIGER/Line 2024 County,22043,Grant,EXACT_CURRENT_FIPS,Exact Census FIPS; historical Census vintage used only where the i-Tree configuration refers to a retired county/county-equivalent.,1721.85392716133
ITC-1139,USA,Louisiana,Iberia,Iberia,US-FIPS:22045,Census TIGER/Line 2024 County,22045,Iberia,EXACT_CURRENT_FIPS,Exact Census FIPS; historical Census vintage used only where the i-Tree configuration refers to a retired county/county-equivalent.,2694.521351561383
ITC-1140,USA,Louisiana,Iberville,Iberville,US-FIPS:22047,Census TIGER/Line 2024 County,22047,Iberville,EXACT_CURRENT_FIPS,Exact Census FIPS; historical Census vintage used only where the i-Tree configuration refers to a retired county/county-equivalent.,1691.1354071880355
ITC-1141,USA,Louisiana,Jackson,Jackson,US-FIPS:22049,Census TIGER/Line 2024 County,22049,Jackson,EXACT_CURRENT_FIPS,Exact Census FIPS; historical Census vintage used only where the i-Tree configuration refers to a retired county/county-equivalent.,1503.328910059599
ITC-1142,USA,Louisiana,Jefferson,Jefferson,US-FIPS:22051,Census TIGER/Line 2024 County,22051,Jefferson,EXACT_CURRENT_FIPS,Exact Census FIPS; historical Census vintage used only where the i-Tree configuration refers to a retired county/county-equivalent.,1662.8822328581664
ITC-1143,USA,Louisiana,Jefferson Davis,Jefferson Davis,US-FIPS:22053,Census TIGER/Line 2024 County,22053,Jefferson Davis,EXACT_CURRENT_FIPS,Exact Census FIPS; historical Census vintage used only where the i-Tree configuration refers to a retired county/county-equivalent.,1706.0973832507977
ITC-1144,USA,Louisiana,La Salle,La Salle,US-FIPS:22059,Census TIGER/Line 2024 County,22059,LaSalle,EXACT_CURRENT_FIPS,Exact Census FIPS; historical Census vintage used only where the i-Tree configuration refers to a retired county/county-equivalent.,1716.0188572539905
ITC-1145,USA,Louisiana,Lafayette,Lafayette,US-FIPS:22055,Census TIGER/Line 2024 County,22055,Lafayette,EXACT_CURRENT_FIPS,Exact Census FIPS; historical Census vintage used only where the i-Tree configuration refers to a retired county/county-equivalent.,697.4067861314429
ITC-1146,USA,Louisiana,Lafourche,Lafourche,US-FIPS:22057,Census TIGER/Line 2024 County,22057,Lafourche,EXACT_CURRENT_FIPS,Exact Census FIPS; historical Census vintage used only where the i-Tree configuration refers to a retired county/county-equivalent.,3803.2160867946764
ITC-1147,USA,Louisiana,Lincoln,Lincoln,US-FIPS:22061,Census TIGER/Line 2024 County,22061,Lincoln,EXACT_CURRENT_FIPS,Exact Census FIPS; historical Census vintage used only where the i-Tree configuration refers to a retired county/county-equivalent.,1223.4302036973381
ITC-1148,USA,Louisiana,Livingston,Livingston,US-FIPS:22063,Census TIGER/Line 2024 County,22063,Livingston,EXACT_CURRENT_FIPS,Exact Census FIPS; historical Census vintage used only where the i-Tree configuration refers to a retired county/county-equivalent.,1790.8282355215636
ITC-1149,USA,Louisiana,Madison,Madison,US-FIPS:22065,Census TIGER/Line 2024 County,22065,Madison,EXACT_CURRENT_FIPS,Exact Census FIPS; historical Census vintage used only where the i-Tree configuration refers to a retired county/county-equivalent.,1684.3148716484818
ITC-1150,USA,Louisiana,Morehouse,Morehouse,US-FIPS:22067,Census TIGER/Line 2024 County,22067,Morehouse,EXACT_CURRENT_FIPS,Exact Census FIPS; historical Census vintage used only where the i-Tree configuration refers to a retired county/county-equivalent.,2087.798558544264
ITC-1151,USA,Louisiana,Natchitoches,Natchitoches,US-FIPS:22069,Census TIGER/Line 2024 County,22069,Natchitoches,EXACT_CURRENT_FIPS,Exact Census FIPS; historical Census vintage used only where the i-Tree configuration refers to a retired county/county-equivalent.,3365.826348017081
ITC-1152,USA,Louisiana,Orleans,Orleans,US-FIPS:22071,Census TIGER/Line 2024 County,22071,Orleans,EXACT_CURRENT_FIPS,Exact Census FIPS; historical Census vintage used only where the i-Tree configuration refers to a retired county/county-equivalent.,906.1004696054925
ITC-1153,USA,Louisiana,Ouachita,Ouachita,US-FIPS:22073,Census TIGER/Line 2024 County,22073,Ouachita,EXACT_CURRENT_FIPS,Exact Census FIPS; historical Census vintage used only where the i-Tree configuration refers to a retired county/county-equivalent.,1636.1261286545569
ITC-1154,USA,Louisiana,Plaquemines,Plaquemines,US-FIPS:22075,Census TIGER/Line 2024 County,22075,Plaquemines,EXACT_CURRENT_FIPS,Exact Census FIPS; historical Census vintage used only where the i-Tree configuration refers to a retired county/county-equivalent.,6649.087074146176
ITC-1155,USA,Louisiana,Pointe Coupee,Pointe Coupee,US-FIPS:22077,Census TIGER/Line 2024 County,22077,Pointe Coupee,EXACT_CURRENT_FIPS,Exact Census FIPS; historical Census vintage used only where the i-Tree configuration refers to a retired county/county-equivalent.,1529.0175215307906
ITC-1156,USA,Louisiana,Rapides,Rapides,US-FIPS:22079,Census TIGER/Line 2024 County,22079,Rapides,EXACT_CURRENT_FIPS,Exact Census FIPS; historical Census vintage used only where the i-Tree configuration refers to a retired county/county-equivalent.,3526.3218356886186
ITC-1157,USA,Louisiana,Red River,Red River,US-FIPS:22081,Census TIGER/Line 2024 County,22081,Red River,EXACT_CURRENT_FIPS,Exact Census FIPS; historical Census vintage used only where the i-Tree configuration refers to a retired county/county-equivalent.,1041.7125511160828
ITC-1158,USA,Louisiana,Richland,Richland,US-FIPS:22083,Census TIGER/Line 2024 County,22083,Richland,EXACT_CURRENT_FIPS,Exact Census FIPS; historical Census vintage used only where the i-Tree configuration refers to a retired county/county-equivalent.,1461.8028861875666
ITC-1159,USA,Louisiana,Sabine,Sabine,US-FIPS:22085,Census TIGER/Line 2024 County,22085,Sabine,EXACT_CURRENT_FIPS,Exact Census FIPS; historical Census vintage used only where the i-Tree configuration refers to a retired county/county-equivalent.,2619.861180460978
ITC-1160,USA,Louisiana,St. Bernard,St. Bernard,US-FIPS:22087,Census TIGER/Line 2024 County,22087,St. Bernard,EXACT_CURRENT_FIPS,Exact Census FIPS; historical Census vintage used only where the i-Tree configuration refers to a retired county/county-equivalent.,5581.976535562268
ITC-1161,USA,Louisiana,St. Charles,St. Charles,US-FIPS:22089,Census TIGER/Line 2024 County,22089,St. Charles,EXACT_CURRENT_FIPS,Exact Census FIPS; historical Census vintage used only where the i-Tree configuration refers to a retired county/county-equivalent.,1027.9805459574168
ITC-1162,USA,Louisiana,St. Helena,St. Helena,US-FIPS:22091,Census TIGER/Line 2024 County,22091,St. Helena,EXACT_CURRENT_FIPS,Exact Census FIPS; historical Census vintage used only where the i-Tree configuration refers to a retired county/county-equivalent.,1060.8752910722756
ITC-1163,USA,Louisiana,St. James,St. James,US-FIPS:22093,Census TIGER/Line 2024 County,22093,St. James,EXACT_CURRENT_FIPS,Exact Census FIPS; historical Census vintage used only where the i-Tree configuration refers to a retired county/county-equivalent.,654.8305102046733
ITC-1164,USA,Louisiana,St. John the Baptist,St. John the Baptist,US-FIPS:22095,Census TIGER/Line 2024 County,22095,St. John the Baptist,EXACT_CURRENT_FIPS,Exact Census FIPS; historical Census vintage used only where the i-Tree configuration refers to a retired county/county-equivalent.,1061.92490495947
ITC-1165,USA,Louisiana,St. Landry,St. Landry,US-FIPS:22097,Census TIGER/Line 2024 County,22097,St. Landry,EXACT_CURRENT_FIPS,Exact Census FIPS; historical Census vintage used only where the i-Tree configuration refers to a retired county/county-equivalent.,2432.237517437364
ITC-1166,USA,Louisiana,St. Martin,St. Martin,US-FIPS:22099,Census TIGER/Line 2024 County,22099,St. Martin,EXACT_CURRENT_FIPS,Exact Census FIPS; historical Census vintage used only where the i-Tree configuration refers to a retired county/county-equivalent.,2115.335058064584
ITC-1167,USA,Louisiana,St. Mary,St. Mary,US-FIPS:22101,Census TIGER/Line 2024 County,22101,St. Mary,EXACT_CURRENT_FIPS,Exact Census FIPS; historical Census vintage used only where the i-Tree configuration refers to a retired county/county-equivalent.,2900.0737765888653
ITC-1168,USA,Louisiana,St. Tammany,St. Tammany,US-FIPS:22103,Census TIGER/Line 2024 County,22103,St. Tammany,EXACT_CURRENT_FIPS,Exact Census FIPS; historical Census vintage used only where the i-Tree configuration refers to a retired county/county-equivalent.,2837.6511006430696
ITC-1169,USA,Louisiana,Tangipahoa,Tangipahoa,US-FIPS:22105,Census TIGER/Line 2024 County,22105,Tangipahoa,EXACT_CURRENT_FIPS,Exact Census FIPS; historical Census vintage used only where the i-Tree configuration refers to a retired county/county-equivalent.,2185.8160034621474
ITC-1170,USA,Louisiana,Tensas,Tensas,US-FIPS:22107,Census TIGER/Line 2024 County,22107,Tensas,EXACT_CURRENT_FIPS,Exact Census FIPS; historical Census vintage used only where the i-Tree configuration refers to a retired county/county-equivalent.,1661.977680943151
ITC-1171,USA,Louisiana,Terrebonne,Terrebonne,US-FIPS:22109,Census TIGER/Line 2024 County,22109,Terrebonne,EXACT_CURRENT_FIPS,Exact Census FIPS; historical Census vintage used only where the i-Tree configuration refers to a retired county/county-equivalent.,5392.989587185368
ITC-1172,USA,Louisiana,Union,Union,US-FIPS:22111,Census TIGER/Line 2024 County,22111,Union,EXACT_CURRENT_FIPS,Exact Census FIPS; historical Census vintage used only where the i-Tree configuration refers to a retired county/county-equivalent.,2344.8094470069573
ITC-1173,USA,Louisiana,Vermilion,Vermilion,US-FIPS:22113,Census TIGER/Line 2024 County,22113,Vermilion,EXACT_CURRENT_FIPS,Exact Census FIPS; historical Census vintage used only where the i-Tree configuration refers to a retired county/county-equivalent.,3967.787988774052
ITC-1174,USA,Louisiana,Vernon,Vernon,US-FIPS:22115,Census TIGER/Line 2024 County,22115,Vernon,EXACT_CURRENT_FIPS,Exact Census FIPS; historical Census vintage used only where the i-Tree configuration refers to a retired county/county-equivalent.,3471.3265677070226
ITC-1175,USA,Louisiana,Washington,Washington,US-FIPS:22117,Census TIGER/Line 2024 County,22117,Washington,EXACT_CURRENT_FIPS,Exact Census FIPS; historical Census vintage used only where the i-Tree configuration refers to a retired county/county-equivalent.,1750.4923452799314
ITC-1176,USA,Louisiana,Webster,Webster,US-FIPS:22119,Census TIGER/Line 2024 County,22119,Webster,EXACT_CURRENT_FIPS,Exact Census FIPS; historical Census vintage used only where the i-Tree configuration refers to a retired county/county-equivalent.,1592.6354742550652
ITC-1177,USA,Louisiana,West Baton Rouge,West Baton Rouge,US-FIPS:22121,Census TIGER/Line 2024 County,22121,West Baton Rouge,EXACT_CURRENT_FIPS,Exact Census FIPS; historical Census vintage used only where the i-Tree configuration refers to a retired county/county-equivalent.,527.7798712662291
ITC-1178,USA,Louisiana,West Carroll,West Carroll,US-FIPS:22123,Census TIGER/Line 2024 County,22123,West Carroll,EXACT_CURRENT_FIPS,Exact Census FIPS; historical Census vintage used only where the i-Tree configuration refers to a retired county/county-equivalent.,933.9686911213704
ITC-1179,USA,Louisiana,West Feliciana,West Feliciana,US-FIPS:22125,Census TIGER/Line 2024 County,22125,West Feliciana,EXACT_CURRENT_FIPS,Exact Census FIPS; historical Census vintage used only where the i-Tree configuration refers to a retired county/county-equivalent.,1103.3362327878096
ITC-1180,USA,Louisiana,Winn,Winn,US-FIPS:22127,Census TIGER/Line 2024 County,22127,Winn,EXACT_CURRENT_FIPS,Exact Census FIPS; historical Census vintage used only where the i-Tree configuration refers to a retired county/county-equivalent.,2477.9474921348474
ITC-1181,USA,Maine,Androscoggin,Androscoggin,US-FIPS:23001,Census TIGER/Line 2024 County,23001,Androscoggin,EXACT_CURRENT_FIPS,Exact Census FIPS; historical Census vintage used only where the i-Tree configuration refers to a retired county/county-equivalent.,1287.5370760260457
ITC-1182,USA,Maine,Aroostook,Aroostook,US-FIPS:23003,Census TIGER/Line 2024 County,23003,Aroostook,EXACT_CURRENT_FIPS,Exact Census FIPS; historical Census vintage used only where the i-Tree configuration refers to a retired county/county-equivalent.,17683.242469092987
ITC-1183,USA,Maine,Cumberland,Cumberland,US-FIPS:23005,Census TIGER/Line 2024 County,23005,Cumberland,EXACT_CURRENT_FIPS,Exact Census FIPS; historical Census vintage used only where the i-Tree configuration refers to a retired county/county-equivalent.,3153.213042632066
ITC-1184,USA,Maine,Franklin,Franklin,US-FIPS:23007,Census TIGER/Line 2024 County,23007,Franklin,EXACT_CURRENT_FIPS,Exact Census FIPS; historical Census vintage used only where the i-Tree configuration refers to a retired county/county-equivalent.,4516.511926302554
ITC-1185,USA,Maine,Hancock,Hancock,US-FIPS:23009,Census TIGER/Line 2024 County,23009,Hancock,EXACT_CURRENT_FIPS,Exact Census FIPS; historical Census vintage used only where the i-Tree configuration refers to a retired county/county-equivalent.,6073.341049982975
ITC-1186,USA,Maine,Kennebec,Kennebec,US-FIPS:23011,Census TIGER/Line 2024 County,23011,Kennebec,EXACT_CURRENT_FIPS,Exact Census FIPS; historical Census vintage used only where the i-Tree configuration refers to a retired county/county-equivalent.,2463.530964669151
ITC-1187,USA,Maine,Knox,Knox,US-FIPS:23013,Census TIGER/Line 2024 County,23013,Knox,EXACT_CURRENT_FIPS,Exact Census FIPS; historical Census vintage used only where the i-Tree configuration refers to a retired county/county-equivalent.,2932.577703284281
ITC-1188,USA,Maine,Lincoln,Lincoln,US-FIPS:23015,Census TIGER/Line 2024 County,23015,Lincoln,EXACT_CURRENT_FIPS,Exact Census FIPS; historical Census vintage used only where the i-Tree configuration refers to a retired county/county-equivalent.,1811.988914879957
ITC-1189,USA,Maine,Oxford,Oxford,US-FIPS:23017,Census TIGER/Line 2024 County,23017,Oxford,EXACT_CURRENT_FIPS,Exact Census FIPS; historical Census vintage used only where the i-Tree configuration refers to a retired county/county-equivalent.,5635.179698622082
ITC-1190,USA,Maine,Penobscot,Penobscot,US-FIPS:23019,Census TIGER/Line 2024 County,23019,Penobscot,EXACT_CURRENT_FIPS,Exact Census FIPS; historical Census vintage used only where the i-Tree configuration refers to a retired county/county-equivalent.,9212.685038403215
ITC-1191,USA,Maine,Piscataquis,Piscataquis,US-FIPS:23021,Census TIGER/Line 2024 County,23021,Piscataquis,EXACT_CURRENT_FIPS,Exact Census FIPS; historical Census vintage used only where the i-Tree configuration refers to a retired county/county-equivalent.,11339.064288366822
ITC-1192,USA,Maine,Sagadahoc,Sagadahoc,US-FIPS:23023,Census TIGER/Line 2024 County,23023,Sagadahoc,EXACT_CURRENT_FIPS,Exact Census FIPS; historical Census vintage used only where the i-Tree configuration refers to a retired county/county-equivalent.,958.3727726479212
ITC-1193,USA,Maine,Somerset,Somerset,US-FIPS:23025,Census TIGER/Line 2024 County,23025,Somerset,EXACT_CURRENT_FIPS,Exact Census FIPS; historical Census vintage used only where the i-Tree configuration refers to a retired county/county-equivalent.,10601.75644796235
ITC-1194,USA,Maine,Waldo,Waldo,US-FIPS:23027,Census TIGER/Line 2024 County,23027,Waldo,EXACT_CURRENT_FIPS,Exact Census FIPS; historical Census vintage used only where the i-Tree configuration refers to a retired county/county-equivalent.,2238.855770417352
ITC-1195,USA,Maine,Washington,Washington,US-FIPS:23029,Census TIGER/Line 2024 County,23029,Washington,EXACT_CURRENT_FIPS,Exact Census FIPS; historical Census vintage used only where the i-Tree configuration refers to a retired county/county-equivalent.,8437.078380853947
ITC-1196,USA,Maine,York,York,US-FIPS:23031,Census TIGER/Line 2024 County,23031,York,EXACT_CURRENT_FIPS,Exact Census FIPS; historical Census vintage used only where the i-Tree configuration refers to a retired county/county-equivalent.,3288.5391371088313
ITC-1197,USA,Maryland,Allegany,Allegany,US-FIPS:24001,Census TIGER/Line 2024 County,24001,Allegany,EXACT_CURRENT_FIPS,Exact Census FIPS; historical Census vintage used only where the i-Tree configuration refers to a retired county/county-equivalent.,1108.200193289598
ITC-1198,USA,Maryland,Anne Arundel,Anne Arundel,US-FIPS:24003,Census TIGER/Line 2024 County,24003,Anne Arundel,EXACT_CURRENT_FIPS,Exact Census FIPS; historical Census vintage used only where the i-Tree configuration refers to a retired county/county-equivalent.,1522.3987834775473
ITC-1199,USA,Maryland,Baltimore,Baltimore,US-FIPS:24005,Census TIGER/Line 2024 County,24005,Baltimore,EXACT_CURRENT_FIPS,Exact Census FIPS; historical Census vintage used only where the i-Tree configuration refers to a retired county/county-equivalent.,1765.6961799966662
ITC-1200,USA,Maryland,Baltimore (city),Baltimore (city),US-FIPS:24510,Census TIGER/Line 2024 County,24510,Baltimore,EXACT_CURRENT_FIPS,Exact Census FIPS; historical Census vintage used only where the i-Tree configuration refers to a retired county/county-equivalent.,238.40804415795276
ITC-1201,USA,Maryland,Calvert,Calvert,US-FIPS:24009,Census TIGER/Line 2024 County,24009,Calvert,EXACT_CURRENT_FIPS,Exact Census FIPS; historical Census vintage used only where the i-Tree configuration refers to a retired county/county-equivalent.,893.7369839590066
ITC-1202,USA,Maryland,Caroline,Caroline,US-FIPS:24011,Census TIGER/Line 2024 County,24011,Caroline,EXACT_CURRENT_FIPS,Exact Census FIPS; historical Census vintage used only where the i-Tree configuration refers to a retired county/county-equivalent.,844.1272609685047
ITC-1203,USA,Maryland,Carroll,Carroll,US-FIPS:24013,Census TIGER/Line 2024 County,24013,Carroll,EXACT_CURRENT_FIPS,Exact Census FIPS; historical Census vintage used only where the i-Tree configuration refers to a retired county/county-equivalent.,1172.4289607957203
ITC-1204,USA,Maryland,Cecil,Cecil,US-FIPS:24015,Census TIGER/Line 2024 County,24015,Cecil,EXACT_CURRENT_FIPS,Exact Census FIPS; historical Census vintage used only where the i-Tree configuration refers to a retired county/county-equivalent.,1082.1947046364526
ITC-1205,USA,Maryland,Charles,Charles,US-FIPS:24017,Census TIGER/Line 2024 County,24017,Charles,EXACT_CURRENT_FIPS,Exact Census FIPS; historical Census vintage used only where the i-Tree configuration refers to a retired county/county-equivalent.,1665.1969556058266
ITC-1206,USA,Maryland,Dorchester,Dorchester,US-FIPS:24019,Census TIGER/Line 2024 County,24019,Dorchester,EXACT_CURRENT_FIPS,Exact Census FIPS; historical Census vintage used only where the i-Tree configuration refers to a retired county/county-equivalent.,2545.9377004042503
ITC-1207,USA,Maryland,Frederick,Frederick,US-FIPS:24021,Census TIGER/Line 2024 County,24021,Frederick,EXACT_CURRENT_FIPS,Exact Census FIPS; historical Census vintage used only where the i-Tree configuration refers to a retired county/county-equivalent.,1728.635821978492
ITC-1208,USA,Maryland,Garrett,Garrett,US-FIPS:24023,Census TIGER/Line 2024 County,24023,Garrett,EXACT_CURRENT_FIPS,Exact Census FIPS; historical Census vintage used only where the i-Tree configuration refers to a retired county/county-equivalent.,1703.60132760827
ITC-1209,USA,Maryland,Harford,Harford,US-FIPS:24025,Census TIGER/Line 2024 County,24025,Harford,EXACT_CURRENT_FIPS,Exact Census FIPS; historical Census vintage used only where the i-Tree configuration refers to a retired county/county-equivalent.,1364.040817426639
ITC-1210,USA,Maryland,Howard,Howard,US-FIPS:24027,Census TIGER/Line 2024 County,24027,Howard,EXACT_CURRENT_FIPS,Exact Census FIPS; historical Census vintage used only where the i-Tree configuration refers to a retired county/county-equivalent.,656.2933889501127
ITC-1211,USA,Maryland,Kent,Kent,US-FIPS:24029,Census TIGER/Line 2024 County,24029,Kent,EXACT_CURRENT_FIPS,Exact Census FIPS; historical Census vintage used only where the i-Tree configuration refers to a retired county/county-equivalent.,1070.817677929997
ITC-1212,USA,Maryland,Montgomery,Montgomery,US-FIPS:24031,Census TIGER/Line 2024 County,24031,Montgomery,EXACT_CURRENT_FIPS,Exact Census FIPS; historical Census vintage used only where the i-Tree configuration refers to a retired county/county-equivalent.,1312.8798153583023
ITC-1213,USA,Maryland,Prince George's,Prince George's,US-FIPS:24033,Census TIGER/Line 2024 County,24033,Prince George's,EXACT_CURRENT_FIPS,Exact Census FIPS; historical Census vintage used only where the i-Tree configuration refers to a retired county/county-equivalent.,1291.9675405678538
ITC-1214,USA,Maryland,Queen Anne's,Queen Anne's,US-FIPS:24035,Census TIGER/Line 2024 County,24035,Queen Anne's,EXACT_CURRENT_FIPS,Exact Census FIPS; historical Census vintage used only where the i-Tree configuration refers to a retired county/county-equivalent.,1322.6933547858264
ITC-1215,USA,Maryland,Somerset,Somerset,US-FIPS:24039,Census TIGER/Line 2024 County,24039,Somerset,EXACT_CURRENT_FIPS,Exact Census FIPS; historical Census vintage used only where the i-Tree configuration refers to a retired county/county-equivalent.,1580.8142936819352
ITC-1216,USA,Maryland,St. Mary's,St. Mary's,US-FIPS:24037,Census TIGER/Line 2024 County,24037,St. Mary's,EXACT_CURRENT_FIPS,Exact Census FIPS; historical Census vintage used only where the i-Tree configuration refers to a retired county/county-equivalent.,1979.3991549077916
ITC-1217,USA,Maryland,Talbot,Talbot,US-FIPS:24041,Census TIGER/Line 2024 County,24041,Talbot,EXACT_CURRENT_FIPS,Exact Census FIPS; historical Census vintage used only where the i-Tree configuration refers to a retired county/county-equivalent.,1234.9253627186533
ITC-1218,USA,Maryland,Washington,Washington,US-FIPS:24043,Census TIGER/Line 2024 County,24043,Washington,EXACT_CURRENT_FIPS,Exact Census FIPS; historical Census vintage used only where the i-Tree configuration refers to a retired county/county-equivalent.,1210.4756979252086
ITC-1219,USA,Maryland,Wicomico,Wicomico,US-FIPS:24045,Census TIGER/Line 2024 County,24045,Wicomico,EXACT_CURRENT_FIPS,Exact Census FIPS; historical Census vintage used only where the i-Tree configuration refers to a retired county/county-equivalent.,1036.531844758375
ITC-1220,USA,Maryland,Worcester,Worcester,US-FIPS:24047,Census TIGER/Line 2024 County,24047,Worcester,EXACT_CURRENT_FIPS,Exact Census FIPS; historical Census vintage used only where the i-Tree configuration refers to a retired county/county-equivalent.,1799.6959298158251
ITC-1221,USA,Massachusetts,Barnstable,Barnstable,US-FIPS:25001,Census TIGER/Line 2024 County,25001,Barnstable,EXACT_CURRENT_FIPS,Exact Census FIPS; historical Census vintage used only where the i-Tree configuration refers to a retired county/county-equivalent.,3381.312517416378
ITC-1222,USA,Massachusetts,Berkshire,Berkshire,US-FIPS:25003,Census TIGER/Line 2024 County,25003,Berkshire,EXACT_CURRENT_FIPS,Exact Census FIPS; historical Census vintage used only where the i-Tree configuration refers to a retired county/county-equivalent.,2451.3005220016325
ITC-1223,USA,Massachusetts,Bristol,Bristol,US-FIPS:25005,Census TIGER/Line 2024 County,25005,Bristol,EXACT_CURRENT_FIPS,Exact Census FIPS; historical Census vintage used only where the i-Tree configuration refers to a retired county/county-equivalent.,1790.0114169417236
ITC-1224,USA,Massachusetts,Dukes,Dukes,US-FIPS:25007,Census TIGER/Line 2024 County,25007,Dukes,EXACT_CURRENT_FIPS,Exact Census FIPS; historical Census vintage used only where the i-Tree configuration refers to a retired county/county-equivalent.,1271.578581119789
ITC-1225,USA,Massachusetts,Essex,Essex,US-FIPS:25009,Census TIGER/Line 2024 County,25009,Essex,EXACT_CURRENT_FIPS,Exact Census FIPS; historical Census vintage used only where the i-Tree configuration refers to a retired county/county-equivalent.,2145.791283260008
ITC-1226,USA,Massachusetts,Franklin,Franklin,US-FIPS:25011,Census TIGER/Line 2024 County,25011,Franklin,EXACT_CURRENT_FIPS,Exact Census FIPS; historical Census vintage used only where the i-Tree configuration refers to a retired county/county-equivalent.,1876.5374858340504
ITC-1227,USA,Massachusetts,Hampden,Hampden,US-FIPS:25013,Census TIGER/Line 2024 County,25013,Hampden,EXACT_CURRENT_FIPS,Exact Census FIPS; historical Census vintage used only where the i-Tree configuration refers to a retired county/county-equivalent.,1642.4518307405153
ITC-1228,USA,Massachusetts,Hampshire,Hampshire,US-FIPS:25015,Census TIGER/Line 2024 County,25015,Hampshire,EXACT_CURRENT_FIPS,Exact Census FIPS; historical Census vintage used only where the i-Tree configuration refers to a retired county/county-equivalent.,1412.1601220956834
ITC-1229,USA,Massachusetts,Middlesex,Middlesex,US-FIPS:25017,Census TIGER/Line 2024 County,25017,Middlesex,EXACT_CURRENT_FIPS,Exact Census FIPS; historical Census vintage used only where the i-Tree configuration refers to a retired county/county-equivalent.,2193.5833315603772
ITC-1230,USA,Massachusetts,Nantucket,Nantucket,US-FIPS:25019,Census TIGER/Line 2024 County,25019,Nantucket,EXACT_CURRENT_FIPS,Exact Census FIPS; historical Census vintage used only where the i-Tree configuration refers to a retired county/county-equivalent.,786.4631685296687
ITC-1231,USA,Massachusetts,Norfolk,Norfolk,US-FIPS:25021,Census TIGER/Line 2024 County,25021,Norfolk,EXACT_CURRENT_FIPS,Exact Census FIPS; historical Census vintage used only where the i-Tree configuration refers to a retired county/county-equivalent.,1150.8684278148207
ITC-1232,USA,Massachusetts,Plymouth,Plymouth,US-FIPS:25023,Census TIGER/Line 2024 County,25023,Plymouth,EXACT_CURRENT_FIPS,Exact Census FIPS; historical Census vintage used only where the i-Tree configuration refers to a retired county/county-equivalent.,2831.6314264335656
ITC-1233,USA,Massachusetts,Suffolk,Suffolk,US-FIPS:25025,Census TIGER/Line 2024 County,25025,Suffolk,EXACT_CURRENT_FIPS,Exact Census FIPS; historical Census vintage used only where the i-Tree configuration refers to a retired county/county-equivalent.,311.37370341502896
ITC-1234,USA,Massachusetts,Worcester,Worcester,US-FIPS:25027,Census TIGER/Line 2024 County,25027,Worcester,EXACT_CURRENT_FIPS,Exact Census FIPS; historical Census vintage used only where the i-Tree configuration refers to a retired county/county-equivalent.,4089.9863889133544
ITC-1235,USA,Michigan,Alcona,Alcona,US-FIPS:26001,Census TIGER/Line 2024 County,26001,Alcona,EXACT_CURRENT_FIPS,Exact Census FIPS; historical Census vintage used only where the i-Tree configuration refers to a retired county/county-equivalent.,4637.730558936003
ITC-1236,USA,Michigan,Alger,Alger,US-FIPS:26003,Census TIGER/Line 2024 County,26003,Alger,EXACT_CURRENT_FIPS,Exact Census FIPS; historical Census vintage used only where the i-Tree configuration refers to a retired county/county-equivalent.,13073.285995808348
ITC-1237,USA,Michigan,Allegan,Allegan,US-FIPS:26005,Census TIGER/Line 2024 County,26005,Allegan,EXACT_CURRENT_FIPS,Exact Census FIPS; historical Census vintage used only where the i-Tree configuration refers to a retired county/county-equivalent.,4748.1935311492225
ITC-1238,USA,Michigan,Alpena,Alpena,US-FIPS:26007,Census TIGER/Line 2024 County,26007,Alpena,EXACT_CURRENT_FIPS,Exact Census FIPS; historical Census vintage used only where the i-Tree configuration refers to a retired county/county-equivalent.,4389.810180015711
ITC-1239,USA,Michigan,Antrim,Antrim,US-FIPS:26009,Census TIGER/Line 2024 County,26009,Antrim,EXACT_CURRENT_FIPS,Exact Census FIPS; historical Census vintage used only where the i-Tree configuration refers to a retired county/county-equivalent.,1558.5428530475797
ITC-1240,USA,Michigan,Arenac,Arenac,US-FIPS:26011,Census TIGER/Line 2024 County,26011,Arenac,EXACT_CURRENT_FIPS,Exact Census FIPS; historical Census vintage used only where the i-Tree configuration refers to a retired county/county-equivalent.,1762.949811641989
ITC-1241,USA,Michigan,Baraga,Baraga,US-FIPS:26013,Census TIGER/Line 2024 County,26013,Baraga,EXACT_CURRENT_FIPS,Exact Census FIPS; historical Census vintage used only where the i-Tree configuration refers to a retired county/county-equivalent.,2768.5152618581933
ITC-1242,USA,Michigan,Barry,Barry,US-FIPS:26015,Census TIGER/Line 2024 County,26015,Barry,EXACT_CURRENT_FIPS,Exact Census FIPS; historical Census vintage used only where the i-Tree configuration refers to a retired county/county-equivalent.,1494.5327986742993
ITC-1243,USA,Michigan,Bay,Bay,US-FIPS:26017,Census TIGER/Line 2024 County,26017,Bay,EXACT_CURRENT_FIPS,Exact Census FIPS; historical Census vintage used only where the i-Tree configuration refers to a retired county/county-equivalent.,1633.5332030083487
ITC-1244,USA,Michigan,Benzie,Benzie,US-FIPS:26019,Census TIGER/Line 2024 County,26019,Benzie,EXACT_CURRENT_FIPS,Exact Census FIPS; historical Census vintage used only where the i-Tree configuration refers to a retired county/county-equivalent.,2226.2389982421137
ITC-1245,USA,Michigan,Berrien,Berrien,US-FIPS:26021,Census TIGER/Line 2024 County,26021,Berrien,EXACT_CURRENT_FIPS,Exact Census FIPS; historical Census vintage used only where the i-Tree configuration refers to a retired county/county-equivalent.,4095.9271082757236
ITC-1246,USA,Michigan,Branch,Branch,US-FIPS:26023,Census TIGER/Line 2024 County,26023,Branch,EXACT_CURRENT_FIPS,Exact Census FIPS; historical Census vintage used only where the i-Tree configuration refers to a retired county/county-equivalent.,1346.0257044182563
ITC-1247,USA,Michigan,Calhoun,Calhoun,US-FIPS:26025,Census TIGER/Line 2024 County,26025,Calhoun,EXACT_CURRENT_FIPS,Exact Census FIPS; historical Census vintage used only where the i-Tree configuration refers to a retired county/county-equivalent.,1860.4593535905537
ITC-1248,USA,Michigan,Cass,Cass,US-FIPS:26027,Census TIGER/Line 2024 County,26027,Cass,EXACT_CURRENT_FIPS,Exact Census FIPS; historical Census vintage used only where the i-Tree configuration refers to a retired county/county-equivalent.,1316.5149789858685
ITC-1249,USA,Michigan,Charlevoix,Charlevoix,US-FIPS:26029,Census TIGER/Line 2024 County,26029,Charlevoix,EXACT_CURRENT_FIPS,Exact Census FIPS; historical Census vintage used only where the i-Tree configuration refers to a retired county/county-equivalent.,3601.2030476753607
ITC-1250,USA,Michigan,Cheboygan,Cheboygan,US-FIPS:26031,Census TIGER/Line 2024 County,26031,Cheboygan,EXACT_CURRENT_FIPS,Exact Census FIPS; historical Census vintage used only where the i-Tree configuration refers to a retired county/county-equivalent.,2293.170576952002
ITC-1251,USA,Michigan,Chippewa,Chippewa,US-FIPS:26033,Census TIGER/Line 2024 County,26033,Chippewa,EXACT_CURRENT_FIPS,Exact Census FIPS; historical Census vintage used only where the i-Tree configuration refers to a retired county/county-equivalent.,6989.082757077695
ITC-1252,USA,Michigan,Clare,Clare,US-FIPS:26035,Census TIGER/Line 2024 County,26035,Clare,EXACT_CURRENT_FIPS,Exact Census FIPS; historical Census vintage used only where the i-Tree configuration refers to a retired county/county-equivalent.,1490.2011643628084
ITC-1253,USA,Michigan,Clinton,Clinton,US-FIPS:26037,Census TIGER/Line 2024 County,26037,Clinton,EXACT_CURRENT_FIPS,Exact Census FIPS; historical Census vintage used only where the i-Tree configuration refers to a retired county/county-equivalent.,1488.115430118556
ITC-1254,USA,Michigan,Crawford,Crawford,US-FIPS:26039,Census TIGER/Line 2024 County,26039,Crawford,EXACT_CURRENT_FIPS,Exact Census FIPS; historical Census vintage used only where the i-Tree configuration refers to a retired county/county-equivalent.,1458.9955137665722
ITC-1255,USA,Michigan,Delta,Delta,US-FIPS:26041,Census TIGER/Line 2024 County,26041,Delta,EXACT_CURRENT_FIPS,Exact Census FIPS; historical Census vintage used only where the i-Tree configuration refers to a retired county/county-equivalent.,5157.550504774115
ITC-1256,USA,Michigan,Dickinson,Dickinson,US-FIPS:26043,Census TIGER/Line 2024 County,26043,Dickinson,EXACT_CURRENT_FIPS,Exact Census FIPS; historical Census vintage used only where the i-Tree configuration refers to a retired county/county-equivalent.,2011.3507595006276
ITC-1257,USA,Michigan,Eaton,Eaton,US-FIPS:26045,Census TIGER/Line 2024 County,26045,Eaton,EXACT_CURRENT_FIPS,Exact Census FIPS; historical Census vintage used only where the i-Tree configuration refers to a retired county/county-equivalent.,1500.7251785024405
ITC-1258,USA,Michigan,Emmet,Emmet,US-FIPS:26047,Census TIGER/Line 2024 County,26047,Emmet,EXACT_CURRENT_FIPS,Exact Census FIPS; historical Census vintage used only where the i-Tree configuration refers to a retired county/county-equivalent.,2284.3915227768885
ITC-1259,USA,Michigan,Genesee,Genesee,US-FIPS:26049,Census TIGER/Line 2024 County,26049,Genesee,EXACT_CURRENT_FIPS,Exact Census FIPS; historical Census vintage used only where the i-Tree configuration refers to a retired county/county-equivalent.,1682.422602228079
ITC-1260,USA,Michigan,Gladwin,Gladwin,US-FIPS:26051,Census TIGER/Line 2024 County,26051,Gladwin,EXACT_CURRENT_FIPS,Exact Census FIPS; historical Census vintage used only where the i-Tree configuration refers to a retired county/county-equivalent.,1336.2972610061604
ITC-1261,USA,Michigan,Gogebic,Gogebic,US-FIPS:26053,Census TIGER/Line 2024 County,26053,Gogebic,EXACT_CURRENT_FIPS,Exact Census FIPS; historical Census vintage used only where the i-Tree configuration refers to a retired county/county-equivalent.,3824.587178712473
ITC-1262,USA,Michigan,Grand Traverse,Grand Traverse,US-FIPS:26055,Census TIGER/Line 2024 County,26055,Grand Traverse,EXACT_CURRENT_FIPS,Exact Census FIPS; historical Census vintage used only where the i-Tree configuration refers to a retired county/county-equivalent.,1557.3886456024889
ITC-1263,USA,Michigan,Gratiot,Gratiot,US-FIPS:26057,Census TIGER/Line 2024 County,26057,Gratiot,EXACT_CURRENT_FIPS,Exact Census FIPS; historical Census vintage used only where the i-Tree configuration refers to a retired county/county-equivalent.,1480.4680642116055
ITC-1264,USA,Michigan,Hillsdale,Hillsdale,US-FIPS:26059,Census TIGER/Line 2024 County,26059,Hillsdale,EXACT_CURRENT_FIPS,Exact Census FIPS; historical Census vintage used only where the i-Tree configuration refers to a retired county/county-equivalent.,1572.1465667055934
ITC-1265,USA,Michigan,Houghton,Houghton,US-FIPS:26061,Census TIGER/Line 2024 County,26061,Houghton,EXACT_CURRENT_FIPS,Exact Census FIPS; historical Census vintage used only where the i-Tree configuration refers to a retired county/county-equivalent.,3888.882643802316
ITC-1266,USA,Michigan,Huron,Huron,US-FIPS:26063,Census TIGER/Line 2024 County,26063,Huron,EXACT_CURRENT_FIPS,Exact Census FIPS; historical Census vintage used only where the i-Tree configuration refers to a retired county/county-equivalent.,5533.252400333243
ITC-1267,USA,Michigan,Ingham,Ingham,US-FIPS:26065,Census TIGER/Line 2024 County,26065,Ingham,EXACT_CURRENT_FIPS,Exact Census FIPS; historical Census vintage used only where the i-Tree configuration refers to a retired county/county-equivalent.,1452.2425481200041
ITC-1268,USA,Michigan,Ionia,Ionia,US-FIPS:26067,Census TIGER/Line 2024 County,26067,Ionia,EXACT_CURRENT_FIPS,Exact Census FIPS; historical Census vintage used only where the i-Tree configuration refers to a retired county/county-equivalent.,1502.3014175294882
ITC-1269,USA,Michigan,Iosco,Iosco,US-FIPS:26069,Census TIGER/Line 2024 County,26069,Iosco,EXACT_CURRENT_FIPS,Exact Census FIPS; historical Census vintage used only where the i-Tree configuration refers to a retired county/county-equivalent.,4896.214825473119
ITC-1270,USA,Michigan,Iron,Iron,US-FIPS:26071,Census TIGER/Line 2024 County,26071,Iron,EXACT_CURRENT_FIPS,Exact Census FIPS; historical Census vintage used only where the i-Tree configuration refers to a retired county/county-equivalent.,3136.9757310587647
ITC-1271,USA,Michigan,Isabella,Isabella,US-FIPS:26073,Census TIGER/Line 2024 County,26073,Isabella,EXACT_CURRENT_FIPS,Exact Census FIPS; historical Census vintage used only where the i-Tree configuration refers to a retired county/county-equivalent.,1496.2307356308725
ITC-1272,USA,Michigan,Jackson,Jackson,US-FIPS:26075,Census TIGER/Line 2024 County,26075,Jackson,EXACT_CURRENT_FIPS,Exact Census FIPS; historical Census vintage used only where the i-Tree configuration refers to a retired county/county-equivalent.,1873.8384026662457
ITC-1273,USA,Michigan,Kalamazoo,Kalamazoo,US-FIPS:26077,Census TIGER/Line 2024 County,26077,Kalamazoo,EXACT_CURRENT_FIPS,Exact Census FIPS; historical Census vintage used only where the i-Tree configuration refers to a retired county/county-equivalent.,1502.9732123919657
ITC-1274,USA,Michigan,Kalkaska,Kalkaska,US-FIPS:26079,Census TIGER/Line 2024 County,26079,Kalkaska,EXACT_CURRENT_FIPS,Exact Census FIPS; historical Census vintage used only where the i-Tree configuration refers to a retired county/county-equivalent.,1477.749255681637
ITC-1275,USA,Michigan,Kent,Kent,US-FIPS:26081,Census TIGER/Line 2024 County,26081,Kent,EXACT_CURRENT_FIPS,Exact Census FIPS; historical Census vintage used only where the i-Tree configuration refers to a retired county/county-equivalent.,2258.3199069362713
ITC-1276,USA,Michigan,Keweenaw,Keweenaw,US-FIPS:26083,Census TIGER/Line 2024 County,26083,Keweenaw,EXACT_CURRENT_FIPS,Exact Census FIPS; historical Census vintage used only where the i-Tree configuration refers to a retired county/county-equivalent.,15452.479177810055
ITC-1277,USA,Michigan,Lake,Lake,US-FIPS:26085,Census TIGER/Line 2024 County,26085,Lake,EXACT_CURRENT_FIPS,Exact Census FIPS; historical Census vintage used only where the i-Tree configuration refers to a retired county/county-equivalent.,1487.5440033247316
ITC-1278,USA,Michigan,Lapeer,Lapeer,US-FIPS:26087,Census TIGER/Line 2024 County,26087,Lapeer,EXACT_CURRENT_FIPS,Exact Census FIPS; historical Census vintage used only where the i-Tree configuration refers to a retired county/county-equivalent.,1716.7584287858774
ITC-1279,USA,Michigan,Leelanau,Leelanau,US-FIPS:26089,Census TIGER/Line 2024 County,26089,Leelanau,EXACT_CURRENT_FIPS,Exact Census FIPS; historical Census vintage used only where the i-Tree configuration refers to a retired county/county-equivalent.,6558.284637855996
ITC-1280,USA,Michigan,Lenawee,Lenawee,US-FIPS:26091,Census TIGER/Line 2024 County,26091,Lenawee,EXACT_CURRENT_FIPS,Exact Census FIPS; historical Census vintage used only where the i-Tree configuration refers to a retired county/county-equivalent.,1972.0240646607378
ITC-1281,USA,Michigan,Livingston,Livingston,US-FIPS:26093,Census TIGER/Line 2024 County,26093,Livingston,EXACT_CURRENT_FIPS,Exact Census FIPS; historical Census vintage used only where the i-Tree configuration refers to a retired county/county-equivalent.,1516.1943947477212
ITC-1282,USA,Michigan,Luce,Luce,US-FIPS:26095,Census TIGER/Line 2024 County,26095,Luce,EXACT_CURRENT_FIPS,Exact Census FIPS; historical Census vintage used only where the i-Tree configuration refers to a retired county/county-equivalent.,4953.219687136521
ITC-1283,USA,Michigan,Mackinac,Mackinac,US-FIPS:26097,Census TIGER/Line 2024 County,26097,Mackinac,EXACT_CURRENT_FIPS,Exact Census FIPS; historical Census vintage used only where the i-Tree configuration refers to a retired county/county-equivalent.,5440.425827477036
ITC-1284,USA,Michigan,Macomb,Macomb,US-FIPS:26099,Census TIGER/Line 2024 County,26099,Macomb,EXACT_CURRENT_FIPS,Exact Census FIPS; historical Census vintage used only where the i-Tree configuration refers to a retired county/county-equivalent.,1478.681525813451
ITC-1285,USA,Michigan,Manistee,Manistee,US-FIPS:26101,Census TIGER/Line 2024 County,26101,Manistee,EXACT_CURRENT_FIPS,Exact Census FIPS; historical Census vintage used only where the i-Tree configuration refers to a retired county/county-equivalent.,3317.036684857187
ITC-1286,USA,Michigan,Marquette,Marquette,US-FIPS:26103,Census TIGER/Line 2024 County,26103,Marquette,EXACT_CURRENT_FIPS,Exact Census FIPS; historical Census vintage used only where the i-Tree configuration refers to a retired county/county-equivalent.,8870.670293846544
ITC-1287,USA,Michigan,Mason,Mason,US-FIPS:26105,Census TIGER/Line 2024 County,26105,Mason,EXACT_CURRENT_FIPS,Exact Census FIPS; historical Census vintage used only where the i-Tree configuration refers to a retired county/county-equivalent.,3217.522614518523
ITC-1288,USA,Michigan,Mecosta,Mecosta,US-FIPS:26107,Census TIGER/Line 2024 County,26107,Mecosta,EXACT_CURRENT_FIPS,Exact Census FIPS; historical Census vintage used only where the i-Tree configuration refers to a retired county/county-equivalent.,1479.5092111833776
ITC-1289,USA,Michigan,Menominee,Menominee,US-FIPS:26109,Census TIGER/Line 2024 County,26109,Menominee,EXACT_CURRENT_FIPS,Exact Census FIPS; historical Census vintage used only where the i-Tree configuration refers to a retired county/county-equivalent.,3465.862646160275
ITC-1290,USA,Michigan,Midland,Midland,US-FIPS:26111,Census TIGER/Line 2024 County,26111,Midland,EXACT_CURRENT_FIPS,Exact Census FIPS; historical Census vintage used only where the i-Tree configuration refers to a retired county/county-equivalent.,1367.6919282797965
ITC-1291,USA,Michigan,Missaukee,Missaukee,US-FIPS:26113,Census TIGER/Line 2024 County,26113,Missaukee,EXACT_CURRENT_FIPS,Exact Census FIPS; historical Census vintage used only where the i-Tree configuration refers to a retired county/county-equivalent.,1486.3823496571476
ITC-1292,USA,Michigan,Monroe,Monroe,US-FIPS:26115,Census TIGER/Line 2024 County,26115,Monroe,EXACT_CURRENT_FIPS,Exact Census FIPS; historical Census vintage used only where the i-Tree configuration refers to a retired county/county-equivalent.,1761.0403555293456
ITC-1293,USA,Michigan,Montcalm,Montcalm,US-FIPS:26117,Census TIGER/Line 2024 County,26117,Montcalm,EXACT_CURRENT_FIPS,Exact Census FIPS; historical Census vintage used only where the i-Tree configuration refers to a retired county/county-equivalent.,1866.7379846055103
ITC-1294,USA,Michigan,Montmorency,Montmorency,US-FIPS:26119,Census TIGER/Line 2024 County,26119,Montmorency,EXACT_CURRENT_FIPS,Exact Census FIPS; historical Census vintage used only where the i-Tree configuration refers to a retired county/county-equivalent.,1457.233431763353
ITC-1295,USA,Michigan,Muskegon,Muskegon,US-FIPS:26121,Census TIGER/Line 2024 County,26121,Muskegon,EXACT_CURRENT_FIPS,Exact Census FIPS; historical Census vintage used only where the i-Tree configuration refers to a retired county/county-equivalent.,3781.5299193148876
ITC-1296,USA,Michigan,Newaygo,Newaygo,US-FIPS:26123,Census TIGER/Line 2024 County,26123,Newaygo,EXACT_CURRENT_FIPS,Exact Census FIPS; historical Census vintage used only where the i-Tree configuration refers to a retired county/county-equivalent.,2231.789540415778
ITC-1297,USA,Michigan,Oakland,Oakland,US-FIPS:26125,Census TIGER/Line 2024 County,26125,Oakland,EXACT_CURRENT_FIPS,Exact Census FIPS; historical Census vintage used only where the i-Tree configuration refers to a retired county/county-equivalent.,2349.7328462395876
ITC-1298,USA,Michigan,Oceana,Oceana,US-FIPS:26127,Census TIGER/Line 2024 County,26127,Oceana,EXACT_CURRENT_FIPS,Exact Census FIPS; historical Census vintage used only where the i-Tree configuration refers to a retired county/county-equivalent.,3382.4336023151354
ITC-1299,USA,Michigan,Ogemaw,Ogemaw,US-FIPS:26129,Census TIGER/Line 2024 County,26129,Ogemaw,EXACT_CURRENT_FIPS,Exact Census FIPS; historical Census vintage used only where the i-Tree configuration refers to a retired county/county-equivalent.,1489.1078106133548
ITC-1300,USA,Michigan,Ontonagon,Ontonagon,US-FIPS:26131,Census TIGER/Line 2024 County,26131,Ontonagon,EXACT_CURRENT_FIPS,Exact Census FIPS; historical Census vintage used only where the i-Tree configuration refers to a retired county/county-equivalent.,9687.61537577296
ITC-1301,USA,Michigan,Osceola,Osceola,US-FIPS:26133,Census TIGER/Line 2024 County,26133,Osceola,EXACT_CURRENT_FIPS,Exact Census FIPS; historical Census vintage used only where the i-Tree configuration refers to a retired county/county-equivalent.,1484.0998802294678
ITC-1302,USA,Michigan,Oscoda,Oscoda,US-FIPS:26135,Census TIGER/Line 2024 County,26135,Oscoda,EXACT_CURRENT_FIPS,Exact Census FIPS; historical Census vintage used only where the i-Tree configuration refers to a retired county/county-equivalent.,1480.2246562549888
ITC-1303,USA,Michigan,Otsego,Otsego,US-FIPS:26137,Census TIGER/Line 2024 County,26137,Otsego,EXACT_CURRENT_FIPS,Exact Census FIPS; historical Census vintage used only where the i-Tree configuration refers to a retired county/county-equivalent.,1362.9109516508863
ITC-1304,USA,Michigan,Ottawa,Ottawa,US-FIPS:26139,Census TIGER/Line 2024 County,26139,Ottawa,EXACT_CURRENT_FIPS,Exact Census FIPS; historical Census vintage used only where the i-Tree configuration refers to a retired county/county-equivalent.,4225.278386088948
ITC-1305,USA,Michigan,Presque Isle,Presque Isle,US-FIPS:26141,Census TIGER/Line 2024 County,26141,Presque Isle,EXACT_CURRENT_FIPS,Exact Census FIPS; historical Census vintage used only where the i-Tree configuration refers to a retired county/county-equivalent.,6662.9693000999105
ITC-1306,USA,Michigan,Roscommon,Roscommon,US-FIPS:26143,Census TIGER/Line 2024 County,26143,Roscommon,EXACT_CURRENT_FIPS,Exact Census FIPS; historical Census vintage used only where the i-Tree configuration refers to a retired county/county-equivalent.,1502.2498088070977
ITC-1307,USA,Michigan,Saginaw,Saginaw,US-FIPS:26145,Census TIGER/Line 2024 County,26145,Saginaw,EXACT_CURRENT_FIPS,Exact Census FIPS; historical Census vintage used only where the i-Tree configuration refers to a retired county/county-equivalent.,2113.341424870388
ITC-1308,USA,Michigan,Sanilac,Sanilac,US-FIPS:26151,Census TIGER/Line 2024 County,26151,Sanilac,EXACT_CURRENT_FIPS,Exact Census FIPS; historical Census vintage used only where the i-Tree configuration refers to a retired county/county-equivalent.,4117.9368178763125
ITC-1309,USA,Michigan,Schoolcraft,Schoolcraft,US-FIPS:26153,Census TIGER/Line 2024 County,26153,Schoolcraft,EXACT_CURRENT_FIPS,Exact Census FIPS; historical Census vintage used only where the i-Tree configuration refers to a retired county/county-equivalent.,4879.412699127849
ITC-1310,USA,Michigan,Shiawassee,Shiawassee,US-FIPS:26155,Census TIGER/Line 2024 County,26155,Shiawassee,EXACT_CURRENT_FIPS,Exact Census FIPS; historical Census vintage used only where the i-Tree configuration refers to a retired county/county-equivalent.,1401.0314703901863
ITC-1311,USA,Michigan,St. Clair,St. Clair,US-FIPS:26147,Census TIGER/Line 2024 County,26147,St. Clair,EXACT_CURRENT_FIPS,Exact Census FIPS; historical Census vintage used only where the i-Tree configuration refers to a retired county/county-equivalent.,2166.514799336816
ITC-1312,USA,Michigan,St. Joseph,St. Joseph,US-FIPS:26149,Census TIGER/Line 2024 County,26149,St. Joseph,EXACT_CURRENT_FIPS,Exact Census FIPS; historical Census vintage used only where the i-Tree configuration refers to a retired county/county-equivalent.,1349.4520380498018
ITC-1313,USA,Michigan,Tuscola,Tuscola,US-FIPS:26157,Census TIGER/Line 2024 County,26157,Tuscola,EXACT_CURRENT_FIPS,Exact Census FIPS; historical Census vintage used only where the i-Tree configuration refers to a retired county/county-equivalent.,2366.997928906456
ITC-1314,USA,Michigan,Van Buren,Van Buren,US-FIPS:26159,Census TIGER/Line 2024 County,26159,Van Buren,EXACT_CURRENT_FIPS,Exact Census FIPS; historical Census vintage used only where the i-Tree configuration refers to a retired county/county-equivalent.,2822.832440709438
ITC-1315,USA,Michigan,Washtenaw,Washtenaw,US-FIPS:26161,Census TIGER/Line 2024 County,26161,Washtenaw,EXACT_CURRENT_FIPS,Exact Census FIPS; historical Census vintage used only where the i-Tree configuration refers to a retired county/county-equivalent.,1871.0631163159458
ITC-1316,USA,Michigan,Wayne,Wayne,US-FIPS:26163,Census TIGER/Line 2024 County,26163,Wayne,EXACT_CURRENT_FIPS,Exact Census FIPS; historical Census vintage used only where the i-Tree configuration refers to a retired county/county-equivalent.,1741.492328905875
ITC-1317,USA,Michigan,Wexford,Wexford,US-FIPS:26165,Census TIGER/Line 2024 County,26165,Wexford,EXACT_CURRENT_FIPS,Exact Census FIPS; historical Census vintage used only where the i-Tree configuration refers to a retired county/county-equivalent.,1490.3309422354566
ITC-1318,USA,Minnesota,Aitkin,Aitkin,US-FIPS:27001,Census TIGER/Line 2024 County,27001,Aitkin,EXACT_CURRENT_FIPS,Exact Census FIPS; historical Census vintage used only where the i-Tree configuration refers to a retired county/county-equivalent.,5166.443349019817
ITC-1319,USA,Minnesota,Anoka,Anoka,US-FIPS:27003,Census TIGER/Line 2024 County,27003,Anoka,EXACT_CURRENT_FIPS,Exact Census FIPS; historical Census vintage used only where the i-Tree configuration refers to a retired county/county-equivalent.,1155.3454222001412
ITC-1320,USA,Minnesota,Becker,Becker,US-FIPS:27005,Census TIGER/Line 2024 County,27005,Becker,EXACT_CURRENT_FIPS,Exact Census FIPS; historical Census vintage used only where the i-Tree configuration refers to a retired county/county-equivalent.,3742.9192320892057
ITC-1321,USA,Minnesota,Beltrami,Beltrami,US-FIPS:27007,Census TIGER/Line 2024 County,27007,Beltrami,EXACT_CURRENT_FIPS,Exact Census FIPS; historical Census vintage used only where the i-Tree configuration refers to a retired county/county-equivalent.,7912.750196666632
ITC-1322,USA,Minnesota,Benton,Benton,US-FIPS:27009,Census TIGER/Line 2024 County,27009,Benton,EXACT_CURRENT_FIPS,Exact Census FIPS; historical Census vintage used only where the i-Tree configuration refers to a retired county/county-equivalent.,1069.7866641094859
ITC-1323,USA,Minnesota,Big Stone,Big Stone,US-FIPS:27011,Census TIGER/Line 2024 County,27011,Big Stone,EXACT_CURRENT_FIPS,Exact Census FIPS; historical Census vintage used only where the i-Tree configuration refers to a retired county/county-equivalent.,1367.6842998131594
ITC-1324,USA,Minnesota,Blue Earth,Blue Earth,US-FIPS:27013,Census TIGER/Line 2024 County,27013,Blue Earth,EXACT_CURRENT_FIPS,Exact Census FIPS; historical Census vintage used only where the i-Tree configuration refers to a retired county/county-equivalent.,1982.847675101436
ITC-1325,USA,Minnesota,Brown,Brown,US-FIPS:27015,Census TIGER/Line 2024 County,27015,Brown,EXACT_CURRENT_FIPS,Exact Census FIPS; historical Census vintage used only where the i-Tree configuration refers to a retired county/county-equivalent.,1601.3000296079751
ITC-1326,USA,Minnesota,Carlton,Carlton,US-FIPS:27017,Census TIGER/Line 2024 County,27017,Carlton,EXACT_CURRENT_FIPS,Exact Census FIPS; historical Census vintage used only where the i-Tree configuration refers to a retired county/county-equivalent.,2266.6479968867166
ITC-1327,USA,Minnesota,Carver,Carver,US-FIPS:27019,Census TIGER/Line 2024 County,27019,Carver,EXACT_CURRENT_FIPS,Exact Census FIPS; historical Census vintage used only where the i-Tree configuration refers to a retired county/county-equivalent.,973.6125634143276
ITC-1328,USA,Minnesota,Cass,Cass,US-FIPS:27021,Census TIGER/Line 2024 County,27021,Cass,EXACT_CURRENT_FIPS,Exact Census FIPS; historical Census vintage used only where the i-Tree configuration refers to a retired county/county-equivalent.,6252.159451378348
ITC-1329,USA,Minnesota,Chippewa,Chippewa,US-FIPS:27023,Census TIGER/Line 2024 County,27023,Chippewa,EXACT_CURRENT_FIPS,Exact Census FIPS; historical Census vintage used only where the i-Tree configuration refers to a retired county/county-equivalent.,1522.605057807352
ITC-1330,USA,Minnesota,Chisago,Chisago,US-FIPS:27025,Census TIGER/Line 2024 County,27025,Chisago,EXACT_CURRENT_FIPS,Exact Census FIPS; historical Census vintage used only where the i-Tree configuration refers to a retired county/county-equivalent.,1145.7683623842074
ITC-1331,USA,Minnesota,Clay,Clay,US-FIPS:27027,Census TIGER/Line 2024 County,27027,Clay,EXACT_CURRENT_FIPS,Exact Census FIPS; historical Census vintage used only where the i-Tree configuration refers to a retired county/county-equivalent.,2726.296428666936
ITC-1332,USA,Minnesota,Clearwater,Clearwater,US-FIPS:27029,Census TIGER/Line 2024 County,27029,Clearwater,EXACT_CURRENT_FIPS,Exact Census FIPS; historical Census vintage used only where the i-Tree configuration refers to a retired county/county-equivalent.,2668.0357139280377
ITC-1333,USA,Minnesota,Cook,Cook,US-FIPS:27031,Census TIGER/Line 2024 County,27031,Cook,EXACT_CURRENT_FIPS,Exact Census FIPS; historical Census vintage used only where the i-Tree configuration refers to a retired county/county-equivalent.,8650.200021215463
ITC-1334,USA,Minnesota,Cottonwood,Cottonwood,US-FIPS:27033,Census TIGER/Line 2024 County,27033,Cottonwood,EXACT_CURRENT_FIPS,Exact Census FIPS; historical Census vintage used only where the i-Tree configuration refers to a retired county/county-equivalent.,1679.772352420182
ITC-1335,USA,Minnesota,Crow Wing,Crow Wing,US-FIPS:27035,Census TIGER/Line 2024 County,27035,Crow Wing,EXACT_CURRENT_FIPS,Exact Census FIPS; historical Census vintage used only where the i-Tree configuration refers to a retired county/county-equivalent.,2995.7020042008653
ITC-1336,USA,Minnesota,Dakota,Dakota,US-FIPS:27037,Census TIGER/Line 2024 County,27037,Dakota,EXACT_CURRENT_FIPS,Exact Census FIPS; historical Census vintage used only where the i-Tree configuration refers to a retired county/county-equivalent.,1520.0120327494292
ITC-1337,USA,Minnesota,Dodge,Dodge,US-FIPS:27039,Census TIGER/Line 2024 County,27039,Dodge,EXACT_CURRENT_FIPS,Exact Census FIPS; historical Census vintage used only where the i-Tree configuration refers to a retired county/county-equivalent.,1138.8362295148695
ITC-1338,USA,Minnesota,Douglas,Douglas,US-FIPS:27041,Census TIGER/Line 2024 County,27041,Douglas,EXACT_CURRENT_FIPS,Exact Census FIPS; historical Census vintage used only where the i-Tree configuration refers to a retired county/county-equivalent.,1865.252854245468
ITC-1339,USA,Minnesota,Faribault,Faribault,US-FIPS:27043,Census TIGER/Line 2024 County,27043,Faribault,EXACT_CURRENT_FIPS,Exact Census FIPS; historical Census vintage used only where the i-Tree configuration refers to a retired county/county-equivalent.,1869.7238412787017
ITC-1340,USA,Minnesota,Fillmore,Fillmore,US-FIPS:27045,Census TIGER/Line 2024 County,27045,Fillmore,EXACT_CURRENT_FIPS,Exact Census FIPS; historical Census vintage used only where the i-Tree configuration refers to a retired county/county-equivalent.,2232.8990349266924
ITC-1341,USA,Minnesota,Freeborn,Freeborn,US-FIPS:27047,Census TIGER/Line 2024 County,27047,Freeborn,EXACT_CURRENT_FIPS,Exact Census FIPS; historical Census vintage used only where the i-Tree configuration refers to a retired county/county-equivalent.,1871.0615598932643
ITC-1342,USA,Minnesota,Goodhue,Goodhue,US-FIPS:27049,Census TIGER/Line 2024 County,27049,Goodhue,EXACT_CURRENT_FIPS,Exact Census FIPS; historical Census vintage used only where the i-Tree configuration refers to a retired county/county-equivalent.,2018.9913378276751
ITC-1343,USA,Minnesota,Grant,Grant,US-FIPS:27051,Census TIGER/Line 2024 County,27051,Grant,EXACT_CURRENT_FIPS,Exact Census FIPS; historical Census vintage used only where the i-Tree configuration refers to a retired county/county-equivalent.,1490.500547138668
ITC-1344,USA,Minnesota,Hennepin,Hennepin,US-FIPS:27053,Census TIGER/Line 2024 County,27053,Hennepin,EXACT_CURRENT_FIPS,Exact Census FIPS; historical Census vintage used only where the i-Tree configuration refers to a retired county/county-equivalent.,1571.4732588328543
ITC-1345,USA,Minnesota,Houston,Houston,US-FIPS:27055,Census TIGER/Line 2024 County,27055,Houston,EXACT_CURRENT_FIPS,Exact Census FIPS; historical Census vintage used only where the i-Tree configuration refers to a retired county/county-equivalent.,1473.280792378539
ITC-1346,USA,Minnesota,Hubbard,Hubbard,US-FIPS:27057,Census TIGER/Line 2024 County,27057,Hubbard,EXACT_CURRENT_FIPS,Exact Census FIPS; historical Census vintage used only where the i-Tree configuration refers to a retired county/county-equivalent.,2588.6910884621047
ITC-1347,USA,Minnesota,Isanti,Isanti,US-FIPS:27059,Census TIGER/Line 2024 County,27059,Isanti,EXACT_CURRENT_FIPS,Exact Census FIPS; historical Census vintage used only where the i-Tree configuration refers to a retired county/county-equivalent.,1169.8718751862448
ITC-1348,USA,Minnesota,Itasca,Itasca,US-FIPS:27061,Census TIGER/Line 2024 County,27061,Itasca,EXACT_CURRENT_FIPS,Exact Census FIPS; historical Census vintage used only where the i-Tree configuration refers to a retired county/county-equivalent.,7582.939783998558
ITC-1349,USA,Minnesota,Jackson,Jackson,US-FIPS:27063,Census TIGER/Line 2024 County,27063,Jackson,EXACT_CURRENT_FIPS,Exact Census FIPS; historical Census vintage used only where the i-Tree configuration refers to a retired county/county-equivalent.,1862.810331491599
ITC-1350,USA,Minnesota,Kanabec,Kanabec,US-FIPS:27065,Census TIGER/Line 2024 County,27065,Kanabec,EXACT_CURRENT_FIPS,Exact Census FIPS; historical Census vintage used only where the i-Tree configuration refers to a retired county/county-equivalent.,1382.2142259594807
ITC-1351,USA,Minnesota,Kandiyohi,Kandiyohi,US-FIPS:27067,Census TIGER/Line 2024 County,27067,Kandiyohi,EXACT_CURRENT_FIPS,Exact Census FIPS; historical Census vintage used only where the i-Tree configuration refers to a retired county/county-equivalent.,2233.547307767162
ITC-1352,USA,Minnesota,Kittson,Kittson,US-FIPS:27069,Census TIGER/Line 2024 County,27069,Kittson,EXACT_CURRENT_FIPS,Exact Census FIPS; historical Census vintage used only where the i-Tree configuration refers to a retired county/county-equivalent.,2858.802569651768
ITC-1353,USA,Minnesota,Koochiching,Koochiching,US-FIPS:27071,Census TIGER/Line 2024 County,27071,Koochiching,EXACT_CURRENT_FIPS,Exact Census FIPS; historical Census vintage used only where the i-Tree configuration refers to a retired county/county-equivalent.,8173.909302823775
ITC-1354,USA,Minnesota,Lac qui Parle,Lac qui Parle,US-FIPS:27073,Census TIGER/Line 2024 County,27073,Lac qui Parle,EXACT_CURRENT_FIPS,Exact Census FIPS; historical Census vintage used only where the i-Tree configuration refers to a retired county/county-equivalent.,2015.0433115329731
ITC-1355,USA,Minnesota,Lake,Lake,US-FIPS:27075,Census TIGER/Line 2024 County,27075,Lake,EXACT_CURRENT_FIPS,Exact Census FIPS; historical Census vintage used only where the i-Tree configuration refers to a retired county/county-equivalent.,7746.511127488937
ITC-1356,USA,Minnesota,Lake of the Woods,Lake of the Woods,US-FIPS:27077,Census TIGER/Line 2024 County,27077,Lake of the Woods,EXACT_CURRENT_FIPS,Exact Census FIPS; historical Census vintage used only where the i-Tree configuration refers to a retired county/county-equivalent.,4609.715301135559
ITC-1357,USA,Minnesota,Le Sueur,Le Sueur,US-FIPS:27079,Census TIGER/Line 2024 County,27079,Le Sueur,EXACT_CURRENT_FIPS,Exact Census FIPS; historical Census vintage used only where the i-Tree configuration refers to a retired county/county-equivalent.,1227.5457027968134
ITC-1358,USA,Minnesota,Lincoln,Lincoln,US-FIPS:27081,Census TIGER/Line 2024 County,27081,Lincoln,EXACT_CURRENT_FIPS,Exact Census FIPS; historical Census vintage used only where the i-Tree configuration refers to a retired county/county-equivalent.,1420.4328762136968
ITC-1359,USA,Minnesota,Lyon,Lyon,US-FIPS:27083,Census TIGER/Line 2024 County,27083,Lyon,EXACT_CURRENT_FIPS,Exact Census FIPS; historical Census vintage used only where the i-Tree configuration refers to a retired county/county-equivalent.,1869.1097341588584
ITC-1360,USA,Minnesota,Mahnomen,Mahnomen,US-FIPS:27087,Census TIGER/Line 2024 County,27087,Mahnomen,EXACT_CURRENT_FIPS,Exact Census FIPS; historical Census vintage used only where the i-Tree configuration refers to a retired county/county-equivalent.,1509.7206523387508
ITC-1361,USA,Minnesota,Marshall,Marshall,US-FIPS:27089,Census TIGER/Line 2024 County,27089,Marshall,EXACT_CURRENT_FIPS,Exact Census FIPS; historical Census vintage used only where the i-Tree configuration refers to a retired county/county-equivalent.,4695.397636745576
ITC-1362,USA,Minnesota,Martin,Martin,US-FIPS:27091,Census TIGER/Line 2024 County,27091,Martin,EXACT_CURRENT_FIPS,Exact Census FIPS; historical Census vintage used only where the i-Tree configuration refers to a retired county/county-equivalent.,1889.5978867191782
ITC-1363,USA,Minnesota,McLeod,McLeod,US-FIPS:27085,Census TIGER/Line 2024 County,27085,McLeod,EXACT_CURRENT_FIPS,Exact Census FIPS; historical Census vintage used only where the i-Tree configuration refers to a retired county/county-equivalent.,1309.4372778942675
ITC-1364,USA,Minnesota,Meeker,Meeker,US-FIPS:27093,Census TIGER/Line 2024 County,27093,Meeker,EXACT_CURRENT_FIPS,Exact Census FIPS; historical Census vintage used only where the i-Tree configuration refers to a retired county/county-equivalent.,1669.5429877876263
ITC-1365,USA,Minnesota,Mille Lacs,Mille Lacs,US-FIPS:27095,Census TIGER/Line 2024 County,27095,Mille Lacs,EXACT_CURRENT_FIPS,Exact Census FIPS; historical Census vintage used only where the i-Tree configuration refers to a retired county/county-equivalent.,1765.198102921158
ITC-1366,USA,Minnesota,Morrison,Morrison,US-FIPS:27097,Census TIGER/Line 2024 County,27097,Morrison,EXACT_CURRENT_FIPS,Exact Census FIPS; historical Census vintage used only where the i-Tree configuration refers to a retired county/county-equivalent.,2987.256483955226
ITC-1367,USA,Minnesota,Mower,Mower,US-FIPS:27099,Census TIGER/Line 2024 County,27099,Mower,EXACT_CURRENT_FIPS,Exact Census FIPS; historical Census vintage used only where the i-Tree configuration refers to a retired county/county-equivalent.,1842.805358410152
ITC-1368,USA,Minnesota,Murray,Murray,US-FIPS:27101,Census TIGER/Line 2024 County,27101,Murray,EXACT_CURRENT_FIPS,Exact Census FIPS; historical Census vintage used only where the i-Tree configuration refers to a retired county/county-equivalent.,1863.5122492180571
ITC-1369,USA,Minnesota,Nicollet,Nicollet,US-FIPS:27103,Census TIGER/Line 2024 County,27103,Nicollet,EXACT_CURRENT_FIPS,Exact Census FIPS; historical Census vintage used only where the i-Tree configuration refers to a retired county/county-equivalent.,1209.0897330960422
ITC-1370,USA,Minnesota,Nobles,Nobles,US-FIPS:27105,Census TIGER/Line 2024 County,27105,Nobles,EXACT_CURRENT_FIPS,Exact Census FIPS; historical Census vintage used only where the i-Tree configuration refers to a retired county/county-equivalent.,1871.3968365094258
ITC-1371,USA,Minnesota,Norman,Norman,US-FIPS:27107,Census TIGER/Line 2024 County,27107,Norman,EXACT_CURRENT_FIPS,Exact Census FIPS; historical Census vintage used only where the i-Tree configuration refers to a retired county/county-equivalent.,2270.718219987311
ITC-1372,USA,Minnesota,Olmsted,Olmsted,US-FIPS:27109,Census TIGER/Line 2024 County,27109,Olmsted,EXACT_CURRENT_FIPS,Exact Census FIPS; historical Census vintage used only where the i-Tree configuration refers to a retired county/county-equivalent.,1695.8069652502145
ITC-1373,USA,Minnesota,Otter Tail,Otter Tail,US-FIPS:27111,Census TIGER/Line 2024 County,27111,Otter Tail,EXACT_CURRENT_FIPS,Exact Census FIPS; historical Census vintage used only where the i-Tree configuration refers to a retired county/county-equivalent.,5760.981426437248
ITC-1374,USA,Minnesota,Pennington,Pennington,US-FIPS:27113,Census TIGER/Line 2024 County,27113,Pennington,EXACT_CURRENT_FIPS,Exact Census FIPS; historical Census vintage used only where the i-Tree configuration refers to a retired county/county-equivalent.,1601.1170893809099
ITC-1375,USA,Minnesota,Pine,Pine,US-FIPS:27115,Census TIGER/Line 2024 County,27115,Pine,EXACT_CURRENT_FIPS,Exact Census FIPS; historical Census vintage used only where the i-Tree configuration refers to a retired county/county-equivalent.,3715.615552123229
ITC-1376,USA,Minnesota,Pipestone,Pipestone,US-FIPS:27117,Census TIGER/Line 2024 County,27117,Pipestone,EXACT_CURRENT_FIPS,Exact Census FIPS; historical Census vintage used only where the i-Tree configuration refers to a retired county/county-equivalent.,1206.8289974500321
ITC-1377,USA,Minnesota,Polk,Polk,US-FIPS:27119,Census TIGER/Line 2024 County,27119,Polk,EXACT_CURRENT_FIPS,Exact Census FIPS; historical Census vintage used only where the i-Tree configuration refers to a retired county/county-equivalent.,5174.257625650524
ITC-1378,USA,Minnesota,Pope,Pope,US-FIPS:27121,Census TIGER/Line 2024 County,27121,Pope,EXACT_CURRENT_FIPS,Exact Census FIPS; historical Census vintage used only where the i-Tree configuration refers to a retired county/county-equivalent.,1856.8064086321306
ITC-1379,USA,Minnesota,Ramsey,Ramsey,US-FIPS:27123,Census TIGER/Line 2024 County,27123,Ramsey,EXACT_CURRENT_FIPS,Exact Census FIPS; historical Census vintage used only where the i-Tree configuration refers to a retired county/county-equivalent.,440.33264914487853
ITC-1380,USA,Minnesota,Red Lake,Red Lake,US-FIPS:27125,Census TIGER/Line 2024 County,27125,Red Lake,EXACT_CURRENT_FIPS,Exact Census FIPS; historical Census vintage used only where the i-Tree configuration refers to a retired county/county-equivalent.,1120.1575395928996
ITC-1381,USA,Minnesota,Redwood,Redwood,US-FIPS:27127,Census TIGER/Line 2024 County,27127,Redwood,EXACT_CURRENT_FIPS,Exact Census FIPS; historical Census vintage used only where the i-Tree configuration refers to a retired county/county-equivalent.,2283.7142295003764
ITC-1382,USA,Minnesota,Renville,Renville,US-FIPS:27129,Census TIGER/Line 2024 County,27129,Renville,EXACT_CURRENT_FIPS,Exact Census FIPS; historical Census vintage used only where the i-Tree configuration refers to a retired county/county-equivalent.,2556.563129625911
ITC-1383,USA,Minnesota,Rice,Rice,US-FIPS:27131,Census TIGER/Line 2024 County,27131,Rice,EXACT_CURRENT_FIPS,Exact Census FIPS; historical Census vintage used only where the i-Tree configuration refers to a retired county/county-equivalent.,1336.2974129790819
ITC-1384,USA,Minnesota,Rock,Rock,US-FIPS:27133,Census TIGER/Line 2024 County,27133,Rock,EXACT_CURRENT_FIPS,Exact Census FIPS; historical Census vintage used only where the i-Tree configuration refers to a retired county/county-equivalent.,1250.260551620743
ITC-1385,USA,Minnesota,Roseau,Roseau,US-FIPS:27135,Census TIGER/Line 2024 County,27135,Roseau,EXACT_CURRENT_FIPS,Exact Census FIPS; historical Census vintage used only where the i-Tree configuration refers to a retired county/county-equivalent.,4346.6133726408
ITC-1386,USA,Minnesota,Scott,Scott,US-FIPS:27139,Census TIGER/Line 2024 County,27139,Scott,EXACT_CURRENT_FIPS,Exact Census FIPS; historical Census vintage used only where the i-Tree configuration refers to a retired county/county-equivalent.,954.1216193866085
ITC-1387,USA,Minnesota,Sherburne,Sherburne,US-FIPS:27141,Census TIGER/Line 2024 County,27141,Sherburne,EXACT_CURRENT_FIPS,Exact Census FIPS; historical Census vintage used only where the i-Tree configuration refers to a retired county/county-equivalent.,1168.385315396883
ITC-1388,USA,Minnesota,Sibley,Sibley,US-FIPS:27143,Census TIGER/Line 2024 County,27143,Sibley,EXACT_CURRENT_FIPS,Exact Census FIPS; historical Census vintage used only where the i-Tree configuration refers to a retired county/county-equivalent.,1555.3685049175106
ITC-1389,USA,Minnesota,St. Louis,St. Louis,US-FIPS:27137,Census TIGER/Line 2024 County,27137,St. Louis,EXACT_CURRENT_FIPS,Exact Census FIPS; historical Census vintage used only where the i-Tree configuration refers to a retired county/county-equivalent.,17768.724805437618
ITC-1390,USA,Minnesota,Stearns,Stearns,US-FIPS:27145,Census TIGER/Line 2024 County,27145,Stearns,EXACT_CURRENT_FIPS,Exact Census FIPS; historical Census vintage used only where the i-Tree configuration refers to a retired county/county-equivalent.,3599.821851630849
ITC-1391,USA,Minnesota,Steele,Steele,US-FIPS:27147,Census TIGER/Line 2024 County,27147,Steele,EXACT_CURRENT_FIPS,Exact Census FIPS; historical Census vintage used only where the i-Tree configuration refers to a retired county/county-equivalent.,1119.4974808411864
ITC-1392,USA,Minnesota,Stevens,Stevens,US-FIPS:27149,Census TIGER/Line 2024 County,27149,Stevens,EXACT_CURRENT_FIPS,Exact Census FIPS; historical Census vintage used only where the i-Tree configuration refers to a retired county/county-equivalent.,1490.2130678133142
ITC-1393,USA,Minnesota,Swift,Swift,US-FIPS:27151,Census TIGER/Line 2024 County,27151,Swift,EXACT_CURRENT_FIPS,Exact Census FIPS; historical Census vintage used only where the i-Tree configuration refers to a retired county/county-equivalent.,1948.058021426956
ITC-1394,USA,Minnesota,Todd,Todd,US-FIPS:27153,Census TIGER/Line 2024 County,27153,Todd,EXACT_CURRENT_FIPS,Exact Census FIPS; historical Census vintage used only where the i-Tree configuration refers to a retired county/county-equivalent.,2536.928468751231
ITC-1395,USA,Minnesota,Traverse,Traverse,US-FIPS:27155,Census TIGER/Line 2024 County,27155,Traverse,EXACT_CURRENT_FIPS,Exact Census FIPS; historical Census vintage used only where the i-Tree configuration refers to a retired county/county-equivalent.,1517.3462052496186
ITC-1396,USA,Minnesota,Wabasha,Wabasha,US-FIPS:27157,Census TIGER/Line 2024 County,27157,Wabasha,EXACT_CURRENT_FIPS,Exact Census FIPS; historical Census vintage used only where the i-Tree configuration refers to a retired county/county-equivalent.,1423.2381881572364
ITC-1397,USA,Minnesota,Wadena,Wadena,US-FIPS:27159,Census TIGER/Line 2024 County,27159,Wadena,EXACT_CURRENT_FIPS,Exact Census FIPS; historical Census vintage used only where the i-Tree configuration refers to a retired county/county-equivalent.,1407.1426603320983
ITC-1398,USA,Minnesota,Waseca,Waseca,US-FIPS:27161,Census TIGER/Line 2024 County,27161,Waseca,EXACT_CURRENT_FIPS,Exact Census FIPS; historical Census vintage used only where the i-Tree configuration refers to a retired county/county-equivalent.,1121.3934593530566
ITC-1399,USA,Minnesota,Washington,Washington,US-FIPS:27163,Census TIGER/Line 2024 County,27163,Washington,EXACT_CURRENT_FIPS,Exact Census FIPS; historical Census vintage used only where the i-Tree configuration refers to a retired county/county-equivalent.,1096.3693304959752
ITC-1400,USA,Minnesota,Watonwan,Watonwan,US-FIPS:27165,Census TIGER/Line 2024 County,27165,Watonwan,EXACT_CURRENT_FIPS,Exact Census FIPS; historical Census vintage used only where the i-Tree configuration refers to a retired county/county-equivalent.,1138.8964676326577
ITC-1401,USA,Minnesota,Wilkin,Wilkin,US-FIPS:27167,Census TIGER/Line 2024 County,27167,Wilkin,EXACT_CURRENT_FIPS,Exact Census FIPS; historical Census vintage used only where the i-Tree configuration refers to a retired county/county-equivalent.,1945.66028232151
ITC-1402,USA,Minnesota,Winona,Winona,US-FIPS:27169,Census TIGER/Line 2024 County,27169,Winona,EXACT_CURRENT_FIPS,Exact Census FIPS; historical Census vintage used only where the i-Tree configuration refers to a retired county/county-equivalent.,1661.842154897821
ITC-1403,USA,Minnesota,Wright,Wright,US-FIPS:27171,Census TIGER/Line 2024 County,27171,Wright,EXACT_CURRENT_FIPS,Exact Census FIPS; historical Census vintage used only where the i-Tree configuration refers to a retired county/county-equivalent.,1850.255841663507
ITC-1404,USA,Minnesota,Yellow Medicine,Yellow Medicine,US-FIPS:27173,Census TIGER/Line 2024 County,27173,Yellow Medicine,EXACT_CURRENT_FIPS,Exact Census FIPS; historical Census vintage used only where the i-Tree configuration refers to a retired county/county-equivalent.,1976.7512834685726
ITC-1405,USA,Mississippi,Adams,Adams,US-FIPS:28001,Census TIGER/Line 2024 County,28001,Adams,EXACT_CURRENT_FIPS,Exact Census FIPS; historical Census vintage used only where the i-Tree configuration refers to a retired county/county-equivalent.,1262.738067982875
ITC-1406,USA,Mississippi,Alcorn,Alcorn,US-FIPS:28003,Census TIGER/Line 2024 County,28003,Alcorn,EXACT_CURRENT_FIPS,Exact Census FIPS; historical Census vintage used only where the i-Tree configuration refers to a retired county/county-equivalent.,1039.5184811601805
ITC-1407,USA,Mississippi,Amite,Amite,US-FIPS:28005,Census TIGER/Line 2024 County,28005,Amite,EXACT_CURRENT_FIPS,Exact Census FIPS; historical Census vintage used only where the i-Tree configuration refers to a retired county/county-equivalent.,1894.8290713355584
ITC-1408,USA,Mississippi,Attala,Attala,US-FIPS:28007,Census TIGER/Line 2024 County,28007,Attala,EXACT_CURRENT_FIPS,Exact Census FIPS; historical Census vintage used only where the i-Tree configuration refers to a retired county/county-equivalent.,1907.9553163442372
ITC-1409,USA,Mississippi,Benton,Benton,US-FIPS:28009,Census TIGER/Line 2024 County,28009,Benton,EXACT_CURRENT_FIPS,Exact Census FIPS; historical Census vintage used only where the i-Tree configuration refers to a retired county/county-equivalent.,1058.4106989994868
ITC-1410,USA,Mississippi,Bolivar,Bolivar,US-FIPS:28011,Census TIGER/Line 2024 County,28011,Bolivar,EXACT_CURRENT_FIPS,Exact Census FIPS; historical Census vintage used only where the i-Tree configuration refers to a retired county/county-equivalent.,2351.5885248237273
ITC-1411,USA,Mississippi,Calhoun,Calhoun,US-FIPS:28013,Census TIGER/Line 2024 County,28013,Calhoun,EXACT_CURRENT_FIPS,Exact Census FIPS; historical Census vintage used only where the i-Tree configuration refers to a retired county/county-equivalent.,1522.80893287679
ITC-1412,USA,Mississippi,Carroll,Carroll,US-FIPS:28015,Census TIGER/Line 2024 County,28015,Carroll,EXACT_CURRENT_FIPS,Exact Census FIPS; historical Census vintage used only where the i-Tree configuration refers to a retired county/county-equivalent.,1643.5677817870303
ITC-1413,USA,Mississippi,Chickasaw,Chickasaw,US-FIPS:28017,Census TIGER/Line 2024 County,28017,Chickasaw,EXACT_CURRENT_FIPS,Exact Census FIPS; historical Census vintage used only where the i-Tree configuration refers to a retired county/county-equivalent.,1305.989340851916
ITC-1414,USA,Mississippi,Choctaw,Choctaw,US-FIPS:28019,Census TIGER/Line 2024 County,28019,Choctaw,EXACT_CURRENT_FIPS,Exact Census FIPS; historical Census vintage used only where the i-Tree configuration refers to a retired county/county-equivalent.,1087.4206220807707
ITC-1415,USA,Mississippi,Claiborne,Claiborne,US-FIPS:28021,Census TIGER/Line 2024 County,28021,Claiborne,EXACT_CURRENT_FIPS,Exact Census FIPS; historical Census vintage used only where the i-Tree configuration refers to a retired county/county-equivalent.,1298.111420294972
ITC-1416,USA,Mississippi,Clarke,Clarke,US-FIPS:28023,Census TIGER/Line 2024 County,28023,Clarke,EXACT_CURRENT_FIPS,Exact Census FIPS; historical Census vintage used only where the i-Tree configuration refers to a retired county/county-equivalent.,1796.247070306599
ITC-1417,USA,Mississippi,Clay,Clay,US-FIPS:28025,Census TIGER/Line 2024 County,28025,Clay,EXACT_CURRENT_FIPS,Exact Census FIPS; historical Census vintage used only where the i-Tree configuration refers to a retired county/county-equivalent.,1077.4592260886116
ITC-1418,USA,Mississippi,Coahoma,Coahoma,US-FIPS:28027,Census TIGER/Line 2024 County,28027,Coahoma,EXACT_CURRENT_FIPS,Exact Census FIPS; historical Census vintage used only where the i-Tree configuration refers to a retired county/county-equivalent.,1510.0517543433216
ITC-1419,USA,Mississippi,Copiah,Copiah,US-FIPS:28029,Census TIGER/Line 2024 County,28029,Copiah,EXACT_CURRENT_FIPS,Exact Census FIPS; historical Census vintage used only where the i-Tree configuration refers to a retired county/county-equivalent.,2018.8035567331617
ITC-1420,USA,Mississippi,Covington,Covington,US-FIPS:28031,Census TIGER/Line 2024 County,28031,Covington,EXACT_CURRENT_FIPS,Exact Census FIPS; historical Census vintage used only where the i-Tree configuration refers to a retired county/county-equivalent.,1074.6657667337574
ITC-1421,USA,Mississippi,DeSoto,DeSoto,US-FIPS:28033,Census TIGER/Line 2024 County,28033,DeSoto,EXACT_CURRENT_FIPS,Exact Census FIPS; historical Census vintage used only where the i-Tree configuration refers to a retired county/county-equivalent.,1284.08810519805
ITC-1422,USA,Mississippi,Forrest,Forrest,US-FIPS:28035,Census TIGER/Line 2024 County,28035,Forrest,EXACT_CURRENT_FIPS,Exact Census FIPS; historical Census vintage used only where the i-Tree configuration refers to a retired county/county-equivalent.,1217.9158070929702
ITC-1423,USA,Mississippi,Franklin,Franklin,US-FIPS:28037,Census TIGER/Line 2024 County,28037,Franklin,EXACT_CURRENT_FIPS,Exact Census FIPS; historical Census vintage used only where the i-Tree configuration refers to a retired county/county-equivalent.,1467.909589171108
ITC-1424,USA,Mississippi,George,George,US-FIPS:28039,Census TIGER/Line 2024 County,28039,George,EXACT_CURRENT_FIPS,Exact Census FIPS; historical Census vintage used only where the i-Tree configuration refers to a retired county/county-equivalent.,1252.6549964681867
ITC-1425,USA,Mississippi,Greene,Greene,US-FIPS:28041,Census TIGER/Line 2024 County,28041,Greene,EXACT_CURRENT_FIPS,Exact Census FIPS; historical Census vintage used only where the i-Tree configuration refers to a retired county/county-equivalent.,1861.4145868448004
ITC-1426,USA,Mississippi,Grenada,Grenada,US-FIPS:28043,Census TIGER/Line 2024 County,28043,Grenada,EXACT_CURRENT_FIPS,Exact Census FIPS; historical Census vintage used only where the i-Tree configuration refers to a retired county/county-equivalent.,1163.9507142295552
ITC-1427,USA,Mississippi,Hancock,Hancock,US-FIPS:28045,Census TIGER/Line 2024 County,28045,Hancock,EXACT_CURRENT_FIPS,Exact Census FIPS; historical Census vintage used only where the i-Tree configuration refers to a retired county/county-equivalent.,1431.659285270349
ITC-1428,USA,Mississippi,Harrison,Harrison,US-FIPS:28047,Census TIGER/Line 2024 County,28047,Harrison,EXACT_CURRENT_FIPS,Exact Census FIPS; historical Census vintage used only where the i-Tree configuration refers to a retired county/county-equivalent.,2550.3370359186847
ITC-1429,USA,Mississippi,Hinds,Hinds,US-FIPS:28049,Census TIGER/Line 2024 County,28049,Hinds,EXACT_CURRENT_FIPS,Exact Census FIPS; historical Census vintage used only where the i-Tree configuration refers to a retired county/county-equivalent.,2272.148004750245
ITC-1430,USA,Mississippi,Holmes,Holmes,US-FIPS:28051,Census TIGER/Line 2024 County,28051,Holmes,EXACT_CURRENT_FIPS,Exact Census FIPS; historical Census vintage used only where the i-Tree configuration refers to a retired county/county-equivalent.,1980.3459188680822
ITC-1431,USA,Mississippi,Humphreys,Humphreys,US-FIPS:28053,Census TIGER/Line 2024 County,28053,Humphreys,EXACT_CURRENT_FIPS,Exact Census FIPS; historical Census vintage used only where the i-Tree configuration refers to a retired county/county-equivalent.,1116.890137473724
ITC-1432,USA,Mississippi,Issaquena,Issaquena,US-FIPS:28055,Census TIGER/Line 2024 County,28055,Issaquena,EXACT_CURRENT_FIPS,Exact Census FIPS; historical Census vintage used only where the i-Tree configuration refers to a retired county/county-equivalent.,1143.2791867054925
ITC-1433,USA,Mississippi,Itawamba,Itawamba,US-FIPS:28057,Census TIGER/Line 2024 County,28057,Itawamba,EXACT_CURRENT_FIPS,Exact Census FIPS; historical Census vintage used only where the i-Tree configuration refers to a retired county/county-equivalent.,1399.75871601169
ITC-1434,USA,Mississippi,Jackson,Jackson,US-FIPS:28059,Census TIGER/Line 2024 County,28059,Jackson,EXACT_CURRENT_FIPS,Exact Census FIPS; historical Census vintage used only where the i-Tree configuration refers to a retired county/county-equivalent.,2702.40216220923
ITC-1435,USA,Mississippi,Jasper,Jasper,US-FIPS:28061,Census TIGER/Line 2024 County,28061,Jasper,EXACT_CURRENT_FIPS,Exact Census FIPS; historical Census vintage used only where the i-Tree configuration refers to a retired county/county-equivalent.,1754.766990681024
ITC-1436,USA,Mississippi,Jefferson,Jefferson,US-FIPS:28063,Census TIGER/Line 2024 County,28063,Jefferson,EXACT_CURRENT_FIPS,Exact Census FIPS; historical Census vintage used only where the i-Tree configuration refers to a retired county/county-equivalent.,1365.6088409468816
ITC-1437,USA,Mississippi,Jefferson Davis,Jefferson Davis,US-FIPS:28065,Census TIGER/Line 2024 County,28065,Jefferson Davis,EXACT_CURRENT_FIPS,Exact Census FIPS; historical Census vintage used only where the i-Tree configuration refers to a retired county/county-equivalent.,1059.6629451379865
ITC-1438,USA,Mississippi,Jones,Jones,US-FIPS:28067,Census TIGER/Line 2024 County,28067,Jones,EXACT_CURRENT_FIPS,Exact Census FIPS; historical Census vintage used only where the i-Tree configuration refers to a retired county/county-equivalent.,1812.3206315632135
ITC-1439,USA,Mississippi,Kemper,Kemper,US-FIPS:28069,Census TIGER/Line 2024 County,28069,Kemper,EXACT_CURRENT_FIPS,Exact Census FIPS; historical Census vintage used only where the i-Tree configuration refers to a retired county/county-equivalent.,1986.585776012388
ITC-1440,USA,Mississippi,Lafayette,Lafayette,US-FIPS:28071,Census TIGER/Line 2024 County,28071,Lafayette,EXACT_CURRENT_FIPS,Exact Census FIPS; historical Census vintage used only where the i-Tree configuration refers to a retired county/county-equivalent.,1759.1941006567451
ITC-1441,USA,Mississippi,Lamar,Lamar,US-FIPS:28073,Census TIGER/Line 2024 County,28073,Lamar,EXACT_CURRENT_FIPS,Exact Census FIPS; historical Census vintage used only where the i-Tree configuration refers to a retired county/county-equivalent.,1294.9813380498058
ITC-1442,USA,Mississippi,Lauderdale,Lauderdale,US-FIPS:28075,Census TIGER/Line 2024 County,28075,Lauderdale,EXACT_CURRENT_FIPS,Exact Census FIPS; historical Census vintage used only where the i-Tree configuration refers to a retired county/county-equivalent.,1852.23885045766
ITC-1443,USA,Mississippi,Lawrence,Lawrence,US-FIPS:28077,Census TIGER/Line 2024 County,28077,Lawrence,EXACT_CURRENT_FIPS,Exact Census FIPS; historical Census vintage used only where the i-Tree configuration refers to a retired county/county-equivalent.,1128.4426010993006
ITC-1444,USA,Mississippi,Leake,Leake,US-FIPS:28079,Census TIGER/Line 2024 County,28079,Leake,EXACT_CURRENT_FIPS,Exact Census FIPS; historical Census vintage used only where the i-Tree configuration refers to a retired county/county-equivalent.,1516.073671129021
ITC-1445,USA,Mississippi,Lee,Lee,US-FIPS:28081,Census TIGER/Line 2024 County,28081,Lee,EXACT_CURRENT_FIPS,Exact Census FIPS; historical Census vintage used only where the i-Tree configuration refers to a retired county/county-equivalent.,1173.7187450075505
ITC-1446,USA,Mississippi,Leflore,Leflore,US-FIPS:28083,Census TIGER/Line 2024 County,28083,Leflore,EXACT_CURRENT_FIPS,Exact Census FIPS; historical Census vintage used only where the i-Tree configuration refers to a retired county/county-equivalent.,1570.5138454788553
ITC-1447,USA,Mississippi,Lincoln,Lincoln,US-FIPS:28085,Census TIGER/Line 2024 County,28085,Lincoln,EXACT_CURRENT_FIPS,Exact Census FIPS; historical Census vintage used only where the i-Tree configuration refers to a retired county/county-equivalent.,1523.5609182496335
ITC-1448,USA,Mississippi,Lowndes,Lowndes,US-FIPS:28087,Census TIGER/Line 2024 County,28087,Lowndes,EXACT_CURRENT_FIPS,Exact Census FIPS; historical Census vintage used only where the i-Tree configuration refers to a retired county/county-equivalent.,1337.6378900923173
ITC-1449,USA,Mississippi,Madison,Madison,US-FIPS:28089,Census TIGER/Line 2024 County,28089,Madison,EXACT_CURRENT_FIPS,Exact Census FIPS; historical Census vintage used only where the i-Tree configuration refers to a retired county/county-equivalent.,1921.8762975633886
ITC-1450,USA,Mississippi,Marion,Marion,US-FIPS:28091,Census TIGER/Line 2024 County,28091,Marion,EXACT_CURRENT_FIPS,Exact Census FIPS; historical Census vintage used only where the i-Tree configuration refers to a retired county/county-equivalent.,1420.919523905128
ITC-1451,USA,Mississippi,Marshall,Marshall,US-FIPS:28093,Census TIGER/Line 2024 County,28093,Marshall,EXACT_CURRENT_FIPS,Exact Census FIPS; historical Census vintage used only where the i-Tree configuration refers to a retired county/county-equivalent.,1838.2016902038138
ITC-1452,USA,Mississippi,Monroe,Monroe,US-FIPS:28095,Census TIGER/Line 2024 County,28095,Monroe,EXACT_CURRENT_FIPS,Exact Census FIPS; historical Census vintage used only where the i-Tree configuration refers to a retired county/county-equivalent.,1999.7189336075812
ITC-1453,USA,Mississippi,Montgomery,Montgomery,US-FIPS:28097,Census TIGER/Line 2024 County,28097,Montgomery,EXACT_CURRENT_FIPS,Exact Census FIPS; historical Census vintage used only where the i-Tree configuration refers to a retired county/county-equivalent.,1056.4270414154814
ITC-1454,USA,Mississippi,Neshoba,Neshoba,US-FIPS:28099,Census TIGER/Line 2024 County,28099,Neshoba,EXACT_CURRENT_FIPS,Exact Census FIPS; historical Census vintage used only where the i-Tree configuration refers to a retired county/county-equivalent.,1480.4721602899308
ITC-1455,USA,Mississippi,Newton,Newton,US-FIPS:28101,Census TIGER/Line 2024 County,28101,Newton,EXACT_CURRENT_FIPS,Exact Census FIPS; historical Census vintage used only where the i-Tree configuration refers to a retired county/county-equivalent.,1500.9432899960248
ITC-1456,USA,Mississippi,Noxubee,Noxubee,US-FIPS:28103,Census TIGER/Line 2024 County,28103,Noxubee,EXACT_CURRENT_FIPS,Exact Census FIPS; historical Census vintage used only where the i-Tree configuration refers to a retired county/county-equivalent.,1812.9400315006258
ITC-1457,USA,Mississippi,Oktibbeha,Oktibbeha,US-FIPS:28105,Census TIGER/Line 2024 County,28105,Oktibbeha,EXACT_CURRENT_FIPS,Exact Census FIPS; historical Census vintage used only where the i-Tree configuration refers to a retired county/county-equivalent.,1196.4003550394784
ITC-1458,USA,Mississippi,Panola,Panola,US-FIPS:28107,Census TIGER/Line 2024 County,28107,Panola,EXACT_CURRENT_FIPS,Exact Census FIPS; historical Census vintage used only where the i-Tree configuration refers to a retired county/county-equivalent.,1826.2822884040852
ITC-1459,USA,Mississippi,Pearl River,Pearl River,US-FIPS:28109,Census TIGER/Line 2024 County,28109,Pearl River,EXACT_CURRENT_FIPS,Exact Census FIPS; historical Census vintage used only where the i-Tree configuration refers to a retired county/county-equivalent.,2122.0902971264686
ITC-1460,USA,Mississippi,Perry,Perry,US-FIPS:28111,Census TIGER/Line 2024 County,28111,Perry,EXACT_CURRENT_FIPS,Exact Census FIPS; historical Census vintage used only where the i-Tree configuration refers to a retired county/county-equivalent.,1684.0141551953295
ITC-1461,USA,Mississippi,Pike,Pike,US-FIPS:28113,Census TIGER/Line 2024 County,28113,Pike,EXACT_CURRENT_FIPS,Exact Census FIPS; historical Census vintage used only where the i-Tree configuration refers to a retired county/county-equivalent.,1063.6917212534743
ITC-1462,USA,Mississippi,Pontotoc,Pontotoc,US-FIPS:28115,Census TIGER/Line 2024 County,28115,Pontotoc,EXACT_CURRENT_FIPS,Exact Census FIPS; historical Census vintage used only where the i-Tree configuration refers to a retired county/county-equivalent.,1297.6393390219657
ITC-1463,USA,Mississippi,Prentiss,Prentiss,US-FIPS:28117,Census TIGER/Line 2024 County,28117,Prentiss,EXACT_CURRENT_FIPS,Exact Census FIPS; historical Census vintage used only where the i-Tree configuration refers to a retired county/county-equivalent.,1083.1309168723494
ITC-1464,USA,Mississippi,Quitman,Quitman,US-FIPS:28119,Census TIGER/Line 2024 County,28119,Quitman,EXACT_CURRENT_FIPS,Exact Census FIPS; historical Census vintage used only where the i-Tree configuration refers to a retired county/county-equivalent.,1052.651452020384
ITC-1465,USA,Mississippi,Rankin,Rankin,US-FIPS:28121,Census TIGER/Line 2024 County,28121,Rankin,EXACT_CURRENT_FIPS,Exact Census FIPS; historical Census vintage used only where the i-Tree configuration refers to a retired county/county-equivalent.,2087.752252456614
ITC-1466,USA,Mississippi,Scott,Scott,US-FIPS:28123,Census TIGER/Line 2024 County,28123,Scott,EXACT_CURRENT_FIPS,Exact Census FIPS; historical Census vintage used only where the i-Tree configuration refers to a retired county/county-equivalent.,1580.9039066014093
ITC-1467,USA,Mississippi,Sharkey,Sharkey,US-FIPS:28125,Census TIGER/Line 2024 County,28125,Sharkey,EXACT_CURRENT_FIPS,Exact Census FIPS; historical Census vintage used only where the i-Tree configuration refers to a retired county/county-equivalent.,1126.9566932773407
ITC-1468,USA,Mississippi,Simpson,Simpson,US-FIPS:28127,Census TIGER/Line 2024 County,28127,Simpson,EXACT_CURRENT_FIPS,Exact Census FIPS; historical Census vintage used only where the i-Tree configuration refers to a retired county/county-equivalent.,1529.309417124781
ITC-1469,USA,Mississippi,Smith,Smith,US-FIPS:28129,Census TIGER/Line 2024 County,28129,Smith,EXACT_CURRENT_FIPS,Exact Census FIPS; historical Census vintage used only where the i-Tree configuration refers to a retired county/county-equivalent.,1650.5254541557022
ITC-1470,USA,Mississippi,Stone,Stone,US-FIPS:28131,Census TIGER/Line 2024 County,28131,Stone,EXACT_CURRENT_FIPS,Exact Census FIPS; historical Census vintage used only where the i-Tree configuration refers to a retired county/county-equivalent.,1160.5124752548577
ITC-1471,USA,Mississippi,Sunflower,Sunflower,US-FIPS:28133,Census TIGER/Line 2024 County,28133,Sunflower,EXACT_CURRENT_FIPS,Exact Census FIPS; historical Census vintage used only where the i-Tree configuration refers to a retired county/county-equivalent.,1830.9342591837258
ITC-1472,USA,Mississippi,Tallahatchie,Tallahatchie,US-FIPS:28135,Census TIGER/Line 2024 County,28135,Tallahatchie,EXACT_CURRENT_FIPS,Exact Census FIPS; historical Census vintage used only where the i-Tree configuration refers to a retired county/county-equivalent.,1689.039367681294
ITC-1473,USA,Mississippi,Tate,Tate,US-FIPS:28137,Census TIGER/Line 2024 County,28137,Tate,EXACT_CURRENT_FIPS,Exact Census FIPS; historical Census vintage used only where the i-Tree configuration refers to a retired county/county-equivalent.,1064.423505635116
ITC-1474,USA,Mississippi,Tippah,Tippah,US-FIPS:28139,Census TIGER/Line 2024 County,28139,Tippah,EXACT_CURRENT_FIPS,Exact Census FIPS; historical Census vintage used only where the i-Tree configuration refers to a retired county/county-equivalent.,1191.2769817282563
ITC-1475,USA,Mississippi,Tishomingo,Tishomingo,US-FIPS:28141,Census TIGER/Line 2024 County,28141,Tishomingo,EXACT_CURRENT_FIPS,Exact Census FIPS; historical Census vintage used only where the i-Tree configuration refers to a retired county/county-equivalent.,1151.2991096997182
ITC-1476,USA,Mississippi,Tunica,Tunica,US-FIPS:28143,Census TIGER/Line 2024 County,28143,Tunica,EXACT_CURRENT_FIPS,Exact Census FIPS; historical Census vintage used only where the i-Tree configuration refers to a retired county/county-equivalent.,1233.2044300095697
ITC-1477,USA,Mississippi,Union,Union,US-FIPS:28145,Census TIGER/Line 2024 County,28145,Union,EXACT_CURRENT_FIPS,Exact Census FIPS; historical Census vintage used only where the i-Tree configuration refers to a retired county/county-equivalent.,1079.7867619550075
ITC-1478,USA,Mississippi,Walthall,Walthall,US-FIPS:28147,Census TIGER/Line 2024 County,28147,Walthall,EXACT_CURRENT_FIPS,Exact Census FIPS; historical Census vintage used only where the i-Tree configuration refers to a retired county/county-equivalent.,1047.4060399332254
ITC-1479,USA,Mississippi,Warren,Warren,US-FIPS:28149,Census TIGER/Line 2024 County,28149,Warren,EXACT_CURRENT_FIPS,Exact Census FIPS; historical Census vintage used only where the i-Tree configuration refers to a retired county/county-equivalent.,1602.0463183212198
ITC-1480,USA,Mississippi,Washington,Washington,US-FIPS:28151,Census TIGER/Line 2024 County,28151,Washington,EXACT_CURRENT_FIPS,Exact Census FIPS; historical Census vintage used only where the i-Tree configuration refers to a retired county/county-equivalent.,1969.334738357541
ITC-1481,USA,Mississippi,Wayne,Wayne,US-FIPS:28153,Census TIGER/Line 2024 County,28153,Wayne,EXACT_CURRENT_FIPS,Exact Census FIPS; historical Census vintage used only where the i-Tree configuration refers to a retired county/county-equivalent.,2107.0011973877395
ITC-1482,USA,Mississippi,Webster,Webster,US-FIPS:28155,Census TIGER/Line 2024 County,28155,Webster,EXACT_CURRENT_FIPS,Exact Census FIPS; historical Census vintage used only where the i-Tree configuration refers to a retired county/county-equivalent.,1096.158427329759
ITC-1483,USA,Mississippi,Wilkinson,Wilkinson,US-FIPS:28157,Census TIGER/Line 2024 County,28157,Wilkinson,EXACT_CURRENT_FIPS,Exact Census FIPS; historical Census vintage used only where the i-Tree configuration refers to a retired county/county-equivalent.,1781.3066742477095
ITC-1484,USA,Mississippi,Winston,Winston,US-FIPS:28159,Census TIGER/Line 2024 County,28159,Winston,EXACT_CURRENT_FIPS,Exact Census FIPS; historical Census vintage used only where the i-Tree configuration refers to a retired county/county-equivalent.,1580.115015697295
ITC-1485,USA,Mississippi,Yalobusha,Yalobusha,US-FIPS:28161,Census TIGER/Line 2024 County,28161,Yalobusha,EXACT_CURRENT_FIPS,Exact Census FIPS; historical Census vintage used only where the i-Tree configuration refers to a retired county/county-equivalent.,1282.055330064561
ITC-1486,USA,Mississippi,Yazoo,Yazoo,US-FIPS:28163,Census TIGER/Line 2024 County,28163,Yazoo,EXACT_CURRENT_FIPS,Exact Census FIPS; historical Census vintage used only where the i-Tree configuration refers to a retired county/county-equivalent.,2419.4592501598104
ITC-1487,USA,Missouri,Adair,Adair,US-FIPS:29001,Census TIGER/Line 2024 County,29001,Adair,EXACT_CURRENT_FIPS,Exact Census FIPS; historical Census vintage used only where the i-Tree configuration refers to a retired county/county-equivalent.,1474.8305440516433
ITC-1488,USA,Missouri,Andrew,Andrew,US-FIPS:29003,Census TIGER/Line 2024 County,29003,Andrew,EXACT_CURRENT_FIPS,Exact Census FIPS; historical Census vintage used only where the i-Tree configuration refers to a retired county/county-equivalent.,1130.1877913435935
ITC-1489,USA,Missouri,Atchison,Atchison,US-FIPS:29005,Census TIGER/Line 2024 County,29005,Atchison,EXACT_CURRENT_FIPS,Exact Census FIPS; historical Census vintage used only where the i-Tree configuration refers to a retired county/county-equivalent.,1424.8215587230295
ITC-1490,USA,Missouri,Audrain,Audrain,US-FIPS:29007,Census TIGER/Line 2024 County,29007,Audrain,EXACT_CURRENT_FIPS,Exact Census FIPS; historical Census vintage used only where the i-Tree configuration refers to a retired county/county-equivalent.,1804.7617489473023
ITC-1491,USA,Missouri,Barry,Barry,US-FIPS:29009,Census TIGER/Line 2024 County,29009,Barry,EXACT_CURRENT_FIPS,Exact Census FIPS; historical Census vintage used only where the i-Tree configuration refers to a retired county/county-equivalent.,2048.23961706436
ITC-1492,USA,Missouri,Barton,Barton,US-FIPS:29011,Census TIGER/Line 2024 County,29011,Barton,EXACT_CURRENT_FIPS,Exact Census FIPS; historical Census vintage used only where the i-Tree configuration refers to a retired county/county-equivalent.,1545.503323786907
ITC-1493,USA,Missouri,Bates,Bates,US-FIPS:29013,Census TIGER/Line 2024 County,29013,Bates,EXACT_CURRENT_FIPS,Exact Census FIPS; historical Census vintage used only where the i-Tree configuration refers to a retired county/county-equivalent.,2205.064318389162
ITC-1494,USA,Missouri,Benton,Benton,US-FIPS:29015,Census TIGER/Line 2024 County,29015,Benton,EXACT_CURRENT_FIPS,Exact Census FIPS; historical Census vintage used only where the i-Tree configuration refers to a retired county/county-equivalent.,1949.043602291138
ITC-1495,USA,Missouri,Bollinger,Bollinger,US-FIPS:29017,Census TIGER/Line 2024 County,29017,Bollinger,EXACT_CURRENT_FIPS,Exact Census FIPS; historical Census vintage used only where the i-Tree configuration refers to a retired county/county-equivalent.,1608.8943940939882
ITC-1496,USA,Missouri,Boone,Boone,US-FIPS:29019,Census TIGER/Line 2024 County,29019,Boone,EXACT_CURRENT_FIPS,Exact Census FIPS; historical Census vintage used only where the i-Tree configuration refers to a retired county/county-equivalent.,1789.7915872456174
ITC-1497,USA,Missouri,Buchanan,Buchanan,US-FIPS:29021,Census TIGER/Line 2024 County,29021,Buchanan,EXACT_CURRENT_FIPS,Exact Census FIPS; historical Census vintage used only where the i-Tree configuration refers to a retired county/county-equivalent.,1075.304622522997
ITC-1498,USA,Missouri,Butler,Butler,US-FIPS:29023,Census TIGER/Line 2024 County,29023,Butler,EXACT_CURRENT_FIPS,Exact Census FIPS; historical Census vintage used only where the i-Tree configuration refers to a retired county/county-equivalent.,1810.6022079886716
ITC-1499,USA,Missouri,Caldwell,Caldwell,US-FIPS:29025,Census TIGER/Line 2024 County,29025,Caldwell,EXACT_CURRENT_FIPS,Exact Census FIPS; historical Census vintage used only where the i-Tree configuration refers to a retired county/county-equivalent.,1112.7526793644927
ITC-1500,USA,Missouri,Callaway,Callaway,US-FIPS:29027,Census TIGER/Line 2024 County,29027,Callaway,EXACT_CURRENT_FIPS,Exact Census FIPS; historical Census vintage used only where the i-Tree configuration refers to a retired county/county-equivalent.,2194.707737011295
ITC-1501,USA,Missouri,Camden,Camden,US-FIPS:29029,Census TIGER/Line 2024 County,29029,Camden,EXACT_CURRENT_FIPS,Exact Census FIPS; historical Census vintage used only where the i-Tree configuration refers to a retired county/county-equivalent.,1835.4289130076502
ITC-1502,USA,Missouri,Cape Girardeau,Cape Girardeau,US-FIPS:29031,Census TIGER/Line 2024 County,29031,Cape Girardeau,EXACT_CURRENT_FIPS,Exact Census FIPS; historical Census vintage used only where the i-Tree configuration refers to a retired county/county-equivalent.,1518.6362917886079
ITC-1503,USA,Missouri,Carroll,Carroll,US-FIPS:29033,Census TIGER/Line 2024 County,29033,Carroll,EXACT_CURRENT_FIPS,Exact Census FIPS; historical Census vintage used only where the i-Tree configuration refers to a retired county/county-equivalent.,1816.5952603609892
ITC-1504,USA,Missouri,Carter,Carter,US-FIPS:29035,Census TIGER/Line 2024 County,29035,Carter,EXACT_CURRENT_FIPS,Exact Census FIPS; historical Census vintage used only where the i-Tree configuration refers to a retired county/county-equivalent.,1318.3573730692194
ITC-1505,USA,Missouri,Cass,Cass,US-FIPS:29037,Census TIGER/Line 2024 County,29037,Cass,EXACT_CURRENT_FIPS,Exact Census FIPS; historical Census vintage used only where the i-Tree configuration refers to a retired county/county-equivalent.,1819.1864030740694
ITC-1506,USA,Missouri,Cedar,Cedar,US-FIPS:29039,Census TIGER/Line 2024 County,29039,Cedar,EXACT_CURRENT_FIPS,Exact Census FIPS; historical Census vintage used only where the i-Tree configuration refers to a retired county/county-equivalent.,1291.508796189438
ITC-1507,USA,Missouri,Chariton,Chariton,US-FIPS:29041,Census TIGER/Line 2024 County,29041,Chariton,EXACT_CURRENT_FIPS,Exact Census FIPS; historical Census vintage used only where the i-Tree configuration refers to a retired county/county-equivalent.,1985.8955064532847
ITC-1508,USA,Missouri,Christian,Christian,US-FIPS:29043,Census TIGER/Line 2024 County,29043,Christian,EXACT_CURRENT_FIPS,Exact Census FIPS; historical Census vintage used only where the i-Tree configuration refers to a retired county/county-equivalent.,1460.1831714241468
ITC-1509,USA,Missouri,Clark,Clark,US-FIPS:29045,Census TIGER/Line 2024 County,29045,Clark,EXACT_CURRENT_FIPS,Exact Census FIPS; historical Census vintage used only where the i-Tree configuration refers to a retired county/county-equivalent.,1325.6206374568687
ITC-1510,USA,Missouri,Clay,Clay,US-FIPS:29047,Census TIGER/Line 2024 County,29047,Clay,EXACT_CURRENT_FIPS,Exact Census FIPS; historical Census vintage used only where the i-Tree configuration refers to a retired county/county-equivalent.,1058.414774644634
ITC-1511,USA,Missouri,Clinton,Clinton,US-FIPS:29049,Census TIGER/Line 2024 County,29049,Clinton,EXACT_CURRENT_FIPS,Exact Census FIPS; historical Census vintage used only where the i-Tree configuration refers to a retired county/county-equivalent.,1096.8147087588682
ITC-1512,USA,Missouri,Cole,Cole,US-FIPS:29051,Census TIGER/Line 2024 County,29051,Cole,EXACT_CURRENT_FIPS,Exact Census FIPS; historical Census vintage used only where the i-Tree configuration refers to a retired county/county-equivalent.,1033.2108541778498
ITC-1513,USA,Missouri,Cooper,Cooper,US-FIPS:29053,Census TIGER/Line 2024 County,29053,Cooper,EXACT_CURRENT_FIPS,Exact Census FIPS; historical Census vintage used only where the i-Tree configuration refers to a retired county/county-equivalent.,1474.1710492200766
ITC-1514,USA,Missouri,Crawford,Crawford,US-FIPS:29055,Census TIGER/Line 2024 County,29055,Crawford,EXACT_CURRENT_FIPS,Exact Census FIPS; historical Census vintage used only where the i-Tree configuration refers to a retired county/county-equivalent.,1926.3122544279258
ITC-1515,USA,Missouri,Dade,Dade,US-FIPS:29057,Census TIGER/Line 2024 County,29057,Dade,EXACT_CURRENT_FIPS,Exact Census FIPS; historical Census vintage used only where the i-Tree configuration refers to a retired county/county-equivalent.,1311.1935164711945
ITC-1516,USA,Missouri,Dallas,Dallas,US-FIPS:29059,Census TIGER/Line 2024 County,29059,Dallas,EXACT_CURRENT_FIPS,Exact Census FIPS; historical Census vintage used only where the i-Tree configuration refers to a retired county/county-equivalent.,1405.966736213299
ITC-1517,USA,Missouri,Daviess,Daviess,US-FIPS:29061,Census TIGER/Line 2024 County,29061,Daviess,EXACT_CURRENT_FIPS,Exact Census FIPS; historical Census vintage used only where the i-Tree configuration refers to a retired county/county-equivalent.,1473.8202478832022
ITC-1518,USA,Missouri,DeKalb,DeKalb,US-FIPS:29063,Census TIGER/Line 2024 County,29063,DeKalb,EXACT_CURRENT_FIPS,Exact Census FIPS; historical Census vintage used only where the i-Tree configuration refers to a retired county/county-equivalent.,1102.873161759047
ITC-1519,USA,Missouri,Dent,Dent,US-FIPS:29065,Census TIGER/Line 2024 County,29065,Dent,EXACT_CURRENT_FIPS,Exact Census FIPS; historical Census vintage used only where the i-Tree configuration refers to a retired county/county-equivalent.,1954.1600445781662
ITC-1520,USA,Missouri,Douglas,Douglas,US-FIPS:29067,Census TIGER/Line 2024 County,29067,Douglas,EXACT_CURRENT_FIPS,Exact Census FIPS; historical Census vintage used only where the i-Tree configuration refers to a retired county/county-equivalent.,2109.7943209106456
ITC-1521,USA,Missouri,Dunklin,Dunklin,US-FIPS:29069,Census TIGER/Line 2024 County,29069,Dunklin,EXACT_CURRENT_FIPS,Exact Census FIPS; historical Census vintage used only where the i-Tree configuration refers to a retired county/county-equivalent.,1417.2478737834595
ITC-1522,USA,Missouri,Franklin,Franklin,US-FIPS:29071,Census TIGER/Line 2024 County,29071,Franklin,EXACT_CURRENT_FIPS,Exact Census FIPS; historical Census vintage used only where the i-Tree configuration refers to a retired county/county-equivalent.,2410.6706803823276
ITC-1523,USA,Missouri,Gasconade,Gasconade,US-FIPS:29073,Census TIGER/Line 2024 County,29073,Gasconade,EXACT_CURRENT_FIPS,Exact Census FIPS; historical Census vintage used only where the i-Tree configuration refers to a retired county/county-equivalent.,1362.2244747225056
ITC-1524,USA,Missouri,Gentry,Gentry,US-FIPS:29075,Census TIGER/Line 2024 County,29075,Gentry,EXACT_CURRENT_FIPS,Exact Census FIPS; historical Census vintage used only where the i-Tree configuration refers to a retired county/county-equivalent.,1273.5386952572235
ITC-1525,USA,Missouri,Greene,Greene,US-FIPS:29077,Census TIGER/Line 2024 County,29077,Greene,EXACT_CURRENT_FIPS,Exact Census FIPS; historical Census vintage used only where the i-Tree configuration refers to a retired county/county-equivalent.,1755.701102130194
ITC-1526,USA,Missouri,Grundy,Grundy,US-FIPS:29079,Census TIGER/Line 2024 County,29079,Grundy,EXACT_CURRENT_FIPS,Exact Census FIPS; historical Census vintage used only where the i-Tree configuration refers to a retired county/county-equivalent.,1134.5190947567244
ITC-1527,USA,Missouri,Harrison,Harrison,US-FIPS:29081,Census TIGER/Line 2024 County,29081,Harrison,EXACT_CURRENT_FIPS,Exact Census FIPS; historical Census vintage used only where the i-Tree configuration refers to a retired county/county-equivalent.,1881.3804304222604
ITC-1528,USA,Missouri,Henry,Henry,US-FIPS:29083,Census TIGER/Line 2024 County,29083,Henry,EXACT_CURRENT_FIPS,Exact Census FIPS; historical Census vintage used only where the i-Tree configuration refers to a retired county/county-equivalent.,1896.7123678153396
ITC-1529,USA,Missouri,Hickory,Hickory,US-FIPS:29085,Census TIGER/Line 2024 County,29085,Hickory,EXACT_CURRENT_FIPS,Exact Census FIPS; historical Census vintage used only where the i-Tree configuration refers to a retired county/county-equivalent.,1066.3630455047332
ITC-1530,USA,Missouri,Holt,Holt,US-FIPS:29087,Census TIGER/Line 2024 County,29087,Holt,EXACT_CURRENT_FIPS,Exact Census FIPS; historical Census vintage used only where the i-Tree configuration refers to a retired county/county-equivalent.,1218.2087250785091
ITC-1531,USA,Missouri,Howard,Howard,US-FIPS:29089,Census TIGER/Line 2024 County,29089,Howard,EXACT_CURRENT_FIPS,Exact Census FIPS; historical Census vintage used only where the i-Tree configuration refers to a retired county/county-equivalent.,1221.0938128685104
ITC-1532,USA,Missouri,Howell,Howell,US-FIPS:29091,Census TIGER/Line 2024 County,29091,Howell,EXACT_CURRENT_FIPS,Exact Census FIPS; historical Census vintage used only where the i-Tree configuration refers to a retired county/county-equivalent.,2404.2967409053276
ITC-1533,USA,Missouri,Iron,Iron,US-FIPS:29093,Census TIGER/Line 2024 County,29093,Iron,EXACT_CURRENT_FIPS,Exact Census FIPS; historical Census vintage used only where the i-Tree configuration refers to a retired county/county-equivalent.,1429.8405958833935
ITC-1534,USA,Missouri,Jackson,Jackson,US-FIPS:29095,Census TIGER/Line 2024 County,29095,Jackson,EXACT_CURRENT_FIPS,Exact Census FIPS; historical Census vintage used only where the i-Tree configuration refers to a retired county/county-equivalent.,1596.319792651601
ITC-1535,USA,Missouri,Jasper,Jasper,US-FIPS:29097,Census TIGER/Line 2024 County,29097,Jasper,EXACT_CURRENT_FIPS,Exact Census FIPS; historical Census vintage used only where the i-Tree configuration refers to a retired county/county-equivalent.,1660.88724356904
ITC-1536,USA,Missouri,Jefferson,Jefferson,US-FIPS:29099,Census TIGER/Line 2024 County,29099,Jefferson,EXACT_CURRENT_FIPS,Exact Census FIPS; historical Census vintage used only where the i-Tree configuration refers to a retired county/county-equivalent.,1719.9764576182517
ITC-1537,USA,Missouri,Johnson,Johnson,US-FIPS:29101,Census TIGER/Line 2024 County,29101,Johnson,EXACT_CURRENT_FIPS,Exact Census FIPS; historical Census vintage used only where the i-Tree configuration refers to a retired county/county-equivalent.,2157.9565465643614
ITC-1538,USA,Missouri,Knox,Knox,US-FIPS:29103,Census TIGER/Line 2024 County,29103,Knox,EXACT_CURRENT_FIPS,Exact Census FIPS; historical Census vintage used only where the i-Tree configuration refers to a retired county/county-equivalent.,1312.6841402898788
ITC-1539,USA,Missouri,Laclede,Laclede,US-FIPS:29105,Census TIGER/Line 2024 County,29105,Laclede,EXACT_CURRENT_FIPS,Exact Census FIPS; historical Census vintage used only where the i-Tree configuration refers to a retired county/county-equivalent.,1989.094990109315
ITC-1540,USA,Missouri,Lafayette,Lafayette,US-FIPS:29107,Census TIGER/Line 2024 County,29107,Lafayette,EXACT_CURRENT_FIPS,Exact Census FIPS; historical Census vintage used only where the i-Tree configuration refers to a retired county/county-equivalent.,1654.3110164005568
ITC-1541,USA,Missouri,Lawrence,Lawrence,US-FIPS:29109,Census TIGER/Line 2024 County,29109,Lawrence,EXACT_CURRENT_FIPS,Exact Census FIPS; historical Census vintage used only where the i-Tree configuration refers to a retired county/county-equivalent.,1588.6406741887122
ITC-1542,USA,Missouri,Lewis,Lewis,US-FIPS:29111,Census TIGER/Line 2024 County,29111,Lewis,EXACT_CURRENT_FIPS,Exact Census FIPS; historical Census vintage used only where the i-Tree configuration refers to a retired county/county-equivalent.,1322.9544272621583
ITC-1543,USA,Missouri,Lincoln,Lincoln,US-FIPS:29113,Census TIGER/Line 2024 County,29113,Lincoln,EXACT_CURRENT_FIPS,Exact Census FIPS; historical Census vintage used only where the i-Tree configuration refers to a retired county/county-equivalent.,1658.7912767659384
ITC-1544,USA,Missouri,Linn,Linn,US-FIPS:29115,Census TIGER/Line 2024 County,29115,Linn,EXACT_CURRENT_FIPS,Exact Census FIPS; historical Census vintage used only where the i-Tree configuration refers to a retired county/county-equivalent.,1609.3561153604173
ITC-1545,USA,Missouri,Livingston,Livingston,US-FIPS:29117,Census TIGER/Line 2024 County,29117,Livingston,EXACT_CURRENT_FIPS,Exact Census FIPS; historical Census vintage used only where the i-Tree configuration refers to a retired county/county-equivalent.,1394.8455502027778
ITC-1546,USA,Missouri,Macon,Macon,US-FIPS:29121,Census TIGER/Line 2024 County,29121,Macon,EXACT_CURRENT_FIPS,Exact Census FIPS; historical Census vintage used only where the i-Tree configuration refers to a retired county/county-equivalent.,2104.030941341094
ITC-1547,USA,Missouri,Madison,Madison,US-FIPS:29123,Census TIGER/Line 2024 County,29123,Madison,EXACT_CURRENT_FIPS,Exact Census FIPS; historical Census vintage used only where the i-Tree configuration refers to a retired county/county-equivalent.,1288.7765229351432
ITC-1548,USA,Missouri,Maries,Maries,US-FIPS:29125,Census TIGER/Line 2024 County,29125,Maries,EXACT_CURRENT_FIPS,Exact Census FIPS; historical Census vintage used only where the i-Tree configuration refers to a retired county/county-equivalent.,1372.5060990637382
ITC-1549,USA,Missouri,Marion,Marion,US-FIPS:29127,Census TIGER/Line 2024 County,29127,Marion,EXACT_CURRENT_FIPS,Exact Census FIPS; historical Census vintage used only where the i-Tree configuration refers to a retired county/county-equivalent.,1150.7368317904227
ITC-1550,USA,Missouri,McDonald,McDonald,US-FIPS:29119,Census TIGER/Line 2024 County,29119,McDonald,EXACT_CURRENT_FIPS,Exact Census FIPS; historical Census vintage used only where the i-Tree configuration refers to a retired county/county-equivalent.,1397.676146953015
ITC-1551,USA,Missouri,Mercer,Mercer,US-FIPS:29129,Census TIGER/Line 2024 County,29129,Mercer,EXACT_CURRENT_FIPS,Exact Census FIPS; historical Census vintage used only where the i-Tree configuration refers to a retired county/county-equivalent.,1178.730066556058
ITC-1552,USA,Missouri,Miller,Miller,US-FIPS:29131,Census TIGER/Line 2024 County,29131,Miller,EXACT_CURRENT_FIPS,Exact Census FIPS; historical Census vintage used only where the i-Tree configuration refers to a retired county/county-equivalent.,1553.9724765219994
ITC-1553,USA,Missouri,Mississippi,Mississippi,US-FIPS:29133,Census TIGER/Line 2024 County,29133,Mississippi,EXACT_CURRENT_FIPS,Exact Census FIPS; historical Census vintage used only where the i-Tree configuration refers to a retired county/county-equivalent.,1110.5446770232456
ITC-1554,USA,Missouri,Moniteau,Moniteau,US-FIPS:29135,Census TIGER/Line 2024 County,29135,Moniteau,EXACT_CURRENT_FIPS,Exact Census FIPS; historical Census vintage used only where the i-Tree configuration refers to a retired county/county-equivalent.,1084.8718220498185
ITC-1555,USA,Missouri,Monroe,Monroe,US-FIPS:29137,Census TIGER/Line 2024 County,29137,Monroe,EXACT_CURRENT_FIPS,Exact Census FIPS; historical Census vintage used only where the i-Tree configuration refers to a retired county/county-equivalent.,1735.7196212418028
ITC-1556,USA,Missouri,Montgomery,Montgomery,US-FIPS:29139,Census TIGER/Line 2024 County,29139,Montgomery,EXACT_CURRENT_FIPS,Exact Census FIPS; historical Census vintage used only where the i-Tree configuration refers to a retired county/county-equivalent.,1399.8656661138536
ITC-1557,USA,Missouri,Morgan,Morgan,US-FIPS:29141,Census TIGER/Line 2024 County,29141,Morgan,EXACT_CURRENT_FIPS,Exact Census FIPS; historical Census vintage used only where the i-Tree configuration refers to a retired county/county-equivalent.,1590.281598790769
ITC-1558,USA,Missouri,New Madrid,New Madrid,US-FIPS:29143,Census TIGER/Line 2024 County,29143,New Madrid,EXACT_CURRENT_FIPS,Exact Census FIPS; historical Census vintage used only where the i-Tree configuration refers to a retired county/county-equivalent.,1804.1772777829083
ITC-1559,USA,Missouri,Newton,Newton,US-FIPS:29145,Census TIGER/Line 2024 County,29145,Newton,EXACT_CURRENT_FIPS,Exact Census FIPS; historical Census vintage used only where the i-Tree configuration refers to a retired county/county-equivalent.,1622.821604338026
ITC-1560,USA,Missouri,Nodaway,Nodaway,US-FIPS:29147,Census TIGER/Line 2024 County,29147,Nodaway,EXACT_CURRENT_FIPS,Exact Census FIPS; historical Census vintage used only where the i-Tree configuration refers to a retired county/county-equivalent.,2273.68812232952
ITC-1561,USA,Missouri,Oregon,Oregon,US-FIPS:29149,Census TIGER/Line 2024 County,29149,Oregon,EXACT_CURRENT_FIPS,Exact Census FIPS; historical Census vintage used only where the i-Tree configuration refers to a retired county/county-equivalent.,2050.216168574523
ITC-1562,USA,Missouri,Osage,Osage,US-FIPS:29151,Census TIGER/Line 2024 County,29151,Osage,EXACT_CURRENT_FIPS,Exact Census FIPS; historical Census vintage used only where the i-Tree configuration refers to a retired county/county-equivalent.,1588.7690236923327
ITC-1563,USA,Missouri,Ozark,Ozark,US-FIPS:29153,Census TIGER/Line 2024 County,29153,Ozark,EXACT_CURRENT_FIPS,Exact Census FIPS; historical Census vintage used only where the i-Tree configuration refers to a retired county/county-equivalent.,1956.1651213333703
ITC-1564,USA,Missouri,Pemiscot,Pemiscot,US-FIPS:29155,Census TIGER/Line 2024 County,29155,Pemiscot,EXACT_CURRENT_FIPS,Exact Census FIPS; historical Census vintage used only where the i-Tree configuration refers to a retired county/county-equivalent.,1329.7565348719577
ITC-1565,USA,Missouri,Perry,Perry,US-FIPS:29157,Census TIGER/Line 2024 County,29157,Perry,EXACT_CURRENT_FIPS,Exact Census FIPS; historical Census vintage used only where the i-Tree configuration refers to a retired county/county-equivalent.,1253.9692540935937
ITC-1566,USA,Missouri,Pettis,Pettis,US-FIPS:29159,Census TIGER/Line 2024 County,29159,Pettis,EXACT_CURRENT_FIPS,Exact Census FIPS; historical Census vintage used only where the i-Tree configuration refers to a retired county/county-equivalent.,1777.4544411214672
ITC-1567,USA,Missouri,Phelps,Phelps,US-FIPS:29161,Census TIGER/Line 2024 County,29161,Phelps,EXACT_CURRENT_FIPS,Exact Census FIPS; historical Census vintage used only where the i-Tree configuration refers to a retired county/county-equivalent.,1746.4861719354085
ITC-1568,USA,Missouri,Pike,Pike,US-FIPS:29163,Census TIGER/Line 2024 County,29163,Pike,EXACT_CURRENT_FIPS,Exact Census FIPS; historical Census vintage used only where the i-Tree configuration refers to a retired county/county-equivalent.,1773.4052449480232
ITC-1569,USA,Missouri,Platte,Platte,US-FIPS:29165,Census TIGER/Line 2024 County,29165,Platte,EXACT_CURRENT_FIPS,Exact Census FIPS; historical Census vintage used only where the i-Tree configuration refers to a retired county/county-equivalent.,1104.23222120988
ITC-1570,USA,Missouri,Polk,Polk,US-FIPS:29167,Census TIGER/Line 2024 County,29167,Polk,EXACT_CURRENT_FIPS,Exact Census FIPS; historical Census vintage used only where the i-Tree configuration refers to a retired county/county-equivalent.,1663.8441630520683
ITC-1571,USA,Missouri,Pulaski,Pulaski,US-FIPS:29169,Census TIGER/Line 2024 County,29169,Pulaski,EXACT_CURRENT_FIPS,Exact Census FIPS; historical Census vintage used only where the i-Tree configuration refers to a retired county/county-equivalent.,1428.3274687520206
ITC-1572,USA,Missouri,Putnam,Putnam,US-FIPS:29171,Census TIGER/Line 2024 County,29171,Putnam,EXACT_CURRENT_FIPS,Exact Census FIPS; historical Census vintage used only where the i-Tree configuration refers to a retired county/county-equivalent.,1345.78724223582
ITC-1573,USA,Missouri,Ralls,Ralls,US-FIPS:29173,Census TIGER/Line 2024 County,29173,Ralls,EXACT_CURRENT_FIPS,Exact Census FIPS; historical Census vintage used only where the i-Tree configuration refers to a retired county/county-equivalent.,1253.124046420937
ITC-1574,USA,Missouri,Randolph,Randolph,US-FIPS:29175,Census TIGER/Line 2024 County,29175,Randolph,EXACT_CURRENT_FIPS,Exact Census FIPS; historical Census vintage used only where the i-Tree configuration refers to a retired county/county-equivalent.,1263.4749261135044
ITC-1575,USA,Missouri,Ray,Ray,US-FIPS:29177,Census TIGER/Line 2024 County,29177,Ray,EXACT_CURRENT_FIPS,Exact Census FIPS; historical Census vintage used only where the i-Tree configuration refers to a retired county/county-equivalent.,1487.06746142314
ITC-1576,USA,Missouri,Reynolds,Reynolds,US-FIPS:29179,Census TIGER/Line 2024 County,29179,Reynolds,EXACT_CURRENT_FIPS,Exact Census FIPS; historical Census vintage used only where the i-Tree configuration refers to a retired county/county-equivalent.,2109.320392971257
ITC-1577,USA,Missouri,Ripley,Ripley,US-FIPS:29181,Census TIGER/Line 2024 County,29181,Ripley,EXACT_CURRENT_FIPS,Exact Census FIPS; historical Census vintage used only where the i-Tree configuration refers to a retired county/county-equivalent.,1635.8941706195947
ITC-1578,USA,Missouri,Saline,Saline,US-FIPS:29195,Census TIGER/Line 2024 County,29195,Saline,EXACT_CURRENT_FIPS,Exact Census FIPS; historical Census vintage used only where the i-Tree configuration refers to a retired county/county-equivalent.,1986.3046139894416
ITC-1579,USA,Missouri,Schuyler,Schuyler,US-FIPS:29197,Census TIGER/Line 2024 County,29197,Schuyler,EXACT_CURRENT_FIPS,Exact Census FIPS; historical Census vintage used only where the i-Tree configuration refers to a retired county/county-equivalent.,798.1323708598217
ITC-1580,USA,Missouri,Scotland,Scotland,US-FIPS:29199,Census TIGER/Line 2024 County,29199,Scotland,EXACT_CURRENT_FIPS,Exact Census FIPS; historical Census vintage used only where the i-Tree configuration refers to a retired county/county-equivalent.,1137.7661042014597
ITC-1581,USA,Missouri,Scott,Scott,US-FIPS:29201,Census TIGER/Line 2024 County,29201,Scott,EXACT_CURRENT_FIPS,Exact Census FIPS; historical Census vintage used only where the i-Tree configuration refers to a retired county/county-equivalent.,1102.9840137126444
ITC-1582,USA,Missouri,Shannon,Shannon,US-FIPS:29203,Census TIGER/Line 2024 County,29203,Shannon,EXACT_CURRENT_FIPS,Exact Census FIPS; historical Census vintage used only where the i-Tree configuration refers to a retired county/county-equivalent.,2600.3456297299263
ITC-1583,USA,Missouri,Shelby,Shelby,US-FIPS:29205,Census TIGER/Line 2024 County,29205,Shelby,EXACT_CURRENT_FIPS,Exact Census FIPS; historical Census vintage used only where the i-Tree configuration refers to a retired county/county-equivalent.,1300.994819114642
ITC-1584,USA,Missouri,St. Charles,St. Charles,US-FIPS:29183,Census TIGER/Line 2024 County,29183,St. Charles,EXACT_CURRENT_FIPS,Exact Census FIPS; historical Census vintage used only where the i-Tree configuration refers to a retired county/county-equivalent.,1534.3562542866548
ITC-1585,USA,Missouri,St. Clair,St. Clair,US-FIPS:29185,Census TIGER/Line 2024 County,29185,St. Clair,EXACT_CURRENT_FIPS,Exact Census FIPS; historical Census vintage used only where the i-Tree configuration refers to a retired county/county-equivalent.,1818.3311917650842
ITC-1586,USA,Missouri,St. Francois,St. Francois,US-FIPS:29187,Census TIGER/Line 2024 County,29187,St. Francois,EXACT_CURRENT_FIPS,Exact Census FIPS; historical Census vintage used only where the i-Tree configuration refers to a retired county/county-equivalent.,1177.5980196540895
ITC-1587,USA,Missouri,St. Louis,St. Louis,US-FIPS:29189,Census TIGER/Line 2024 County,29189,St. Louis,EXACT_CURRENT_FIPS,Exact Census FIPS; historical Census vintage used only where the i-Tree configuration refers to a retired county/county-equivalent.,1355.5109945587135
ITC-1588,USA,Missouri,St. Louis City,St. Louis City,US-FIPS:29510,Census TIGER/Line 2024 County,29510,St. Louis,EXACT_CURRENT_FIPS,Exact Census FIPS; historical Census vintage used only where the i-Tree configuration refers to a retired county/county-equivalent.,171.38822904159514
ITC-1589,USA,Missouri,Ste. Genevieve,Ste. Genevieve,US-FIPS:29186,Census TIGER/Line 2024 County,29186,Ste. Genevieve,EXACT_CURRENT_FIPS,Exact Census FIPS; historical Census vintage used only where the i-Tree configuration refers to a retired county/county-equivalent.,1312.5405288383158
ITC-1590,USA,Missouri,Stoddard,Stoddard,US-FIPS:29207,Census TIGER/Line 2024 County,29207,Stoddard,EXACT_CURRENT_FIPS,Exact Census FIPS; historical Census vintage used only where the i-Tree configuration refers to a retired county/county-equivalent.,2146.954817257939
ITC-1591,USA,Missouri,Stone,Stone,US-FIPS:29209,Census TIGER/Line 2024 County,29209,Stone,EXACT_CURRENT_FIPS,Exact Census FIPS; historical Census vintage used only where the i-Tree configuration refers to a retired county/county-equivalent.,1322.4797781427096
ITC-1592,USA,Missouri,Sullivan,Sullivan,US-FIPS:29211,Census TIGER/Line 2024 County,29211,Sullivan,EXACT_CURRENT_FIPS,Exact Census FIPS; historical Census vintage used only where the i-Tree configuration refers to a retired county/county-equivalent.,1687.3877461245877
ITC-1593,USA,Missouri,Taney,Taney,US-FIPS:29213,Census TIGER/Line 2024 County,29213,Taney,EXACT_CURRENT_FIPS,Exact Census FIPS; historical Census vintage used only where the i-Tree configuration refers to a retired county/county-equivalent.,1687.6559169999662
ITC-1594,USA,Missouri,Texas,Texas,US-FIPS:29215,Census TIGER/Line 2024 County,29215,Texas,EXACT_CURRENT_FIPS,Exact Census FIPS; historical Census vintage used only where the i-Tree configuration refers to a retired county/county-equivalent.,3054.17792301751
ITC-1595,USA,Missouri,Vernon,Vernon,US-FIPS:29217,Census TIGER/Line 2024 County,29217,Vernon,EXACT_CURRENT_FIPS,Exact Census FIPS; historical Census vintage used only where the i-Tree configuration refers to a retired county/county-equivalent.,2167.3645944990008
ITC-1596,USA,Missouri,Warren,Warren,US-FIPS:29219,Census TIGER/Line 2024 County,29219,Warren,EXACT_CURRENT_FIPS,Exact Census FIPS; historical Census vintage used only where the i-Tree configuration refers to a retired county/county-equivalent.,1133.6877659054633
ITC-1597,USA,Missouri,Washington,Washington,US-FIPS:29221,Census TIGER/Line 2024 County,29221,Washington,EXACT_CURRENT_FIPS,Exact Census FIPS; historical Census vintage used only where the i-Tree configuration refers to a retired county/county-equivalent.,1974.8354722498448
ITC-1598,USA,Missouri,Wayne,Wayne,US-FIPS:29223,Census TIGER/Line 2024 County,29223,Wayne,EXACT_CURRENT_FIPS,Exact Census FIPS; historical Census vintage used only where the i-Tree configuration refers to a retired county/county-equivalent.,2004.816802681691
ITC-1599,USA,Missouri,Webster,Webster,US-FIPS:29225,Census TIGER/Line 2024 County,29225,Webster,EXACT_CURRENT_FIPS,Exact Census FIPS; historical Census vintage used only where the i-Tree configuration refers to a retired county/county-equivalent.,1537.840927221677
ITC-1600,USA,Missouri,Worth,Worth,US-FIPS:29227,Census TIGER/Line 2024 County,29227,Worth,EXACT_CURRENT_FIPS,Exact Census FIPS; historical Census vintage used only where the i-Tree configuration refers to a retired county/county-equivalent.,691.0593111715546
ITC-1601,USA,Missouri,Wright,Wright,US-FIPS:29229,Census TIGER/Line 2024 County,29229,Wright,EXACT_CURRENT_FIPS,Exact Census FIPS; historical Census vintage used only where the i-Tree configuration refers to a retired county/county-equivalent.,1769.3133790460756
ITC-1602,USA,Montana,Beaverhead,Beaverhead,US-FIPS:30001,Census TIGER/Line 2024 County,30001,Beaverhead,EXACT_CURRENT_FIPS,Exact Census FIPS; historical Census vintage used only where the i-Tree configuration refers to a retired county/county-equivalent.,14433.837397542173
ITC-1603,USA,Montana,Big Horn,Big Horn,US-FIPS:30003,Census TIGER/Line 2024 County,30003,Big Horn,EXACT_CURRENT_FIPS,Exact Census FIPS; historical Census vintage used only where the i-Tree configuration refers to a retired county/county-equivalent.,12991.581258041884
ITC-1604,USA,Montana,Blaine,Blaine,US-FIPS:30005,Census TIGER/Line 2024 County,30005,Blaine,EXACT_CURRENT_FIPS,Exact Census FIPS; historical Census vintage used only where the i-Tree configuration refers to a retired county/county-equivalent.,10978.227120337711
ITC-1605,USA,Montana,Broadwater,Broadwater,US-FIPS:30007,Census TIGER/Line 2024 County,30007,Broadwater,EXACT_CURRENT_FIPS,Exact Census FIPS; historical Census vintage used only where the i-Tree configuration refers to a retired county/county-equivalent.,3206.6839224519777
ITC-1606,USA,Montana,Carbon,Carbon,US-FIPS:30009,Census TIGER/Line 2024 County,30009,Carbon,EXACT_CURRENT_FIPS,Exact Census FIPS; historical Census vintage used only where the i-Tree configuration refers to a retired county/county-equivalent.,5339.026978513274
ITC-1607,USA,Montana,Carter,Carter,US-FIPS:30011,Census TIGER/Line 2024 County,30011,Carter,EXACT_CURRENT_FIPS,Exact Census FIPS; historical Census vintage used only where the i-Tree configuration refers to a retired county/county-equivalent.,8671.301532771593
ITC-1608,USA,Montana,Cascade,Cascade,US-FIPS:30013,Census TIGER/Line 2024 County,30013,Cascade,EXACT_CURRENT_FIPS,Exact Census FIPS; historical Census vintage used only where the i-Tree configuration refers to a retired county/county-equivalent.,7022.635795669371
ITC-1609,USA,Montana,Chouteau,Chouteau,US-FIPS:30015,Census TIGER/Line 2024 County,30015,Chouteau,EXACT_CURRENT_FIPS,Exact Census FIPS; historical Census vintage used only where the i-Tree configuration refers to a retired county/county-equivalent.,10351.388782733766
ITC-1610,USA,Montana,Custer,Custer,US-FIPS:30017,Census TIGER/Line 2024 County,30017,Custer,EXACT_CURRENT_FIPS,Exact Census FIPS; historical Census vintage used only where the i-Tree configuration refers to a retired county/county-equivalent.,9824.335837913317
ITC-1611,USA,Montana,Daniels,Daniels,US-FIPS:30019,Census TIGER/Line 2024 County,30019,Daniels,EXACT_CURRENT_FIPS,Exact Census FIPS; historical Census vintage used only where the i-Tree configuration refers to a retired county/county-equivalent.,3694.9943972113592
ITC-1612,USA,Montana,Dawson,Dawson,US-FIPS:30021,Census TIGER/Line 2024 County,30021,Dawson,EXACT_CURRENT_FIPS,Exact Census FIPS; historical Census vintage used only where the i-Tree configuration refers to a retired county/county-equivalent.,6173.145058844776
ITC-1613,USA,Montana,Deer Lodge,Deer Lodge,US-FIPS:30023,Census TIGER/Line 2024 County,30023,Deer Lodge,EXACT_CURRENT_FIPS,Exact Census FIPS; historical Census vintage used only where the i-Tree configuration refers to a retired county/county-equivalent.,1920.197665393146
ITC-1614,USA,Montana,Fallon,Fallon,US-FIPS:30025,Census TIGER/Line 2024 County,30025,Fallon,EXACT_CURRENT_FIPS,Exact Census FIPS; historical Census vintage used only where the i-Tree configuration refers to a retired county/county-equivalent.,4203.238135451872
ITC-1615,USA,Montana,Fergus,Fergus,US-FIPS:30027,Census TIGER/Line 2024 County,30027,Fergus,EXACT_CURRENT_FIPS,Exact Census FIPS; historical Census vintage used only where the i-Tree configuration refers to a retired county/county-equivalent.,11266.51539989428
ITC-1616,USA,Montana,Flathead,Flathead,US-FIPS:30029,Census TIGER/Line 2024 County,30029,Flathead,EXACT_CURRENT_FIPS,Exact Census FIPS; historical Census vintage used only where the i-Tree configuration refers to a retired county/county-equivalent.,13613.008365276151
ITC-1617,USA,Montana,Gallatin,Gallatin,US-FIPS:30031,Census TIGER/Line 2024 County,30031,Gallatin,EXACT_CURRENT_FIPS,Exact Census FIPS; historical Census vintage used only where the i-Tree configuration refers to a retired county/county-equivalent.,6821.450464933097
ITC-1618,USA,Montana,Garfield,Garfield,US-FIPS:30033,Census TIGER/Line 2024 County,30033,Garfield,EXACT_CURRENT_FIPS,Exact Census FIPS; historical Census vintage used only where the i-Tree configuration refers to a retired county/county-equivalent.,12559.099565198898
ITC-1619,USA,Montana,Glacier,Glacier,US-FIPS:30035,Census TIGER/Line 2024 County,30035,Glacier,EXACT_CURRENT_FIPS,Exact Census FIPS; historical Census vintage used only where the i-Tree configuration refers to a retired county/county-equivalent.,7863.082375144958
ITC-1620,USA,Montana,Golden Valley,Golden Valley,US-FIPS:30037,Census TIGER/Line 2024 County,30037,Golden Valley,EXACT_CURRENT_FIPS,Exact Census FIPS; historical Census vintage used only where the i-Tree configuration refers to a retired county/county-equivalent.,3044.363753913257
ITC-1621,USA,Montana,Granite,Granite,US-FIPS:30039,Census TIGER/Line 2024 County,30039,Granite,EXACT_CURRENT_FIPS,Exact Census FIPS; historical Census vintage used only where the i-Tree configuration refers to a retired county/county-equivalent.,4487.876356245556
ITC-1622,USA,Montana,Hill,Hill,US-FIPS:30041,Census TIGER/Line 2024 County,30041,Hill,EXACT_CURRENT_FIPS,Exact Census FIPS; historical Census vintage used only where the i-Tree configuration refers to a retired county/county-equivalent.,7553.6032995103105
ITC-1623,USA,Montana,Jefferson,Jefferson,US-FIPS:30043,Census TIGER/Line 2024 County,30043,Jefferson,EXACT_CURRENT_FIPS,Exact Census FIPS; historical Census vintage used only where the i-Tree configuration refers to a retired county/county-equivalent.,4297.859490850146
ITC-1624,USA,Montana,Judith Basin,Judith Basin,US-FIPS:30045,Census TIGER/Line 2024 County,30045,Judith Basin,EXACT_CURRENT_FIPS,Exact Census FIPS; historical Census vintage used only where the i-Tree configuration refers to a retired county/county-equivalent.,4844.531553116137
ITC-1625,USA,Montana,Lake,Lake,US-FIPS:30047,Census TIGER/Line 2024 County,30047,Lake,EXACT_CURRENT_FIPS,Exact Census FIPS; historical Census vintage used only where the i-Tree configuration refers to a retired county/county-equivalent.,4283.83694171015
ITC-1626,USA,Montana,Lewis and Clark,Lewis and Clark,US-FIPS:30049,Census TIGER/Line 2024 County,30049,Lewis and Clark,EXACT_CURRENT_FIPS,Exact Census FIPS; historical Census vintage used only where the i-Tree configuration refers to a retired county/county-equivalent.,9058.661595130818
ITC-1627,USA,Montana,Liberty,Liberty,US-FIPS:30051,Census TIGER/Line 2024 County,30051,Liberty,EXACT_CURRENT_FIPS,Exact Census FIPS; historical Census vintage used only where the i-Tree configuration refers to a retired county/county-equivalent.,3748.064222280492
ITC-1628,USA,Montana,Lincoln,Lincoln,US-FIPS:30053,Census TIGER/Line 2024 County,30053,Lincoln,EXACT_CURRENT_FIPS,Exact Census FIPS; historical Census vintage used only where the i-Tree configuration refers to a retired county/county-equivalent.,9518.039885869146
ITC-1629,USA,Montana,Madison,Madison,US-FIPS:30057,Census TIGER/Line 2024 County,30057,Madison,EXACT_CURRENT_FIPS,Exact Census FIPS; historical Census vintage used only where the i-Tree configuration refers to a retired county/county-equivalent.,9333.13280231414
ITC-1630,USA,Montana,McCone,McCone,US-FIPS:30055,Census TIGER/Line 2024 County,30055,McCone,EXACT_CURRENT_FIPS,Exact Census FIPS; historical Census vintage used only where the i-Tree configuration refers to a retired county/county-equivalent.,6946.362227694429
ITC-1631,USA,Montana,Meagher,Meagher,US-FIPS:30059,Census TIGER/Line 2024 County,30059,Meagher,EXACT_CURRENT_FIPS,Exact Census FIPS; historical Census vintage used only where the i-Tree configuration refers to a retired county/county-equivalent.,6202.3874437956765
ITC-1632,USA,Montana,Mineral,Mineral,US-FIPS:30061,Census TIGER/Line 2024 County,30061,Mineral,EXACT_CURRENT_FIPS,Exact Census FIPS; historical Census vintage used only where the i-Tree configuration refers to a retired county/county-equivalent.,3168.6970099713135
ITC-1633,USA,Montana,Missoula,Missoula,US-FIPS:30063,Census TIGER/Line 2024 County,30063,Missoula,EXACT_CURRENT_FIPS,Exact Census FIPS; historical Census vintage used only where the i-Tree configuration refers to a retired county/county-equivalent.,6780.446332751175
ITC-1634,USA,Montana,Musselshell,Musselshell,US-FIPS:30065,Census TIGER/Line 2024 County,30065,Musselshell,EXACT_CURRENT_FIPS,Exact Census FIPS; historical Census vintage used only where the i-Tree configuration refers to a retired county/county-equivalent.,4847.697921623645
ITC-1635,USA,Montana,Park,Park,US-FIPS:30067,Census TIGER/Line 2024 County,30067,Park,EXACT_CURRENT_FIPS,Exact Census FIPS; historical Census vintage used only where the i-Tree configuration refers to a retired county/county-equivalent.,7286.249702418942
ITC-1636,USA,Montana,Petroleum,Petroleum,US-FIPS:30069,Census TIGER/Line 2024 County,30069,Petroleum,EXACT_CURRENT_FIPS,Exact Census FIPS; historical Census vintage used only where the i-Tree configuration refers to a retired county/county-equivalent.,4336.979280589664
ITC-1637,USA,Montana,Phillips,Phillips,US-FIPS:30071,Census TIGER/Line 2024 County,30071,Phillips,EXACT_CURRENT_FIPS,Exact Census FIPS; historical Census vintage used only where the i-Tree configuration refers to a retired county/county-equivalent.,13499.102226401477
ITC-1638,USA,Montana,Pondera,Pondera,US-FIPS:30073,Census TIGER/Line 2024 County,30073,Pondera,EXACT_CURRENT_FIPS,Exact Census FIPS; historical Census vintage used only where the i-Tree configuration refers to a retired county/county-equivalent.,4251.591118518567
ITC-1639,USA,Montana,Powder River,Powder River,US-FIPS:30075,Census TIGER/Line 2024 County,30075,Powder River,EXACT_CURRENT_FIPS,Exact Census FIPS; historical Census vintage used only where the i-Tree configuration refers to a retired county/county-equivalent.,8543.854562429646
ITC-1640,USA,Montana,Powell,Powell,US-FIPS:30077,Census TIGER/Line 2024 County,30077,Powell,EXACT_CURRENT_FIPS,Exact Census FIPS; historical Census vintage used only where the i-Tree configuration refers to a retired county/county-equivalent.,6040.669439993267
ITC-1641,USA,Montana,Prairie,Prairie,US-FIPS:30079,Census TIGER/Line 2024 County,30079,Prairie,EXACT_CURRENT_FIPS,Exact Census FIPS; historical Census vintage used only where the i-Tree configuration refers to a retired county/county-equivalent.,4512.8712690552675
ITC-1642,USA,Montana,Ravalli,Ravalli,US-FIPS:30081,Census TIGER/Line 2024 County,30081,Ravalli,EXACT_CURRENT_FIPS,Exact Census FIPS; historical Census vintage used only where the i-Tree configuration refers to a retired county/county-equivalent.,6216.863757130283
ITC-1643,USA,Montana,Richland,Richland,US-FIPS:30083,Census TIGER/Line 2024 County,30083,Richland,EXACT_CURRENT_FIPS,Exact Census FIPS; historical Census vintage used only where the i-Tree configuration refers to a retired county/county-equivalent.,5447.978883988098
ITC-1644,USA,Montana,Roosevelt,Roosevelt,US-FIPS:30085,Census TIGER/Line 2024 County,30085,Roosevelt,EXACT_CURRENT_FIPS,Exact Census FIPS; historical Census vintage used only where the i-Tree configuration refers to a retired county/county-equivalent.,6136.973134481501
ITC-1645,USA,Montana,Rosebud,Rosebud,US-FIPS:30087,Census TIGER/Line 2024 County,30087,Rosebud,EXACT_CURRENT_FIPS,Exact Census FIPS; historical Census vintage used only where the i-Tree configuration refers to a retired county/county-equivalent.,13015.246325049404
ITC-1646,USA,Montana,Sanders,Sanders,US-FIPS:30089,Census TIGER/Line 2024 County,30089,Sanders,EXACT_CURRENT_FIPS,Exact Census FIPS; historical Census vintage used only where the i-Tree configuration refers to a retired county/county-equivalent.,7225.799663108961
ITC-1647,USA,Montana,Sheridan,Sheridan,US-FIPS:30091,Census TIGER/Line 2024 County,30091,Sheridan,EXACT_CURRENT_FIPS,Exact Census FIPS; historical Census vintage used only where the i-Tree configuration refers to a retired county/county-equivalent.,4418.355974355335
ITC-1648,USA,Montana,Silver Bow,Silver Bow,US-FIPS:30093,Census TIGER/Line 2024 County,30093,Silver Bow,EXACT_CURRENT_FIPS,Exact Census FIPS; historical Census vintage used only where the i-Tree configuration refers to a retired county/county-equivalent.,1861.0865767883224
ITC-1649,USA,Montana,Stillwater,Stillwater,US-FIPS:30095,Census TIGER/Line 2024 County,30095,Stillwater,EXACT_CURRENT_FIPS,Exact Census FIPS; historical Census vintage used only where the i-Tree configuration refers to a retired county/county-equivalent.,4676.923662898223
ITC-1650,USA,Montana,Sweet Grass,Sweet Grass,US-FIPS:30097,Census TIGER/Line 2024 County,30097,Sweet Grass,EXACT_CURRENT_FIPS,Exact Census FIPS; historical Census vintage used only where the i-Tree configuration refers to a retired county/county-equivalent.,4823.273077877083
ITC-1651,USA,Montana,Teton,Teton,US-FIPS:30099,Census TIGER/Line 2024 County,30099,Teton,EXACT_CURRENT_FIPS,Exact Census FIPS; historical Census vintage used only where the i-Tree configuration refers to a retired county/county-equivalent.,5936.080382805047
ITC-1652,USA,Montana,Toole,Toole,US-FIPS:30101,Census TIGER/Line 2024 County,30101,Toole,EXACT_CURRENT_FIPS,Exact Census FIPS; historical Census vintage used only where the i-Tree configuration refers to a retired county/county-equivalent.,5037.500042799248
ITC-1653,USA,Montana,Treasure,Treasure,US-FIPS:30103,Census TIGER/Line 2024 County,30103,Treasure,EXACT_CURRENT_FIPS,Exact Census FIPS; historical Census vintage used only where the i-Tree configuration refers to a retired county/county-equivalent.,2549.6424099959095
ITC-1654,USA,Montana,Valley,Valley,US-FIPS:30105,Census TIGER/Line 2024 County,30105,Valley,EXACT_CURRENT_FIPS,Exact Census FIPS; historical Census vintage used only where the i-Tree configuration refers to a retired county/county-equivalent.,13109.929898060005
ITC-1655,USA,Montana,Wheatland,Wheatland,US-FIPS:30107,Census TIGER/Line 2024 County,30107,Wheatland,EXACT_CURRENT_FIPS,Exact Census FIPS; historical Census vintage used only where the i-Tree configuration refers to a retired county/county-equivalent.,3697.2195642492793
ITC-1656,USA,Montana,Wibaux,Wibaux,US-FIPS:30109,Census TIGER/Line 2024 County,30109,Wibaux,EXACT_CURRENT_FIPS,Exact Census FIPS; historical Census vintage used only where the i-Tree configuration refers to a retired county/county-equivalent.,2305.736415351395
ITC-1657,USA,Montana,Yellowstone,Yellowstone,US-FIPS:30111,Census TIGER/Line 2024 County,30111,Yellowstone,EXACT_CURRENT_FIPS,Exact Census FIPS; historical Census vintage used only where the i-Tree configuration refers to a retired county/county-equivalent.,6860.964503708558
ITC-1658,USA,Nebraska,Adams,Adams,US-FIPS:31001,Census TIGER/Line 2024 County,31001,Adams,EXACT_CURRENT_FIPS,Exact Census FIPS; historical Census vintage used only where the i-Tree configuration refers to a retired county/county-equivalent.,1461.350555195411
ITC-1659,USA,Nebraska,Antelope,Antelope,US-FIPS:31003,Census TIGER/Line 2024 County,31003,Antelope,EXACT_CURRENT_FIPS,Exact Census FIPS; historical Census vintage used only where the i-Tree configuration refers to a retired county/county-equivalent.,2223.742402859704
ITC-1660,USA,Nebraska,Arthur,Arthur,US-FIPS:31005,Census TIGER/Line 2024 County,31005,Arthur,EXACT_CURRENT_FIPS,Exact Census FIPS; historical Census vintage used only where the i-Tree configuration refers to a retired county/county-equivalent.,1859.8813790463905
ITC-1661,USA,Nebraska,Banner,Banner,US-FIPS:31007,Census TIGER/Line 2024 County,31007,Banner,EXACT_CURRENT_FIPS,Exact Census FIPS; historical Census vintage used only where the i-Tree configuration refers to a retired county/county-equivalent.,1932.6237318711335
ITC-1662,USA,Nebraska,Blaine,Blaine,US-FIPS:31009,Census TIGER/Line 2024 County,31009,Blaine,EXACT_CURRENT_FIPS,Exact Census FIPS; historical Census vintage used only where the i-Tree configuration refers to a retired county/county-equivalent.,1850.1219787123366
ITC-1663,USA,Nebraska,Boone,Boone,US-FIPS:31011,Census TIGER/Line 2024 County,31011,Boone,EXACT_CURRENT_FIPS,Exact Census FIPS; historical Census vintage used only where the i-Tree configuration refers to a retired county/county-equivalent.,1779.8845713231833
ITC-1664,USA,Nebraska,Box Butte,Box Butte,US-FIPS:31013,Census TIGER/Line 2024 County,31013,Box Butte,EXACT_CURRENT_FIPS,Exact Census FIPS; historical Census vintage used only where the i-Tree configuration refers to a retired county/county-equivalent.,2791.7756188082285
ITC-1665,USA,Nebraska,Boyd,Boyd,US-FIPS:31015,Census TIGER/Line 2024 County,31015,Boyd,EXACT_CURRENT_FIPS,Exact Census FIPS; historical Census vintage used only where the i-Tree configuration refers to a retired county/county-equivalent.,1410.3167325644663
ITC-1666,USA,Nebraska,Brown,Brown,US-FIPS:31017,Census TIGER/Line 2024 County,31017,Brown,EXACT_CURRENT_FIPS,Exact Census FIPS; historical Census vintage used only where the i-Tree configuration refers to a retired county/county-equivalent.,3173.1161908677664
ITC-1667,USA,Nebraska,Buffalo,Buffalo,US-FIPS:31019,Census TIGER/Line 2024 County,31019,Buffalo,EXACT_CURRENT_FIPS,Exact Census FIPS; historical Census vintage used only where the i-Tree configuration refers to a retired county/county-equivalent.,2526.2724781885827
ITC-1668,USA,Nebraska,Burt,Burt,US-FIPS:31021,Census TIGER/Line 2024 County,31021,Burt,EXACT_CURRENT_FIPS,Exact Census FIPS; historical Census vintage used only where the i-Tree configuration refers to a retired county/county-equivalent.,1287.387859759063
ITC-1669,USA,Nebraska,Butler,Butler,US-FIPS:31023,Census TIGER/Line 2024 County,31023,Butler,EXACT_CURRENT_FIPS,Exact Census FIPS; historical Census vintage used only where the i-Tree configuration refers to a retired county/county-equivalent.,1530.1939397430538
ITC-1670,USA,Nebraska,Cass,Cass,US-FIPS:31025,Census TIGER/Line 2024 County,31025,Cass,EXACT_CURRENT_FIPS,Exact Census FIPS; historical Census vintage used only where the i-Tree configuration refers to a retired county/county-equivalent.,1465.6520761510494
ITC-1671,USA,Nebraska,Cedar,Cedar,US-FIPS:31027,Census TIGER/Line 2024 County,31027,Cedar,EXACT_CURRENT_FIPS,Exact Census FIPS; historical Census vintage used only where the i-Tree configuration refers to a retired county/county-equivalent.,1931.7339961742982
ITC-1672,USA,Nebraska,Chase,Chase,US-FIPS:31029,Census TIGER/Line 2024 County,31029,Chase,EXACT_CURRENT_FIPS,Exact Census FIPS; historical Census vintage used only where the i-Tree configuration refers to a retired county/county-equivalent.,2324.5114268547013
ITC-1673,USA,Nebraska,Cherry,Cherry,US-FIPS:31031,Census TIGER/Line 2024 County,31031,Cherry,EXACT_CURRENT_FIPS,Exact Census FIPS; historical Census vintage used only where the i-Tree configuration refers to a retired county/county-equivalent.,15564.775635265933
ITC-1674,USA,Nebraska,Cheyenne,Cheyenne,US-FIPS:31033,Census TIGER/Line 2024 County,31033,Cheyenne,EXACT_CURRENT_FIPS,Exact Census FIPS; historical Census vintage used only where the i-Tree configuration refers to a retired county/county-equivalent.,3097.938725327184
ITC-1675,USA,Nebraska,Clay,Clay,US-FIPS:31035,Census TIGER/Line 2024 County,31035,Clay,EXACT_CURRENT_FIPS,Exact Census FIPS; historical Census vintage used only where the i-Tree configuration refers to a retired county/county-equivalent.,1485.457764007616
ITC-1676,USA,Nebraska,Colfax,Colfax,US-FIPS:31037,Census TIGER/Line 2024 County,31037,Colfax,EXACT_CURRENT_FIPS,Exact Census FIPS; historical Census vintage used only where the i-Tree configuration refers to a retired county/county-equivalent.,1078.7719095606872
ITC-1677,USA,Nebraska,Cuming,Cuming,US-FIPS:31039,Census TIGER/Line 2024 County,31039,Cuming,EXACT_CURRENT_FIPS,Exact Census FIPS; historical Census vintage used only where the i-Tree configuration refers to a retired county/county-equivalent.,1488.3355898345033
ITC-1678,USA,Nebraska,Custer,Custer,US-FIPS:31041,Census TIGER/Line 2024 County,31041,Custer,EXACT_CURRENT_FIPS,Exact Census FIPS; historical Census vintage used only where the i-Tree configuration refers to a retired county/county-equivalent.,6671.688122537131
ITC-1679,USA,Nebraska,Dakota,Dakota,US-FIPS:31043,Census TIGER/Line 2024 County,31043,Dakota,EXACT_CURRENT_FIPS,Exact Census FIPS; historical Census vintage used only where the i-Tree configuration refers to a retired county/county-equivalent.,692.6158713740558
ITC-1680,USA,Nebraska,Dawes,Dawes,US-FIPS:31045,Census TIGER/Line 2024 County,31045,Dawes,EXACT_CURRENT_FIPS,Exact Census FIPS; historical Census vintage used only where the i-Tree configuration refers to a retired county/county-equivalent.,3628.5128824878443
ITC-1681,USA,Nebraska,Dawson,Dawson,US-FIPS:31047,Census TIGER/Line 2024 County,31047,Dawson,EXACT_CURRENT_FIPS,Exact Census FIPS; historical Census vintage used only where the i-Tree configuration refers to a retired county/county-equivalent.,2640.319081097932
ITC-1682,USA,Nebraska,Deuel,Deuel,US-FIPS:31049,Census TIGER/Line 2024 County,31049,Deuel,EXACT_CURRENT_FIPS,Exact Census FIPS; historical Census vintage used only where the i-Tree configuration refers to a retired county/county-equivalent.,1141.4384376684766
ITC-1683,USA,Nebraska,Dixon,Dixon,US-FIPS:31051,Census TIGER/Line 2024 County,31051,Dixon,EXACT_CURRENT_FIPS,Exact Census FIPS; historical Census vintage used only where the i-Tree configuration refers to a retired county/county-equivalent.,1250.2321006946365
ITC-1684,USA,Nebraska,Dodge,Dodge,US-FIPS:31053,Census TIGER/Line 2024 County,31053,Dodge,EXACT_CURRENT_FIPS,Exact Census FIPS; historical Census vintage used only where the i-Tree configuration refers to a retired county/county-equivalent.,1406.369081464456
ITC-1685,USA,Nebraska,Douglas,Douglas,US-FIPS:31055,Census TIGER/Line 2024 County,31055,Douglas,EXACT_CURRENT_FIPS,Exact Census FIPS; historical Census vintage used only where the i-Tree configuration refers to a retired county/county-equivalent.,878.911397720639
ITC-1686,USA,Nebraska,Dundy,Dundy,US-FIPS:31057,Census TIGER/Line 2024 County,31057,Dundy,EXACT_CURRENT_FIPS,Exact Census FIPS; historical Census vintage used only where the i-Tree configuration refers to a retired county/county-equivalent.,2385.0028317399683
ITC-1687,USA,Nebraska,Fillmore,Fillmore,US-FIPS:31059,Census TIGER/Line 2024 County,31059,Fillmore,EXACT_CURRENT_FIPS,Exact Census FIPS; historical Census vintage used only where the i-Tree configuration refers to a retired county/county-equivalent.,1493.1927438123678
ITC-1688,USA,Nebraska,Franklin,Franklin,US-FIPS:31061,Census TIGER/Line 2024 County,31061,Franklin,EXACT_CURRENT_FIPS,Exact Census FIPS; historical Census vintage used only where the i-Tree configuration refers to a retired county/county-equivalent.,1491.843899737604
ITC-1689,USA,Nebraska,Frontier,Frontier,US-FIPS:31063,Census TIGER/Line 2024 County,31063,Frontier,EXACT_CURRENT_FIPS,Exact Census FIPS; historical Census vintage used only where the i-Tree configuration refers to a retired county/county-equivalent.,2538.3936499136385
ITC-1690,USA,Nebraska,Furnas,Furnas,US-FIPS:31065,Census TIGER/Line 2024 County,31065,Furnas,EXACT_CURRENT_FIPS,Exact Census FIPS; historical Census vintage used only where the i-Tree configuration refers to a retired county/county-equivalent.,1866.4583716355814
ITC-1691,USA,Nebraska,Gage,Gage,US-FIPS:31067,Census TIGER/Line 2024 County,31067,Gage,EXACT_CURRENT_FIPS,Exact Census FIPS; historical Census vintage used only where the i-Tree configuration refers to a retired county/county-equivalent.,2227.28585039943
ITC-1692,USA,Nebraska,Garden,Garden,US-FIPS:31069,Census TIGER/Line 2024 County,31069,Garden,EXACT_CURRENT_FIPS,Exact Census FIPS; historical Census vintage used only where the i-Tree configuration refers to a retired county/county-equivalent.,4482.928511989547
ITC-1693,USA,Nebraska,Garfield,Garfield,US-FIPS:31071,Census TIGER/Line 2024 County,31071,Garfield,EXACT_CURRENT_FIPS,Exact Census FIPS; historical Census vintage used only where the i-Tree configuration refers to a retired county/county-equivalent.,1479.8802093463855
ITC-1694,USA,Nebraska,Gosper,Gosper,US-FIPS:31073,Census TIGER/Line 2024 County,31073,Gosper,EXACT_CURRENT_FIPS,Exact Census FIPS; historical Census vintage used only where the i-Tree configuration refers to a retired county/county-equivalent.,1198.4478534370105
ITC-1695,USA,Nebraska,Grant,Grant,US-FIPS:31075,Census TIGER/Line 2024 County,31075,Grant,EXACT_CURRENT_FIPS,Exact Census FIPS; historical Census vintage used only where the i-Tree configuration refers to a retired county/county-equivalent.,2028.8838773670245
ITC-1696,USA,Nebraska,Greeley,Greeley,US-FIPS:31077,Census TIGER/Line 2024 County,31077,Greeley,EXACT_CURRENT_FIPS,Exact Census FIPS; historical Census vintage used only where the i-Tree configuration refers to a retired county/county-equivalent.,1477.9925371957722
ITC-1697,USA,Nebraska,Hall,Hall,US-FIPS:31079,Census TIGER/Line 2024 County,31079,Hall,EXACT_CURRENT_FIPS,Exact Census FIPS; historical Census vintage used only where the i-Tree configuration refers to a retired county/county-equivalent.,1430.0471727290158
ITC-1698,USA,Nebraska,Hamilton,Hamilton,US-FIPS:31081,Census TIGER/Line 2024 County,31081,Hamilton,EXACT_CURRENT_FIPS,Exact Census FIPS; historical Census vintage used only where the i-Tree configuration refers to a retired county/county-equivalent.,1410.8680765693903
ITC-1699,USA,Nebraska,Harlan,Harlan,US-FIPS:31083,Census TIGER/Line 2024 County,31083,Harlan,EXACT_CURRENT_FIPS,Exact Census FIPS; historical Census vintage used only where the i-Tree configuration refers to a retired county/county-equivalent.,1486.8111477991647
ITC-1700,USA,Nebraska,Hayes,Hayes,US-FIPS:31085,Census TIGER/Line 2024 County,31085,Hayes,EXACT_CURRENT_FIPS,Exact Census FIPS; historical Census vintage used only where the i-Tree configuration refers to a retired county/county-equivalent.,1847.392089706085
ITC-1701,USA,Nebraska,Hitchcock,Hitchcock,US-FIPS:31087,Census TIGER/Line 2024 County,31087,Hitchcock,EXACT_CURRENT_FIPS,Exact Census FIPS; historical Census vintage used only where the i-Tree configuration refers to a retired county/county-equivalent.,1860.8456784169261
ITC-1702,USA,Nebraska,Holt,Holt,US-FIPS:31089,Census TIGER/Line 2024 County,31089,Holt,EXACT_CURRENT_FIPS,Exact Census FIPS; historical Census vintage used only where the i-Tree configuration refers to a retired county/county-equivalent.,6261.284209226224
ITC-1703,USA,Nebraska,Hooker,Hooker,US-FIPS:31091,Census TIGER/Line 2024 County,31091,Hooker,EXACT_CURRENT_FIPS,Exact Census FIPS; historical Census vintage used only where the i-Tree configuration refers to a retired county/county-equivalent.,1868.6814920039253
ITC-1704,USA,Nebraska,Howard,Howard,US-FIPS:31093,Census TIGER/Line 2024 County,31093,Howard,EXACT_CURRENT_FIPS,Exact Census FIPS; historical Census vintage used only where the i-Tree configuration refers to a retired county/county-equivalent.,1490.7777854775436
ITC-1705,USA,Nebraska,Jefferson,Jefferson,US-FIPS:31095,Census TIGER/Line 2024 County,31095,Jefferson,EXACT_CURRENT_FIPS,Exact Census FIPS; historical Census vintage used only where the i-Tree configuration refers to a retired county/county-equivalent.,1490.9686906832694
ITC-1706,USA,Nebraska,Johnson,Johnson,US-FIPS:31097,Census TIGER/Line 2024 County,31097,Johnson,EXACT_CURRENT_FIPS,Exact Census FIPS; historical Census vintage used only where the i-Tree configuration refers to a retired county/county-equivalent.,975.7346677262617
ITC-1707,USA,Nebraska,Kearney,Kearney,US-FIPS:31099,Census TIGER/Line 2024 County,31099,Kearney,EXACT_CURRENT_FIPS,Exact Census FIPS; historical Census vintage used only where the i-Tree configuration refers to a retired county/county-equivalent.,1337.3381862122762
ITC-1708,USA,Nebraska,Keith,Keith,US-FIPS:31101,Census TIGER/Line 2024 County,31101,Keith,EXACT_CURRENT_FIPS,Exact Census FIPS; historical Census vintage used only where the i-Tree configuration refers to a retired county/county-equivalent.,2874.526874815304
ITC-1709,USA,Nebraska,Keya Paha,Keya Paha,US-FIPS:31103,Census TIGER/Line 2024 County,31103,Keya Paha,EXACT_CURRENT_FIPS,Exact Census FIPS; historical Census vintage used only where the i-Tree configuration refers to a retired county/county-equivalent.,2004.4486568722161
ITC-1710,USA,Nebraska,Kimball,Kimball,US-FIPS:31105,Census TIGER/Line 2024 County,31105,Kimball,EXACT_CURRENT_FIPS,Exact Census FIPS; historical Census vintage used only where the i-Tree configuration refers to a retired county/county-equivalent.,2466.9656681687584
ITC-1711,USA,Nebraska,Knox,Knox,US-FIPS:31107,Census TIGER/Line 2024 County,31107,Knox,EXACT_CURRENT_FIPS,Exact Census FIPS; historical Census vintage used only where the i-Tree configuration refers to a retired county/county-equivalent.,2951.866220036564
ITC-1712,USA,Nebraska,Lancaster,Lancaster,US-FIPS:31109,Census TIGER/Line 2024 County,31109,Lancaster,EXACT_CURRENT_FIPS,Exact Census FIPS; historical Census vintage used only where the i-Tree configuration refers to a retired county/county-equivalent.,2192.120223473962
ITC-1713,USA,Nebraska,Lincoln,Lincoln,US-FIPS:31111,Census TIGER/Line 2024 County,31111,Lincoln,EXACT_CURRENT_FIPS,Exact Census FIPS; historical Census vintage used only where the i-Tree configuration refers to a retired county/county-equivalent.,6669.528275855166
ITC-1714,USA,Nebraska,Logan,Logan,US-FIPS:31113,Census TIGER/Line 2024 County,31113,Logan,EXACT_CURRENT_FIPS,Exact Census FIPS; historical Census vintage used only where the i-Tree configuration refers to a retired county/county-equivalent.,1479.304411167707
ITC-1715,USA,Nebraska,Loup,Loup,US-FIPS:31115,Census TIGER/Line 2024 County,31115,Loup,EXACT_CURRENT_FIPS,Exact Census FIPS; historical Census vintage used only where the i-Tree configuration refers to a retired county/county-equivalent.,1479.0767978501078
ITC-1716,USA,Nebraska,Madison,Madison,US-FIPS:31119,Census TIGER/Line 2024 County,31119,Madison,EXACT_CURRENT_FIPS,Exact Census FIPS; historical Census vintage used only where the i-Tree configuration refers to a retired county/county-equivalent.,1490.4103793341728
ITC-1717,USA,Nebraska,McPherson,McPherson,US-FIPS:31117,Census TIGER/Line 2024 County,31117,McPherson,EXACT_CURRENT_FIPS,Exact Census FIPS; historical Census vintage used only where the i-Tree configuration refers to a retired county/county-equivalent.,2228.139766838219
ITC-1718,USA,Nebraska,Merrick,Merrick,US-FIPS:31121,Census TIGER/Line 2024 County,31121,Merrick,EXACT_CURRENT_FIPS,Exact Census FIPS; historical Census vintage used only where the i-Tree configuration refers to a retired county/county-equivalent.,1286.652403230876
ITC-1719,USA,Nebraska,Morrill,Morrill,US-FIPS:31123,Census TIGER/Line 2024 County,31123,Morrill,EXACT_CURRENT_FIPS,Exact Census FIPS; historical Census vintage used only where the i-Tree configuration refers to a retired county/county-equivalent.,3703.8282331726355
ITC-1720,USA,Nebraska,Nance,Nance,US-FIPS:31125,Census TIGER/Line 2024 County,31125,Nance,EXACT_CURRENT_FIPS,Exact Census FIPS; historical Census vintage used only where the i-Tree configuration refers to a retired county/county-equivalent.,1160.9122218763985
ITC-1721,USA,Nebraska,Nemaha,Nemaha,US-FIPS:31127,Census TIGER/Line 2024 County,31127,Nemaha,EXACT_CURRENT_FIPS,Exact Census FIPS; historical Census vintage used only where the i-Tree configuration refers to a retired county/county-equivalent.,1060.870474398386
ITC-1722,USA,Nebraska,Nuckolls,Nuckolls,US-FIPS:31129,Census TIGER/Line 2024 County,31129,Nuckolls,EXACT_CURRENT_FIPS,Exact Census FIPS; historical Census vintage used only where the i-Tree configuration refers to a retired county/county-equivalent.,1491.3638270202184
ITC-1723,USA,Nebraska,Otoe,Otoe,US-FIPS:31131,Census TIGER/Line 2024 County,31131,Otoe,EXACT_CURRENT_FIPS,Exact Census FIPS; historical Census vintage used only where the i-Tree configuration refers to a retired county/county-equivalent.,1603.25103032362
ITC-1724,USA,Nebraska,Pawnee,Pawnee,US-FIPS:31133,Census TIGER/Line 2024 County,31133,Pawnee,EXACT_CURRENT_FIPS,Exact Census FIPS; historical Census vintage used only where the i-Tree configuration refers to a retired county/county-equivalent.,1121.3306165375886
ITC-1725,USA,Nebraska,Perkins,Perkins,US-FIPS:31135,Census TIGER/Line 2024 County,31135,Perkins,EXACT_CURRENT_FIPS,Exact Census FIPS; historical Census vintage used only where the i-Tree configuration refers to a retired county/county-equivalent.,2290.6100817770703
ITC-1726,USA,Nebraska,Phelps,Phelps,US-FIPS:31137,Census TIGER/Line 2024 County,31137,Phelps,EXACT_CURRENT_FIPS,Exact Census FIPS; historical Census vintage used only where the i-Tree configuration refers to a retired county/county-equivalent.,1399.6951622037493
ITC-1727,USA,Nebraska,Pierce,Pierce,US-FIPS:31139,Census TIGER/Line 2024 County,31139,Pierce,EXACT_CURRENT_FIPS,Exact Census FIPS; historical Census vintage used only where the i-Tree configuration refers to a retired county/county-equivalent.,1488.1893714621472
ITC-1728,USA,Nebraska,Platte,Platte,US-FIPS:31141,Census TIGER/Line 2024 County,31141,Platte,EXACT_CURRENT_FIPS,Exact Census FIPS; historical Census vintage used only where the i-Tree configuration refers to a retired county/county-equivalent.,1773.0786233021588
ITC-1729,USA,Nebraska,Polk,Polk,US-FIPS:31143,Census TIGER/Line 2024 County,31143,Polk,EXACT_CURRENT_FIPS,Exact Census FIPS; historical Census vintage used only where the i-Tree configuration refers to a retired county/county-equivalent.,1141.2570234052307
ITC-1730,USA,Nebraska,Red Willow,Red Willow,US-FIPS:31145,Census TIGER/Line 2024 County,31145,Red Willow,EXACT_CURRENT_FIPS,Exact Census FIPS; historical Census vintage used only where the i-Tree configuration refers to a retired county/county-equivalent.,1859.6271987408275
ITC-1731,USA,Nebraska,Richardson,Richardson,US-FIPS:31147,Census TIGER/Line 2024 County,31147,Richardson,EXACT_CURRENT_FIPS,Exact Census FIPS; historical Census vintage used only where the i-Tree configuration refers to a retired county/county-equivalent.,1436.3389483660685
ITC-1732,USA,Nebraska,Rock,Rock,US-FIPS:31149,Census TIGER/Line 2024 County,31149,Rock,EXACT_CURRENT_FIPS,Exact Census FIPS; historical Census vintage used only where the i-Tree configuration refers to a retired county/county-equivalent.,2620.2766833001674
ITC-1733,USA,Nebraska,Saline,Saline,US-FIPS:31151,Census TIGER/Line 2024 County,31151,Saline,EXACT_CURRENT_FIPS,Exact Census FIPS; historical Census vintage used only where the i-Tree configuration refers to a retired county/county-equivalent.,1492.6333218859652
ITC-1734,USA,Nebraska,Sarpy,Sarpy,US-FIPS:31153,Census TIGER/Line 2024 County,31153,Sarpy,EXACT_CURRENT_FIPS,Exact Census FIPS; historical Census vintage used only where the i-Tree configuration refers to a retired county/county-equivalent.,641.075317125176
ITC-1735,USA,Nebraska,Saunders,Saunders,US-FIPS:31155,Census TIGER/Line 2024 County,31155,Saunders,EXACT_CURRENT_FIPS,Exact Census FIPS; historical Census vintage used only where the i-Tree configuration refers to a retired county/county-equivalent.,1967.9250649392443
ITC-1736,USA,Nebraska,Scotts Bluff,Scotts Bluff,US-FIPS:31157,Census TIGER/Line 2024 County,31157,Scotts Bluff,EXACT_CURRENT_FIPS,Exact Census FIPS; historical Census vintage used only where the i-Tree configuration refers to a retired county/county-equivalent.,1930.978506258203
ITC-1737,USA,Nebraska,Seward,Seward,US-FIPS:31159,Census TIGER/Line 2024 County,31159,Seward,EXACT_CURRENT_FIPS,Exact Census FIPS; historical Census vintage used only where the i-Tree configuration refers to a retired county/county-equivalent.,1491.5382624049475
ITC-1738,USA,Nebraska,Sheridan,Sheridan,US-FIPS:31161,Census TIGER/Line 2024 County,31161,Sheridan,EXACT_CURRENT_FIPS,Exact Census FIPS; historical Census vintage used only where the i-Tree configuration refers to a retired county/county-equivalent.,6396.5846957160475
ITC-1739,USA,Nebraska,Sherman,Sherman,US-FIPS:31163,Census TIGER/Line 2024 County,31163,Sherman,EXACT_CURRENT_FIPS,Exact Census FIPS; historical Census vintage used only where the i-Tree configuration refers to a retired county/county-equivalent.,1480.5512973437628
ITC-1740,USA,Nebraska,Sioux,Sioux,US-FIPS:31165,Census TIGER/Line 2024 County,31165,Sioux,EXACT_CURRENT_FIPS,Exact Census FIPS; historical Census vintage used only where the i-Tree configuration refers to a retired county/county-equivalent.,5354.451079969253
ITC-1741,USA,Nebraska,Stanton,Stanton,US-FIPS:31167,Census TIGER/Line 2024 County,31167,Stanton,EXACT_CURRENT_FIPS,Exact Census FIPS; historical Census vintage used only where the i-Tree configuration refers to a retired county/county-equivalent.,1116.2902849298098
ITC-1742,USA,Nebraska,Thayer,Thayer,US-FIPS:31169,Census TIGER/Line 2024 County,31169,Thayer,EXACT_CURRENT_FIPS,Exact Census FIPS; historical Census vintage used only where the i-Tree configuration refers to a retired county/county-equivalent.,1489.178686308117
ITC-1743,USA,Nebraska,Thomas,Thomas,US-FIPS:31171,Census TIGER/Line 2024 County,31171,Thomas,EXACT_CURRENT_FIPS,Exact Census FIPS; historical Census vintage used only where the i-Tree configuration refers to a retired county/county-equivalent.,1847.5941812359645
ITC-1744,USA,Nebraska,Thurston,Thurston,US-FIPS:31173,Census TIGER/Line 2024 County,31173,Thurston,EXACT_CURRENT_FIPS,Exact Census FIPS; historical Census vintage used only where the i-Tree configuration refers to a retired county/county-equivalent.,1025.8358314724812
ITC-1745,USA,Nebraska,Valley,Valley,US-FIPS:31175,Census TIGER/Line 2024 County,31175,Valley,EXACT_CURRENT_FIPS,Exact Census FIPS; historical Census vintage used only where the i-Tree configuration refers to a retired county/county-equivalent.,1477.479258240522
ITC-1746,USA,Nebraska,Washington,Washington,US-FIPS:31177,Census TIGER/Line 2024 County,31177,Washington,EXACT_CURRENT_FIPS,Exact Census FIPS; historical Census vintage used only where the i-Tree configuration refers to a retired county/county-equivalent.,1018.3777404710468
ITC-1747,USA,Nebraska,Wayne,Wayne,US-FIPS:31179,Census TIGER/Line 2024 County,31179,Wayne,EXACT_CURRENT_FIPS,Exact Census FIPS; historical Census vintage used only where the i-Tree configuration refers to a retired county/county-equivalent.,1148.2316101448848
ITC-1748,USA,Nebraska,Webster,Webster,US-FIPS:31181,Census TIGER/Line 2024 County,31181,Webster,EXACT_CURRENT_FIPS,Exact Census FIPS; historical Census vintage used only where the i-Tree configuration refers to a retired county/county-equivalent.,1489.3552709016024
ITC-1749,USA,Nebraska,Wheeler,Wheeler,US-FIPS:31183,Census TIGER/Line 2024 County,31183,Wheeler,EXACT_CURRENT_FIPS,Exact Census FIPS; historical Census vintage used only where the i-Tree configuration refers to a retired county/county-equivalent.,1490.7782943027805
ITC-1750,USA,Nebraska,York,York,US-FIPS:31185,Census TIGER/Line 2024 County,31185,York,EXACT_CURRENT_FIPS,Exact Census FIPS; historical Census vintage used only where the i-Tree configuration refers to a retired county/county-equivalent.,1491.3891054144704
ITC-1751,USA,Nevada,Carson City,Carson City,US-FIPS:32510,Census TIGER/Line 2024 County,32510,Carson City,EXACT_CURRENT_FIPS,Exact Census FIPS; historical Census vintage used only where the i-Tree configuration refers to a retired county/county-equivalent.,406.93535658165524
ITC-1752,USA,Nevada,Churchill,Churchill,US-FIPS:32001,Census TIGER/Line 2024 County,32001,Churchill,EXACT_CURRENT_FIPS,Exact Census FIPS; historical Census vintage used only where the i-Tree configuration refers to a retired county/county-equivalent.,13011.585615747319
ITC-1753,USA,Nevada,Clark,Clark,US-FIPS:32003,Census TIGER/Line 2024 County,32003,Clark,EXACT_CURRENT_FIPS,Exact Census FIPS; historical Census vintage used only where the i-Tree configuration refers to a retired county/county-equivalent.,20877.69451920016
ITC-1754,USA,Nevada,Douglas,Douglas,US-FIPS:32005,Census TIGER/Line 2024 County,32005,Douglas,EXACT_CURRENT_FIPS,Exact Census FIPS; historical Census vintage used only where the i-Tree configuration refers to a retired county/county-equivalent.,1912.4670419225895
ITC-1755,USA,Nevada,Elko,Elko,US-FIPS:32007,Census TIGER/Line 2024 County,32007,Elko,EXACT_CURRENT_FIPS,Exact Census FIPS; historical Census vintage used only where the i-Tree configuration refers to a retired county/county-equivalent.,44553.81436080415
ITC-1756,USA,Nevada,Esmeralda,Esmeralda,US-FIPS:32009,Census TIGER/Line 2024 County,32009,Esmeralda,EXACT_CURRENT_FIPS,Exact Census FIPS; historical Census vintage used only where the i-Tree configuration refers to a retired county/county-equivalent.,9295.601787565278
ITC-1757,USA,Nevada,Eureka,Eureka,US-FIPS:32011,Census TIGER/Line 2024 County,32011,Eureka,EXACT_CURRENT_FIPS,Exact Census FIPS; historical Census vintage used only where the i-Tree configuration refers to a retired county/county-equivalent.,10826.043297744953
ITC-1758,USA,Nevada,Humboldt,Humboldt,US-FIPS:32013,Census TIGER/Line 2024 County,32013,Humboldt,EXACT_CURRENT_FIPS,Exact Census FIPS; historical Census vintage used only where the i-Tree configuration refers to a retired county/county-equivalent.,25013.747069225254
ITC-1759,USA,Nevada,Lander,Lander,US-FIPS:32015,Census TIGER/Line 2024 County,32015,Lander,EXACT_CURRENT_FIPS,Exact Census FIPS; historical Census vintage used only where the i-Tree configuration refers to a retired county/county-equivalent.,14295.443900361828
ITC-1760,USA,Nevada,Lincoln,Lincoln,US-FIPS:32017,Census TIGER/Line 2024 County,32017,Lincoln,EXACT_CURRENT_FIPS,Exact Census FIPS; historical Census vintage used only where the i-Tree configuration refers to a retired county/county-equivalent.,27550.140455886816
ITC-1761,USA,Nevada,Lyon,Lyon,US-FIPS:32019,Census TIGER/Line 2024 County,32019,Lyon,EXACT_CURRENT_FIPS,Exact Census FIPS; historical Census vintage used only where the i-Tree configuration refers to a retired county/county-equivalent.,5247.374512913361
ITC-1762,USA,Nevada,Mineral,Mineral,US-FIPS:32021,Census TIGER/Line 2024 County,32021,Mineral,EXACT_CURRENT_FIPS,Exact Census FIPS; historical Census vintage used only where the i-Tree configuration refers to a retired county/county-equivalent.,9871.649242161353
ITC-1763,USA,Nevada,Nye,Nye,US-FIPS:32023,Census TIGER/Line 2024 County,32023,Nye,EXACT_CURRENT_FIPS,Exact Census FIPS; historical Census vintage used only where the i-Tree configuration refers to a retired county/county-equivalent.,47134.153694768655
ITC-1764,USA,Nevada,Pershing,Pershing,US-FIPS:32027,Census TIGER/Line 2024 County,32027,Pershing,EXACT_CURRENT_FIPS,Exact Census FIPS; historical Census vintage used only where the i-Tree configuration refers to a retired county/county-equivalent.,15714.624423805502
ITC-1765,USA,Nevada,Storey,Storey,US-FIPS:32029,Census TIGER/Line 2024 County,32029,Storey,EXACT_CURRENT_FIPS,Exact Census FIPS; historical Census vintage used only where the i-Tree configuration refers to a retired county/county-equivalent.,685.1199593939966
ITC-1766,USA,Nevada,Washoe,Washoe,US-FIPS:32031,Census TIGER/Line 2024 County,32031,Washoe,EXACT_CURRENT_FIPS,Exact Census FIPS; historical Census vintage used only where the i-Tree configuration refers to a retired county/county-equivalent.,16940.783588733295
ITC-1767,USA,Nevada,White Pine,White Pine,US-FIPS:32033,Census TIGER/Line 2024 County,32033,White Pine,EXACT_CURRENT_FIPS,Exact Census FIPS; historical Census vintage used only where the i-Tree configuration refers to a retired county/county-equivalent.,23039.794558739464
ITC-1768,USA,New Hampshire,Belknap,Belknap,US-FIPS:33001,Census TIGER/Line 2024 County,33001,Belknap,EXACT_CURRENT_FIPS,Exact Census FIPS; historical Census vintage used only where the i-Tree configuration refers to a retired county/county-equivalent.,1217.3209530293861
ITC-1769,USA,New Hampshire,Carroll,Carroll,US-FIPS:33003,Census TIGER/Line 2024 County,33003,Carroll,EXACT_CURRENT_FIPS,Exact Census FIPS; historical Census vintage used only where the i-Tree configuration refers to a retired county/county-equivalent.,2573.1358296920575
ITC-1770,USA,New Hampshire,Cheshire,Cheshire,US-FIPS:33005,Census TIGER/Line 2024 County,33005,Cheshire,EXACT_CURRENT_FIPS,Exact Census FIPS; historical Census vintage used only where the i-Tree configuration refers to a retired county/county-equivalent.,1887.9565201932844
ITC-1771,USA,New Hampshire,Coos,Coos,US-FIPS:33007,Census TIGER/Line 2024 County,33007,Coos,EXACT_CURRENT_FIPS,Exact Census FIPS; historical Census vintage used only where the i-Tree configuration refers to a retired county/county-equivalent.,4740.467104345771
ITC-1772,USA,New Hampshire,Grafton,Grafton,US-FIPS:33009,Census TIGER/Line 2024 County,33009,Grafton,EXACT_CURRENT_FIPS,Exact Census FIPS; historical Census vintage used only where the i-Tree configuration refers to a retired county/county-equivalent.,4531.714234004088
ITC-1773,USA,New Hampshire,Hillsborough,Hillsborough,US-FIPS:33011,Census TIGER/Line 2024 County,33011,Hillsborough,EXACT_CURRENT_FIPS,Exact Census FIPS; historical Census vintage used only where the i-Tree configuration refers to a retired county/county-equivalent.,2311.511625045327
ITC-1774,USA,New Hampshire,Merrimack,Merrimack,US-FIPS:33013,Census TIGER/Line 2024 County,33013,Merrimack,EXACT_CURRENT_FIPS,Exact Census FIPS; historical Census vintage used only where the i-Tree configuration refers to a retired county/county-equivalent.,2473.375892687798
ITC-1775,USA,New Hampshire,Rockingham,Rockingham,US-FIPS:33015,Census TIGER/Line 2024 County,33015,Rockingham,EXACT_CURRENT_FIPS,Exact Census FIPS; historical Census vintage used only where the i-Tree configuration refers to a retired county/county-equivalent.,2059.6819431137296
ITC-1776,USA,New Hampshire,Strafford,Strafford,US-FIPS:33017,Census TIGER/Line 2024 County,33017,Strafford,EXACT_CURRENT_FIPS,Exact Census FIPS; historical Census vintage used only where the i-Tree configuration refers to a retired county/county-equivalent.,990.8975448860517
ITC-1777,USA,New Hampshire,Sullivan,Sullivan,US-FIPS:33019,Census TIGER/Line 2024 County,33019,Sullivan,EXACT_CURRENT_FIPS,Exact Census FIPS; historical Census vintage used only where the i-Tree configuration refers to a retired county/county-equivalent.,1430.0234451971949
ITC-1778,USA,New Jersey,Atlantic,Atlantic,US-FIPS:34001,Census TIGER/Line 2024 County,34001,Atlantic,EXACT_CURRENT_FIPS,Exact Census FIPS; historical Census vintage used only where the i-Tree configuration refers to a retired county/county-equivalent.,1740.0469239743798
ITC-1779,USA,New Jersey,Bergen,Bergen,US-FIPS:34003,Census TIGER/Line 2024 County,34003,Bergen,EXACT_CURRENT_FIPS,Exact Census FIPS; historical Census vintage used only where the i-Tree configuration refers to a retired county/county-equivalent.,638.3055153004026
ITC-1780,USA,New Jersey,Burlington,Burlington,US-FIPS:34005,Census TIGER/Line 2024 County,34005,Burlington,EXACT_CURRENT_FIPS,Exact Census FIPS; historical Census vintage used only where the i-Tree configuration refers to a retired county/county-equivalent.,2124.741485063987
ITC-1781,USA,New Jersey,Camden,Camden,US-FIPS:34007,Census TIGER/Line 2024 County,34007,Camden,EXACT_CURRENT_FIPS,Exact Census FIPS; historical Census vintage used only where the i-Tree configuration refers to a retired county/county-equivalent.,589.249289910102
ITC-1782,USA,New Jersey,Cape May,Cape May,US-FIPS:34009,Census TIGER/Line 2024 County,34009,Cape May,EXACT_CURRENT_FIPS,Exact Census FIPS; historical Census vintage used only where the i-Tree configuration refers to a retired county/county-equivalent.,1606.5877728557143
ITC-1783,USA,New Jersey,Cumberland,Cumberland,US-FIPS:34011,Census TIGER/Line 2024 County,34011,Cumberland,EXACT_CURRENT_FIPS,Exact Census FIPS; historical Census vintage used only where the i-Tree configuration refers to a retired county/county-equivalent.,1755.6244144646432
ITC-1784,USA,New Jersey,Essex,Essex,US-FIPS:34013,Census TIGER/Line 2024 County,34013,Essex,EXACT_CURRENT_FIPS,Exact Census FIPS; historical Census vintage used only where the i-Tree configuration refers to a retired county/county-equivalent.,335.2054949104947
ITC-1785,USA,New Jersey,Gloucester,Gloucester,US-FIPS:34015,Census TIGER/Line 2024 County,34015,Gloucester,EXACT_CURRENT_FIPS,Exact Census FIPS; historical Census vintage used only where the i-Tree configuration refers to a retired county/county-equivalent.,872.1364643898015
ITC-1786,USA,New Jersey,Hudson,Hudson,US-FIPS:34017,Census TIGER/Line 2024 County,34017,Hudson,EXACT_CURRENT_FIPS,Exact Census FIPS; historical Census vintage used only where the i-Tree configuration refers to a retired county/county-equivalent.,161.4773810557634
ITC-1787,USA,New Jersey,Hunterdon,Hunterdon,US-FIPS:34019,Census TIGER/Line 2024 County,34019,Hunterdon,EXACT_CURRENT_FIPS,Exact Census FIPS; historical Census vintage used only where the i-Tree configuration refers to a retired county/county-equivalent.,1132.8479860039486
ITC-1788,USA,New Jersey,Mercer,Mercer,US-FIPS:34021,Census TIGER/Line 2024 County,34021,Mercer,EXACT_CURRENT_FIPS,Exact Census FIPS; historical Census vintage used only where the i-Tree configuration refers to a retired county/county-equivalent.,592.7325677578983
ITC-1789,USA,New Jersey,Middlesex,Middlesex,US-FIPS:34023,Census TIGER/Line 2024 County,34023,Middlesex,EXACT_CURRENT_FIPS,Exact Census FIPS; historical Census vintage used only where the i-Tree configuration refers to a retired county/county-equivalent.,836.2443389121664
ITC-1790,USA,New Jersey,Monmouth,Monmouth,US-FIPS:34025,Census TIGER/Line 2024 County,34025,Monmouth,EXACT_CURRENT_FIPS,Exact Census FIPS; historical Census vintage used only where the i-Tree configuration refers to a retired county/county-equivalent.,1713.0168031815058
ITC-1791,USA,New Jersey,Morris,Morris,US-FIPS:34027,Census TIGER/Line 2024 County,34027,Morris,EXACT_CURRENT_FIPS,Exact Census FIPS; historical Census vintage used only where the i-Tree configuration refers to a retired county/county-equivalent.,1247.152101396109
ITC-1792,USA,New Jersey,Ocean,Ocean,US-FIPS:34029,Census TIGER/Line 2024 County,34029,Ocean,EXACT_CURRENT_FIPS,Exact Census FIPS; historical Census vintage used only where the i-Tree configuration refers to a retired county/county-equivalent.,2369.4249959969807
ITC-1793,USA,New Jersey,Passaic,Passaic,US-FIPS:34031,Census TIGER/Line 2024 County,34031,Passaic,EXACT_CURRENT_FIPS,Exact Census FIPS; historical Census vintage used only where the i-Tree configuration refers to a retired county/county-equivalent.,514.0794409464922
ITC-1794,USA,New Jersey,Salem,Salem,US-FIPS:34033,Census TIGER/Line 2024 County,34033,Salem,EXACT_CURRENT_FIPS,Exact Census FIPS; historical Census vintage used only where the i-Tree configuration refers to a retired county/county-equivalent.,964.9051299782986
ITC-1795,USA,New Jersey,Somerset,Somerset,US-FIPS:34035,Census TIGER/Line 2024 County,34035,Somerset,EXACT_CURRENT_FIPS,Exact Census FIPS; historical Census vintage used only where the i-Tree configuration refers to a retired county/county-equivalent.,789.8250602757647
ITC-1796,USA,New Jersey,Sussex,Sussex,US-FIPS:34037,Census TIGER/Line 2024 County,34037,Sussex,EXACT_CURRENT_FIPS,Exact Census FIPS; historical Census vintage used only where the i-Tree configuration refers to a retired county/county-equivalent.,1386.761956922777
ITC-1797,USA,New Jersey,Union,Union,US-FIPS:34039,Census TIGER/Line 2024 County,34039,Union,EXACT_CURRENT_FIPS,Exact Census FIPS; historical Census vintage used only where the i-Tree configuration refers to a retired county/county-equivalent.,273.00491186678653
ITC-1798,USA,New Jersey,Warren,Warren,US-FIPS:34041,Census TIGER/Line 2024 County,34041,Warren,EXACT_CURRENT_FIPS,Exact Census FIPS; historical Census vintage used only where the i-Tree configuration refers to a retired county/county-equivalent.,939.2609765326393
ITC-1799,USA,New Mexico,Bernalillo,Bernalillo,US-FIPS:35001,Census TIGER/Line 2024 County,35001,Bernalillo,EXACT_CURRENT_FIPS,Exact Census FIPS; historical Census vintage used only where the i-Tree configuration refers to a retired county/county-equivalent.,3023.4971628335757
ITC-1800,USA,New Mexico,Catron,Catron,US-FIPS:35003,Census TIGER/Line 2024 County,35003,Catron,EXACT_CURRENT_FIPS,Exact Census FIPS; historical Census vintage used only where the i-Tree configuration refers to a retired county/county-equivalent.,17947.756295869258
ITC-1801,USA,New Mexico,Chaves,Chaves,US-FIPS:35005,Census TIGER/Line 2024 County,35005,Chaves,EXACT_CURRENT_FIPS,Exact Census FIPS; historical Census vintage used only where the i-Tree configuration refers to a retired county/county-equivalent.,15734.3876056251
ITC-1802,USA,New Mexico,Cibola,Cibola,US-FIPS:35006,Census TIGER/Line 2024 County,35006,Cibola,EXACT_CURRENT_FIPS,Exact Census FIPS; historical Census vintage used only where the i-Tree configuration refers to a retired county/county-equivalent.,11764.058724346818
ITC-1803,USA,New Mexico,Colfax,Colfax,US-FIPS:35007,Census TIGER/Line 2024 County,35007,Colfax,EXACT_CURRENT_FIPS,Exact Census FIPS; historical Census vintage used only where the i-Tree configuration refers to a retired county/county-equivalent.,9759.41035414328
ITC-1804,USA,New Mexico,Curry,Curry,US-FIPS:35009,Census TIGER/Line 2024 County,35009,Curry,EXACT_CURRENT_FIPS,Exact Census FIPS; historical Census vintage used only where the i-Tree configuration refers to a retired county/county-equivalent.,3648.2829901409514
ITC-1805,USA,New Mexico,De Baca,De Baca,US-FIPS:35011,Census TIGER/Line 2024 County,35011,De Baca,EXACT_CURRENT_FIPS,Exact Census FIPS; historical Census vintage used only where the i-Tree configuration refers to a retired county/county-equivalent.,6045.909711138623
ITC-1806,USA,New Mexico,Dona Ana,Dona Ana,US-FIPS:35013,Census TIGER/Line 2024 County,35013,Doña Ana,EXACT_CURRENT_FIPS,Exact Census FIPS; historical Census vintage used only where the i-Tree configuration refers to a retired county/county-equivalent.,9880.746409079999
ITC-1807,USA,New Mexico,Eddy,Eddy,US-FIPS:35015,Census TIGER/Line 2024 County,35015,Eddy,EXACT_CURRENT_FIPS,Exact Census FIPS; historical Census vintage used only where the i-Tree configuration refers to a retired county/county-equivalent.,10873.182765315138
ITC-1808,USA,New Mexico,Grant,Grant,US-FIPS:35017,Census TIGER/Line 2024 County,35017,Grant,EXACT_CURRENT_FIPS,Exact Census FIPS; historical Census vintage used only where the i-Tree configuration refers to a retired county/county-equivalent.,10274.774361224085
ITC-1809,USA,New Mexico,Guadalupe,Guadalupe,US-FIPS:35019,Census TIGER/Line 2024 County,35019,Guadalupe,EXACT_CURRENT_FIPS,Exact Census FIPS; historical Census vintage used only where the i-Tree configuration refers to a retired county/county-equivalent.,7849.96104302137
ITC-1810,USA,New Mexico,Harding,Harding,US-FIPS:35021,Census TIGER/Line 2024 County,35021,Harding,EXACT_CURRENT_FIPS,Exact Census FIPS; historical Census vintage used only where the i-Tree configuration refers to a retired county/county-equivalent.,5506.126034104101
ITC-1811,USA,New Mexico,Hidalgo,Hidalgo,US-FIPS:35023,Census TIGER/Line 2024 County,35023,Hidalgo,EXACT_CURRENT_FIPS,Exact Census FIPS; historical Census vintage used only where the i-Tree configuration refers to a retired county/county-equivalent.,8929.394008790972
ITC-1812,USA,New Mexico,Lea,Lea,US-FIPS:35025,Census TIGER/Line 2024 County,35025,Lea,EXACT_CURRENT_FIPS,Exact Census FIPS; historical Census vintage used only where the i-Tree configuration refers to a retired county/county-equivalent.,11382.217980530946
ITC-1813,USA,New Mexico,Lincoln,Lincoln,US-FIPS:35027,Census TIGER/Line 2024 County,35027,Lincoln,EXACT_CURRENT_FIPS,Exact Census FIPS; historical Census vintage used only where the i-Tree configuration refers to a retired county/county-equivalent.,12513.087332164654
ITC-1814,USA,New Mexico,Los Alamos,Los Alamos,US-FIPS:35028,Census TIGER/Line 2024 County,35028,Los Alamos,EXACT_CURRENT_FIPS,Exact Census FIPS; historical Census vintage used only where the i-Tree configuration refers to a retired county/county-equivalent.,282.83468241595887
ITC-1815,USA,New Mexico,Luna,Luna,US-FIPS:35029,Census TIGER/Line 2024 County,35029,Luna,EXACT_CURRENT_FIPS,Exact Census FIPS; historical Census vintage used only where the i-Tree configuration refers to a retired county/county-equivalent.,7680.213747815483
ITC-1816,USA,New Mexico,McKinley,McKinley,US-FIPS:35031,Census TIGER/Line 2024 County,35031,McKinley,EXACT_CURRENT_FIPS,Exact Census FIPS; historical Census vintage used only where the i-Tree configuration refers to a retired county/county-equivalent.,14130.880547896424
ITC-1817,USA,New Mexico,Mora,Mora,US-FIPS:35033,Census TIGER/Line 2024 County,35033,Mora,EXACT_CURRENT_FIPS,Exact Census FIPS; historical Census vintage used only where the i-Tree configuration refers to a retired county/county-equivalent.,4995.056497703949
ITC-1818,USA,New Mexico,Otero,Otero,US-FIPS:35035,Census TIGER/Line 2024 County,35035,Otero,EXACT_CURRENT_FIPS,Exact Census FIPS; historical Census vintage used only where the i-Tree configuration refers to a retired county/county-equivalent.,17163.403805106864
ITC-1819,USA,New Mexico,Quay,Quay,US-FIPS:35037,Census TIGER/Line 2024 County,35037,Quay,EXACT_CURRENT_FIPS,Exact Census FIPS; historical Census vintage used only where the i-Tree configuration refers to a retired county/county-equivalent.,7462.064587528445
ITC-1820,USA,New Mexico,Rio Arriba,Rio Arriba,US-FIPS:35039,Census TIGER/Line 2024 County,35039,Rio Arriba,EXACT_CURRENT_FIPS,Exact Census FIPS; historical Census vintage used only where the i-Tree configuration refers to a retired county/county-equivalent.,15271.057069298786
ITC-1821,USA,New Mexico,Roosevelt,Roosevelt,US-FIPS:35041,Census TIGER/Line 2024 County,35041,Roosevelt,EXACT_CURRENT_FIPS,Exact Census FIPS; historical Census vintage used only where the i-Tree configuration refers to a retired county/county-equivalent.,6353.9238051860275
ITC-1822,USA,New Mexico,San Juan,San Juan,US-FIPS:35045,Census TIGER/Line 2024 County,35045,San Juan,EXACT_CURRENT_FIPS,Exact Census FIPS; historical Census vintage used only where the i-Tree configuration refers to a retired county/county-equivalent.,14344.46091823457
ITC-1823,USA,New Mexico,San Miguel,San Miguel,US-FIPS:35047,Census TIGER/Line 2024 County,35047,San Miguel,EXACT_CURRENT_FIPS,Exact Census FIPS; historical Census vintage used only where the i-Tree configuration refers to a retired county/county-equivalent.,12280.049212857173
ITC-1824,USA,New Mexico,Sandoval,Sandoval,US-FIPS:35043,Census TIGER/Line 2024 County,35043,Sandoval,EXACT_CURRENT_FIPS,Exact Census FIPS; historical Census vintage used only where the i-Tree configuration refers to a retired county/county-equivalent.,9620.212104167858
ITC-1825,USA,New Mexico,Santa Fe,Santa Fe,US-FIPS:35049,Census TIGER/Line 2024 County,35049,Santa Fe,EXACT_CURRENT_FIPS,Exact Census FIPS; historical Census vintage used only where the i-Tree configuration refers to a retired county/county-equivalent.,4950.505350852459
ITC-1826,USA,New Mexico,Sierra,Sierra,US-FIPS:35051,Census TIGER/Line 2024 County,35051,Sierra,EXACT_CURRENT_FIPS,Exact Census FIPS; historical Census vintage used only where the i-Tree configuration refers to a retired county/county-equivalent.,10976.925360107532
ITC-1827,USA,New Mexico,Socorro,Socorro,US-FIPS:35053,Census TIGER/Line 2024 County,35053,Socorro,EXACT_CURRENT_FIPS,Exact Census FIPS; historical Census vintage used only where the i-Tree configuration refers to a retired county/county-equivalent.,17218.908752013722
ITC-1828,USA,New Mexico,Taos,Taos,US-FIPS:35055,Census TIGER/Line 2024 County,35055,Taos,EXACT_CURRENT_FIPS,Exact Census FIPS; historical Census vintage used only where the i-Tree configuration refers to a retired county/county-equivalent.,5707.50377610025
ITC-1829,USA,New Mexico,Torrance,Torrance,US-FIPS:35057,Census TIGER/Line 2024 County,35057,Torrance,EXACT_CURRENT_FIPS,Exact Census FIPS; historical Census vintage used only where the i-Tree configuration refers to a retired county/county-equivalent.,8666.377874204833
ITC-1830,USA,New Mexico,Union,Union,US-FIPS:35059,Census TIGER/Line 2024 County,35059,Union,EXACT_CURRENT_FIPS,Exact Census FIPS; historical Census vintage used only where the i-Tree configuration refers to a retired county/county-equivalent.,9922.33454506956
ITC-1831,USA,New Mexico,Valencia,Valencia,US-FIPS:35061,Census TIGER/Line 2024 County,35061,Valencia,EXACT_CURRENT_FIPS,Exact Census FIPS; historical Census vintage used only where the i-Tree configuration refers to a retired county/county-equivalent.,2765.6127058760135
ITC-1832,USA,New York,Albany,Albany,US-FIPS:36001,Census TIGER/Line 2024 County,36001,Albany,EXACT_CURRENT_FIPS,Exact Census FIPS; historical Census vintage used only where the i-Tree configuration refers to a retired county/county-equivalent.,1381.245378613826
ITC-1833,USA,New York,Allegany,Allegany,US-FIPS:36003,Census TIGER/Line 2024 County,36003,Allegany,EXACT_CURRENT_FIPS,Exact Census FIPS; historical Census vintage used only where the i-Tree configuration refers to a retired county/county-equivalent.,2679.400514146667
ITC-1834,USA,New York,Bronx,Bronx,US-FIPS:36005,Census TIGER/Line 2024 County,36005,Bronx,EXACT_CURRENT_FIPS,Exact Census FIPS; historical Census vintage used only where the i-Tree configuration refers to a retired county/county-equivalent.,148.5889761604814
ITC-1835,USA,New York,Broome,Broome,US-FIPS:36007,Census TIGER/Line 2024 County,36007,Broome,EXACT_CURRENT_FIPS,Exact Census FIPS; historical Census vintage used only where the i-Tree configuration refers to a retired county/county-equivalent.,1852.7059597652303
ITC-1836,USA,New York,Cattaraugus,Cattaraugus,US-FIPS:36009,Census TIGER/Line 2024 County,36009,Cattaraugus,EXACT_CURRENT_FIPS,Exact Census FIPS; historical Census vintage used only where the i-Tree configuration refers to a retired county/county-equivalent.,3424.9628570274417
ITC-1837,USA,New York,Cayuga,Cayuga,US-FIPS:36011,Census TIGER/Line 2024 County,36011,Cayuga,EXACT_CURRENT_FIPS,Exact Census FIPS; historical Census vintage used only where the i-Tree configuration refers to a retired county/county-equivalent.,2236.8639800077135
ITC-1838,USA,New York,Chautauqua,Chautauqua,US-FIPS:36013,Census TIGER/Line 2024 County,36013,Chautauqua,EXACT_CURRENT_FIPS,Exact Census FIPS; historical Census vintage used only where the i-Tree configuration refers to a retired county/county-equivalent.,3885.4515629800867
ITC-1839,USA,New York,Chemung,Chemung,US-FIPS:36015,Census TIGER/Line 2024 County,36015,Chemung,EXACT_CURRENT_FIPS,Exact Census FIPS; historical Census vintage used only where the i-Tree configuration refers to a retired county/county-equivalent.,1063.8639966076748
ITC-1840,USA,New York,Chenango,Chenango,US-FIPS:36017,Census TIGER/Line 2024 County,36017,Chenango,EXACT_CURRENT_FIPS,Exact Census FIPS; historical Census vintage used only where the i-Tree configuration refers to a retired county/county-equivalent.,2327.4405300819226
ITC-1841,USA,New York,Clinton,Clinton,US-FIPS:36019,Census TIGER/Line 2024 County,36019,Clinton,EXACT_CURRENT_FIPS,Exact Census FIPS; historical Census vintage used only where the i-Tree configuration refers to a retired county/county-equivalent.,2894.3468745475466
ITC-1842,USA,New York,Columbia,Columbia,US-FIPS:36021,Census TIGER/Line 2024 County,36021,Columbia,EXACT_CURRENT_FIPS,Exact Census FIPS; historical Census vintage used only where the i-Tree configuration refers to a retired county/county-equivalent.,1678.8430673347714
ITC-1843,USA,New York,Cortland,Cortland,US-FIPS:36023,Census TIGER/Line 2024 County,36023,Cortland,EXACT_CURRENT_FIPS,Exact Census FIPS; historical Census vintage used only where the i-Tree configuration refers to a retired county/county-equivalent.,1298.9284306896463
ITC-1844,USA,New York,Delaware,Delaware,US-FIPS:36025,Census TIGER/Line 2024 County,36025,Delaware,EXACT_CURRENT_FIPS,Exact Census FIPS; historical Census vintage used only where the i-Tree configuration refers to a retired county/county-equivalent.,3800.4722102160763
ITC-1845,USA,New York,Dutchess,Dutchess,US-FIPS:36027,Census TIGER/Line 2024 County,36027,Dutchess,EXACT_CURRENT_FIPS,Exact Census FIPS; historical Census vintage used only where the i-Tree configuration refers to a retired county/county-equivalent.,2137.5057775763185
ITC-1846,USA,New York,Erie,Erie,US-FIPS:36029,Census TIGER/Line 2024 County,36029,Erie,EXACT_CURRENT_FIPS,Exact Census FIPS; historical Census vintage used only where the i-Tree configuration refers to a retired county/county-equivalent.,3177.6011048337937
ITC-1847,USA,New York,Essex,Essex,US-FIPS:36031,Census TIGER/Line 2024 County,36031,Essex,EXACT_CURRENT_FIPS,Exact Census FIPS; historical Census vintage used only where the i-Tree configuration refers to a retired county/county-equivalent.,4963.102839828147
ITC-1848,USA,New York,Franklin,Franklin,US-FIPS:36033,Census TIGER/Line 2024 County,36033,Franklin,EXACT_CURRENT_FIPS,Exact Census FIPS; historical Census vintage used only where the i-Tree configuration refers to a retired county/county-equivalent.,4396.480681649377
ITC-1849,USA,New York,Fulton,Fulton,US-FIPS:36035,Census TIGER/Line 2024 County,36035,Fulton,EXACT_CURRENT_FIPS,Exact Census FIPS; historical Census vintage used only where the i-Tree configuration refers to a retired county/county-equivalent.,1380.1496862992713
ITC-1850,USA,New York,Genesee,Genesee,US-FIPS:36037,Census TIGER/Line 2024 County,36037,Genesee,EXACT_CURRENT_FIPS,Exact Census FIPS; historical Census vintage used only where the i-Tree configuration refers to a retired county/county-equivalent.,1282.9397984808647
ITC-1851,USA,New York,Greene,Greene,US-FIPS:36039,Census TIGER/Line 2024 County,36039,Greene,EXACT_CURRENT_FIPS,Exact Census FIPS; historical Census vintage used only where the i-Tree configuration refers to a retired county/county-equivalent.,1704.341450823257
ITC-1852,USA,New York,Hamilton,Hamilton,US-FIPS:36041,Census TIGER/Line 2024 County,36041,Hamilton,EXACT_CURRENT_FIPS,Exact Census FIPS; historical Census vintage used only where the i-Tree configuration refers to a retired county/county-equivalent.,4682.193639873956
ITC-1853,USA,New York,Herkimer,Herkimer,US-FIPS:36043,Census TIGER/Line 2024 County,36043,Herkimer,EXACT_CURRENT_FIPS,Exact Census FIPS; historical Census vintage used only where the i-Tree configuration refers to a retired county/county-equivalent.,3773.7583905239785
ITC-1854,USA,New York,Jefferson,Jefferson,US-FIPS:36045,Census TIGER/Line 2024 County,36045,Jefferson,EXACT_CURRENT_FIPS,Exact Census FIPS; historical Census vintage used only where the i-Tree configuration refers to a retired county/county-equivalent.,4808.40528206653
ITC-1855,USA,New York,Kings,Kings,US-FIPS:36047,Census TIGER/Line 2024 County,36047,Kings,EXACT_CURRENT_FIPS,Exact Census FIPS; historical Census vintage used only where the i-Tree configuration refers to a retired county/county-equivalent.,250.84416502696996
ITC-1856,USA,New York,Lewis,Lewis,US-FIPS:36049,Census TIGER/Line 2024 County,36049,Lewis,EXACT_CURRENT_FIPS,Exact Census FIPS; historical Census vintage used only where the i-Tree configuration refers to a retired county/county-equivalent.,3345.2743143318376
ITC-1857,USA,New York,Livingston,Livingston,US-FIPS:36051,Census TIGER/Line 2024 County,36051,Livingston,EXACT_CURRENT_FIPS,Exact Census FIPS; historical Census vintage used only where the i-Tree configuration refers to a retired county/county-equivalent.,1658.0530768454064
ITC-1858,USA,New York,Madison,Madison,US-FIPS:36053,Census TIGER/Line 2024 County,36053,Madison,EXACT_CURRENT_FIPS,Exact Census FIPS; historical Census vintage used only where the i-Tree configuration refers to a retired county/county-equivalent.,1712.745839441165
ITC-1859,USA,New York,Monroe,Monroe,US-FIPS:36055,Census TIGER/Line 2024 County,36055,Monroe,EXACT_CURRENT_FIPS,Exact Census FIPS; historical Census vintage used only where the i-Tree configuration refers to a retired county/county-equivalent.,3539.68852906444
ITC-1860,USA,New York,Montgomery,Montgomery,US-FIPS:36057,Census TIGER/Line 2024 County,36057,Montgomery,EXACT_CURRENT_FIPS,Exact Census FIPS; historical Census vintage used only where the i-Tree configuration refers to a retired county/county-equivalent.,1062.666625333291
ITC-1861,USA,New York,Nassau,Nassau,US-FIPS:36059,Census TIGER/Line 2024 County,36059,Nassau,EXACT_CURRENT_FIPS,Exact Census FIPS; historical Census vintage used only where the i-Tree configuration refers to a retired county/county-equivalent.,1174.2499119297684
ITC-1862,USA,New York,New York,New York,US-FIPS:36061,Census TIGER/Line 2024 County,36061,New York,EXACT_CURRENT_FIPS,Exact Census FIPS; historical Census vintage used only where the i-Tree configuration refers to a retired county/county-equivalent.,87.69428510065735
ITC-1863,USA,New York,Niagara,Niagara,US-FIPS:36063,Census TIGER/Line 2024 County,36063,Niagara,EXACT_CURRENT_FIPS,Exact Census FIPS; historical Census vintage used only where the i-Tree configuration refers to a retired county/county-equivalent.,2951.612826367467
ITC-1864,USA,New York,Oneida,Oneida,US-FIPS:36065,Census TIGER/Line 2024 County,36065,Oneida,EXACT_CURRENT_FIPS,Exact Census FIPS; historical Census vintage used only where the i-Tree configuration refers to a retired county/county-equivalent.,3257.5659510055134
ITC-1865,USA,New York,Onondaga,Onondaga,US-FIPS:36067,Census TIGER/Line 2024 County,36067,Onondaga,EXACT_CURRENT_FIPS,Exact Census FIPS; historical Census vintage used only where the i-Tree configuration refers to a retired county/county-equivalent.,2086.5410993255014
ITC-1866,USA,New York,Ontario,Ontario,US-FIPS:36069,Census TIGER/Line 2024 County,36069,Ontario,EXACT_CURRENT_FIPS,Exact Census FIPS; historical Census vintage used only where the i-Tree configuration refers to a retired county/county-equivalent.,1716.001668555712
ITC-1867,USA,New York,Orange,Orange,US-FIPS:36071,Census TIGER/Line 2024 County,36071,Orange,EXACT_CURRENT_FIPS,Exact Census FIPS; historical Census vintage used only where the i-Tree configuration refers to a retired county/county-equivalent.,2171.226629798813
ITC-1868,USA,New York,Orleans,Orleans,US-FIPS:36073,Census TIGER/Line 2024 County,36073,Orleans,EXACT_CURRENT_FIPS,Exact Census FIPS; historical Census vintage used only where the i-Tree configuration refers to a retired county/county-equivalent.,2117.0975987965176
ITC-1869,USA,New York,Oswego,Oswego,US-FIPS:36075,Census TIGER/Line 2024 County,36075,Oswego,EXACT_CURRENT_FIPS,Exact Census FIPS; historical Census vintage used only where the i-Tree configuration refers to a retired county/county-equivalent.,3398.1155352454452
ITC-1870,USA,New York,Otsego,Otsego,US-FIPS:36077,Census TIGER/Line 2024 County,36077,Otsego,EXACT_CURRENT_FIPS,Exact Census FIPS; historical Census vintage used only where the i-Tree configuration refers to a retired county/county-equivalent.,2630.8018243789793
ITC-1871,USA,New York,Putnam,Putnam,US-FIPS:36079,Census TIGER/Line 2024 County,36079,Putnam,EXACT_CURRENT_FIPS,Exact Census FIPS; historical Census vintage used only where the i-Tree configuration refers to a retired county/county-equivalent.,637.5789334437038
ITC-1872,USA,New York,Queens,Queens,US-FIPS:36081,Census TIGER/Line 2024 County,36081,Queens,EXACT_CURRENT_FIPS,Exact Census FIPS; historical Census vintage used only where the i-Tree configuration refers to a retired county/county-equivalent.,470.0395523808207
ITC-1873,USA,New York,Rensselaer,Rensselaer,US-FIPS:36083,Census TIGER/Line 2024 County,36083,Rensselaer,EXACT_CURRENT_FIPS,Exact Census FIPS; historical Census vintage used only where the i-Tree configuration refers to a retired county/county-equivalent.,1723.3865927630002
ITC-1874,USA,New York,Richmond,Richmond,US-FIPS:36085,Census TIGER/Line 2024 County,36085,Richmond,EXACT_CURRENT_FIPS,Exact Census FIPS; historical Census vintage used only where the i-Tree configuration refers to a retired county/county-equivalent.,266.4246241121657
ITC-1875,USA,New York,Rockland,Rockland,US-FIPS:36087,Census TIGER/Line 2024 County,36087,Rockland,EXACT_CURRENT_FIPS,Exact Census FIPS; historical Census vintage used only where the i-Tree configuration refers to a retired county/county-equivalent.,516.7604916205137
ITC-1876,USA,New York,Saratoga,Saratoga,US-FIPS:36091,Census TIGER/Line 2024 County,36091,Saratoga,EXACT_CURRENT_FIPS,Exact Census FIPS; historical Census vintage used only where the i-Tree configuration refers to a retired county/county-equivalent.,2185.298715683957
ITC-1877,USA,New York,Schenectady,Schenectady,US-FIPS:36093,Census TIGER/Line 2024 County,36093,Schenectady,EXACT_CURRENT_FIPS,Exact Census FIPS; historical Census vintage used only where the i-Tree configuration refers to a retired county/county-equivalent.,542.4563123767513
ITC-1878,USA,New York,Schoharie,Schoharie,US-FIPS:36095,Census TIGER/Line 2024 County,36095,Schoharie,EXACT_CURRENT_FIPS,Exact Census FIPS; historical Census vintage used only where the i-Tree configuration refers to a retired county/county-equivalent.,1622.1806263329288
ITC-1879,USA,New York,Schuyler,Schuyler,US-FIPS:36097,Census TIGER/Line 2024 County,36097,Schuyler,EXACT_CURRENT_FIPS,Exact Census FIPS; historical Census vintage used only where the i-Tree configuration refers to a retired county/county-equivalent.,886.6518619601745
ITC-1880,USA,New York,Seneca,Seneca,US-FIPS:36099,Census TIGER/Line 2024 County,36099,Seneca,EXACT_CURRENT_FIPS,Exact Census FIPS; historical Census vintage used only where the i-Tree configuration refers to a retired county/county-equivalent.,1011.1913970657938
ITC-1881,USA,New York,St. Lawrence,St. Lawrence,US-FIPS:36089,Census TIGER/Line 2024 County,36089,St. Lawrence,EXACT_CURRENT_FIPS,Exact Census FIPS; historical Census vintage used only where the i-Tree configuration refers to a retired county/county-equivalent.,7306.897007381253
ITC-1882,USA,New York,Steuben,Steuben,US-FIPS:36101,Census TIGER/Line 2024 County,36101,Steuben,EXACT_CURRENT_FIPS,Exact Census FIPS; historical Census vintage used only where the i-Tree configuration refers to a retired county/county-equivalent.,3636.4397303557307
ITC-1883,USA,New York,Suffolk,Suffolk,US-FIPS:36103,Census TIGER/Line 2024 County,36103,Suffolk,EXACT_CURRENT_FIPS,Exact Census FIPS; historical Census vintage used only where the i-Tree configuration refers to a retired county/county-equivalent.,6146.757704799286
ITC-1884,USA,New York,Sullivan,Sullivan,US-FIPS:36105,Census TIGER/Line 2024 County,36105,Sullivan,EXACT_CURRENT_FIPS,Exact Census FIPS; historical Census vintage used only where the i-Tree configuration refers to a retired county/county-equivalent.,2581.220997491479
ITC-1885,USA,New York,Tioga,Tioga,US-FIPS:36107,Census TIGER/Line 2024 County,36107,Tioga,EXACT_CURRENT_FIPS,Exact Census FIPS; historical Census vintage used only where the i-Tree configuration refers to a retired county/county-equivalent.,1354.6448494255542
ITC-1886,USA,New York,Tompkins,Tompkins,US-FIPS:36109,Census TIGER/Line 2024 County,36109,Tompkins,EXACT_CURRENT_FIPS,Exact Census FIPS; historical Census vintage used only where the i-Tree configuration refers to a retired county/county-equivalent.,1273.1029125667797
ITC-1887,USA,New York,Ulster,Ulster,US-FIPS:36111,Census TIGER/Line 2024 County,36111,Ulster,EXACT_CURRENT_FIPS,Exact Census FIPS; historical Census vintage used only where the i-Tree configuration refers to a retired county/county-equivalent.,3006.352956295425
ITC-1888,USA,New York,Warren,Warren,US-FIPS:36113,Census TIGER/Line 2024 County,36113,Warren,EXACT_CURRENT_FIPS,Exact Census FIPS; historical Census vintage used only where the i-Tree configuration refers to a retired county/county-equivalent.,2412.935569508429
ITC-1889,USA,New York,Washington,Washington,US-FIPS:36115,Census TIGER/Line 2024 County,36115,Washington,EXACT_CURRENT_FIPS,Exact Census FIPS; historical Census vintage used only where the i-Tree configuration refers to a retired county/county-equivalent.,2190.8973437853433
ITC-1890,USA,New York,Wayne,Wayne,US-FIPS:36117,Census TIGER/Line 2024 County,36117,Wayne,EXACT_CURRENT_FIPS,Exact Census FIPS; historical Census vintage used only where the i-Tree configuration refers to a retired county/county-equivalent.,3582.1049038975157
ITC-1891,USA,New York,Westchester,Westchester,US-FIPS:36119,Census TIGER/Line 2024 County,36119,Westchester,EXACT_CURRENT_FIPS,Exact Census FIPS; historical Census vintage used only where the i-Tree configuration refers to a retired county/county-equivalent.,1295.2080806106562
ITC-1892,USA,New York,Wyoming,Wyoming,US-FIPS:36121,Census TIGER/Line 2024 County,36121,Wyoming,EXACT_CURRENT_FIPS,Exact Census FIPS; historical Census vintage used only where the i-Tree configuration refers to a retired county/county-equivalent.,1544.1715187366917
ITC-1893,USA,New York,Yates,Yates,US-FIPS:36123,Census TIGER/Line 2024 County,36123,Yates,EXACT_CURRENT_FIPS,Exact Census FIPS; historical Census vintage used only where the i-Tree configuration refers to a retired county/county-equivalent.,973.2655188220485
ITC-1894,USA,North Carolina,Alamance,Alamance,US-FIPS:37001,Census TIGER/Line 2024 County,37001,Alamance,EXACT_CURRENT_FIPS,Exact Census FIPS; historical Census vintage used only where the i-Tree configuration refers to a retired county/county-equivalent.,1124.6765580760023
ITC-1895,USA,North Carolina,Alexander,Alexander,US-FIPS:37003,Census TIGER/Line 2024 County,37003,Alexander,EXACT_CURRENT_FIPS,Exact Census FIPS; historical Census vintage used only where the i-Tree configuration refers to a retired county/county-equivalent.,682.8040292984718
ITC-1896,USA,North Carolina,Alleghany,Alleghany,US-FIPS:37005,Census TIGER/Line 2024 County,37005,Alleghany,EXACT_CURRENT_FIPS,Exact Census FIPS; historical Census vintage used only where the i-Tree configuration refers to a retired county/county-equivalent.,611.9075845154634
ITC-1897,USA,North Carolina,Anson,Anson,US-FIPS:37007,Census TIGER/Line 2024 County,37007,Anson,EXACT_CURRENT_FIPS,Exact Census FIPS; historical Census vintage used only where the i-Tree configuration refers to a retired county/county-equivalent.,1391.0816116749095
ITC-1898,USA,North Carolina,Ashe,Ashe,US-FIPS:37009,Census TIGER/Line 2024 County,37009,Ashe,EXACT_CURRENT_FIPS,Exact Census FIPS; historical Census vintage used only where the i-Tree configuration refers to a retired county/county-equivalent.,1112.081998158733
ITC-1899,USA,North Carolina,Avery,Avery,US-FIPS:37011,Census TIGER/Line 2024 County,37011,Avery,EXACT_CURRENT_FIPS,Exact Census FIPS; historical Census vintage used only where the i-Tree configuration refers to a retired county/county-equivalent.,641.0474674312162
ITC-1900,USA,North Carolina,Beaufort,Beaufort,US-FIPS:37013,Census TIGER/Line 2024 County,37013,Beaufort,EXACT_CURRENT_FIPS,Exact Census FIPS; historical Census vintage used only where the i-Tree configuration refers to a retired county/county-equivalent.,2493.765210026373
ITC-1901,USA,North Carolina,Bertie,Bertie,US-FIPS:37015,Census TIGER/Line 2024 County,37015,Bertie,EXACT_CURRENT_FIPS,Exact Census FIPS; historical Census vintage used only where the i-Tree configuration refers to a retired county/county-equivalent.,1919.9790739119169
ITC-1902,USA,North Carolina,Bladen,Bladen,US-FIPS:37017,Census TIGER/Line 2024 County,37017,Bladen,EXACT_CURRENT_FIPS,Exact Census FIPS; historical Census vintage used only where the i-Tree configuration refers to a retired county/county-equivalent.,2299.1470104058844
ITC-1903,USA,North Carolina,Brunswick,Brunswick,US-FIPS:37019,Census TIGER/Line 2024 County,37019,Brunswick,EXACT_CURRENT_FIPS,Exact Census FIPS; historical Census vintage used only where the i-Tree configuration refers to a retired county/county-equivalent.,2718.2992558173105
ITC-1904,USA,North Carolina,Buncombe,Buncombe,US-FIPS:37021,Census TIGER/Line 2024 County,37021,Buncombe,EXACT_CURRENT_FIPS,Exact Census FIPS; historical Census vintage used only where the i-Tree configuration refers to a retired county/county-equivalent.,1709.2432587760754
ITC-1905,USA,North Carolina,Burke,Burke,US-FIPS:37023,Census TIGER/Line 2024 County,37023,Burke,EXACT_CURRENT_FIPS,Exact Census FIPS; historical Census vintage used only where the i-Tree configuration refers to a retired county/county-equivalent.,1331.8674818393883
ITC-1906,USA,North Carolina,Cabarrus,Cabarrus,US-FIPS:37025,Census TIGER/Line 2024 County,37025,Cabarrus,EXACT_CURRENT_FIPS,Exact Census FIPS; historical Census vintage used only where the i-Tree configuration refers to a retired county/county-equivalent.,942.573339577077
ITC-1907,USA,North Carolina,Caldwell,Caldwell,US-FIPS:37027,Census TIGER/Line 2024 County,37027,Caldwell,EXACT_CURRENT_FIPS,Exact Census FIPS; historical Census vintage used only where the i-Tree configuration refers to a retired county/county-equivalent.,1229.2371540114218
ITC-1908,USA,North Carolina,Camden,Camden,US-FIPS:37029,Census TIGER/Line 2024 County,37029,Camden,EXACT_CURRENT_FIPS,Exact Census FIPS; historical Census vintage used only where the i-Tree configuration refers to a retired county/county-equivalent.,803.5635611383846
ITC-1909,USA,North Carolina,Carteret,Carteret,US-FIPS:37031,Census TIGER/Line 2024 County,37031,Carteret,EXACT_CURRENT_FIPS,Exact Census FIPS; historical Census vintage used only where the i-Tree configuration refers to a retired county/county-equivalent.,3445.756891307883
ITC-1910,USA,North Carolina,Caswell,Caswell,US-FIPS:37033,Census TIGER/Line 2024 County,37033,Caswell,EXACT_CURRENT_FIPS,Exact Census FIPS; historical Census vintage used only where the i-Tree configuration refers to a retired county/county-equivalent.,1110.3366839807004
ITC-1911,USA,North Carolina,Catawba,Catawba,US-FIPS:37035,Census TIGER/Line 2024 County,37035,Catawba,EXACT_CURRENT_FIPS,Exact Census FIPS; historical Census vintage used only where the i-Tree configuration refers to a retired county/county-equivalent.,1077.4960613523388
ITC-1912,USA,North Carolina,Chatham,Chatham,US-FIPS:37037,Census TIGER/Line 2024 County,37037,Chatham,EXACT_CURRENT_FIPS,Exact Census FIPS; historical Census vintage used only where the i-Tree configuration refers to a retired county/county-equivalent.,1835.6115414642147
ITC-1913,USA,North Carolina,Cherokee,Cherokee,US-FIPS:37039,Census TIGER/Line 2024 County,37039,Cherokee,EXACT_CURRENT_FIPS,Exact Census FIPS; historical Census vintage used only where the i-Tree configuration refers to a retired county/county-equivalent.,1208.6558465783173
ITC-1914,USA,North Carolina,Chowan,Chowan,US-FIPS:37041,Census TIGER/Line 2024 County,37041,Chowan,EXACT_CURRENT_FIPS,Exact Census FIPS; historical Census vintage used only where the i-Tree configuration refers to a retired county/county-equivalent.,605.146341672725
ITC-1915,USA,North Carolina,Clay,Clay,US-FIPS:37043,Census TIGER/Line 2024 County,37043,Clay,EXACT_CURRENT_FIPS,Exact Census FIPS; historical Census vintage used only where the i-Tree configuration refers to a retired county/county-equivalent.,571.896101245186
ITC-1916,USA,North Carolina,Cleveland,Cleveland,US-FIPS:37045,Census TIGER/Line 2024 County,37045,Cleveland,EXACT_CURRENT_FIPS,Exact Census FIPS; historical Census vintage used only where the i-Tree configuration refers to a retired county/county-equivalent.,1212.5783971302421
ITC-1917,USA,North Carolina,Columbus,Columbus,US-FIPS:37047,Census TIGER/Line 2024 County,37047,Columbus,EXACT_CURRENT_FIPS,Exact Census FIPS; historical Census vintage used only where the i-Tree configuration refers to a retired county/county-equivalent.,2473.6329208319917
ITC-1918,USA,North Carolina,Craven,Craven,US-FIPS:37049,Census TIGER/Line 2024 County,37049,Craven,EXACT_CURRENT_FIPS,Exact Census FIPS; historical Census vintage used only where the i-Tree configuration refers to a retired county/county-equivalent.,2002.7922018921797
ITC-1919,USA,North Carolina,Cumberland,Cumberland,US-FIPS:37051,Census TIGER/Line 2024 County,37051,Cumberland,EXACT_CURRENT_FIPS,Exact Census FIPS; historical Census vintage used only where the i-Tree configuration refers to a retired county/county-equivalent.,1705.4495202195183
ITC-1920,USA,North Carolina,Currituck,Currituck,US-FIPS:37053,Census TIGER/Line 2024 County,37053,Currituck,EXACT_CURRENT_FIPS,Exact Census FIPS; historical Census vintage used only where the i-Tree configuration refers to a retired county/county-equivalent.,1363.4254856097307
ITC-1921,USA,North Carolina,Dare,Dare,US-FIPS:37055,Census TIGER/Line 2024 County,37055,Dare,EXACT_CURRENT_FIPS,Exact Census FIPS; historical Census vintage used only where the i-Tree configuration refers to a retired county/county-equivalent.,3993.045313172424
ITC-1922,USA,North Carolina,Davidson,Davidson,US-FIPS:37057,Census TIGER/Line 2024 County,37057,Davidson,EXACT_CURRENT_FIPS,Exact Census FIPS; historical Census vintage used only where the i-Tree configuration refers to a retired county/county-equivalent.,1469.8480912170212
ITC-1923,USA,North Carolina,Davie,Davie,US-FIPS:37059,Census TIGER/Line 2024 County,37059,Davie,EXACT_CURRENT_FIPS,Exact Census FIPS; historical Census vintage used only where the i-Tree configuration refers to a retired county/county-equivalent.,690.4888784833637
ITC-1924,USA,North Carolina,Duplin,Duplin,US-FIPS:37061,Census TIGER/Line 2024 County,37061,Duplin,EXACT_CURRENT_FIPS,Exact Census FIPS; historical Census vintage used only where the i-Tree configuration refers to a retired county/county-equivalent.,2124.3541739834914
ITC-1925,USA,North Carolina,Durham,Durham,US-FIPS:37063,Census TIGER/Line 2024 County,37063,Durham,EXACT_CURRENT_FIPS,Exact Census FIPS; historical Census vintage used only where the i-Tree configuration refers to a retired county/county-equivalent.,771.4604954679003
ITC-1926,USA,North Carolina,Edgecombe,Edgecombe,US-FIPS:37065,Census TIGER/Line 2024 County,37065,Edgecombe,EXACT_CURRENT_FIPS,Exact Census FIPS; historical Census vintage used only where the i-Tree configuration refers to a retired county/county-equivalent.,1312.7802650836284
ITC-1927,USA,North Carolina,Forsyth,Forsyth,US-FIPS:37067,Census TIGER/Line 2024 County,37067,Forsyth,EXACT_CURRENT_FIPS,Exact Census FIPS; historical Census vintage used only where the i-Tree configuration refers to a retired county/county-equivalent.,1068.4787769463755
ITC-1928,USA,North Carolina,Franklin,Franklin,US-FIPS:37069,Census TIGER/Line 2024 County,37069,Franklin,EXACT_CURRENT_FIPS,Exact Census FIPS; historical Census vintage used only where the i-Tree configuration refers to a retired county/county-equivalent.,1280.9361236258023
ITC-1929,USA,North Carolina,Gaston,Gaston,US-FIPS:37071,Census TIGER/Line 2024 County,37071,Gaston,EXACT_CURRENT_FIPS,Exact Census FIPS; historical Census vintage used only where the i-Tree configuration refers to a retired county/county-equivalent.,941.9388326641663
ITC-1930,USA,North Carolina,Gates,Gates,US-FIPS:37073,Census TIGER/Line 2024 County,37073,Gates,EXACT_CURRENT_FIPS,Exact Census FIPS; historical Census vintage used only where the i-Tree configuration refers to a retired county/county-equivalent.,895.4727932722622
ITC-1931,USA,North Carolina,Graham,Graham,US-FIPS:37075,Census TIGER/Line 2024 County,37075,Graham,EXACT_CURRENT_FIPS,Exact Census FIPS; historical Census vintage used only where the i-Tree configuration refers to a retired county/county-equivalent.,781.2506801028298
ITC-1932,USA,North Carolina,Granville,Granville,US-FIPS:37077,Census TIGER/Line 2024 County,37077,Granville,EXACT_CURRENT_FIPS,Exact Census FIPS; historical Census vintage used only where the i-Tree configuration refers to a retired county/county-equivalent.,1392.3539563227362
ITC-1933,USA,North Carolina,Greene,Greene,US-FIPS:37079,Census TIGER/Line 2024 County,37079,Greene,EXACT_CURRENT_FIPS,Exact Census FIPS; historical Census vintage used only where the i-Tree configuration refers to a retired county/county-equivalent.,692.0685666399232
ITC-1934,USA,North Carolina,Guilford,Guilford,US-FIPS:37081,Census TIGER/Line 2024 County,37081,Guilford,EXACT_CURRENT_FIPS,Exact Census FIPS; historical Census vintage used only where the i-Tree configuration refers to a retired county/county-equivalent.,1703.370407319876
ITC-1935,USA,North Carolina,Halifax,Halifax,US-FIPS:37083,Census TIGER/Line 2024 County,37083,Halifax,EXACT_CURRENT_FIPS,Exact Census FIPS; historical Census vintage used only where the i-Tree configuration refers to a retired county/county-equivalent.,1891.3928837074116
ITC-1936,USA,North Carolina,Harnett,Harnett,US-FIPS:37085,Census TIGER/Line 2024 County,37085,Harnett,EXACT_CURRENT_FIPS,Exact Census FIPS; historical Census vintage used only where the i-Tree configuration refers to a retired county/county-equivalent.,1557.661161008892
ITC-1937,USA,North Carolina,Haywood,Haywood,US-FIPS:37087,Census TIGER/Line 2024 County,37087,Haywood,EXACT_CURRENT_FIPS,Exact Census FIPS; historical Census vintage used only where the i-Tree configuration refers to a retired county/county-equivalent.,1436.1524460236506
ITC-1938,USA,North Carolina,Henderson,Henderson,US-FIPS:37089,Census TIGER/Line 2024 County,37089,Henderson,EXACT_CURRENT_FIPS,Exact Census FIPS; historical Census vintage used only where the i-Tree configuration refers to a retired county/county-equivalent.,971.4843980601274
ITC-1939,USA,North Carolina,Hertford,Hertford,US-FIPS:37091,Census TIGER/Line 2024 County,37091,Hertford,EXACT_CURRENT_FIPS,Exact Census FIPS; historical Census vintage used only where the i-Tree configuration refers to a retired county/county-equivalent.,933.4270595872475
ITC-1940,USA,North Carolina,Hoke,Hoke,US-FIPS:37093,Census TIGER/Line 2024 County,37093,Hoke,EXACT_CURRENT_FIPS,Exact Census FIPS; historical Census vintage used only where the i-Tree configuration refers to a retired county/county-equivalent.,1014.4409636808203
ITC-1941,USA,North Carolina,Hyde,Hyde,US-FIPS:37095,Census TIGER/Line 2024 County,37095,Hyde,EXACT_CURRENT_FIPS,Exact Census FIPS; historical Census vintage used only where the i-Tree configuration refers to a retired county/county-equivalent.,3778.894329090543
ITC-1942,USA,North Carolina,Iredell,Iredell,US-FIPS:37097,Census TIGER/Line 2024 County,37097,Iredell,EXACT_CURRENT_FIPS,Exact Census FIPS; historical Census vintage used only where the i-Tree configuration refers to a retired county/county-equivalent.,1547.238298542407
ITC-1943,USA,North Carolina,Jackson,Jackson,US-FIPS:37099,Census TIGER/Line 2024 County,37099,Jackson,EXACT_CURRENT_FIPS,Exact Census FIPS; historical Census vintage used only where the i-Tree configuration refers to a retired county/county-equivalent.,1281.7156440860717
ITC-1944,USA,North Carolina,Johnston,Johnston,US-FIPS:37101,Census TIGER/Line 2024 County,37101,Johnston,EXACT_CURRENT_FIPS,Exact Census FIPS; historical Census vintage used only where the i-Tree configuration refers to a retired county/county-equivalent.,2060.720752330606
ITC-1945,USA,North Carolina,Jones,Jones,US-FIPS:37103,Census TIGER/Line 2024 County,37103,Jones,EXACT_CURRENT_FIPS,Exact Census FIPS; historical Census vintage used only where the i-Tree configuration refers to a retired county/county-equivalent.,1226.8686657318929
ITC-1946,USA,North Carolina,Lee,Lee,US-FIPS:37105,Census TIGER/Line 2024 County,37105,Lee,EXACT_CURRENT_FIPS,Exact Census FIPS; historical Census vintage used only where the i-Tree configuration refers to a retired county/county-equivalent.,671.3329790594477
ITC-1947,USA,North Carolina,Lenoir,Lenoir,US-FIPS:37107,Census TIGER/Line 2024 County,37107,Lenoir,EXACT_CURRENT_FIPS,Exact Census FIPS; historical Census vintage used only where the i-Tree configuration refers to a retired county/county-equivalent.,1039.5307610349746
ITC-1948,USA,North Carolina,Lincoln,Lincoln,US-FIPS:37109,Census TIGER/Line 2024 County,37109,Lincoln,EXACT_CURRENT_FIPS,Exact Census FIPS; historical Census vintage used only where the i-Tree configuration refers to a retired county/county-equivalent.,789.5900508018113
ITC-1949,USA,North Carolina,Macon,Macon,US-FIPS:37113,Census TIGER/Line 2024 County,37113,Macon,EXACT_CURRENT_FIPS,Exact Census FIPS; historical Census vintage used only where the i-Tree configuration refers to a retired county/county-equivalent.,1345.8816939607127
ITC-1950,USA,North Carolina,Madison,Madison,US-FIPS:37115,Census TIGER/Line 2024 County,37115,Madison,EXACT_CURRENT_FIPS,Exact Census FIPS; historical Census vintage used only where the i-Tree configuration refers to a retired county/county-equivalent.,1169.3386098278309
ITC-1951,USA,North Carolina,Martin,Martin,US-FIPS:37117,Census TIGER/Line 2024 County,37117,Martin,EXACT_CURRENT_FIPS,Exact Census FIPS; historical Census vintage used only where the i-Tree configuration refers to a retired county/county-equivalent.,1182.8490263112765
ITC-1952,USA,North Carolina,McDowell,McDowell,US-FIPS:37111,Census TIGER/Line 2024 County,37111,McDowell,EXACT_CURRENT_FIPS,Exact Census FIPS; historical Census vintage used only where the i-Tree configuration refers to a retired county/county-equivalent.,1153.453904016922
ITC-1953,USA,North Carolina,Mecklenburg,Mecklenburg,US-FIPS:37119,Census TIGER/Line 2024 County,37119,Mecklenburg,EXACT_CURRENT_FIPS,Exact Census FIPS; historical Census vintage used only where the i-Tree configuration refers to a retired county/county-equivalent.,1414.339639335924
ITC-1954,USA,North Carolina,Mitchell,Mitchell,US-FIPS:37121,Census TIGER/Line 2024 County,37121,Mitchell,EXACT_CURRENT_FIPS,Exact Census FIPS; historical Census vintage used only where the i-Tree configuration refers to a retired county/county-equivalent.,574.6684643824896
ITC-1955,USA,North Carolina,Montgomery,Montgomery,US-FIPS:37123,Census TIGER/Line 2024 County,37123,Montgomery,EXACT_CURRENT_FIPS,Exact Census FIPS; historical Census vintage used only where the i-Tree configuration refers to a retired county/county-equivalent.,1298.9623653347428
ITC-1956,USA,North Carolina,Moore,Moore,US-FIPS:37125,Census TIGER/Line 2024 County,37125,Moore,EXACT_CURRENT_FIPS,Exact Census FIPS; historical Census vintage used only where the i-Tree configuration refers to a retired county/county-equivalent.,1827.6998268212906
ITC-1957,USA,North Carolina,Nash,Nash,US-FIPS:37127,Census TIGER/Line 2024 County,37127,Nash,EXACT_CURRENT_FIPS,Exact Census FIPS; historical Census vintage used only where the i-Tree configuration refers to a retired county/county-equivalent.,1405.9173364792111
ITC-1958,USA,North Carolina,New Hanover,New Hanover,US-FIPS:37129,Census TIGER/Line 2024 County,37129,New Hanover,EXACT_CURRENT_FIPS,Exact Census FIPS; historical Census vintage used only where the i-Tree configuration refers to a retired county/county-equivalent.,851.7460410902862
ITC-1959,USA,North Carolina,Northampton,Northampton,US-FIPS:37131,Census TIGER/Line 2024 County,37131,Northampton,EXACT_CURRENT_FIPS,Exact Census FIPS; historical Census vintage used only where the i-Tree configuration refers to a retired county/county-equivalent.,1425.9240480244755
ITC-1960,USA,North Carolina,Onslow,Onslow,US-FIPS:37133,Census TIGER/Line 2024 County,37133,Onslow,EXACT_CURRENT_FIPS,Exact Census FIPS; historical Census vintage used only where the i-Tree configuration refers to a retired county/county-equivalent.,2344.441109668473
ITC-1961,USA,North Carolina,Orange,Orange,US-FIPS:37135,Census TIGER/Line 2024 County,37135,Orange,EXACT_CURRENT_FIPS,Exact Census FIPS; historical Census vintage used only where the i-Tree configuration refers to a retired county/county-equivalent.,1038.4807256644067
ITC-1962,USA,North Carolina,Pamlico,Pamlico,US-FIPS:37137,Census TIGER/Line 2024 County,37137,Pamlico,EXACT_CURRENT_FIPS,Exact Census FIPS; historical Census vintage used only where the i-Tree configuration refers to a retired county/county-equivalent.,1454.6095207886433
ITC-1963,USA,North Carolina,Pasquotank,Pasquotank,US-FIPS:37139,Census TIGER/Line 2024 County,37139,Pasquotank,EXACT_CURRENT_FIPS,Exact Census FIPS; historical Census vintage used only where the i-Tree configuration refers to a retired county/county-equivalent.,749.3624450706494
ITC-1964,USA,North Carolina,Pender,Pender,US-FIPS:37141,Census TIGER/Line 2024 County,37141,Pender,EXACT_CURRENT_FIPS,Exact Census FIPS; historical Census vintage used only where the i-Tree configuration refers to a retired county/county-equivalent.,2419.480507308666
ITC-1965,USA,North Carolina,Perquimans,Perquimans,US-FIPS:37143,Census TIGER/Line 2024 County,37143,Perquimans,EXACT_CURRENT_FIPS,Exact Census FIPS; historical Census vintage used only where the i-Tree configuration refers to a retired county/county-equivalent.,851.9277134212861
ITC-1966,USA,North Carolina,Person,Person,US-FIPS:37145,Census TIGER/Line 2024 County,37145,Person,EXACT_CURRENT_FIPS,Exact Census FIPS; historical Census vintage used only where the i-Tree configuration refers to a retired county/county-equivalent.,1047.3604656212356
ITC-1967,USA,North Carolina,Pitt,Pitt,US-FIPS:37147,Census TIGER/Line 2024 County,37147,Pitt,EXACT_CURRENT_FIPS,Exact Census FIPS; historical Census vintage used only where the i-Tree configuration refers to a retired county/county-equivalent.,1697.8678568341863
ITC-1968,USA,North Carolina,Polk,Polk,US-FIPS:37149,Census TIGER/Line 2024 County,37149,Polk,EXACT_CURRENT_FIPS,Exact Census FIPS; historical Census vintage used only where the i-Tree configuration refers to a retired county/county-equivalent.,617.5704715707923
ITC-1969,USA,North Carolina,Randolph,Randolph,US-FIPS:37151,Census TIGER/Line 2024 County,37151,Randolph,EXACT_CURRENT_FIPS,Exact Census FIPS; historical Census vintage used only where the i-Tree configuration refers to a retired county/county-equivalent.,2045.9463090599372
ITC-1970,USA,North Carolina,Richmond,Richmond,US-FIPS:37153,Census TIGER/Line 2024 County,37153,Richmond,EXACT_CURRENT_FIPS,Exact Census FIPS; historical Census vintage used only where the i-Tree configuration refers to a retired county/county-equivalent.,1242.4250892851671
ITC-1971,USA,North Carolina,Robeson,Robeson,US-FIPS:37155,Census TIGER/Line 2024 County,37155,Robeson,EXACT_CURRENT_FIPS,Exact Census FIPS; historical Census vintage used only where the i-Tree configuration refers to a retired county/county-equivalent.,2458.5574512233916
ITC-1972,USA,North Carolina,Rockingham,Rockingham,US-FIPS:37157,Census TIGER/Line 2024 County,37157,Rockingham,EXACT_CURRENT_FIPS,Exact Census FIPS; historical Census vintage used only where the i-Tree configuration refers to a retired county/county-equivalent.,1483.4415821596172
ITC-1973,USA,North Carolina,Rowan,Rowan,US-FIPS:37159,Census TIGER/Line 2024 County,37159,Rowan,EXACT_CURRENT_FIPS,Exact Census FIPS; historical Census vintage used only where the i-Tree configuration refers to a retired county/county-equivalent.,1357.0306780354467
ITC-1974,USA,North Carolina,Rutherford,Rutherford,US-FIPS:37161,Census TIGER/Line 2024 County,37161,Rutherford,EXACT_CURRENT_FIPS,Exact Census FIPS; historical Census vintage used only where the i-Tree configuration refers to a retired county/county-equivalent.,1469.1691621290074
ITC-1975,USA,North Carolina,Sampson,Sampson,US-FIPS:37163,Census TIGER/Line 2024 County,37163,Sampson,EXACT_CURRENT_FIPS,Exact Census FIPS; historical Census vintage used only where the i-Tree configuration refers to a retired county/county-equivalent.,2454.870240701595
ITC-1976,USA,North Carolina,Scotland,Scotland,US-FIPS:37165,Census TIGER/Line 2024 County,37165,Scotland,EXACT_CURRENT_FIPS,Exact Census FIPS; historical Census vintage used only where the i-Tree configuration refers to a retired county/county-equivalent.,830.4125026053804
ITC-1977,USA,North Carolina,Stanly,Stanly,US-FIPS:37167,Census TIGER/Line 2024 County,37167,Stanly,EXACT_CURRENT_FIPS,Exact Census FIPS; historical Census vintage used only where the i-Tree configuration refers to a retired county/county-equivalent.,1048.4368189720212
ITC-1978,USA,North Carolina,Stokes,Stokes,US-FIPS:37169,Census TIGER/Line 2024 County,37169,Stokes,EXACT_CURRENT_FIPS,Exact Census FIPS; historical Census vintage used only where the i-Tree configuration refers to a retired county/county-equivalent.,1181.3188227412525
ITC-1979,USA,North Carolina,Surry,Surry,US-FIPS:37171,Census TIGER/Line 2024 County,37171,Surry,EXACT_CURRENT_FIPS,Exact Census FIPS; historical Census vintage used only where the i-Tree configuration refers to a retired county/county-equivalent.,1389.9344349183261
ITC-1980,USA,North Carolina,Swain,Swain,US-FIPS:37173,Census TIGER/Line 2024 County,37173,Swain,EXACT_CURRENT_FIPS,Exact Census FIPS; historical Census vintage used only where the i-Tree configuration refers to a retired county/county-equivalent.,1399.2198222960426
ITC-1981,USA,North Carolina,Transylvania,Transylvania,US-FIPS:37175,Census TIGER/Line 2024 County,37175,Transylvania,EXACT_CURRENT_FIPS,Exact Census FIPS; historical Census vintage used only where the i-Tree configuration refers to a retired county/county-equivalent.,985.0348845414678
ITC-1982,USA,North Carolina,Tyrrell,Tyrrell,US-FIPS:37177,Census TIGER/Line 2024 County,37177,Tyrrell,EXACT_CURRENT_FIPS,Exact Census FIPS; historical Census vintage used only where the i-Tree configuration refers to a retired county/county-equivalent.,1546.678307380727
ITC-1983,USA,North Carolina,Union,Union,US-FIPS:37179,Census TIGER/Line 2024 County,37179,Union,EXACT_CURRENT_FIPS,Exact Census FIPS; historical Census vintage used only where the i-Tree configuration refers to a retired county/county-equivalent.,1656.670706395908
ITC-1984,USA,North Carolina,Vance,Vance,US-FIPS:37181,Census TIGER/Line 2024 County,37181,Vance,EXACT_CURRENT_FIPS,Exact Census FIPS; historical Census vintage used only where the i-Tree configuration refers to a retired county/county-equivalent.,695.8923403168579
ITC-1985,USA,North Carolina,Wake,Wake,US-FIPS:37183,Census TIGER/Line 2024 County,37183,Wake,EXACT_CURRENT_FIPS,Exact Census FIPS; historical Census vintage used only where the i-Tree configuration refers to a retired county/county-equivalent.,2219.651323748875
ITC-1986,USA,North Carolina,Warren,Warren,US-FIPS:37185,Census TIGER/Line 2024 County,37185,Warren,EXACT_CURRENT_FIPS,Exact Census FIPS; historical Census vintage used only where the i-Tree configuration refers to a retired county/county-equivalent.,1150.733312127852
ITC-1987,USA,North Carolina,Washington,Washington,US-FIPS:37187,Census TIGER/Line 2024 County,37187,Washington,EXACT_CURRENT_FIPS,Exact Census FIPS; historical Census vintage used only where the i-Tree configuration refers to a retired county/county-equivalent.,1092.7386513613903
ITC-1988,USA,North Carolina,Watauga,Watauga,US-FIPS:37189,Census TIGER/Line 2024 County,37189,Watauga,EXACT_CURRENT_FIPS,Exact Census FIPS; historical Census vintage used only where the i-Tree configuration refers to a retired county/county-equivalent.,811.4865362593347
ITC-1989,USA,North Carolina,Wayne,Wayne,US-FIPS:37191,Census TIGER/Line 2024 County,37191,Wayne,EXACT_CURRENT_FIPS,Exact Census FIPS; historical Census vintage used only where the i-Tree configuration refers to a retired county/county-equivalent.,1444.4936558598893
ITC-1990,USA,North Carolina,Wilkes,Wilkes,US-FIPS:37193,Census TIGER/Line 2024 County,37193,Wilkes,EXACT_CURRENT_FIPS,Exact Census FIPS; historical Census vintage used only where the i-Tree configuration refers to a retired county/county-equivalent.,1958.870570350364
ITC-1991,USA,North Carolina,Wilson,Wilson,US-FIPS:37195,Census TIGER/Line 2024 County,37195,Wilson,EXACT_CURRENT_FIPS,Exact Census FIPS; historical Census vintage used only where the i-Tree configuration refers to a retired county/county-equivalent.,966.3454928033996
ITC-1992,USA,North Carolina,Yadkin,Yadkin,US-FIPS:37197,Census TIGER/Line 2024 County,37197,Yadkin,EXACT_CURRENT_FIPS,Exact Census FIPS; historical Census vintage used only where the i-Tree configuration refers to a retired county/county-equivalent.,874.6743560414878
ITC-1993,USA,North Carolina,Yancey,Yancey,US-FIPS:37199,Census TIGER/Line 2024 County,37199,Yancey,EXACT_CURRENT_FIPS,Exact Census FIPS; historical Census vintage used only where the i-Tree configuration refers to a retired county/county-equivalent.,811.1346684961754
ITC-1994,USA,North Dakota,Adams,Adams,US-FIPS:38001,Census TIGER/Line 2024 County,38001,Adams,EXACT_CURRENT_FIPS,Exact Census FIPS; historical Census vintage used only where the i-Tree configuration refers to a retired county/county-equivalent.,2560.6290322303357
ITC-1995,USA,North Dakota,Barnes,Barnes,US-FIPS:38003,Census TIGER/Line 2024 County,38003,Barnes,EXACT_CURRENT_FIPS,Exact Census FIPS; historical Census vintage used only where the i-Tree configuration refers to a retired county/county-equivalent.,3919.699034453599
ITC-1996,USA,North Dakota,Benson,Benson,US-FIPS:38005,Census TIGER/Line 2024 County,38005,Benson,EXACT_CURRENT_FIPS,Exact Census FIPS; historical Census vintage used only where the i-Tree configuration refers to a retired county/county-equivalent.,3728.019486450218
ITC-1997,USA,North Dakota,Billings,Billings,US-FIPS:38007,Census TIGER/Line 2024 County,38007,Billings,EXACT_CURRENT_FIPS,Exact Census FIPS; historical Census vintage used only where the i-Tree configuration refers to a retired county/county-equivalent.,2986.5579212480793
ITC-1998,USA,North Dakota,Bottineau,Bottineau,US-FIPS:38009,Census TIGER/Line 2024 County,38009,Bottineau,EXACT_CURRENT_FIPS,Exact Census FIPS; historical Census vintage used only where the i-Tree configuration refers to a retired county/county-equivalent.,4397.011257831563
ITC-1999,USA,North Dakota,Bowman,Bowman,US-FIPS:38011,Census TIGER/Line 2024 County,38011,Bowman,EXACT_CURRENT_FIPS,Exact Census FIPS; historical Census vintage used only where the i-Tree configuration refers to a retired county/county-equivalent.,3022.655687060952
ITC-2000,USA,North Dakota,Burke,Burke,US-FIPS:38013,Census TIGER/Line 2024 County,38013,Burke,EXACT_CURRENT_FIPS,Exact Census FIPS; historical Census vintage used only where the i-Tree configuration refers to a retired county/county-equivalent.,2924.094653443585
ITC-2001,USA,North Dakota,Burleigh,Burleigh,US-FIPS:38015,Census TIGER/Line 2024 County,38015,Burleigh,EXACT_CURRENT_FIPS,Exact Census FIPS; historical Census vintage used only where the i-Tree configuration refers to a retired county/county-equivalent.,4321.350905820945
ITC-2002,USA,North Dakota,Cass,Cass,US-FIPS:38017,Census TIGER/Line 2024 County,38017,Cass,EXACT_CURRENT_FIPS,Exact Census FIPS; historical Census vintage used only where the i-Tree configuration refers to a retired county/county-equivalent.,4578.608440022184
ITC-2003,USA,North Dakota,Cavalier,Cavalier,US-FIPS:38019,Census TIGER/Line 2024 County,38019,Cavalier,EXACT_CURRENT_FIPS,Exact Census FIPS; historical Census vintage used only where the i-Tree configuration refers to a retired county/county-equivalent.,3910.4252179658924
ITC-2004,USA,North Dakota,Dickey,Dickey,US-FIPS:38021,Census TIGER/Line 2024 County,38021,Dickey,EXACT_CURRENT_FIPS,Exact Census FIPS; historical Census vintage used only where the i-Tree configuration refers to a retired county/county-equivalent.,2958.1745057344433
ITC-2005,USA,North Dakota,Divide,Divide,US-FIPS:38023,Census TIGER/Line 2024 County,38023,Divide,EXACT_CURRENT_FIPS,Exact Census FIPS; historical Census vintage used only where the i-Tree configuration refers to a retired county/county-equivalent.,3352.9871824112174
ITC-2006,USA,North Dakota,Dunn,Dunn,US-FIPS:38025,Census TIGER/Line 2024 County,38025,Dunn,EXACT_CURRENT_FIPS,Exact Census FIPS; historical Census vintage used only where the i-Tree configuration refers to a retired county/county-equivalent.,5392.498303425025
ITC-2007,USA,North Dakota,Eddy,Eddy,US-FIPS:38027,Census TIGER/Line 2024 County,38027,Eddy,EXACT_CURRENT_FIPS,Exact Census FIPS; historical Census vintage used only where the i-Tree configuration refers to a retired county/county-equivalent.,1668.324360918752
ITC-2008,USA,North Dakota,Emmons,Emmons,US-FIPS:38029,Census TIGER/Line 2024 County,38029,Emmons,EXACT_CURRENT_FIPS,Exact Census FIPS; historical Census vintage used only where the i-Tree configuration refers to a retired county/county-equivalent.,4028.2384750189935
ITC-2009,USA,North Dakota,Foster,Foster,US-FIPS:38031,Census TIGER/Line 2024 County,38031,Foster,EXACT_CURRENT_FIPS,Exact Census FIPS; historical Census vintage used only where the i-Tree configuration refers to a retired county/county-equivalent.,1675.3622066006756
ITC-2010,USA,North Dakota,Golden Valley,Golden Valley,US-FIPS:38033,Census TIGER/Line 2024 County,38033,Golden Valley,EXACT_CURRENT_FIPS,Exact Census FIPS; historical Census vintage used only where the i-Tree configuration refers to a retired county/county-equivalent.,2596.429701353482
ITC-2011,USA,North Dakota,Grand Forks,Grand Forks,US-FIPS:38035,Census TIGER/Line 2024 County,38035,Grand Forks,EXACT_CURRENT_FIPS,Exact Census FIPS; historical Census vintage used only where the i-Tree configuration refers to a retired county/county-equivalent.,3728.07410800931
ITC-2012,USA,North Dakota,Grant,Grant,US-FIPS:38037,Census TIGER/Line 2024 County,38037,Grant,EXACT_CURRENT_FIPS,Exact Census FIPS; historical Census vintage used only where the i-Tree configuration refers to a retired county/county-equivalent.,4314.957142512686
ITC-2013,USA,North Dakota,Griggs,Griggs,US-FIPS:38039,Census TIGER/Line 2024 County,38039,Griggs,EXACT_CURRENT_FIPS,Exact Census FIPS; historical Census vintage used only where the i-Tree configuration refers to a retired county/county-equivalent.,1855.9330349951579
ITC-2014,USA,North Dakota,Hettinger,Hettinger,US-FIPS:38041,Census TIGER/Line 2024 County,38041,Hettinger,EXACT_CURRENT_FIPS,Exact Census FIPS; historical Census vintage used only where the i-Tree configuration refers to a retired county/county-equivalent.,2936.49513472481
ITC-2015,USA,North Dakota,Kidder,Kidder,US-FIPS:38043,Census TIGER/Line 2024 County,38043,Kidder,EXACT_CURRENT_FIPS,Exact Census FIPS; historical Census vintage used only where the i-Tree configuration refers to a retired county/county-equivalent.,3710.9715134995995
ITC-2016,USA,North Dakota,LaMoure,LaMoure,US-FIPS:38045,Census TIGER/Line 2024 County,38045,LaMoure,EXACT_CURRENT_FIPS,Exact Census FIPS; historical Census vintage used only where the i-Tree configuration refers to a retired county/county-equivalent.,2980.964440887771
ITC-2017,USA,North Dakota,Logan,Logan,US-FIPS:38047,Census TIGER/Line 2024 County,38047,Logan,EXACT_CURRENT_FIPS,Exact Census FIPS; historical Census vintage used only where the i-Tree configuration refers to a retired county/county-equivalent.,2618.5292079519795
ITC-2018,USA,North Dakota,McHenry,McHenry,US-FIPS:38049,Census TIGER/Line 2024 County,38049,McHenry,EXACT_CURRENT_FIPS,Exact Census FIPS; historical Census vintage used only where the i-Tree configuration refers to a retired county/county-equivalent.,4950.811364358334
ITC-2019,USA,North Dakota,McIntosh,McIntosh,US-FIPS:38051,Census TIGER/Line 2024 County,38051,McIntosh,EXACT_CURRENT_FIPS,Exact Census FIPS; historical Census vintage used only where the i-Tree configuration refers to a retired county/county-equivalent.,2575.903015676983
ITC-2020,USA,North Dakota,McKenzie,McKenzie,US-FIPS:38053,Census TIGER/Line 2024 County,38053,McKenzie,EXACT_CURRENT_FIPS,Exact Census FIPS; historical Census vintage used only where the i-Tree configuration refers to a retired county/county-equivalent.,7408.83333554554
ITC-2021,USA,North Dakota,McLean,McLean,US-FIPS:38055,Census TIGER/Line 2024 County,38055,McLean,EXACT_CURRENT_FIPS,Exact Census FIPS; historical Census vintage used only where the i-Tree configuration refers to a retired county/county-equivalent.,6029.389569316772
ITC-2022,USA,North Dakota,Mercer,Mercer,US-FIPS:38057,Census TIGER/Line 2024 County,38057,Mercer,EXACT_CURRENT_FIPS,Exact Census FIPS; historical Census vintage used only where the i-Tree configuration refers to a retired county/county-equivalent.,2881.6132069536634
ITC-2023,USA,North Dakota,Morton,Morton,US-FIPS:38059,Census TIGER/Line 2024 County,38059,Morton,EXACT_CURRENT_FIPS,Exact Census FIPS; historical Census vintage used only where the i-Tree configuration refers to a retired county/county-equivalent.,5037.957394600439
ITC-2024,USA,North Dakota,Mountrail,Mountrail,US-FIPS:38061,Census TIGER/Line 2024 County,38061,Mountrail,EXACT_CURRENT_FIPS,Exact Census FIPS; historical Census vintage used only where the i-Tree configuration refers to a retired county/county-equivalent.,5028.254015885603
ITC-2025,USA,North Dakota,Nelson,Nelson,US-FIPS:38063,Census TIGER/Line 2024 County,38063,Nelson,EXACT_CURRENT_FIPS,Exact Census FIPS; historical Census vintage used only where the i-Tree configuration refers to a retired county/county-equivalent.,2612.9631425162443
ITC-2026,USA,North Dakota,Oliver,Oliver,US-FIPS:38065,Census TIGER/Line 2024 County,38065,Oliver,EXACT_CURRENT_FIPS,Exact Census FIPS; historical Census vintage used only where the i-Tree configuration refers to a retired county/county-equivalent.,1893.493389661907
ITC-2027,USA,North Dakota,Pembina,Pembina,US-FIPS:38067,Census TIGER/Line 2024 County,38067,Pembina,EXACT_CURRENT_FIPS,Exact Census FIPS; historical Census vintage used only where the i-Tree configuration refers to a retired county/county-equivalent.,2903.9876380405303
ITC-2028,USA,North Dakota,Pierce,Pierce,US-FIPS:38069,Census TIGER/Line 2024 County,38069,Pierce,EXACT_CURRENT_FIPS,Exact Census FIPS; historical Census vintage used only where the i-Tree configuration refers to a retired county/county-equivalent.,2803.5728989665263
ITC-2029,USA,North Dakota,Ramsey,Ramsey,US-FIPS:38071,Census TIGER/Line 2024 County,38071,Ramsey,EXACT_CURRENT_FIPS,Exact Census FIPS; historical Census vintage used only where the i-Tree configuration refers to a retired county/county-equivalent.,3369.5905907905635
ITC-2030,USA,North Dakota,Ransom,Ransom,US-FIPS:38073,Census TIGER/Line 2024 County,38073,Ransom,EXACT_CURRENT_FIPS,Exact Census FIPS; historical Census vintage used only where the i-Tree configuration refers to a retired county/county-equivalent.,2237.3753688857423
ITC-2031,USA,North Dakota,Renville,Renville,US-FIPS:38075,Census TIGER/Line 2024 County,38075,Renville,EXACT_CURRENT_FIPS,Exact Census FIPS; historical Census vintage used only where the i-Tree configuration refers to a retired county/county-equivalent.,2312.6951371833516
ITC-2032,USA,North Dakota,Richland,Richland,US-FIPS:38077,Census TIGER/Line 2024 County,38077,Richland,EXACT_CURRENT_FIPS,Exact Census FIPS; historical Census vintage used only where the i-Tree configuration refers to a retired county/county-equivalent.,3743.414515317131
ITC-2033,USA,North Dakota,Rolette,Rolette,US-FIPS:38079,Census TIGER/Line 2024 County,38079,Rolette,EXACT_CURRENT_FIPS,Exact Census FIPS; historical Census vintage used only where the i-Tree configuration refers to a retired county/county-equivalent.,2433.2830358829065
ITC-2034,USA,North Dakota,Sargent,Sargent,US-FIPS:38081,Census TIGER/Line 2024 County,38081,Sargent,EXACT_CURRENT_FIPS,Exact Census FIPS; historical Census vintage used only where the i-Tree configuration refers to a retired county/county-equivalent.,2245.194740923621
ITC-2035,USA,North Dakota,Sheridan,Sheridan,US-FIPS:38083,Census TIGER/Line 2024 County,38083,Sheridan,EXACT_CURRENT_FIPS,Exact Census FIPS; historical Census vintage used only where the i-Tree configuration refers to a retired county/county-equivalent.,2604.2522408341674
ITC-2036,USA,North Dakota,Sioux,Sioux,US-FIPS:38085,Census TIGER/Line 2024 County,38085,Sioux,EXACT_CURRENT_FIPS,Exact Census FIPS; historical Census vintage used only where the i-Tree configuration refers to a retired county/county-equivalent.,2922.0320945604344
ITC-2037,USA,North Dakota,Slope,Slope,US-FIPS:38087,Census TIGER/Line 2024 County,38087,Slope,EXACT_CURRENT_FIPS,Exact Census FIPS; historical Census vintage used only where the i-Tree configuration refers to a retired county/county-equivalent.,3158.5009695542785
ITC-2038,USA,North Dakota,Stark,Stark,US-FIPS:38089,Census TIGER/Line 2024 County,38089,Stark,EXACT_CURRENT_FIPS,Exact Census FIPS; historical Census vintage used only where the i-Tree configuration refers to a retired county/county-equivalent.,3471.4329783730827
ITC-2039,USA,North Dakota,Steele,Steele,US-FIPS:38091,Census TIGER/Line 2024 County,38091,Steele,EXACT_CURRENT_FIPS,Exact Census FIPS; historical Census vintage used only where the i-Tree configuration refers to a retired county/county-equivalent.,1852.877280509924
ITC-2040,USA,North Dakota,Stutsman,Stutsman,US-FIPS:38093,Census TIGER/Line 2024 County,38093,Stutsman,EXACT_CURRENT_FIPS,Exact Census FIPS; historical Census vintage used only where the i-Tree configuration refers to a retired county/county-equivalent.,5951.975296844939
ITC-2041,USA,North Dakota,Towner,Towner,US-FIPS:38095,Census TIGER/Line 2024 County,38095,Towner,EXACT_CURRENT_FIPS,Exact Census FIPS; historical Census vintage used only where the i-Tree configuration refers to a retired county/county-equivalent.,2697.8155421772735
ITC-2042,USA,North Dakota,Traill,Traill,US-FIPS:38097,Census TIGER/Line 2024 County,38097,Traill,EXACT_CURRENT_FIPS,Exact Census FIPS; historical Census vintage used only where the i-Tree configuration refers to a retired county/county-equivalent.,2233.6977313725683
ITC-2043,USA,North Dakota,Walsh,Walsh,US-FIPS:38099,Census TIGER/Line 2024 County,38099,Walsh,EXACT_CURRENT_FIPS,Exact Census FIPS; historical Census vintage used only where the i-Tree configuration refers to a retired county/county-equivalent.,3351.5281597527724
ITC-2044,USA,North Dakota,Ward,Ward,US-FIPS:38101,Census TIGER/Line 2024 County,38101,Ward,EXACT_CURRENT_FIPS,Exact Census FIPS; historical Census vintage used only where the i-Tree configuration refers to a retired county/county-equivalent.,5324.964366620741
ITC-2045,USA,North Dakota,Wells,Wells,US-FIPS:38103,Census TIGER/Line 2024 County,38103,Wells,EXACT_CURRENT_FIPS,Exact Census FIPS; historical Census vintage used only where the i-Tree configuration refers to a retired county/county-equivalent.,3341.83239720372
ITC-2046,USA,North Dakota,Williams,Williams,US-FIPS:38105,Census TIGER/Line 2024 County,38105,Williams,EXACT_CURRENT_FIPS,Exact Census FIPS; historical Census vintage used only where the i-Tree configuration refers to a retired county/county-equivalent.,5562.795732820618
ITC-2047,USA,Ohio,Adams,Adams,US-FIPS:39001,Census TIGER/Line 2024 County,39001,Adams,EXACT_CURRENT_FIPS,Exact Census FIPS; historical Census vintage used only where the i-Tree configuration refers to a retired county/county-equivalent.,1518.4710644223953
ITC-2048,USA,Ohio,Allen,Allen,US-FIPS:39003,Census TIGER/Line 2024 County,39003,Allen,EXACT_CURRENT_FIPS,Exact Census FIPS; historical Census vintage used only where the i-Tree configuration refers to a retired county/county-equivalent.,1053.739402486982
ITC-2049,USA,Ohio,Ashland,Ashland,US-FIPS:39005,Census TIGER/Line 2024 County,39005,Ashland,EXACT_CURRENT_FIPS,Exact Census FIPS; historical Census vintage used only where the i-Tree configuration refers to a retired county/county-equivalent.,1105.4973560626315
ITC-2050,USA,Ohio,Ashtabula,Ashtabula,US-FIPS:39007,Census TIGER/Line 2024 County,39007,Ashtabula,EXACT_CURRENT_FIPS,Exact Census FIPS; historical Census vintage used only where the i-Tree configuration refers to a retired county/county-equivalent.,3543.5771700415694
ITC-2051,USA,Ohio,Athens,Athens,US-FIPS:39009,Census TIGER/Line 2024 County,39009,Athens,EXACT_CURRENT_FIPS,Exact Census FIPS; historical Census vintage used only where the i-Tree configuration refers to a retired county/county-equivalent.,1316.7939635003793
ITC-2052,USA,Ohio,Auglaize,Auglaize,US-FIPS:39011,Census TIGER/Line 2024 County,39011,Auglaize,EXACT_CURRENT_FIPS,Exact Census FIPS; historical Census vintage used only where the i-Tree configuration refers to a retired county/county-equivalent.,1040.929625682454
ITC-2053,USA,Ohio,Belmont,Belmont,US-FIPS:39013,Census TIGER/Line 2024 County,39013,Belmont,EXACT_CURRENT_FIPS,Exact Census FIPS; historical Census vintage used only where the i-Tree configuration refers to a retired county/county-equivalent.,1401.89511901882
ITC-2054,USA,Ohio,Brown,Brown,US-FIPS:39015,Census TIGER/Line 2024 County,39015,Brown,EXACT_CURRENT_FIPS,Exact Census FIPS; historical Census vintage used only where the i-Tree configuration refers to a retired county/county-equivalent.,1276.790591663555
ITC-2055,USA,Ohio,Butler,Butler,US-FIPS:39017,Census TIGER/Line 2024 County,39017,Butler,EXACT_CURRENT_FIPS,Exact Census FIPS; historical Census vintage used only where the i-Tree configuration refers to a retired county/county-equivalent.,1217.4663924429676
ITC-2056,USA,Ohio,Carroll,Carroll,US-FIPS:39019,Census TIGER/Line 2024 County,39019,Carroll,EXACT_CURRENT_FIPS,Exact Census FIPS; historical Census vintage used only where the i-Tree configuration refers to a retired county/county-equivalent.,1033.223987073866
ITC-2057,USA,Ohio,Champaign,Champaign,US-FIPS:39021,Census TIGER/Line 2024 County,39021,Champaign,EXACT_CURRENT_FIPS,Exact Census FIPS; historical Census vintage used only where the i-Tree configuration refers to a retired county/county-equivalent.,1113.225411884539
ITC-2058,USA,Ohio,Clark,Clark,US-FIPS:39023,Census TIGER/Line 2024 County,39023,Clark,EXACT_CURRENT_FIPS,Exact Census FIPS; historical Census vintage used only where the i-Tree configuration refers to a retired county/county-equivalent.,1039.931022673465
ITC-2059,USA,Ohio,Clermont,Clermont,US-FIPS:39025,Census TIGER/Line 2024 County,39025,Clermont,EXACT_CURRENT_FIPS,Exact Census FIPS; historical Census vintage used only where the i-Tree configuration refers to a retired county/county-equivalent.,1192.0004962014773
ITC-2060,USA,Ohio,Clinton,Clinton,US-FIPS:39027,Census TIGER/Line 2024 County,39027,Clinton,EXACT_CURRENT_FIPS,Exact Census FIPS; historical Census vintage used only where the i-Tree configuration refers to a retired county/county-equivalent.,1067.9388870534035
ITC-2061,USA,Ohio,Columbiana,Columbiana,US-FIPS:39029,Census TIGER/Line 2024 County,39029,Columbiana,EXACT_CURRENT_FIPS,Exact Census FIPS; historical Census vintage used only where the i-Tree configuration refers to a retired county/county-equivalent.,1384.9355688434691
ITC-2062,USA,Ohio,Coshocton,Coshocton,US-FIPS:39031,Census TIGER/Line 2024 County,39031,Coshocton,EXACT_CURRENT_FIPS,Exact Census FIPS; historical Census vintage used only where the i-Tree configuration refers to a retired county/county-equivalent.,1469.6485685484354
ITC-2063,USA,Ohio,Crawford,Crawford,US-FIPS:39033,Census TIGER/Line 2024 County,39033,Crawford,EXACT_CURRENT_FIPS,Exact Census FIPS; historical Census vintage used only where the i-Tree configuration refers to a retired county/county-equivalent.,1042.9792599521738
ITC-2064,USA,Ohio,Cuyahoga,Cuyahoga,US-FIPS:39035,Census TIGER/Line 2024 County,39035,Cuyahoga,EXACT_CURRENT_FIPS,Exact Census FIPS; historical Census vintage used only where the i-Tree configuration refers to a retired county/county-equivalent.,3225.868800237194
ITC-2065,USA,Ohio,Darke,Darke,US-FIPS:39037,Census TIGER/Line 2024 County,39037,Darke,EXACT_CURRENT_FIPS,Exact Census FIPS; historical Census vintage used only where the i-Tree configuration refers to a retired county/county-equivalent.,1553.3225848591485
ITC-2066,USA,Ohio,Defiance,Defiance,US-FIPS:39039,Census TIGER/Line 2024 County,39039,Defiance,EXACT_CURRENT_FIPS,Exact Census FIPS; historical Census vintage used only where the i-Tree configuration refers to a retired county/county-equivalent.,1072.7238786463809
ITC-2067,USA,Ohio,Delaware,Delaware,US-FIPS:39041,Census TIGER/Line 2024 County,39041,Delaware,EXACT_CURRENT_FIPS,Exact Census FIPS; historical Census vintage used only where the i-Tree configuration refers to a retired county/county-equivalent.,1184.4414855534937
ITC-2068,USA,Ohio,Erie,Erie,US-FIPS:39043,Census TIGER/Line 2024 County,39043,Erie,EXACT_CURRENT_FIPS,Exact Census FIPS; historical Census vintage used only where the i-Tree configuration refers to a retired county/county-equivalent.,1620.7559040234526
ITC-2069,USA,Ohio,Fairfield,Fairfield,US-FIPS:39045,Census TIGER/Line 2024 County,39045,Fairfield,EXACT_CURRENT_FIPS,Exact Census FIPS; historical Census vintage used only where the i-Tree configuration refers to a retired county/county-equivalent.,1317.1695024710489
ITC-2070,USA,Ohio,Fayette,Fayette,US-FIPS:39047,Census TIGER/Line 2024 County,39047,Fayette,EXACT_CURRENT_FIPS,Exact Census FIPS; historical Census vintage used only where the i-Tree configuration refers to a retired county/county-equivalent.,1054.163404193857
ITC-2071,USA,Ohio,Franklin,Franklin,US-FIPS:39049,Census TIGER/Line 2024 County,39049,Franklin,EXACT_CURRENT_FIPS,Exact Census FIPS; historical Census vintage used only where the i-Tree configuration refers to a retired county/county-equivalent.,1407.98036276572
ITC-2072,USA,Ohio,Fulton,Fulton,US-FIPS:39051,Census TIGER/Line 2024 County,39051,Fulton,EXACT_CURRENT_FIPS,Exact Census FIPS; historical Census vintage used only where the i-Tree configuration refers to a retired county/county-equivalent.,1054.6889644622559
ITC-2073,USA,Ohio,Gallia,Gallia,US-FIPS:39053,Census TIGER/Line 2024 County,39053,Gallia,EXACT_CURRENT_FIPS,Exact Census FIPS; historical Census vintage used only where the i-Tree configuration refers to a retired county/county-equivalent.,1220.3929626465147
ITC-2074,USA,Ohio,Geauga,Geauga,US-FIPS:39055,Census TIGER/Line 2024 County,39055,Geauga,EXACT_CURRENT_FIPS,Exact Census FIPS; historical Census vintage used only where the i-Tree configuration refers to a retired county/county-equivalent.,1057.8089343116037
ITC-2075,USA,Ohio,Greene,Greene,US-FIPS:39057,Census TIGER/Line 2024 County,39057,Greene,EXACT_CURRENT_FIPS,Exact Census FIPS; historical Census vintage used only where the i-Tree configuration refers to a retired county/county-equivalent.,1078.1003303092464
ITC-2076,USA,Ohio,Guernsey,Guernsey,US-FIPS:39059,Census TIGER/Line 2024 County,39059,Guernsey,EXACT_CURRENT_FIPS,Exact Census FIPS; historical Census vintage used only where the i-Tree configuration refers to a retired county/county-equivalent.,1368.2658415919414
ITC-2077,USA,Ohio,Hamilton,Hamilton,US-FIPS:39061,Census TIGER/Line 2024 County,39061,Hamilton,EXACT_CURRENT_FIPS,Exact Census FIPS; historical Census vintage used only where the i-Tree configuration refers to a retired county/county-equivalent.,1068.732914878603
ITC-2078,USA,Ohio,Hancock,Hancock,US-FIPS:39063,Census TIGER/Line 2024 County,39063,Hancock,EXACT_CURRENT_FIPS,Exact Census FIPS; historical Census vintage used only where the i-Tree configuration refers to a retired county/county-equivalent.,1382.1462744398825
ITC-2079,USA,Ohio,Hardin,Hardin,US-FIPS:39065,Census TIGER/Line 2024 County,39065,Hardin,EXACT_CURRENT_FIPS,Exact Census FIPS; historical Census vintage used only where the i-Tree configuration refers to a retired county/county-equivalent.,1218.663726312467
ITC-2080,USA,Ohio,Harrison,Harrison,US-FIPS:39067,Census TIGER/Line 2024 County,39067,Harrison,EXACT_CURRENT_FIPS,Exact Census FIPS; historical Census vintage used only where the i-Tree configuration refers to a retired county/county-equivalent.,1063.8797814038003
ITC-2081,USA,Ohio,Henry,Henry,US-FIPS:39069,Census TIGER/Line 2024 County,39069,Henry,EXACT_CURRENT_FIPS,Exact Census FIPS; historical Census vintage used only where the i-Tree configuration refers to a retired county/county-equivalent.,1087.1490892253353
ITC-2082,USA,Ohio,Highland,Highland,US-FIPS:39071,Census TIGER/Line 2024 County,39071,Highland,EXACT_CURRENT_FIPS,Exact Census FIPS; historical Census vintage used only where the i-Tree configuration refers to a retired county/county-equivalent.,1444.6751258318673
ITC-2083,USA,Ohio,Hocking,Hocking,US-FIPS:39073,Census TIGER/Line 2024 County,39073,Hocking,EXACT_CURRENT_FIPS,Exact Census FIPS; historical Census vintage used only where the i-Tree configuration refers to a retired county/county-equivalent.,1097.2459475134056
ITC-2084,USA,Ohio,Holmes,Holmes,US-FIPS:39075,Census TIGER/Line 2024 County,39075,Holmes,EXACT_CURRENT_FIPS,Exact Census FIPS; historical Census vintage used only where the i-Tree configuration refers to a retired county/county-equivalent.,1098.260835010925
ITC-2085,USA,Ohio,Huron,Huron,US-FIPS:39077,Census TIGER/Line 2024 County,39077,Huron,EXACT_CURRENT_FIPS,Exact Census FIPS; historical Census vintage used only where the i-Tree configuration refers to a retired county/county-equivalent.,1283.5325109525884
ITC-2086,USA,Ohio,Jackson,Jackson,US-FIPS:39079,Census TIGER/Line 2024 County,39079,Jackson,EXACT_CURRENT_FIPS,Exact Census FIPS; historical Census vintage used only where the i-Tree configuration refers to a retired county/county-equivalent.,1091.76668186608
ITC-2087,USA,Ohio,Jefferson,Jefferson,US-FIPS:39081,Census TIGER/Line 2024 County,39081,Jefferson,EXACT_CURRENT_FIPS,Exact Census FIPS; historical Census vintage used only where the i-Tree configuration refers to a retired county/county-equivalent.,1064.3721692214385
ITC-2088,USA,Ohio,Knox,Knox,US-FIPS:39083,Census TIGER/Line 2024 County,39083,Knox,EXACT_CURRENT_FIPS,Exact Census FIPS; historical Census vintage used only where the i-Tree configuration refers to a retired county/county-equivalent.,1371.75730435475
ITC-2089,USA,Ohio,Lake,Lake,US-FIPS:39085,Census TIGER/Line 2024 County,39085,Lake,EXACT_CURRENT_FIPS,Exact Census FIPS; historical Census vintage used only where the i-Tree configuration refers to a retired county/county-equivalent.,2536.430003110496
ITC-2090,USA,Ohio,Lawrence,Lawrence,US-FIPS:39087,Census TIGER/Line 2024 County,39087,Lawrence,EXACT_CURRENT_FIPS,Exact Census FIPS; historical Census vintage used only where the i-Tree configuration refers to a retired county/county-equivalent.,1184.3118434134933
ITC-2091,USA,Ohio,Licking,Licking,US-FIPS:39089,Census TIGER/Line 2024 County,39089,Licking,EXACT_CURRENT_FIPS,Exact Census FIPS; historical Census vintage used only where the i-Tree configuration refers to a retired county/county-equivalent.,1780.2399079395434
ITC-2092,USA,Ohio,Logan,Logan,US-FIPS:39091,Census TIGER/Line 2024 County,39091,Logan,EXACT_CURRENT_FIPS,Exact Census FIPS; historical Census vintage used only where the i-Tree configuration refers to a retired county/county-equivalent.,1209.117279399145
ITC-2093,USA,Ohio,Lorain,Lorain,US-FIPS:39093,Census TIGER/Line 2024 County,39093,Lorain,EXACT_CURRENT_FIPS,Exact Census FIPS; historical Census vintage used only where the i-Tree configuration refers to a retired county/county-equivalent.,2389.9181316682066
ITC-2094,USA,Ohio,Lucas,Lucas,US-FIPS:39095,Census TIGER/Line 2024 County,39095,Lucas,EXACT_CURRENT_FIPS,Exact Census FIPS; historical Census vintage used only where the i-Tree configuration refers to a retired county/county-equivalent.,1543.1916888313096
ITC-2095,USA,Ohio,Madison,Madison,US-FIPS:39097,Census TIGER/Line 2024 County,39097,Madison,EXACT_CURRENT_FIPS,Exact Census FIPS; historical Census vintage used only where the i-Tree configuration refers to a retired county/county-equivalent.,1210.8460171951701
ITC-2096,USA,Ohio,Mahoning,Mahoning,US-FIPS:39099,Census TIGER/Line 2024 County,39099,Mahoning,EXACT_CURRENT_FIPS,Exact Census FIPS; historical Census vintage used only where the i-Tree configuration refers to a retired county/county-equivalent.,1101.2088195185297
ITC-2097,USA,Ohio,Marion,Marion,US-FIPS:39101,Census TIGER/Line 2024 County,39101,Marion,EXACT_CURRENT_FIPS,Exact Census FIPS; historical Census vintage used only where the i-Tree configuration refers to a retired county/county-equivalent.,1046.7641376022532
ITC-2098,USA,Ohio,Medina,Medina,US-FIPS:39103,Census TIGER/Line 2024 County,39103,Medina,EXACT_CURRENT_FIPS,Exact Census FIPS; historical Census vintage used only where the i-Tree configuration refers to a retired county/county-equivalent.,1095.767316084502
ITC-2099,USA,Ohio,Meigs,Meigs,US-FIPS:39105,Census TIGER/Line 2024 County,39105,Meigs,EXACT_CURRENT_FIPS,Exact Census FIPS; historical Census vintage used only where the i-Tree configuration refers to a retired county/county-equivalent.,1121.4776579212796
ITC-2100,USA,Ohio,Mercer,Mercer,US-FIPS:39107,Census TIGER/Line 2024 County,39107,Mercer,EXACT_CURRENT_FIPS,Exact Census FIPS; historical Census vintage used only where the i-Tree configuration refers to a retired county/county-equivalent.,1226.1641033529722
ITC-2101,USA,Ohio,Miami,Miami,US-FIPS:39109,Census TIGER/Line 2024 County,39109,Miami,EXACT_CURRENT_FIPS,Exact Census FIPS; historical Census vintage used only where the i-Tree configuration refers to a retired county/county-equivalent.,1060.9653125488824
ITC-2102,USA,Ohio,Monroe,Monroe,US-FIPS:39111,Census TIGER/Line 2024 County,39111,Monroe,EXACT_CURRENT_FIPS,Exact Census FIPS; historical Census vintage used only where the i-Tree configuration refers to a retired county/county-equivalent.,1184.813112326874
ITC-2103,USA,Ohio,Montgomery,Montgomery,US-FIPS:39113,Census TIGER/Line 2024 County,39113,Montgomery,EXACT_CURRENT_FIPS,Exact Census FIPS; historical Census vintage used only where the i-Tree configuration refers to a retired county/county-equivalent.,1202.3894377112513
ITC-2104,USA,Ohio,Morgan,Morgan,US-FIPS:39115,Census TIGER/Line 2024 County,39115,Morgan,EXACT_CURRENT_FIPS,Exact Census FIPS; historical Census vintage used only where the i-Tree configuration refers to a retired county/county-equivalent.,1092.4067774644914
ITC-2105,USA,Ohio,Morrow,Morrow,US-FIPS:39117,Census TIGER/Line 2024 County,39117,Morrow,EXACT_CURRENT_FIPS,Exact Census FIPS; historical Census vintage used only where the i-Tree configuration refers to a retired county/county-equivalent.,1054.7006389686535
ITC-2106,USA,Ohio,Muskingum,Muskingum,US-FIPS:39119,Census TIGER/Line 2024 County,39119,Muskingum,EXACT_CURRENT_FIPS,Exact Census FIPS; historical Census vintage used only where the i-Tree configuration refers to a retired county/county-equivalent.,1741.9903392474448
ITC-2107,USA,Ohio,Noble,Noble,US-FIPS:39121,Census TIGER/Line 2024 County,39121,Noble,EXACT_CURRENT_FIPS,Exact Census FIPS; historical Census vintage used only where the i-Tree configuration refers to a retired county/county-equivalent.,1047.830801347198
ITC-2108,USA,Ohio,Ottawa,Ottawa,US-FIPS:39123,Census TIGER/Line 2024 County,39123,Ottawa,EXACT_CURRENT_FIPS,Exact Census FIPS; historical Census vintage used only where the i-Tree configuration refers to a retired county/county-equivalent.,1515.301317138507
ITC-2109,USA,Ohio,Paulding,Paulding,US-FIPS:39125,Census TIGER/Line 2024 County,39125,Paulding,EXACT_CURRENT_FIPS,Exact Census FIPS; historical Census vintage used only where the i-Tree configuration refers to a retired county/county-equivalent.,1084.8068426428806
ITC-2110,USA,Ohio,Perry,Perry,US-FIPS:39127,Census TIGER/Line 2024 County,39127,Perry,EXACT_CURRENT_FIPS,Exact Census FIPS; historical Census vintage used only where the i-Tree configuration refers to a retired county/county-equivalent.,1068.3341881566782
ITC-2111,USA,Ohio,Pickaway,Pickaway,US-FIPS:39129,Census TIGER/Line 2024 County,39129,Pickaway,EXACT_CURRENT_FIPS,Exact Census FIPS; historical Census vintage used only where the i-Tree configuration refers to a retired county/county-equivalent.,1311.9648964407063
ITC-2112,USA,Ohio,Pike,Pike,US-FIPS:39131,Census TIGER/Line 2024 County,39131,Pike,EXACT_CURRENT_FIPS,Exact Census FIPS; historical Census vintage used only where the i-Tree configuration refers to a retired county/county-equivalent.,1149.892046008968
ITC-2113,USA,Ohio,Portage,Portage,US-FIPS:39133,Census TIGER/Line 2024 County,39133,Portage,EXACT_CURRENT_FIPS,Exact Census FIPS; historical Census vintage used only where the i-Tree configuration refers to a retired county/county-equivalent.,1305.5060868773644
ITC-2114,USA,Ohio,Preble,Preble,US-FIPS:39135,Census TIGER/Line 2024 County,39135,Preble,EXACT_CURRENT_FIPS,Exact Census FIPS; historical Census vintage used only where the i-Tree configuration refers to a retired county/county-equivalent.,1104.8041094894704
ITC-2115,USA,Ohio,Putnam,Putnam,US-FIPS:39137,Census TIGER/Line 2024 County,39137,Putnam,EXACT_CURRENT_FIPS,Exact Census FIPS; historical Census vintage used only where the i-Tree configuration refers to a retired county/county-equivalent.,1254.3289141923578
ITC-2116,USA,Ohio,Richland,Richland,US-FIPS:39139,Census TIGER/Line 2024 County,39139,Richland,EXACT_CURRENT_FIPS,Exact Census FIPS; historical Census vintage used only where the i-Tree configuration refers to a retired county/county-equivalent.,1295.192138820417
ITC-2117,USA,Ohio,Ross,Ross,US-FIPS:39141,Census TIGER/Line 2024 County,39141,Ross,EXACT_CURRENT_FIPS,Exact Census FIPS; historical Census vintage used only where the i-Tree configuration refers to a retired county/county-equivalent.,1794.9256009247574
ITC-2118,USA,Ohio,Sandusky,Sandusky,US-FIPS:39143,Census TIGER/Line 2024 County,39143,Sandusky,EXACT_CURRENT_FIPS,Exact Census FIPS; historical Census vintage used only where the i-Tree configuration refers to a retired county/county-equivalent.,1081.8635863586426
ITC-2119,USA,Ohio,Scioto,Scioto,US-FIPS:39145,Census TIGER/Line 2024 County,39145,Scioto,EXACT_CURRENT_FIPS,Exact Census FIPS; historical Census vintage used only where the i-Tree configuration refers to a retired county/county-equivalent.,1596.3657121577448
ITC-2120,USA,Ohio,Seneca,Seneca,US-FIPS:39147,Census TIGER/Line 2024 County,39147,Seneca,EXACT_CURRENT_FIPS,Exact Census FIPS; historical Census vintage used only where the i-Tree configuration refers to a retired county/county-equivalent.,1431.7288445520971
ITC-2121,USA,Ohio,Shelby,Shelby,US-FIPS:39149,Census TIGER/Line 2024 County,39149,Shelby,EXACT_CURRENT_FIPS,Exact Census FIPS; historical Census vintage used only where the i-Tree configuration refers to a retired county/county-equivalent.,1063.725231886546
ITC-2122,USA,Ohio,Stark,Stark,US-FIPS:39151,Census TIGER/Line 2024 County,39151,Stark,EXACT_CURRENT_FIPS,Exact Census FIPS; historical Census vintage used only where the i-Tree configuration refers to a retired county/county-equivalent.,1503.3918328526734
ITC-2123,USA,Ohio,Summit,Summit,US-FIPS:39153,Census TIGER/Line 2024 County,39153,Summit,EXACT_CURRENT_FIPS,Exact Census FIPS; historical Census vintage used only where the i-Tree configuration refers to a retired county/county-equivalent.,1088.1370614998286
ITC-2124,USA,Ohio,Trumbull,Trumbull,US-FIPS:39155,Census TIGER/Line 2024 County,39155,Trumbull,EXACT_CURRENT_FIPS,Exact Census FIPS; historical Census vintage used only where the i-Tree configuration refers to a retired county/county-equivalent.,1647.3303176052084
ITC-2125,USA,Ohio,Tuscarawas,Tuscarawas,US-FIPS:39157,Census TIGER/Line 2024 County,39157,Tuscarawas,EXACT_CURRENT_FIPS,Exact Census FIPS; historical Census vintage used only where the i-Tree configuration refers to a retired county/county-equivalent.,1480.3505976161632
ITC-2126,USA,Ohio,Union,Union,US-FIPS:39159,Census TIGER/Line 2024 County,39159,Union,EXACT_CURRENT_FIPS,Exact Census FIPS; historical Census vintage used only where the i-Tree configuration refers to a retired county/county-equivalent.,1131.546953240359
ITC-2127,USA,Ohio,Van Wert,Van Wert,US-FIPS:39161,Census TIGER/Line 2024 County,39161,Van Wert,EXACT_CURRENT_FIPS,Exact Census FIPS; historical Census vintage used only where the i-Tree configuration refers to a retired county/county-equivalent.,1062.9807698898476
ITC-2128,USA,Ohio,Vinton,Vinton,US-FIPS:39163,Census TIGER/Line 2024 County,39163,Vinton,EXACT_CURRENT_FIPS,Exact Census FIPS; historical Census vintage used only where the i-Tree configuration refers to a retired county/county-equivalent.,1074.7899051277263
ITC-2129,USA,Ohio,Warren,Warren,US-FIPS:39165,Census TIGER/Line 2024 County,39165,Warren,EXACT_CURRENT_FIPS,Exact Census FIPS; historical Census vintage used only where the i-Tree configuration refers to a retired county/county-equivalent.,1055.371064563731
ITC-2130,USA,Ohio,Washington,Washington,US-FIPS:39167,Census TIGER/Line 2024 County,39167,Washington,EXACT_CURRENT_FIPS,Exact Census FIPS; historical Census vintage used only where the i-Tree configuration refers to a retired county/county-equivalent.,1657.5900750169603
ITC-2131,USA,Ohio,Wayne,Wayne,US-FIPS:39169,Census TIGER/Line 2024 County,39169,Wayne,EXACT_CURRENT_FIPS,Exact Census FIPS; historical Census vintage used only where the i-Tree configuration refers to a retired county/county-equivalent.,1441.9373767010052
ITC-2132,USA,Ohio,Williams,Williams,US-FIPS:39171,Census TIGER/Line 2024 County,39171,Williams,EXACT_CURRENT_FIPS,Exact Census FIPS; historical Census vintage used only where the i-Tree configuration refers to a retired county/county-equivalent.,1095.8033523670451
ITC-2133,USA,Ohio,Wood,Wood,US-FIPS:39173,Census TIGER/Line 2024 County,39173,Wood,EXACT_CURRENT_FIPS,Exact Census FIPS; historical Census vintage used only where the i-Tree configuration refers to a retired county/county-equivalent.,1607.1607885839906
ITC-2134,USA,Ohio,Wyandot,Wyandot,US-FIPS:39175,Census TIGER/Line 2024 County,39175,Wyandot,EXACT_CURRENT_FIPS,Exact Census FIPS; historical Census vintage used only where the i-Tree configuration refers to a retired county/county-equivalent.,1055.5954975196187
ITC-2135,USA,Oklahoma,Adair,Adair,US-FIPS:40001,Census TIGER/Line 2024 County,40001,Adair,EXACT_CURRENT_FIPS,Exact Census FIPS; historical Census vintage used only where the i-Tree configuration refers to a retired county/county-equivalent.,1495.2106874075505
ITC-2136,USA,Oklahoma,Alfalfa,Alfalfa,US-FIPS:40003,Census TIGER/Line 2024 County,40003,Alfalfa,EXACT_CURRENT_FIPS,Exact Census FIPS; historical Census vintage used only where the i-Tree configuration refers to a retired county/county-equivalent.,2282.939037485542
ITC-2137,USA,Oklahoma,Atoka,Atoka,US-FIPS:40005,Census TIGER/Line 2024 County,40005,Atoka,EXACT_CURRENT_FIPS,Exact Census FIPS; historical Census vintage used only where the i-Tree configuration refers to a retired county/county-equivalent.,2563.681902111525
ITC-2138,USA,Oklahoma,Beaver,Beaver,US-FIPS:40007,Census TIGER/Line 2024 County,40007,Beaver,EXACT_CURRENT_FIPS,Exact Census FIPS; historical Census vintage used only where the i-Tree configuration refers to a retired county/county-equivalent.,4707.7551247736765
ITC-2139,USA,Oklahoma,Beckham,Beckham,US-FIPS:40009,Census TIGER/Line 2024 County,40009,Beckham,EXACT_CURRENT_FIPS,Exact Census FIPS; historical Census vintage used only where the i-Tree configuration refers to a retired county/county-equivalent.,2340.8506027391622
ITC-2140,USA,Oklahoma,Blaine,Blaine,US-FIPS:40011,Census TIGER/Line 2024 County,40011,Blaine,EXACT_CURRENT_FIPS,Exact Census FIPS; historical Census vintage used only where the i-Tree configuration refers to a retired county/county-equivalent.,2431.628050343449
ITC-2141,USA,Oklahoma,Bryan,Bryan,US-FIPS:40013,Census TIGER/Line 2024 County,40013,Bryan,EXACT_CURRENT_FIPS,Exact Census FIPS; historical Census vintage used only where the i-Tree configuration refers to a retired county/county-equivalent.,2444.059126488499
ITC-2142,USA,Oklahoma,Caddo,Caddo,US-FIPS:40015,Census TIGER/Line 2024 County,40015,Caddo,EXACT_CURRENT_FIPS,Exact Census FIPS; historical Census vintage used only where the i-Tree configuration refers to a retired county/county-equivalent.,3341.4658221316104
ITC-2143,USA,Oklahoma,Canadian,Canadian,US-FIPS:40017,Census TIGER/Line 2024 County,40017,Canadian,EXACT_CURRENT_FIPS,Exact Census FIPS; historical Census vintage used only where the i-Tree configuration refers to a retired county/county-equivalent.,2345.2596414540353
ITC-2144,USA,Oklahoma,Carter,Carter,US-FIPS:40019,Census TIGER/Line 2024 County,40019,Carter,EXACT_CURRENT_FIPS,Exact Census FIPS; historical Census vintage used only where the i-Tree configuration refers to a retired county/county-equivalent.,2159.4839416959517
ITC-2145,USA,Oklahoma,Cherokee,Cherokee,US-FIPS:40021,Census TIGER/Line 2024 County,40021,Cherokee,EXACT_CURRENT_FIPS,Exact Census FIPS; historical Census vintage used only where the i-Tree configuration refers to a retired county/county-equivalent.,2009.8902060293922
ITC-2146,USA,Oklahoma,Choctaw,Choctaw,US-FIPS:40023,Census TIGER/Line 2024 County,40023,Choctaw,EXACT_CURRENT_FIPS,Exact Census FIPS; historical Census vintage used only where the i-Tree configuration refers to a retired county/county-equivalent.,2070.7564445761386
ITC-2147,USA,Oklahoma,Cimarron,Cimarron,US-FIPS:40025,Census TIGER/Line 2024 County,40025,Cimarron,EXACT_CURRENT_FIPS,Exact Census FIPS; historical Census vintage used only where the i-Tree configuration refers to a retired county/county-equivalent.,4768.058466065365
ITC-2148,USA,Oklahoma,Cleveland,Cleveland,US-FIPS:40027,Census TIGER/Line 2024 County,40027,Cleveland,EXACT_CURRENT_FIPS,Exact Census FIPS; historical Census vintage used only where the i-Tree configuration refers to a retired county/county-equivalent.,1444.974472422532
ITC-2149,USA,Oklahoma,Coal,Coal,US-FIPS:40029,Census TIGER/Line 2024 County,40029,Coal,EXACT_CURRENT_FIPS,Exact Census FIPS; historical Census vintage used only where the i-Tree configuration refers to a retired county/county-equivalent.,1350.5104675181367
ITC-2150,USA,Oklahoma,Comanche,Comanche,US-FIPS:40031,Census TIGER/Line 2024 County,40031,Comanche,EXACT_CURRENT_FIPS,Exact Census FIPS; historical Census vintage used only where the i-Tree configuration refers to a retired county/county-equivalent.,2807.1926143279597
ITC-2151,USA,Oklahoma,Cotton,Cotton,US-FIPS:40033,Census TIGER/Line 2024 County,40033,Cotton,EXACT_CURRENT_FIPS,Exact Census FIPS; historical Census vintage used only where the i-Tree configuration refers to a retired county/county-equivalent.,1662.5093605694517
ITC-2152,USA,Oklahoma,Craig,Craig,US-FIPS:40035,Census TIGER/Line 2024 County,40035,Craig,EXACT_CURRENT_FIPS,Exact Census FIPS; historical Census vintage used only where the i-Tree configuration refers to a retired county/county-equivalent.,1975.2924965812915
ITC-2153,USA,Oklahoma,Creek,Creek,US-FIPS:40037,Census TIGER/Line 2024 County,40037,Creek,EXACT_CURRENT_FIPS,Exact Census FIPS; historical Census vintage used only where the i-Tree configuration refers to a retired county/county-equivalent.,2511.0320399037673
ITC-2154,USA,Oklahoma,Custer,Custer,US-FIPS:40039,Census TIGER/Line 2024 County,40039,Custer,EXACT_CURRENT_FIPS,Exact Census FIPS; historical Census vintage used only where the i-Tree configuration refers to a retired county/county-equivalent.,2595.2518110590017
ITC-2155,USA,Oklahoma,Delaware,Delaware,US-FIPS:40041,Census TIGER/Line 2024 County,40041,Delaware,EXACT_CURRENT_FIPS,Exact Census FIPS; historical Census vintage used only where the i-Tree configuration refers to a retired county/county-equivalent.,2051.2624344552905
ITC-2156,USA,Oklahoma,Dewey,Dewey,US-FIPS:40043,Census TIGER/Line 2024 County,40043,Dewey,EXACT_CURRENT_FIPS,Exact Census FIPS; historical Census vintage used only where the i-Tree configuration refers to a retired county/county-equivalent.,2611.692340300294
ITC-2157,USA,Oklahoma,Ellis,Ellis,US-FIPS:40045,Census TIGER/Line 2024 County,40045,Ellis,EXACT_CURRENT_FIPS,Exact Census FIPS; historical Census vintage used only where the i-Tree configuration refers to a retired county/county-equivalent.,3190.462332994653
ITC-2158,USA,Oklahoma,Garfield,Garfield,US-FIPS:40047,Census TIGER/Line 2024 County,40047,Garfield,EXACT_CURRENT_FIPS,Exact Census FIPS; historical Census vintage used only where the i-Tree configuration refers to a retired county/county-equivalent.,2745.5974933748344
ITC-2159,USA,Oklahoma,Garvin,Garvin,US-FIPS:40049,Census TIGER/Line 2024 County,40049,Garvin,EXACT_CURRENT_FIPS,Exact Census FIPS; historical Census vintage used only where the i-Tree configuration refers to a retired county/county-equivalent.,2107.5665385169686
ITC-2160,USA,Oklahoma,Grady,Grady,US-FIPS:40051,Census TIGER/Line 2024 County,40051,Grady,EXACT_CURRENT_FIPS,Exact Census FIPS; historical Census vintage used only where the i-Tree configuration refers to a retired county/county-equivalent.,2861.761188366991
ITC-2161,USA,Oklahoma,Grant,Grant,US-FIPS:40053,Census TIGER/Line 2024 County,40053,Grant,EXACT_CURRENT_FIPS,Exact Census FIPS; historical Census vintage used only where the i-Tree configuration refers to a retired county/county-equivalent.,2598.9470535975374
ITC-2162,USA,Oklahoma,Greer,Greer,US-FIPS:40055,Census TIGER/Line 2024 County,40055,Greer,EXACT_CURRENT_FIPS,Exact Census FIPS; historical Census vintage used only where the i-Tree configuration refers to a retired county/county-equivalent.,1666.888912178092
ITC-2163,USA,Oklahoma,Harmon,Harmon,US-FIPS:40057,Census TIGER/Line 2024 County,40057,Harmon,EXACT_CURRENT_FIPS,Exact Census FIPS; historical Census vintage used only where the i-Tree configuration refers to a retired county/county-equivalent.,1395.2923964307981
ITC-2164,USA,Oklahoma,Harper,Harper,US-FIPS:40059,Census TIGER/Line 2024 County,40059,Harper,EXACT_CURRENT_FIPS,Exact Census FIPS; historical Census vintage used only where the i-Tree configuration refers to a retired county/county-equivalent.,2695.17859610906
ITC-2165,USA,Oklahoma,Haskell,Haskell,US-FIPS:40061,Census TIGER/Line 2024 County,40061,Haskell,EXACT_CURRENT_FIPS,Exact Census FIPS; historical Census vintage used only where the i-Tree configuration refers to a retired county/county-equivalent.,1619.9602932874575
ITC-2166,USA,Oklahoma,Hughes,Hughes,US-FIPS:40063,Census TIGER/Line 2024 County,40063,Hughes,EXACT_CURRENT_FIPS,Exact Census FIPS; historical Census vintage used only where the i-Tree configuration refers to a retired county/county-equivalent.,2110.0374032479035
ITC-2167,USA,Oklahoma,Jackson,Jackson,US-FIPS:40065,Census TIGER/Line 2024 County,40065,Jackson,EXACT_CURRENT_FIPS,Exact Census FIPS; historical Census vintage used only where the i-Tree configuration refers to a retired county/county-equivalent.,2082.9747758246535
ITC-2168,USA,Oklahoma,Jefferson,Jefferson,US-FIPS:40067,Census TIGER/Line 2024 County,40067,Jefferson,EXACT_CURRENT_FIPS,Exact Census FIPS; historical Census vintage used only where the i-Tree configuration refers to a retired county/county-equivalent.,2005.1033895712583
ITC-2169,USA,Oklahoma,Johnston,Johnston,US-FIPS:40069,Census TIGER/Line 2024 County,40069,Johnston,EXACT_CURRENT_FIPS,Exact Census FIPS; historical Census vintage used only where the i-Tree configuration refers to a retired county/county-equivalent.,1705.137511542738
ITC-2170,USA,Oklahoma,Kay,Kay,US-FIPS:40071,Census TIGER/Line 2024 County,40071,Kay,EXACT_CURRENT_FIPS,Exact Census FIPS; historical Census vintage used only where the i-Tree configuration refers to a retired county/county-equivalent.,2447.324188904865
ITC-2171,USA,Oklahoma,Kingfisher,Kingfisher,US-FIPS:40073,Census TIGER/Line 2024 County,40073,Kingfisher,EXACT_CURRENT_FIPS,Exact Census FIPS; historical Census vintage used only where the i-Tree configuration refers to a retired county/county-equivalent.,2346.617976584907
ITC-2172,USA,Oklahoma,Kiowa,Kiowa,US-FIPS:40075,Census TIGER/Line 2024 County,40075,Kiowa,EXACT_CURRENT_FIPS,Exact Census FIPS; historical Census vintage used only where the i-Tree configuration refers to a retired county/county-equivalent.,2669.336854549027
ITC-2173,USA,Oklahoma,Latimer,Latimer,US-FIPS:40077,Census TIGER/Line 2024 County,40077,Latimer,EXACT_CURRENT_FIPS,Exact Census FIPS; historical Census vintage used only where the i-Tree configuration refers to a retired county/county-equivalent.,1888.4869637990869
ITC-2174,USA,Oklahoma,Le Flore,Le Flore,US-FIPS:40079,Census TIGER/Line 2024 County,40079,Le Flore,EXACT_CURRENT_FIPS,Exact Census FIPS; historical Census vintage used only where the i-Tree configuration refers to a retired county/county-equivalent.,4166.308586061218
ITC-2175,USA,Oklahoma,Lincoln,Lincoln,US-FIPS:40081,Census TIGER/Line 2024 County,40081,Lincoln,EXACT_CURRENT_FIPS,Exact Census FIPS; historical Census vintage used only where the i-Tree configuration refers to a retired county/county-equivalent.,2501.3524199387507
ITC-2176,USA,Oklahoma,Logan,Logan,US-FIPS:40083,Census TIGER/Line 2024 County,40083,Logan,EXACT_CURRENT_FIPS,Exact Census FIPS; historical Census vintage used only where the i-Tree configuration refers to a retired county/county-equivalent.,1939.4718686679448
ITC-2177,USA,Oklahoma,Love,Love,US-FIPS:40085,Census TIGER/Line 2024 County,40085,Love,EXACT_CURRENT_FIPS,Exact Census FIPS; historical Census vintage used only where the i-Tree configuration refers to a retired county/county-equivalent.,1378.5312056001615
ITC-2178,USA,Oklahoma,Major,Major,US-FIPS:40093,Census TIGER/Line 2024 County,40093,Major,EXACT_CURRENT_FIPS,Exact Census FIPS; historical Census vintage used only where the i-Tree configuration refers to a retired county/county-equivalent.,2481.0903308919746
ITC-2179,USA,Oklahoma,Marshall,Marshall,US-FIPS:40095,Census TIGER/Line 2024 County,40095,Marshall,EXACT_CURRENT_FIPS,Exact Census FIPS; historical Census vintage used only where the i-Tree configuration refers to a retired county/county-equivalent.,1105.873671927705
ITC-2180,USA,Oklahoma,Mayes,Mayes,US-FIPS:40097,Census TIGER/Line 2024 County,40097,Mayes,EXACT_CURRENT_FIPS,Exact Census FIPS; historical Census vintage used only where the i-Tree configuration refers to a retired county/county-equivalent.,1770.3605586975839
ITC-2181,USA,Oklahoma,McClain,McClain,US-FIPS:40087,Census TIGER/Line 2024 County,40087,McClain,EXACT_CURRENT_FIPS,Exact Census FIPS; historical Census vintage used only where the i-Tree configuration refers to a retired county/county-equivalent.,1502.8627239282253
ITC-2182,USA,Oklahoma,McCurtain,McCurtain,US-FIPS:40089,Census TIGER/Line 2024 County,40089,McCurtain,EXACT_CURRENT_FIPS,Exact Census FIPS; historical Census vintage used only where the i-Tree configuration refers to a retired county/county-equivalent.,4927.438848321484
ITC-2183,USA,Oklahoma,McIntosh,McIntosh,US-FIPS:40091,Census TIGER/Line 2024 County,40091,McIntosh,EXACT_CURRENT_FIPS,Exact Census FIPS; historical Census vintage used only where the i-Tree configuration refers to a retired county/county-equivalent.,1844.2269091095468
ITC-2184,USA,Oklahoma,Murray,Murray,US-FIPS:40099,Census TIGER/Line 2024 County,40099,Murray,EXACT_CURRENT_FIPS,Exact Census FIPS; historical Census vintage used only where the i-Tree configuration refers to a retired county/county-equivalent.,1101.1168993224549
ITC-2185,USA,Oklahoma,Muskogee,Muskogee,US-FIPS:40101,Census TIGER/Line 2024 County,40101,Muskogee,EXACT_CURRENT_FIPS,Exact Census FIPS; historical Census vintage used only where the i-Tree configuration refers to a retired county/county-equivalent.,2175.626136972878
ITC-2186,USA,Oklahoma,Noble,Noble,US-FIPS:40103,Census TIGER/Line 2024 County,40103,Noble,EXACT_CURRENT_FIPS,Exact Census FIPS; historical Census vintage used only where the i-Tree configuration refers to a retired county/county-equivalent.,1923.2269575821288
ITC-2187,USA,Oklahoma,Nowata,Nowata,US-FIPS:40105,Census TIGER/Line 2024 County,40105,Nowata,EXACT_CURRENT_FIPS,Exact Census FIPS; historical Census vintage used only where the i-Tree configuration refers to a retired county/county-equivalent.,1504.3645443647529
ITC-2188,USA,Oklahoma,Okfuskee,Okfuskee,US-FIPS:40107,Census TIGER/Line 2024 County,40107,Okfuskee,EXACT_CURRENT_FIPS,Exact Census FIPS; historical Census vintage used only where the i-Tree configuration refers to a retired county/county-equivalent.,1628.4493613428099
ITC-2189,USA,Oklahoma,Oklahoma,Oklahoma,US-FIPS:40109,Census TIGER/Line 2024 County,40109,Oklahoma,EXACT_CURRENT_FIPS,Exact Census FIPS; historical Census vintage used only where the i-Tree configuration refers to a retired county/county-equivalent.,1860.7566468356995
ITC-2190,USA,Oklahoma,Okmulgee,Okmulgee,US-FIPS:40111,Census TIGER/Line 2024 County,40111,Okmulgee,EXACT_CURRENT_FIPS,Exact Census FIPS; historical Census vintage used only where the i-Tree configuration refers to a retired county/county-equivalent.,1819.3308852251037
ITC-2191,USA,Oklahoma,Osage,Osage,US-FIPS:40113,Census TIGER/Line 2024 County,40113,Osage,EXACT_CURRENT_FIPS,Exact Census FIPS; historical Census vintage used only where the i-Tree configuration refers to a retired county/county-equivalent.,5967.408808326516
ITC-2192,USA,Oklahoma,Ottawa,Ottawa,US-FIPS:40115,Census TIGER/Line 2024 County,40115,Ottawa,EXACT_CURRENT_FIPS,Exact Census FIPS; historical Census vintage used only where the i-Tree configuration refers to a retired county/county-equivalent.,1255.1246712628997
ITC-2193,USA,Oklahoma,Pawnee,Pawnee,US-FIPS:40117,Census TIGER/Line 2024 County,40117,Pawnee,EXACT_CURRENT_FIPS,Exact Census FIPS; historical Census vintage used only where the i-Tree configuration refers to a retired county/county-equivalent.,1540.8777363774664
ITC-2194,USA,Oklahoma,Payne,Payne,US-FIPS:40119,Census TIGER/Line 2024 County,40119,Payne,EXACT_CURRENT_FIPS,Exact Census FIPS; historical Census vintage used only where the i-Tree configuration refers to a retired county/county-equivalent.,1805.8777613048594
ITC-2195,USA,Oklahoma,Pittsburg,Pittsburg,US-FIPS:40121,Census TIGER/Line 2024 County,40121,Pittsburg,EXACT_CURRENT_FIPS,Exact Census FIPS; historical Census vintage used only where the i-Tree configuration refers to a retired county/county-equivalent.,3568.7050755324294
ITC-2196,USA,Oklahoma,Pontotoc,Pontotoc,US-FIPS:40123,Census TIGER/Line 2024 County,40123,Pontotoc,EXACT_CURRENT_FIPS,Exact Census FIPS; historical Census vintage used only where the i-Tree configuration refers to a retired county/county-equivalent.,1878.4316402740678
ITC-2197,USA,Oklahoma,Pottawatomie,Pottawatomie,US-FIPS:40125,Census TIGER/Line 2024 County,40125,Pottawatomie,EXACT_CURRENT_FIPS,Exact Census FIPS; historical Census vintage used only where the i-Tree configuration refers to a retired county/county-equivalent.,2055.2214126396657
ITC-2198,USA,Oklahoma,Pushmataha,Pushmataha,US-FIPS:40127,Census TIGER/Line 2024 County,40127,Pushmataha,EXACT_CURRENT_FIPS,Exact Census FIPS; historical Census vintage used only where the i-Tree configuration refers to a retired county/county-equivalent.,3684.422451641594
ITC-2199,USA,Oklahoma,Roger Mills,Roger Mills,US-FIPS:40129,Census TIGER/Line 2024 County,40129,Roger Mills,EXACT_CURRENT_FIPS,Exact Census FIPS; historical Census vintage used only where the i-Tree configuration refers to a retired county/county-equivalent.,2969.2137194756533
ITC-2200,USA,Oklahoma,Rogers,Rogers,US-FIPS:40131,Census TIGER/Line 2024 County,40131,Rogers,EXACT_CURRENT_FIPS,Exact Census FIPS; historical Census vintage used only where the i-Tree configuration refers to a retired county/county-equivalent.,1843.1225256506698
ITC-2201,USA,Oklahoma,Seminole,Seminole,US-FIPS:40133,Census TIGER/Line 2024 County,40133,Seminole,EXACT_CURRENT_FIPS,Exact Census FIPS; historical Census vintage used only where the i-Tree configuration refers to a retired county/county-equivalent.,1658.9546452901354
ITC-2202,USA,Oklahoma,Sequoyah,Sequoyah,US-FIPS:40135,Census TIGER/Line 2024 County,40135,Sequoyah,EXACT_CURRENT_FIPS,Exact Census FIPS; historical Census vintage used only where the i-Tree configuration refers to a retired county/county-equivalent.,1849.626529385152
ITC-2203,USA,Oklahoma,Stephens,Stephens,US-FIPS:40137,Census TIGER/Line 2024 County,40137,Stephens,EXACT_CURRENT_FIPS,Exact Census FIPS; historical Census vintage used only where the i-Tree configuration refers to a retired county/county-equivalent.,2308.6645130792076
ITC-2204,USA,Oklahoma,Texas,Texas,US-FIPS:40139,Census TIGER/Line 2024 County,40139,Texas,EXACT_CURRENT_FIPS,Exact Census FIPS; historical Census vintage used only where the i-Tree configuration refers to a retired county/county-equivalent.,5306.093684316029
ITC-2205,USA,Oklahoma,Tillman,Tillman,US-FIPS:40141,Census TIGER/Line 2024 County,40141,Tillman,EXACT_CURRENT_FIPS,Exact Census FIPS; historical Census vintage used only where the i-Tree configuration refers to a retired county/county-equivalent.,2277.122060245748
ITC-2206,USA,Oklahoma,Tulsa,Tulsa,US-FIPS:40143,Census TIGER/Line 2024 County,40143,Tulsa,EXACT_CURRENT_FIPS,Exact Census FIPS; historical Census vintage used only where the i-Tree configuration refers to a retired county/county-equivalent.,1519.8425790168103
ITC-2207,USA,Oklahoma,Wagoner,Wagoner,US-FIPS:40145,Census TIGER/Line 2024 County,40145,Wagoner,EXACT_CURRENT_FIPS,Exact Census FIPS; historical Census vintage used only where the i-Tree configuration refers to a retired county/county-equivalent.,1530.17152003225
ITC-2208,USA,Oklahoma,Washington,Washington,US-FIPS:40147,Census TIGER/Line 2024 County,40147,Washington,EXACT_CURRENT_FIPS,Exact Census FIPS; historical Census vintage used only where the i-Tree configuration refers to a retired county/county-equivalent.,1099.0726463929348
ITC-2209,USA,Oklahoma,Washita,Washita,US-FIPS:40149,Census TIGER/Line 2024 County,40149,Washita,EXACT_CURRENT_FIPS,Exact Census FIPS; historical Census vintage used only where the i-Tree configuration refers to a retired county/county-equivalent.,2612.5683557655884
ITC-2210,USA,Oklahoma,Woods,Woods,US-FIPS:40151,Census TIGER/Line 2024 County,40151,Woods,EXACT_CURRENT_FIPS,Exact Census FIPS; historical Census vintage used only where the i-Tree configuration refers to a retired county/county-equivalent.,3341.0529712152365
ITC-2211,USA,Oklahoma,Woodward,Woodward,US-FIPS:40153,Census TIGER/Line 2024 County,40153,Woodward,EXACT_CURRENT_FIPS,Exact Census FIPS; historical Census vintage used only where the i-Tree configuration refers to a retired county/county-equivalent.,3228.4950081475595
ITC-2212,USA,Oregon,Baker,Baker,US-FIPS:41001,Census TIGER/Line 2024 County,41001,Baker,EXACT_CURRENT_FIPS,Exact Census FIPS; historical Census vintage used only where the i-Tree configuration refers to a retired county/county-equivalent.,7997.829094805591
ITC-2213,USA,Oregon,Benton,Benton,US-FIPS:41003,Census TIGER/Line 2024 County,41003,Benton,EXACT_CURRENT_FIPS,Exact Census FIPS; historical Census vintage used only where the i-Tree configuration refers to a retired county/county-equivalent.,1756.4528113306544
ITC-2214,USA,Oregon,Clackamas,Clackamas,US-FIPS:41005,Census TIGER/Line 2024 County,41005,Clackamas,EXACT_CURRENT_FIPS,Exact Census FIPS; historical Census vintage used only where the i-Tree configuration refers to a retired county/county-equivalent.,4876.983383729993
ITC-2215,USA,Oregon,Clatsop,Clatsop,US-FIPS:41007,Census TIGER/Line 2024 County,41007,Clatsop,EXACT_CURRENT_FIPS,Exact Census FIPS; historical Census vintage used only where the i-Tree configuration refers to a retired county/county-equivalent.,2806.5011747509243
ITC-2216,USA,Oregon,Columbia,Columbia,US-FIPS:41009,Census TIGER/Line 2024 County,41009,Columbia,EXACT_CURRENT_FIPS,Exact Census FIPS; historical Census vintage used only where the i-Tree configuration refers to a retired county/county-equivalent.,1784.2391556737011
ITC-2217,USA,Oregon,Coos,Coos,US-FIPS:41011,Census TIGER/Line 2024 County,41011,Coos,EXACT_CURRENT_FIPS,Exact Census FIPS; historical Census vintage used only where the i-Tree configuration refers to a retired county/county-equivalent.,4678.440929110326
ITC-2218,USA,Oregon,Crook,Crook,US-FIPS:41013,Census TIGER/Line 2024 County,41013,Crook,EXACT_CURRENT_FIPS,Exact Census FIPS; historical Census vintage used only where the i-Tree configuration refers to a retired county/county-equivalent.,7736.397193118719
ITC-2219,USA,Oregon,Curry,Curry,US-FIPS:41015,Census TIGER/Line 2024 County,41015,Curry,EXACT_CURRENT_FIPS,Exact Census FIPS; historical Census vintage used only where the i-Tree configuration refers to a retired county/county-equivalent.,5152.1070393119835
ITC-2220,USA,Oregon,Deschutes,Deschutes,US-FIPS:41017,Census TIGER/Line 2024 County,41017,Deschutes,EXACT_CURRENT_FIPS,Exact Census FIPS; historical Census vintage used only where the i-Tree configuration refers to a retired county/county-equivalent.,7910.300563010995
ITC-2221,USA,Oregon,Douglas,Douglas,US-FIPS:41019,Census TIGER/Line 2024 County,41019,Douglas,EXACT_CURRENT_FIPS,Exact Census FIPS; historical Census vintage used only where the i-Tree configuration refers to a retired county/county-equivalent.,13294.29879678121
ITC-2222,USA,Oregon,Gilliam,Gilliam,US-FIPS:41021,Census TIGER/Line 2024 County,41021,Gilliam,EXACT_CURRENT_FIPS,Exact Census FIPS; historical Census vintage used only where the i-Tree configuration refers to a retired county/county-equivalent.,3167.128038238478
ITC-2223,USA,Oregon,Grant,Grant,US-FIPS:41023,Census TIGER/Line 2024 County,41023,Grant,EXACT_CURRENT_FIPS,Exact Census FIPS; historical Census vintage used only where the i-Tree configuration refers to a retired county/county-equivalent.,11728.821082842249
ITC-2224,USA,Oregon,Harney,Harney,US-FIPS:41025,Census TIGER/Line 2024 County,41025,Harney,EXACT_CURRENT_FIPS,Exact Census FIPS; historical Census vintage used only where the i-Tree configuration refers to a retired county/county-equivalent.,26489.643957473894
ITC-2225,USA,Oregon,Hood River,Hood River,US-FIPS:41027,Census TIGER/Line 2024 County,41027,Hood River,EXACT_CURRENT_FIPS,Exact Census FIPS; historical Census vintage used only where the i-Tree configuration refers to a retired county/county-equivalent.,1381.5211197229014
ITC-2226,USA,Oregon,Jackson,Jackson,US-FIPS:41029,Census TIGER/Line 2024 County,41029,Jackson,EXACT_CURRENT_FIPS,Exact Census FIPS; historical Census vintage used only where the i-Tree configuration refers to a retired county/county-equivalent.,7255.365495838673
ITC-2227,USA,Oregon,Jefferson,Jefferson,US-FIPS:41031,Census TIGER/Line 2024 County,41031,Jefferson,EXACT_CURRENT_FIPS,Exact Census FIPS; historical Census vintage used only where the i-Tree configuration refers to a retired county/county-equivalent.,4640.784029530087
ITC-2228,USA,Oregon,Josephine,Josephine,US-FIPS:41033,Census TIGER/Line 2024 County,41033,Josephine,EXACT_CURRENT_FIPS,Exact Census FIPS; historical Census vintage used only where the i-Tree configuration refers to a retired county/county-equivalent.,4249.712941367448
ITC-2229,USA,Oregon,Klamath,Klamath,US-FIPS:41035,Census TIGER/Line 2024 County,41035,Klamath,EXACT_CURRENT_FIPS,Exact Census FIPS; historical Census vintage used only where the i-Tree configuration refers to a retired county/county-equivalent.,15895.327108256628
ITC-2230,USA,Oregon,Lake,Lake,US-FIPS:41037,Census TIGER/Line 2024 County,41037,Lake,EXACT_CURRENT_FIPS,Exact Census FIPS; historical Census vintage used only where the i-Tree configuration refers to a retired county/county-equivalent.,21647.393240995098
ITC-2231,USA,Oregon,Lane,Lane,US-FIPS:41039,Census TIGER/Line 2024 County,41039,Lane,EXACT_CURRENT_FIPS,Exact Census FIPS; historical Census vintage used only where the i-Tree configuration refers to a retired county/county-equivalent.,12231.103550199667
ITC-2232,USA,Oregon,Lincoln,Lincoln,US-FIPS:41041,Census TIGER/Line 2024 County,41041,Lincoln,EXACT_CURRENT_FIPS,Exact Census FIPS; historical Census vintage used only where the i-Tree configuration refers to a retired county/county-equivalent.,3093.8771810855887
ITC-2233,USA,Oregon,Linn,Linn,US-FIPS:41043,Census TIGER/Line 2024 County,41043,Linn,EXACT_CURRENT_FIPS,Exact Census FIPS; historical Census vintage used only where the i-Tree configuration refers to a retired county/county-equivalent.,5979.9309066692285
ITC-2234,USA,Oregon,Malheur,Malheur,US-FIPS:41045,Census TIGER/Line 2024 County,41045,Malheur,EXACT_CURRENT_FIPS,Exact Census FIPS; historical Census vintage used only where the i-Tree configuration refers to a retired county/county-equivalent.,25718.051704267156
ITC-2235,USA,Oregon,Marion,Marion,US-FIPS:41047,Census TIGER/Line 2024 County,41047,Marion,EXACT_CURRENT_FIPS,Exact Census FIPS; historical Census vintage used only where the i-Tree configuration refers to a retired county/county-equivalent.,3084.8291549862347
ITC-2236,USA,Oregon,Morrow,Morrow,US-FIPS:41049,Census TIGER/Line 2024 County,41049,Morrow,EXACT_CURRENT_FIPS,Exact Census FIPS; historical Census vintage used only where the i-Tree configuration refers to a retired county/county-equivalent.,5303.417414321866
ITC-2237,USA,Oregon,Multnomah,Multnomah,US-FIPS:41051,Census TIGER/Line 2024 County,41051,Multnomah,EXACT_CURRENT_FIPS,Exact Census FIPS; historical Census vintage used only where the i-Tree configuration refers to a retired county/county-equivalent.,1204.365698121857
ITC-2238,USA,Oregon,Polk,Polk,US-FIPS:41053,Census TIGER/Line 2024 County,41053,Polk,EXACT_CURRENT_FIPS,Exact Census FIPS; historical Census vintage used only where the i-Tree configuration refers to a retired county/county-equivalent.,1927.3155854938718
ITC-2239,USA,Oregon,Sherman,Sherman,US-FIPS:41055,Census TIGER/Line 2024 County,41055,Sherman,EXACT_CURRENT_FIPS,Exact Census FIPS; historical Census vintage used only where the i-Tree configuration refers to a retired county/county-equivalent.,2152.7688901357624
ITC-2240,USA,Oregon,Tillamook,Tillamook,US-FIPS:41057,Census TIGER/Line 2024 County,41057,Tillamook,EXACT_CURRENT_FIPS,Exact Census FIPS; historical Census vintage used only where the i-Tree configuration refers to a retired county/county-equivalent.,3450.9227298727283
ITC-2241,USA,Oregon,Umatilla,Umatilla,US-FIPS:41059,Census TIGER/Line 2024 County,41059,Umatilla,EXACT_CURRENT_FIPS,Exact Census FIPS; historical Census vintage used only where the i-Tree configuration refers to a retired county/county-equivalent.,8369.59525412083
ITC-2242,USA,Oregon,Union,Union,US-FIPS:41061,Census TIGER/Line 2024 County,41061,Union,EXACT_CURRENT_FIPS,Exact Census FIPS; historical Census vintage used only where the i-Tree configuration refers to a retired county/county-equivalent.,5280.588071848069
ITC-2243,USA,Oregon,Wallowa,Wallowa,US-FIPS:41063,Census TIGER/Line 2024 County,41063,Wallowa,EXACT_CURRENT_FIPS,Exact Census FIPS; historical Census vintage used only where the i-Tree configuration refers to a retired county/county-equivalent.,8162.030233988659
ITC-2244,USA,Oregon,Wasco,Wasco,US-FIPS:41065,Census TIGER/Line 2024 County,41065,Wasco,EXACT_CURRENT_FIPS,Exact Census FIPS; historical Census vintage used only where the i-Tree configuration refers to a retired county/county-equivalent.,6202.812704695951
ITC-2245,USA,Oregon,Washington,Washington,US-FIPS:41067,Census TIGER/Line 2024 County,41067,Washington,EXACT_CURRENT_FIPS,Exact Census FIPS; historical Census vintage used only where the i-Tree configuration refers to a retired county/county-equivalent.,1881.9738648206305
ITC-2246,USA,Oregon,Wheeler,Wheeler,US-FIPS:41069,Census TIGER/Line 2024 County,41069,Wheeler,EXACT_CURRENT_FIPS,Exact Census FIPS; historical Census vintage used only where the i-Tree configuration refers to a retired county/county-equivalent.,4445.716318191375
ITC-2247,USA,Oregon,Yamhill,Yamhill,US-FIPS:41071,Census TIGER/Line 2024 County,41071,Yamhill,EXACT_CURRENT_FIPS,Exact Census FIPS; historical Census vintage used only where the i-Tree configuration refers to a retired county/county-equivalent.,1860.65248498709
ITC-2248,USA,Pennsylvania,Adams,Adams,US-FIPS:42001,Census TIGER/Line 2024 County,42001,Adams,EXACT_CURRENT_FIPS,Exact Census FIPS; historical Census vintage used only where the i-Tree configuration refers to a retired county/county-equivalent.,1351.252076474792
ITC-2249,USA,Pennsylvania,Allegheny,Allegheny,US-FIPS:42003,Census TIGER/Line 2024 County,42003,Allegheny,EXACT_CURRENT_FIPS,Exact Census FIPS; historical Census vintage used only where the i-Tree configuration refers to a retired county/county-equivalent.,1927.6159179598887
ITC-2250,USA,Pennsylvania,Armstrong,Armstrong,US-FIPS:42005,Census TIGER/Line 2024 County,42005,Armstrong,EXACT_CURRENT_FIPS,Exact Census FIPS; historical Census vintage used only where the i-Tree configuration refers to a retired county/county-equivalent.,1719.6804955429152
ITC-2251,USA,Pennsylvania,Beaver,Beaver,US-FIPS:42007,Census TIGER/Line 2024 County,42007,Beaver,EXACT_CURRENT_FIPS,Exact Census FIPS; historical Census vintage used only where the i-Tree configuration refers to a retired county/county-equivalent.,1150.0172684359497
ITC-2252,USA,Pennsylvania,Bedford,Bedford,US-FIPS:42009,Census TIGER/Line 2024 County,42009,Bedford,EXACT_CURRENT_FIPS,Exact Census FIPS; historical Census vintage used only where the i-Tree configuration refers to a retired county/county-equivalent.,2633.0368021766026
ITC-2253,USA,Pennsylvania,Berks,Berks,US-FIPS:42011,Census TIGER/Line 2024 County,42011,Berks,EXACT_CURRENT_FIPS,Exact Census FIPS; historical Census vintage used only where the i-Tree configuration refers to a retired county/county-equivalent.,2242.297528297262
ITC-2254,USA,Pennsylvania,Blair,Blair,US-FIPS:42013,Census TIGER/Line 2024 County,42013,Blair,EXACT_CURRENT_FIPS,Exact Census FIPS; historical Census vintage used only where the i-Tree configuration refers to a retired county/county-equivalent.,1363.2103986746374
ITC-2255,USA,Pennsylvania,Bradford,Bradford,US-FIPS:42015,Census TIGER/Line 2024 County,42015,Bradford,EXACT_CURRENT_FIPS,Exact Census FIPS; historical Census vintage used only where the i-Tree configuration refers to a retired county/county-equivalent.,3007.0210658824544
ITC-2256,USA,Pennsylvania,Bucks,Bucks,US-FIPS:42017,Census TIGER/Line 2024 County,42017,Bucks,EXACT_CURRENT_FIPS,Exact Census FIPS; historical Census vintage used only where the i-Tree configuration refers to a retired county/county-equivalent.,1610.8028266043787
ITC-2257,USA,Pennsylvania,Butler,Butler,US-FIPS:42019,Census TIGER/Line 2024 County,42019,Butler,EXACT_CURRENT_FIPS,Exact Census FIPS; historical Census vintage used only where the i-Tree configuration refers to a retired county/county-equivalent.,2060.7546198667337
ITC-2258,USA,Pennsylvania,Cambria,Cambria,US-FIPS:42021,Census TIGER/Line 2024 County,42021,Cambria,EXACT_CURRENT_FIPS,Exact Census FIPS; historical Census vintage used only where the i-Tree configuration refers to a retired county/county-equivalent.,1795.4606219800442
ITC-2259,USA,Pennsylvania,Cameron,Cameron,US-FIPS:42023,Census TIGER/Line 2024 County,42023,Cameron,EXACT_CURRENT_FIPS,Exact Census FIPS; historical Census vintage used only where the i-Tree configuration refers to a retired county/county-equivalent.,1031.8933794409081
ITC-2260,USA,Pennsylvania,Carbon,Carbon,US-FIPS:42025,Census TIGER/Line 2024 County,42025,Carbon,EXACT_CURRENT_FIPS,Exact Census FIPS; historical Census vintage used only where the i-Tree configuration refers to a retired county/county-equivalent.,1003.6251235664391
ITC-2261,USA,Pennsylvania,Centre,Centre,US-FIPS:42027,Census TIGER/Line 2024 County,42027,Centre,EXACT_CURRENT_FIPS,Exact Census FIPS; historical Census vintage used only where the i-Tree configuration refers to a retired county/county-equivalent.,2879.08517864358
ITC-2262,USA,Pennsylvania,Chester,Chester,US-FIPS:42029,Census TIGER/Line 2024 County,42029,Chester,EXACT_CURRENT_FIPS,Exact Census FIPS; historical Census vintage used only where the i-Tree configuration refers to a retired county/county-equivalent.,1966.3179179140354
ITC-2263,USA,Pennsylvania,Clarion,Clarion,US-FIPS:42031,Census TIGER/Line 2024 County,42031,Clarion,EXACT_CURRENT_FIPS,Exact Census FIPS; historical Census vintage used only where the i-Tree configuration refers to a retired county/county-equivalent.,1579.4875530787967
ITC-2264,USA,Pennsylvania,Clearfield,Clearfield,US-FIPS:42033,Census TIGER/Line 2024 County,42033,Clearfield,EXACT_CURRENT_FIPS,Exact Census FIPS; historical Census vintage used only where the i-Tree configuration refers to a retired county/county-equivalent.,2989.816606683697
ITC-2265,USA,Pennsylvania,Clinton,Clinton,US-FIPS:42035,Census TIGER/Line 2024 County,42035,Clinton,EXACT_CURRENT_FIPS,Exact Census FIPS; historical Census vintage used only where the i-Tree configuration refers to a retired county/county-equivalent.,2327.3155066076733
ITC-2266,USA,Pennsylvania,Columbia,Columbia,US-FIPS:42037,Census TIGER/Line 2024 County,42037,Columbia,EXACT_CURRENT_FIPS,Exact Census FIPS; historical Census vintage used only where the i-Tree configuration refers to a retired county/county-equivalent.,1270.210797577749
ITC-2267,USA,Pennsylvania,Crawford,Crawford,US-FIPS:42039,Census TIGER/Line 2024 County,42039,Crawford,EXACT_CURRENT_FIPS,Exact Census FIPS; historical Census vintage used only where the i-Tree configuration refers to a retired county/county-equivalent.,2687.3778622405594
ITC-2268,USA,Pennsylvania,Cumberland,Cumberland,US-FIPS:42041,Census TIGER/Line 2024 County,42041,Cumberland,EXACT_CURRENT_FIPS,Exact Census FIPS; historical Census vintage used only where the i-Tree configuration refers to a retired county/county-equivalent.,1425.459080083877
ITC-2269,USA,Pennsylvania,Dauphin,Dauphin,US-FIPS:42043,Census TIGER/Line 2024 County,42043,Dauphin,EXACT_CURRENT_FIPS,Exact Census FIPS; historical Census vintage used only where the i-Tree configuration refers to a retired county/county-equivalent.,1445.4555134026014
ITC-2270,USA,Pennsylvania,Delaware,Delaware,US-FIPS:42045,Census TIGER/Line 2024 County,42045,Delaware,EXACT_CURRENT_FIPS,Exact Census FIPS; historical Census vintage used only where the i-Tree configuration refers to a retired county/county-equivalent.,493.65189192832963
ITC-2271,USA,Pennsylvania,Elk,Elk,US-FIPS:42047,Census TIGER/Line 2024 County,42047,Elk,EXACT_CURRENT_FIPS,Exact Census FIPS; historical Census vintage used only where the i-Tree configuration refers to a retired county/county-equivalent.,2154.456443309525
ITC-2272,USA,Pennsylvania,Erie,Erie,US-FIPS:42049,Census TIGER/Line 2024 County,42049,Erie,EXACT_CURRENT_FIPS,Exact Census FIPS; historical Census vintage used only where the i-Tree configuration refers to a retired county/county-equivalent.,4035.4048887199456
ITC-2273,USA,Pennsylvania,Fayette,Fayette,US-FIPS:42051,Census TIGER/Line 2024 County,42051,Fayette,EXACT_CURRENT_FIPS,Exact Census FIPS; historical Census vintage used only where the i-Tree configuration refers to a retired county/county-equivalent.,2068.691286324596
ITC-2274,USA,Pennsylvania,Forest,Forest,US-FIPS:42053,Census TIGER/Line 2024 County,42053,Forest,EXACT_CURRENT_FIPS,Exact Census FIPS; historical Census vintage used only where the i-Tree configuration refers to a retired county/county-equivalent.,1114.964832041115
ITC-2275,USA,Pennsylvania,Franklin,Franklin,US-FIPS:42055,Census TIGER/Line 2024 County,42055,Franklin,EXACT_CURRENT_FIPS,Exact Census FIPS; historical Census vintage used only where the i-Tree configuration refers to a retired county/county-equivalent.,2001.747145815425
ITC-2276,USA,Pennsylvania,Fulton,Fulton,US-FIPS:42057,Census TIGER/Line 2024 County,42057,Fulton,EXACT_CURRENT_FIPS,Exact Census FIPS; historical Census vintage used only where the i-Tree configuration refers to a retired county/county-equivalent.,1134.5581111872568
ITC-2277,USA,Pennsylvania,Greene,Greene,US-FIPS:42059,Census TIGER/Line 2024 County,42059,Greene,EXACT_CURRENT_FIPS,Exact Census FIPS; historical Census vintage used only where the i-Tree configuration refers to a retired county/county-equivalent.,1496.9551674708466
ITC-2278,USA,Pennsylvania,Huntingdon,Huntingdon,US-FIPS:42061,Census TIGER/Line 2024 County,42061,Huntingdon,EXACT_CURRENT_FIPS,Exact Census FIPS; historical Census vintage used only where the i-Tree configuration refers to a retired county/county-equivalent.,2303.032834034181
ITC-2279,USA,Pennsylvania,Indiana,Indiana,US-FIPS:42063,Census TIGER/Line 2024 County,42063,Indiana,EXACT_CURRENT_FIPS,Exact Census FIPS; historical Census vintage used only where the i-Tree configuration refers to a retired county/county-equivalent.,2161.0259409338296
ITC-2280,USA,Pennsylvania,Jefferson,Jefferson,US-FIPS:42065,Census TIGER/Line 2024 County,42065,Jefferson,EXACT_CURRENT_FIPS,Exact Census FIPS; historical Census vintage used only where the i-Tree configuration refers to a retired county/county-equivalent.,1701.105919313465
ITC-2281,USA,Pennsylvania,Juniata,Juniata,US-FIPS:42067,Census TIGER/Line 2024 County,42067,Juniata,EXACT_CURRENT_FIPS,Exact Census FIPS; historical Census vintage used only where the i-Tree configuration refers to a retired county/county-equivalent.,1019.2008531482134
ITC-2282,USA,Pennsylvania,Lackawanna,Lackawanna,US-FIPS:42069,Census TIGER/Line 2024 County,42069,Lackawanna,EXACT_CURRENT_FIPS,Exact Census FIPS; historical Census vintage used only where the i-Tree configuration refers to a retired county/county-equivalent.,1204.4172051445314
ITC-2283,USA,Pennsylvania,Lancaster,Lancaster,US-FIPS:42071,Census TIGER/Line 2024 County,42071,Lancaster,EXACT_CURRENT_FIPS,Exact Census FIPS; historical Census vintage used only where the i-Tree configuration refers to a retired county/county-equivalent.,2548.1204508315213
ITC-2284,USA,Pennsylvania,Lawrence,Lawrence,US-FIPS:42073,Census TIGER/Line 2024 County,42073,Lawrence,EXACT_CURRENT_FIPS,Exact Census FIPS; historical Census vintage used only where the i-Tree configuration refers to a retired county/county-equivalent.,937.0151203449379
ITC-2285,USA,Pennsylvania,Lebanon,Lebanon,US-FIPS:42075,Census TIGER/Line 2024 County,42075,Lebanon,EXACT_CURRENT_FIPS,Exact Census FIPS; historical Census vintage used only where the i-Tree configuration refers to a retired county/county-equivalent.,938.8702624221855
ITC-2286,USA,Pennsylvania,Lehigh,Lehigh,US-FIPS:42077,Census TIGER/Line 2024 County,42077,Lehigh,EXACT_CURRENT_FIPS,Exact Census FIPS; historical Census vintage used only where the i-Tree configuration refers to a retired county/county-equivalent.,901.8657405157793
ITC-2287,USA,Pennsylvania,Luzerne,Luzerne,US-FIPS:42079,Census TIGER/Line 2024 County,42079,Luzerne,EXACT_CURRENT_FIPS,Exact Census FIPS; historical Census vintage used only where the i-Tree configuration refers to a retired county/county-equivalent.,2346.600942801856
ITC-2288,USA,Pennsylvania,Lycoming,Lycoming,US-FIPS:42081,Census TIGER/Line 2024 County,42081,Lycoming,EXACT_CURRENT_FIPS,Exact Census FIPS; historical Census vintage used only where the i-Tree configuration refers to a retired county/county-equivalent.,3221.806721986417
ITC-2289,USA,Pennsylvania,McKean,McKean,US-FIPS:42083,Census TIGER/Line 2024 County,42083,McKean,EXACT_CURRENT_FIPS,Exact Census FIPS; historical Census vintage used only where the i-Tree configuration refers to a retired county/county-equivalent.,2550.4304018400467
ITC-2290,USA,Pennsylvania,Mercer,Mercer,US-FIPS:42085,Census TIGER/Line 2024 County,42085,Mercer,EXACT_CURRENT_FIPS,Exact Census FIPS; historical Census vintage used only where the i-Tree configuration refers to a retired county/county-equivalent.,1767.830987108052
ITC-2291,USA,Pennsylvania,Mifflin,Mifflin,US-FIPS:42087,Census TIGER/Line 2024 County,42087,Mifflin,EXACT_CURRENT_FIPS,Exact Census FIPS; historical Census vintage used only where the i-Tree configuration refers to a retired county/county-equivalent.,1074.0869641559402
ITC-2292,USA,Pennsylvania,Monroe,Monroe,US-FIPS:42089,Census TIGER/Line 2024 County,42089,Monroe,EXACT_CURRENT_FIPS,Exact Census FIPS; historical Census vintage used only where the i-Tree configuration refers to a retired county/county-equivalent.,1598.311986976206
ITC-2293,USA,Pennsylvania,Montgomery,Montgomery,US-FIPS:42091,Census TIGER/Line 2024 County,42091,Montgomery,EXACT_CURRENT_FIPS,Exact Census FIPS; historical Census vintage used only where the i-Tree configuration refers to a retired county/county-equivalent.,1261.7999682684272
ITC-2294,USA,Pennsylvania,Montour,Montour,US-FIPS:42093,Census TIGER/Line 2024 County,42093,Montour,EXACT_CURRENT_FIPS,Exact Census FIPS; historical Census vintage used only where the i-Tree configuration refers to a retired county/county-equivalent.,342.73078887564174
ITC-2295,USA,Pennsylvania,Northampton,Northampton,US-FIPS:42095,Census TIGER/Line 2024 County,42095,Northampton,EXACT_CURRENT_FIPS,Exact Census FIPS; historical Census vintage used only where the i-Tree configuration refers to a retired county/county-equivalent.,976.8035223214082
ITC-2296,USA,Pennsylvania,Northumberland,Northumberland,US-FIPS:42097,Census TIGER/Line 2024 County,42097,Northumberland,EXACT_CURRENT_FIPS,Exact Census FIPS; historical Census vintage used only where the i-Tree configuration refers to a retired county/county-equivalent.,1236.019457807754
ITC-2297,USA,Pennsylvania,Perry,Perry,US-FIPS:42099,Census TIGER/Line 2024 County,42099,Perry,EXACT_CURRENT_FIPS,Exact Census FIPS; historical Census vintage used only where the i-Tree configuration refers to a retired county/county-equivalent.,1438.8387881068875
ITC-2298,USA,Pennsylvania,Philadelphia,Philadelphia,US-FIPS:42101,Census TIGER/Line 2024 County,42101,Philadelphia,EXACT_CURRENT_FIPS,Exact Census FIPS; historical Census vintage used only where the i-Tree configuration refers to a retired county/county-equivalent.,368.8702690515666
ITC-2299,USA,Pennsylvania,Pike,Pike,US-FIPS:42103,Census TIGER/Line 2024 County,42103,Pike,EXACT_CURRENT_FIPS,Exact Census FIPS; historical Census vintage used only where the i-Tree configuration refers to a retired county/county-equivalent.,1468.0536452506017
ITC-2300,USA,Pennsylvania,Potter,Potter,US-FIPS:42105,Census TIGER/Line 2024 County,42105,Potter,EXACT_CURRENT_FIPS,Exact Census FIPS; historical Census vintage used only where the i-Tree configuration refers to a retired county/county-equivalent.,2800.9816502009667
ITC-2301,USA,Pennsylvania,Schuylkill,Schuylkill,US-FIPS:42107,Census TIGER/Line 2024 County,42107,Schuylkill,EXACT_CURRENT_FIPS,Exact Census FIPS; historical Census vintage used only where the i-Tree configuration refers to a retired county/county-equivalent.,2027.3294355438388
ITC-2302,USA,Pennsylvania,Snyder,Snyder,US-FIPS:42109,Census TIGER/Line 2024 County,42109,Snyder,EXACT_CURRENT_FIPS,Exact Census FIPS; historical Census vintage used only where the i-Tree configuration refers to a retired county/county-equivalent.,858.7052179099135
ITC-2303,USA,Pennsylvania,Somerset,Somerset,US-FIPS:42111,Census TIGER/Line 2024 County,42111,Somerset,EXACT_CURRENT_FIPS,Exact Census FIPS; historical Census vintage used only where the i-Tree configuration refers to a retired county/county-equivalent.,2801.460773575302
ITC-2304,USA,Pennsylvania,Sullivan,Sullivan,US-FIPS:42113,Census TIGER/Line 2024 County,42113,Sullivan,EXACT_CURRENT_FIPS,Exact Census FIPS; historical Census vintage used only where the i-Tree configuration refers to a retired county/county-equivalent.,1171.954915708928
ITC-2305,USA,Pennsylvania,Susquehanna,Susquehanna,US-FIPS:42115,Census TIGER/Line 2024 County,42115,Susquehanna,EXACT_CURRENT_FIPS,Exact Census FIPS; historical Census vintage used only where the i-Tree configuration refers to a retired county/county-equivalent.,2155.2284023527313
ITC-2306,USA,Pennsylvania,Tioga,Tioga,US-FIPS:42117,Census TIGER/Line 2024 County,42117,Tioga,EXACT_CURRENT_FIPS,Exact Census FIPS; historical Census vintage used only where the i-Tree configuration refers to a retired county/county-equivalent.,2945.044884642361
ITC-2307,USA,Pennsylvania,Union,Union,US-FIPS:42119,Census TIGER/Line 2024 County,42119,Union,EXACT_CURRENT_FIPS,Exact Census FIPS; historical Census vintage used only where the i-Tree configuration refers to a retired county/county-equivalent.,822.932035669129
ITC-2308,USA,Pennsylvania,Venango,Venango,US-FIPS:42121,Census TIGER/Line 2024 County,42121,Venango,EXACT_CURRENT_FIPS,Exact Census FIPS; historical Census vintage used only where the i-Tree configuration refers to a retired county/county-equivalent.,1768.4872611416608
ITC-2309,USA,Pennsylvania,Warren,Warren,US-FIPS:42123,Census TIGER/Line 2024 County,42123,Warren,EXACT_CURRENT_FIPS,Exact Census FIPS; historical Census vintage used only where the i-Tree configuration refers to a retired county/county-equivalent.,2327.648243204565
ITC-2310,USA,Pennsylvania,Washington,Washington,US-FIPS:42125,Census TIGER/Line 2024 County,42125,Washington,EXACT_CURRENT_FIPS,Exact Census FIPS; historical Census vintage used only where the i-Tree configuration refers to a retired county/county-equivalent.,2229.590250336615
ITC-2311,USA,Pennsylvania,Wayne,Wayne,US-FIPS:42127,Census TIGER/Line 2024 County,42127,Wayne,EXACT_CURRENT_FIPS,Exact Census FIPS; historical Census vintage used only where the i-Tree configuration refers to a retired county/county-equivalent.,1944.5199757513215
ITC-2312,USA,Pennsylvania,Westmoreland,Westmoreland,US-FIPS:42129,Census TIGER/Line 2024 County,42129,Westmoreland,EXACT_CURRENT_FIPS,Exact Census FIPS; historical Census vintage used only where the i-Tree configuration refers to a retired county/county-equivalent.,2683.0521832151576
ITC-2313,USA,Pennsylvania,Wyoming,Wyoming,US-FIPS:42131,Census TIGER/Line 2024 County,42131,Wyoming,EXACT_CURRENT_FIPS,Exact Census FIPS; historical Census vintage used only where the i-Tree configuration refers to a retired county/county-equivalent.,1048.914388368017
ITC-2314,USA,Pennsylvania,York,York,US-FIPS:42133,Census TIGER/Line 2024 County,42133,York,EXACT_CURRENT_FIPS,Exact Census FIPS; historical Census vintage used only where the i-Tree configuration refers to a retired county/county-equivalent.,2358.765421366069
ITC-2315,USA,Puerto Rico,Adjuntas,Adjuntas,US-FIPS:72001,Census TIGER/Line 2024 County,72001,Adjuntas,EXACT_CURRENT_FIPS,Exact Census FIPS; historical Census vintage used only where the i-Tree configuration refers to a retired county/county-equivalent.,173.75875881420168
ITC-2316,USA,Puerto Rico,Aguada,Aguada,US-FIPS:72003,Census TIGER/Line 2024 County,72003,Aguada,EXACT_CURRENT_FIPS,Exact Census FIPS; historical Census vintage used only where the i-Tree configuration refers to a retired county/county-equivalent.,117.94967028304204
ITC-2317,USA,Puerto Rico,Aguadilla,Aguadilla,US-FIPS:72005,Census TIGER/Line 2024 County,72005,Aguadilla,EXACT_CURRENT_FIPS,Exact Census FIPS; historical Census vintage used only where the i-Tree configuration refers to a retired county/county-equivalent.,195.74572822164882
ITC-2318,USA,Puerto Rico,Aguas Buenas,Aguas Buenas,US-FIPS:72007,Census TIGER/Line 2024 County,72007,Aguas Buenas,EXACT_CURRENT_FIPS,Exact Census FIPS; historical Census vintage used only where the i-Tree configuration refers to a retired county/county-equivalent.,77.94788931713492
ITC-2319,USA,Puerto Rico,Aibonito,Aibonito,US-FIPS:72009,Census TIGER/Line 2024 County,72009,Aibonito,EXACT_CURRENT_FIPS,Exact Census FIPS; historical Census vintage used only where the i-Tree configuration refers to a retired county/county-equivalent.,81.16638128246267
ITC-2320,USA,Puerto Rico,Añasco,Añasco,US-FIPS:72011,Census TIGER/Line 2024 County,72011,Añasco,EXACT_CURRENT_FIPS,Exact Census FIPS; historical Census vintage used only where the i-Tree configuration refers to a retired county/county-equivalent.,116.3550681648445
ITC-2321,USA,Puerto Rico,Arecibo,Arecibo,US-FIPS:72013,Census TIGER/Line 2024 County,72013,Arecibo,EXACT_CURRENT_FIPS,Exact Census FIPS; historical Census vintage used only where the i-Tree configuration refers to a retired county/county-equivalent.,443.4310358043192
ITC-2322,USA,Puerto Rico,Arroyo,Arroyo,US-FIPS:72015,Census TIGER/Line 2024 County,72015,Arroyo,EXACT_CURRENT_FIPS,Exact Census FIPS; historical Census vintage used only where the i-Tree configuration refers to a retired county/county-equivalent.,92.32932403313401
ITC-2323,USA,Puerto Rico,Barceloneta,Barceloneta,US-FIPS:72017,Census TIGER/Line 2024 County,72017,Barceloneta,EXACT_CURRENT_FIPS,Exact Census FIPS; historical Census vintage used only where the i-Tree configuration refers to a retired county/county-equivalent.,80.041390166223
ITC-2324,USA,Puerto Rico,Barranquitas,Barranquitas,US-FIPS:72019,Census TIGER/Line 2024 County,72019,Barranquitas,EXACT_CURRENT_FIPS,Exact Census FIPS; historical Census vintage used only where the i-Tree configuration refers to a retired county/county-equivalent.,88.79185138637057
ITC-2325,USA,Puerto Rico,Bayamón,Bayamón,US-FIPS:72021,Census TIGER/Line 2024 County,72021,Bayamón,EXACT_CURRENT_FIPS,Exact Census FIPS; historical Census vintage used only where the i-Tree configuration refers to a retired county/county-equivalent.,115.4117313965196
ITC-2326,USA,Puerto Rico,Cabo Rojo,Cabo Rojo,US-FIPS:72023,Census TIGER/Line 2024 County,72023,Cabo Rojo,EXACT_CURRENT_FIPS,Exact Census FIPS; historical Census vintage used only where the i-Tree configuration refers to a retired county/county-equivalent.,459.49263866510796
ITC-2327,USA,Puerto Rico,Caguas,Caguas,US-FIPS:72025,Census TIGER/Line 2024 County,72025,Caguas,EXACT_CURRENT_FIPS,Exact Census FIPS; historical Census vintage used only where the i-Tree configuration refers to a retired county/county-equivalent.,152.9841580748188
ITC-2328,USA,Puerto Rico,Camuy,Camuy,US-FIPS:72027,Census TIGER/Line 2024 County,72027,Camuy,EXACT_CURRENT_FIPS,Exact Census FIPS; historical Census vintage used only where the i-Tree configuration refers to a retired county/county-equivalent.,160.56445728357406
ITC-2329,USA,Puerto Rico,Canóvanas,Canóvanas,US-FIPS:72029,Census TIGER/Line 2024 County,72029,Canóvanas,EXACT_CURRENT_FIPS,Exact Census FIPS; historical Census vintage used only where the i-Tree configuration refers to a retired county/county-equivalent.,85.49244918397997
ITC-2330,USA,Puerto Rico,Carolina,Carolina,US-FIPS:72031,Census TIGER/Line 2024 County,72031,Carolina,EXACT_CURRENT_FIPS,Exact Census FIPS; historical Census vintage used only where the i-Tree configuration refers to a retired county/county-equivalent.,156.2467768217037
ITC-2331,USA,Puerto Rico,Cataño,Cataño,US-FIPS:72033,Census TIGER/Line 2024 County,72033,Cataño,EXACT_CURRENT_FIPS,Exact Census FIPS; historical Census vintage used only where the i-Tree configuration refers to a retired county/county-equivalent.,18.130643643300612
ITC-2332,USA,Puerto Rico,Cayey,Cayey,US-FIPS:72035,Census TIGER/Line 2024 County,72035,Cayey,EXACT_CURRENT_FIPS,Exact Census FIPS; historical Census vintage used only where the i-Tree configuration refers to a retired county/county-equivalent.,134.5784301639212
ITC-2333,USA,Puerto Rico,Ceiba,Ceiba,US-FIPS:72037,Census TIGER/Line 2024 County,72037,Ceiba,EXACT_CURRENT_FIPS,Exact Census FIPS; historical Census vintage used only where the i-Tree configuration refers to a retired county/county-equivalent.,411.37977885341485
ITC-2334,USA,Puerto Rico,Ciales,Ciales,US-FIPS:72039,Census TIGER/Line 2024 County,72039,Ciales,EXACT_CURRENT_FIPS,Exact Census FIPS; historical Census vintage used only where the i-Tree configuration refers to a retired county/county-equivalent.,172.77013355425763
ITC-2335,USA,Puerto Rico,Cidra,Cidra,US-FIPS:72041,Census TIGER/Line 2024 County,72041,Cidra,EXACT_CURRENT_FIPS,Exact Census FIPS; historical Census vintage used only where the i-Tree configuration refers to a retired county/county-equivalent.,94.41832730160432
ITC-2336,USA,Puerto Rico,Coamo,Coamo,US-FIPS:72043,Census TIGER/Line 2024 County,72043,Coamo,EXACT_CURRENT_FIPS,Exact Census FIPS; historical Census vintage used only where the i-Tree configuration refers to a retired county/county-equivalent.,202.09141254016293
ITC-2337,USA,Puerto Rico,Comerío,Comerío,US-FIPS:72045,Census TIGER/Line 2024 County,72045,Comerío,EXACT_CURRENT_FIPS,Exact Census FIPS; historical Census vintage used only where the i-Tree configuration refers to a retired county/county-equivalent.,73.87693932345967
ITC-2338,USA,Puerto Rico,Corozal,Corozal,US-FIPS:72047,Census TIGER/Line 2024 County,72047,Corozal,EXACT_CURRENT_FIPS,Exact Census FIPS; historical Census vintage used only where the i-Tree configuration refers to a retired county/county-equivalent.,110.26033936986832
ITC-2339,USA,Puerto Rico,Culebra,Culebra,US-FIPS:72049,Census TIGER/Line 2024 County,72049,Culebra,EXACT_CURRENT_FIPS,Exact Census FIPS; historical Census vintage used only where the i-Tree configuration refers to a retired county/county-equivalent.,437.27399823026906
ITC-2340,USA,Puerto Rico,Dorado,Dorado,US-FIPS:72051,Census TIGER/Line 2024 County,72051,Dorado,EXACT_CURRENT_FIPS,Exact Census FIPS; historical Census vintage used only where the i-Tree configuration refers to a retired county/county-equivalent.,139.10878396064464
ITC-2341,USA,Puerto Rico,Fajardo,Fajardo,US-FIPS:72053,Census TIGER/Line 2024 County,72053,Fajardo,EXACT_CURRENT_FIPS,Exact Census FIPS; historical Census vintage used only where the i-Tree configuration refers to a retired county/county-equivalent.,272.80116539167835
ITC-2342,USA,Puerto Rico,Florida,Florida,US-FIPS:72054,Census TIGER/Line 2024 County,72054,Florida,EXACT_CURRENT_FIPS,Exact Census FIPS; historical Census vintage used only where the i-Tree configuration refers to a retired county/county-equivalent.,39.45176085264178
ITC-2343,USA,Puerto Rico,Guánica,Guánica,US-FIPS:72055,Census TIGER/Line 2024 County,72055,Guánica,EXACT_CURRENT_FIPS,Exact Census FIPS; historical Census vintage used only where the i-Tree configuration refers to a retired county/county-equivalent.,205.85360309027993
ITC-2344,USA,Puerto Rico,Guayama,Guayama,US-FIPS:72057,Census TIGER/Line 2024 County,72057,Guayama,EXACT_CURRENT_FIPS,Exact Census FIPS; historical Census vintage used only where the i-Tree configuration refers to a retired county/county-equivalent.,276.6558632642788
ITC-2345,USA,Puerto Rico,Guayanilla,Guayanilla,US-FIPS:72059,Census TIGER/Line 2024 County,72059,Guayanilla,EXACT_CURRENT_FIPS,Exact Census FIPS; historical Census vintage used only where the i-Tree configuration refers to a retired county/county-equivalent.,166.33465634630554
ITC-2346,USA,Puerto Rico,Guaynabo,Guaynabo,US-FIPS:72061,Census TIGER/Line 2024 County,72061,Guaynabo,EXACT_CURRENT_FIPS,Exact Census FIPS; historical Census vintage used only where the i-Tree configuration refers to a retired county/county-equivalent.,71.91293194719614
ITC-2347,USA,Puerto Rico,Gurabo,Gurabo,US-FIPS:72063,Census TIGER/Line 2024 County,72063,Gurabo,EXACT_CURRENT_FIPS,Exact Census FIPS; historical Census vintage used only where the i-Tree configuration refers to a retired county/county-equivalent.,73.32965618021599
ITC-2348,USA,Puerto Rico,Hatillo,Hatillo,US-FIPS:72065,Census TIGER/Line 2024 County,72065,Hatillo,EXACT_CURRENT_FIPS,Exact Census FIPS; historical Census vintage used only where the i-Tree configuration refers to a retired county/county-equivalent.,152.08644798657346
ITC-2349,USA,Puerto Rico,Hormigueros,Hormigueros,US-FIPS:72067,Census TIGER/Line 2024 County,72067,Hormigueros,EXACT_CURRENT_FIPS,Exact Census FIPS; historical Census vintage used only where the i-Tree configuration refers to a retired county/county-equivalent.,29.385362240733897
ITC-2350,USA,Puerto Rico,Humacao,Humacao,US-FIPS:72069,Census TIGER/Line 2024 County,72069,Humacao,EXACT_CURRENT_FIPS,Exact Census FIPS; historical Census vintage used only where the i-Tree configuration refers to a retired county/county-equivalent.,184.91782173574686
ITC-2351,USA,Puerto Rico,Isabela,Isabela,US-FIPS:72071,Census TIGER/Line 2024 County,72071,Isabela,EXACT_CURRENT_FIPS,Exact Census FIPS; historical Census vintage used only where the i-Tree configuration refers to a retired county/county-equivalent.,237.8928726332899
ITC-2352,USA,Puerto Rico,Jayuya,Jayuya,US-FIPS:72073,Census TIGER/Line 2024 County,72073,Jayuya,EXACT_CURRENT_FIPS,Exact Census FIPS; historical Census vintage used only where the i-Tree configuration refers to a retired county/county-equivalent.,115.33508741415983
ITC-2353,USA,Puerto Rico,Juana Díaz,Juana Díaz,US-FIPS:72075,Census TIGER/Line 2024 County,72075,Juana Díaz,EXACT_CURRENT_FIPS,Exact Census FIPS; historical Census vintage used only where the i-Tree configuration refers to a retired county/county-equivalent.,277.67010200966354
ITC-2354,USA,Puerto Rico,Juncos,Juncos,US-FIPS:72077,Census TIGER/Line 2024 County,72077,Juncos,EXACT_CURRENT_FIPS,Exact Census FIPS; historical Census vintage used only where the i-Tree configuration refers to a retired county/county-equivalent.,68.93310975337167
ITC-2355,USA,Puerto Rico,Lajas,Lajas,US-FIPS:72079,Census TIGER/Line 2024 County,72079,Lajas,EXACT_CURRENT_FIPS,Exact Census FIPS; historical Census vintage used only where the i-Tree configuration refers to a retired county/county-equivalent.,261.94082724058046
ITC-2356,USA,Puerto Rico,Lares,Lares,US-FIPS:72081,Census TIGER/Line 2024 County,72081,Lares,EXACT_CURRENT_FIPS,Exact Census FIPS; historical Census vintage used only where the i-Tree configuration refers to a retired county/county-equivalent.,159.65300634235277
ITC-2357,USA,Puerto Rico,Las Marías,Las Marías,US-FIPS:72083,Census TIGER/Line 2024 County,72083,Las Marías,EXACT_CURRENT_FIPS,Exact Census FIPS; historical Census vintage used only where the i-Tree configuration refers to a retired county/county-equivalent.,120.4480416614814
ITC-2358,USA,Puerto Rico,Las Piedras,Las Piedras,US-FIPS:72085,Census TIGER/Line 2024 County,72085,Las Piedras,EXACT_CURRENT_FIPS,Exact Census FIPS; historical Census vintage used only where the i-Tree configuration refers to a retired county/county-equivalent.,87.7809261691224
ITC-2359,USA,Puerto Rico,Loíza,Loíza,US-FIPS:72087,Census TIGER/Line 2024 County,72087,Loíza,EXACT_CURRENT_FIPS,Exact Census FIPS; historical Census vintage used only where the i-Tree configuration refers to a retired county/county-equivalent.,169.90998928060768
ITC-2360,USA,Puerto Rico,Luquillo,Luquillo,US-FIPS:72089,Census TIGER/Line 2024 County,72089,Luquillo,EXACT_CURRENT_FIPS,Exact Census FIPS; historical Census vintage used only where the i-Tree configuration refers to a retired county/county-equivalent.,120.51117226108343
ITC-2361,USA,Puerto Rico,Manatí,Manatí,US-FIPS:72091,Census TIGER/Line 2024 County,72091,Manatí,EXACT_CURRENT_FIPS,Exact Census FIPS; historical Census vintage used only where the i-Tree configuration refers to a retired county/county-equivalent.,183.07688358220574
ITC-2362,USA,Puerto Rico,Maricao,Maricao,US-FIPS:72093,Census TIGER/Line 2024 County,72093,Maricao,EXACT_CURRENT_FIPS,Exact Census FIPS; historical Census vintage used only where the i-Tree configuration refers to a retired county/county-equivalent.,94.86423567796133
ITC-2363,USA,Puerto Rico,Maunabo,Maunabo,US-FIPS:72095,Census TIGER/Line 2024 County,72095,Maunabo,EXACT_CURRENT_FIPS,Exact Census FIPS; historical Census vintage used only where the i-Tree configuration refers to a retired county/county-equivalent.,99.36681596237716
ITC-2364,USA,Puerto Rico,Mayagüez,Mayagüez,US-FIPS:72097,Census TIGER/Line 2024 County,72097,Mayagüez,EXACT_CURRENT_FIPS,Exact Census FIPS; historical Census vintage used only where the i-Tree configuration refers to a retired county/county-equivalent.,709.8805857665911
ITC-2365,USA,Puerto Rico,Moca,Moca,US-FIPS:72099,Census TIGER/Line 2024 County,72099,Moca,EXACT_CURRENT_FIPS,Exact Census FIPS; historical Census vintage used only where the i-Tree configuration refers to a retired county/county-equivalent.,130.44000945440922
ITC-2366,USA,Puerto Rico,Morovis,Morovis,US-FIPS:72101,Census TIGER/Line 2024 County,72101,Morovis,EXACT_CURRENT_FIPS,Exact Census FIPS; historical Census vintage used only where the i-Tree configuration refers to a retired county/county-equivalent.,100.81572964164546
ITC-2367,USA,Puerto Rico,Naguabo,Naguabo,US-FIPS:72103,Census TIGER/Line 2024 County,72103,Naguabo,EXACT_CURRENT_FIPS,Exact Census FIPS; historical Census vintage used only where the i-Tree configuration refers to a retired county/county-equivalent.,187.15186215742838
ITC-2368,USA,Puerto Rico,Naranjito,Naranjito,US-FIPS:72105,Census TIGER/Line 2024 County,72105,Naranjito,EXACT_CURRENT_FIPS,Exact Census FIPS; historical Census vintage used only where the i-Tree configuration refers to a retired county/county-equivalent.,71.86751571108641
ITC-2369,USA,Puerto Rico,Orocovis,Orocovis,US-FIPS:72107,Census TIGER/Line 2024 County,72107,Orocovis,EXACT_CURRENT_FIPS,Exact Census FIPS; historical Census vintage used only where the i-Tree configuration refers to a retired county/county-equivalent.,165.168714915638
ITC-2370,USA,Puerto Rico,Patillas,Patillas,US-FIPS:72109,Census TIGER/Line 2024 County,72109,Patillas,EXACT_CURRENT_FIPS,Exact Census FIPS; historical Census vintage used only where the i-Tree configuration refers to a retired county/county-equivalent.,194.77000276357037
ITC-2371,USA,Puerto Rico,Peñuelas,Peñuelas,US-FIPS:72111,Census TIGER/Line 2024 County,72111,Peñuelas,EXACT_CURRENT_FIPS,Exact Census FIPS; historical Census vintage used only where the i-Tree configuration refers to a retired county/county-equivalent.,175.77008733016555
ITC-2372,USA,Puerto Rico,Ponce,Ponce,US-FIPS:72113,Census TIGER/Line 2024 County,72113,Ponce,EXACT_CURRENT_FIPS,Exact Census FIPS; historical Census vintage used only where the i-Tree configuration refers to a retired county/county-equivalent.,501.36814619227
ITC-2373,USA,Puerto Rico,Quebradillas,Quebradillas,US-FIPS:72115,Census TIGER/Line 2024 County,72115,Quebradillas,EXACT_CURRENT_FIPS,Exact Census FIPS; historical Census vintage used only where the i-Tree configuration refers to a retired county/county-equivalent.,88.91440653649933
ITC-2374,USA,Puerto Rico,Rincón,Rincón,US-FIPS:72117,Census TIGER/Line 2024 County,72117,Rincón,EXACT_CURRENT_FIPS,Exact Census FIPS; historical Census vintage used only where the i-Tree configuration refers to a retired county/county-equivalent.,140.92977693357793
ITC-2375,USA,Puerto Rico,Río Grande,Río Grande,US-FIPS:72119,Census TIGER/Line 2024 County,72119,Río Grande,EXACT_CURRENT_FIPS,Exact Census FIPS; historical Census vintage used only where the i-Tree configuration refers to a retired county/county-equivalent.,231.8848711904558
ITC-2376,USA,Puerto Rico,Sabana Grande,Sabana Grande,US-FIPS:72121,Census TIGER/Line 2024 County,72121,Sabana Grande,EXACT_CURRENT_FIPS,Exact Census FIPS; historical Census vintage used only where the i-Tree configuration refers to a retired county/county-equivalent.,94.03711483451184
ITC-2377,USA,Puerto Rico,Salinas,Salinas,US-FIPS:72123,Census TIGER/Line 2024 County,72123,Salinas,EXACT_CURRENT_FIPS,Exact Census FIPS; historical Census vintage used only where the i-Tree configuration refers to a retired county/county-equivalent.,295.57175155392207
ITC-2378,USA,Puerto Rico,San Germán,San Germán,US-FIPS:72125,Census TIGER/Line 2024 County,72125,San Germán,EXACT_CURRENT_FIPS,Exact Census FIPS; historical Census vintage used only where the i-Tree configuration refers to a retired county/county-equivalent.,141.17440183540285
ITC-2379,USA,Puerto Rico,San Juan,San Juan,US-FIPS:72127,Census TIGER/Line 2024 County,72127,San Juan,EXACT_CURRENT_FIPS,Exact Census FIPS; historical Census vintage used only where the i-Tree configuration refers to a retired county/county-equivalent.,199.29788482816434
ITC-2380,USA,Puerto Rico,San Lorenzo,San Lorenzo,US-FIPS:72129,Census TIGER/Line 2024 County,72129,San Lorenzo,EXACT_CURRENT_FIPS,Exact Census FIPS; historical Census vintage used only where the i-Tree configuration refers to a retired county/county-equivalent.,137.80438837508382
ITC-2381,USA,Puerto Rico,San Sebastián,San Sebastián,US-FIPS:72131,Census TIGER/Line 2024 County,72131,San Sebastián,EXACT_CURRENT_FIPS,Exact Census FIPS; historical Census vintage used only where the i-Tree configuration refers to a retired county/county-equivalent.,184.4666699000463
ITC-2382,USA,Puerto Rico,Santa Isabel,Santa Isabel,US-FIPS:72133,Census TIGER/Line 2024 County,72133,Santa Isabel,EXACT_CURRENT_FIPS,Exact Census FIPS; historical Census vintage used only where the i-Tree configuration refers to a retired county/county-equivalent.,199.28501636055955
ITC-2383,USA,Puerto Rico,Toa Alta,Toa Alta,US-FIPS:72135,Census TIGER/Line 2024 County,72135,Toa Alta,EXACT_CURRENT_FIPS,Exact Census FIPS; historical Census vintage used only where the i-Tree configuration refers to a retired county/county-equivalent.,71.38806893665797
ITC-2384,USA,Puerto Rico,Toa Baja,Toa Baja,US-FIPS:72137,Census TIGER/Line 2024 County,72137,Toa Baja,EXACT_CURRENT_FIPS,Exact Census FIPS; historical Census vintage used only where the i-Tree configuration refers to a retired county/county-equivalent.,108.27768804402959
ITC-2385,USA,Puerto Rico,Trujillo Alto,Trujillo Alto,US-FIPS:72139,Census TIGER/Line 2024 County,72139,Trujillo Alto,EXACT_CURRENT_FIPS,Exact Census FIPS; historical Census vintage used only where the i-Tree configuration refers to a retired county/county-equivalent.,55.37873018079658
ITC-2386,USA,Puerto Rico,Utuado,Utuado,US-FIPS:72141,Census TIGER/Line 2024 County,72141,Utuado,EXACT_CURRENT_FIPS,Exact Census FIPS; historical Census vintage used only where the i-Tree configuration refers to a retired county/county-equivalent.,298.04601529709504
ITC-2387,USA,Puerto Rico,Vega Alta,Vega Alta,US-FIPS:72143,Census TIGER/Line 2024 County,72143,Vega Alta,EXACT_CURRENT_FIPS,Exact Census FIPS; historical Census vintage used only where the i-Tree configuration refers to a retired county/county-equivalent.,97.11839057875527
ITC-2388,USA,Puerto Rico,Vega Baja,Vega Baja,US-FIPS:72145,Census TIGER/Line 2024 County,72145,Vega Baja,EXACT_CURRENT_FIPS,Exact Census FIPS; historical Census vintage used only where the i-Tree configuration refers to a retired county/county-equivalent.,176.57262388081313
ITC-2389,USA,Puerto Rico,Vieques,Vieques,US-FIPS:72147,Census TIGER/Line 2024 County,72147,Vieques,EXACT_CURRENT_FIPS,Exact Census FIPS; historical Census vintage used only where the i-Tree configuration refers to a retired county/county-equivalent.,683.7341222750138
ITC-2390,USA,Puerto Rico,Villalba,Villalba,US-FIPS:72149,Census TIGER/Line 2024 County,72149,Villalba,EXACT_CURRENT_FIPS,Exact Census FIPS; historical Census vintage used only where the i-Tree configuration refers to a retired county/county-equivalent.,95.7959583794578
ITC-2391,USA,Puerto Rico,Yabucoa,Yabucoa,US-FIPS:72151,Census TIGER/Line 2024 County,72151,Yabucoa,EXACT_CURRENT_FIPS,Exact Census FIPS; historical Census vintage used only where the i-Tree configuration refers to a retired county/county-equivalent.,215.59776158997727
ITC-2392,USA,Puerto Rico,Yauco,Yauco,US-FIPS:72153,Census TIGER/Line 2024 County,72153,Yauco,EXACT_CURRENT_FIPS,Exact Census FIPS; historical Census vintage used only where the i-Tree configuration refers to a retired county/county-equivalent.,177.06026280256717
ITC-2393,USA,Rhode Island,Bristol,Bristol,US-FIPS:44001,Census TIGER/Line 2024 County,44001,Bristol,EXACT_CURRENT_FIPS,Exact Census FIPS; historical Census vintage used only where the i-Tree configuration refers to a retired county/county-equivalent.,115.85982314725143
ITC-2394,USA,Rhode Island,Kent,Kent,US-FIPS:44003,Census TIGER/Line 2024 County,44003,Kent,EXACT_CURRENT_FIPS,Exact Census FIPS; historical Census vintage used only where the i-Tree configuration refers to a retired county/county-equivalent.,487.27494957315116
ITC-2395,USA,Rhode Island,Newport,Newport,US-FIPS:44005,Census TIGER/Line 2024 County,44005,Newport,EXACT_CURRENT_FIPS,Exact Census FIPS; historical Census vintage used only where the i-Tree configuration refers to a retired county/county-equivalent.,812.3360564035574
ITC-2396,USA,Rhode Island,Providence,Providence,US-FIPS:44007,Census TIGER/Line 2024 County,44007,Providence,EXACT_CURRENT_FIPS,Exact Census FIPS; historical Census vintage used only where the i-Tree configuration refers to a retired county/county-equivalent.,1128.4227342210786
ITC-2397,USA,Rhode Island,Washington,Washington,US-FIPS:44009,Census TIGER/Line 2024 County,44009,Washington,EXACT_CURRENT_FIPS,Exact Census FIPS; historical Census vintage used only where the i-Tree configuration refers to a retired county/county-equivalent.,1457.6036671152392
ITC-2398,USA,South Carolina,Abbeville,Abbeville,US-FIPS:45001,Census TIGER/Line 2024 County,45001,Abbeville,EXACT_CURRENT_FIPS,Exact Census FIPS; historical Census vintage used only where the i-Tree configuration refers to a retired county/county-equivalent.,1325.4052152076097
ITC-2399,USA,South Carolina,Aiken,Aiken,US-FIPS:45003,Census TIGER/Line 2024 County,45003,Aiken,EXACT_CURRENT_FIPS,Exact Census FIPS; historical Census vintage used only where the i-Tree configuration refers to a retired county/county-equivalent.,2797.59327088357
ITC-2400,USA,South Carolina,Allendale,Allendale,US-FIPS:45005,Census TIGER/Line 2024 County,45005,Allendale,EXACT_CURRENT_FIPS,Exact Census FIPS; historical Census vintage used only where the i-Tree configuration refers to a retired county/county-equivalent.,1068.154927189381
ITC-2401,USA,South Carolina,Anderson,Anderson,US-FIPS:45007,Census TIGER/Line 2024 County,45007,Anderson,EXACT_CURRENT_FIPS,Exact Census FIPS; historical Census vintage used only where the i-Tree configuration refers to a retired county/county-equivalent.,1957.4209449106709
ITC-2402,USA,South Carolina,Bamberg,Bamberg,US-FIPS:45009,Census TIGER/Line 2024 County,45009,Bamberg,EXACT_CURRENT_FIPS,Exact Census FIPS; historical Census vintage used only where the i-Tree configuration refers to a retired county/county-equivalent.,1024.5015940903909
ITC-2403,USA,South Carolina,Barnwell,Barnwell,US-FIPS:45011,Census TIGER/Line 2024 County,45011,Barnwell,EXACT_CURRENT_FIPS,Exact Census FIPS; historical Census vintage used only where the i-Tree configuration refers to a retired county/county-equivalent.,1443.303114432976
ITC-2404,USA,South Carolina,Beaufort,Beaufort,US-FIPS:45013,Census TIGER/Line 2024 County,45013,Beaufort,EXACT_CURRENT_FIPS,Exact Census FIPS; historical Census vintage used only where the i-Tree configuration refers to a retired county/county-equivalent.,2391.935113083271
ITC-2405,USA,South Carolina,Berkeley,Berkeley,US-FIPS:45015,Census TIGER/Line 2024 County,45015,Berkeley,EXACT_CURRENT_FIPS,Exact Census FIPS; historical Census vintage used only where the i-Tree configuration refers to a retired county/county-equivalent.,3197.356010918391
ITC-2406,USA,South Carolina,Calhoun,Calhoun,US-FIPS:45017,Census TIGER/Line 2024 County,45017,Calhoun,EXACT_CURRENT_FIPS,Exact Census FIPS; historical Census vintage used only where the i-Tree configuration refers to a retired county/county-equivalent.,1016.5305646553307
ITC-2407,USA,South Carolina,Charleston,Charleston,US-FIPS:45019,Census TIGER/Line 2024 County,45019,Charleston,EXACT_CURRENT_FIPS,Exact Census FIPS; historical Census vintage used only where the i-Tree configuration refers to a retired county/county-equivalent.,3540.34532529894
ITC-2408,USA,South Carolina,Cherokee,Cherokee,US-FIPS:45021,Census TIGER/Line 2024 County,45021,Cherokee,EXACT_CURRENT_FIPS,Exact Census FIPS; historical Census vintage used only where the i-Tree configuration refers to a retired county/county-equivalent.,1029.5737051254453
ITC-2409,USA,South Carolina,Chester,Chester,US-FIPS:45023,Census TIGER/Line 2024 County,45023,Chester,EXACT_CURRENT_FIPS,Exact Census FIPS; historical Census vintage used only where the i-Tree configuration refers to a retired county/county-equivalent.,1518.9471570334217
ITC-2410,USA,South Carolina,Chesterfield,Chesterfield,US-FIPS:45025,Census TIGER/Line 2024 County,45025,Chesterfield,EXACT_CURRENT_FIPS,Exact Census FIPS; historical Census vintage used only where the i-Tree configuration refers to a retired county/county-equivalent.,2086.629197574427
ITC-2411,USA,South Carolina,Clarendon,Clarendon,US-FIPS:45027,Census TIGER/Line 2024 County,45027,Clarendon,EXACT_CURRENT_FIPS,Exact Census FIPS; historical Census vintage used only where the i-Tree configuration refers to a retired county/county-equivalent.,1801.7541296132463
ITC-2412,USA,South Carolina,Colleton,Colleton,US-FIPS:45029,Census TIGER/Line 2024 County,45029,Colleton,EXACT_CURRENT_FIPS,Exact Census FIPS; historical Census vintage used only where the i-Tree configuration refers to a retired county/county-equivalent.,2933.204006642692
ITC-2413,USA,South Carolina,Darlington,Darlington,US-FIPS:45031,Census TIGER/Line 2024 County,45031,Darlington,EXACT_CURRENT_FIPS,Exact Census FIPS; historical Census vintage used only where the i-Tree configuration refers to a retired county/county-equivalent.,1466.5857629570935
ITC-2414,USA,South Carolina,Dillon,Dillon,US-FIPS:45033,Census TIGER/Line 2024 County,45033,Dillon,EXACT_CURRENT_FIPS,Exact Census FIPS; historical Census vintage used only where the i-Tree configuration refers to a retired county/county-equivalent.,1053.6577191473452
ITC-2415,USA,South Carolina,Dorchester,Dorchester,US-FIPS:45035,Census TIGER/Line 2024 County,45035,Dorchester,EXACT_CURRENT_FIPS,Exact Census FIPS; historical Census vintage used only where the i-Tree configuration refers to a retired county/county-equivalent.,1478.9065267888961
ITC-2416,USA,South Carolina,Edgefield,Edgefield,US-FIPS:45037,Census TIGER/Line 2024 County,45037,Edgefield,EXACT_CURRENT_FIPS,Exact Census FIPS; historical Census vintage used only where the i-Tree configuration refers to a retired county/county-equivalent.,1313.083821054234
ITC-2417,USA,South Carolina,Fairfield,Fairfield,US-FIPS:45039,Census TIGER/Line 2024 County,45039,Fairfield,EXACT_CURRENT_FIPS,Exact Census FIPS; historical Census vintage used only where the i-Tree configuration refers to a retired county/county-equivalent.,1838.570800968275
ITC-2418,USA,South Carolina,Florence,Florence,US-FIPS:45041,Census TIGER/Line 2024 County,45041,Florence,EXACT_CURRENT_FIPS,Exact Census FIPS; historical Census vintage used only where the i-Tree configuration refers to a retired county/county-equivalent.,2083.066698736206
ITC-2419,USA,South Carolina,Georgetown,Georgetown,US-FIPS:45043,Census TIGER/Line 2024 County,45043,Georgetown,EXACT_CURRENT_FIPS,Exact Census FIPS; historical Census vintage used only where the i-Tree configuration refers to a retired county/county-equivalent.,2657.8645128198646
ITC-2420,USA,South Carolina,Greenville,Greenville,US-FIPS:45045,Census TIGER/Line 2024 County,45045,Greenville,EXACT_CURRENT_FIPS,Exact Census FIPS; historical Census vintage used only where the i-Tree configuration refers to a retired county/county-equivalent.,2060.531669972964
ITC-2421,USA,South Carolina,Greenwood,Greenwood,US-FIPS:45047,Census TIGER/Line 2024 County,45047,Greenwood,EXACT_CURRENT_FIPS,Exact Census FIPS; historical Census vintage used only where the i-Tree configuration refers to a retired county/county-equivalent.,1201.269286670483
ITC-2422,USA,South Carolina,Hampton,Hampton,US-FIPS:45049,Census TIGER/Line 2024 County,45049,Hampton,EXACT_CURRENT_FIPS,Exact Census FIPS; historical Census vintage used only where the i-Tree configuration refers to a retired county/county-equivalent.,1457.40060743334
ITC-2423,USA,South Carolina,Horry,Horry,US-FIPS:45051,Census TIGER/Line 2024 County,45051,Horry,EXACT_CURRENT_FIPS,Exact Census FIPS; historical Census vintage used only where the i-Tree configuration refers to a retired county/county-equivalent.,3249.7247616225154
ITC-2424,USA,South Carolina,Jasper,Jasper,US-FIPS:45053,Census TIGER/Line 2024 County,45053,Jasper,EXACT_CURRENT_FIPS,Exact Census FIPS; historical Census vintage used only where the i-Tree configuration refers to a retired county/county-equivalent.,1816.9543692380696
ITC-2425,USA,South Carolina,Kershaw,Kershaw,US-FIPS:45055,Census TIGER/Line 2024 County,45055,Kershaw,EXACT_CURRENT_FIPS,Exact Census FIPS; historical Census vintage used only where the i-Tree configuration refers to a retired county/county-equivalent.,1917.2654723668625
ITC-2426,USA,South Carolina,Lancaster,Lancaster,US-FIPS:45057,Census TIGER/Line 2024 County,45057,Lancaster,EXACT_CURRENT_FIPS,Exact Census FIPS; historical Census vintage used only where the i-Tree configuration refers to a retired county/county-equivalent.,1438.0543808498574
ITC-2427,USA,South Carolina,Laurens,Laurens,US-FIPS:45059,Census TIGER/Line 2024 County,45059,Laurens,EXACT_CURRENT_FIPS,Exact Census FIPS; historical Census vintage used only where the i-Tree configuration refers to a retired county/county-equivalent.,1872.3884584846576
ITC-2428,USA,South Carolina,Lee,Lee,US-FIPS:45061,Census TIGER/Line 2024 County,45061,Lee,EXACT_CURRENT_FIPS,Exact Census FIPS; historical Census vintage used only where the i-Tree configuration refers to a retired county/county-equivalent.,1065.08780965024
ITC-2429,USA,South Carolina,Lexington,Lexington,US-FIPS:45063,Census TIGER/Line 2024 County,45063,Lexington,EXACT_CURRENT_FIPS,Exact Census FIPS; historical Census vintage used only where the i-Tree configuration refers to a retired county/county-equivalent.,1961.041427634147
ITC-2430,USA,South Carolina,Marion,Marion,US-FIPS:45067,Census TIGER/Line 2024 County,45067,Marion,EXACT_CURRENT_FIPS,Exact Census FIPS; historical Census vintage used only where the i-Tree configuration refers to a retired county/county-equivalent.,1279.8853876501753
ITC-2431,USA,South Carolina,Marlboro,Marlboro,US-FIPS:45069,Census TIGER/Line 2024 County,45069,Marlboro,EXACT_CURRENT_FIPS,Exact Census FIPS; historical Census vintage used only where the i-Tree configuration refers to a retired county/county-equivalent.,1257.3565313241736
ITC-2432,USA,South Carolina,McCormick,McCormick,US-FIPS:45065,Census TIGER/Line 2024 County,45065,McCormick,EXACT_CURRENT_FIPS,Exact Census FIPS; historical Census vintage used only where the i-Tree configuration refers to a retired county/county-equivalent.,1019.4981507731228
ITC-2433,USA,South Carolina,Newberry,Newberry,US-FIPS:45071,Census TIGER/Line 2024 County,45071,Newberry,EXACT_CURRENT_FIPS,Exact Census FIPS; historical Census vintage used only where the i-Tree configuration refers to a retired county/county-equivalent.,1676.5844363850424
ITC-2434,USA,South Carolina,Oconee,Oconee,US-FIPS:45073,Census TIGER/Line 2024 County,45073,Oconee,EXACT_CURRENT_FIPS,Exact Census FIPS; historical Census vintage used only where the i-Tree configuration refers to a retired county/county-equivalent.,1744.5074737432021
ITC-2435,USA,South Carolina,Orangeburg,Orangeburg,US-FIPS:45075,Census TIGER/Line 2024 County,45075,Orangeburg,EXACT_CURRENT_FIPS,Exact Census FIPS; historical Census vintage used only where the i-Tree configuration refers to a retired county/county-equivalent.,2921.206330361719
ITC-2436,USA,South Carolina,Pickens,Pickens,US-FIPS:45077,Census TIGER/Line 2024 County,45077,Pickens,EXACT_CURRENT_FIPS,Exact Census FIPS; historical Census vintage used only where the i-Tree configuration refers to a retired county/county-equivalent.,1328.0282234079866
ITC-2437,USA,South Carolina,Richland,Richland,US-FIPS:45079,Census TIGER/Line 2024 County,45079,Richland,EXACT_CURRENT_FIPS,Exact Census FIPS; historical Census vintage used only where the i-Tree configuration refers to a retired county/county-equivalent.,1999.3811397729892
ITC-2438,USA,South Carolina,Saluda,Saluda,US-FIPS:45081,Census TIGER/Line 2024 County,45081,Saluda,EXACT_CURRENT_FIPS,Exact Census FIPS; historical Census vintage used only where the i-Tree configuration refers to a retired county/county-equivalent.,1196.6825440874966
ITC-2439,USA,South Carolina,Spartanburg,Spartanburg,US-FIPS:45083,Census TIGER/Line 2024 County,45083,Spartanburg,EXACT_CURRENT_FIPS,Exact Census FIPS; historical Census vintage used only where the i-Tree configuration refers to a retired county/county-equivalent.,2123.203628044829
ITC-2440,USA,South Carolina,Sumter,Sumter,US-FIPS:45085,Census TIGER/Line 2024 County,45085,Sumter,EXACT_CURRENT_FIPS,Exact Census FIPS; historical Census vintage used only where the i-Tree configuration refers to a retired county/county-equivalent.,1766.59145490926
ITC-2441,USA,South Carolina,Union,Union,US-FIPS:45087,Census TIGER/Line 2024 County,45087,Union,EXACT_CURRENT_FIPS,Exact Census FIPS; historical Census vintage used only where the i-Tree configuration refers to a retired county/county-equivalent.,1334.7174257395504
ITC-2442,USA,South Carolina,Williamsburg,Williamsburg,US-FIPS:45089,Census TIGER/Line 2024 County,45089,Williamsburg,EXACT_CURRENT_FIPS,Exact Census FIPS; historical Census vintage used only where the i-Tree configuration refers to a retired county/county-equivalent.,2426.9386558091305
ITC-2443,USA,South Carolina,York,York,US-FIPS:45091,Census TIGER/Line 2024 County,45091,York,EXACT_CURRENT_FIPS,Exact Census FIPS; historical Census vintage used only where the i-Tree configuration refers to a retired county/county-equivalent.,1801.7597405686136
ITC-2444,USA,South Dakota,Aurora,Aurora,US-FIPS:46003,Census TIGER/Line 2024 County,46003,Aurora,EXACT_CURRENT_FIPS,Exact Census FIPS; historical Census vintage used only where the i-Tree configuration refers to a retired county/county-equivalent.,1846.1042335129869
ITC-2445,USA,South Dakota,Beadle,Beadle,US-FIPS:46005,Census TIGER/Line 2024 County,46005,Beadle,EXACT_CURRENT_FIPS,Exact Census FIPS; historical Census vintage used only where the i-Tree configuration refers to a retired county/county-equivalent.,3275.845666040587
ITC-2446,USA,South Dakota,Bennett,Bennett,US-FIPS:46007,Census TIGER/Line 2024 County,46007,Bennett,EXACT_CURRENT_FIPS,Exact Census FIPS; historical Census vintage used only where the i-Tree configuration refers to a retired county/county-equivalent.,3083.260576371244
ITC-2447,USA,South Dakota,Bon Homme,Bon Homme,US-FIPS:46009,Census TIGER/Line 2024 County,46009,Bon Homme,EXACT_CURRENT_FIPS,Exact Census FIPS; historical Census vintage used only where the i-Tree configuration refers to a retired county/county-equivalent.,1506.385764054301
ITC-2448,USA,South Dakota,Brookings,Brookings,US-FIPS:46011,Census TIGER/Line 2024 County,46011,Brookings,EXACT_CURRENT_FIPS,Exact Census FIPS; historical Census vintage used only where the i-Tree configuration refers to a retired county/county-equivalent.,2084.7753263025943
ITC-2449,USA,South Dakota,Brown,Brown,US-FIPS:46013,Census TIGER/Line 2024 County,46013,Brown,EXACT_CURRENT_FIPS,Exact Census FIPS; historical Census vintage used only where the i-Tree configuration refers to a retired county/county-equivalent.,4483.14290347624
ITC-2450,USA,South Dakota,Brule,Brule,US-FIPS:46015,Census TIGER/Line 2024 County,46015,Brule,EXACT_CURRENT_FIPS,Exact Census FIPS; historical Census vintage used only where the i-Tree configuration refers to a retired county/county-equivalent.,2192.3649104821925
ITC-2451,USA,South Dakota,Buffalo,Buffalo,US-FIPS:46017,Census TIGER/Line 2024 County,46017,Buffalo,EXACT_CURRENT_FIPS,Exact Census FIPS; historical Census vintage used only where the i-Tree configuration refers to a retired county/county-equivalent.,1263.2962707774286
ITC-2452,USA,South Dakota,Butte,Butte,US-FIPS:46019,Census TIGER/Line 2024 County,46019,Butte,EXACT_CURRENT_FIPS,Exact Census FIPS; historical Census vintage used only where the i-Tree configuration refers to a retired county/county-equivalent.,5870.249773774986
ITC-2453,USA,South Dakota,Campbell,Campbell,US-FIPS:46021,Census TIGER/Line 2024 County,46021,Campbell,EXACT_CURRENT_FIPS,Exact Census FIPS; historical Census vintage used only where the i-Tree configuration refers to a retired county/county-equivalent.,1996.4586957094455
ITC-2454,USA,South Dakota,Charles Mix,Charles Mix,US-FIPS:46023,Census TIGER/Line 2024 County,46023,Charles Mix,EXACT_CURRENT_FIPS,Exact Census FIPS; historical Census vintage used only where the i-Tree configuration refers to a retired county/county-equivalent.,2979.0976313390656
ITC-2455,USA,South Dakota,Clark,Clark,US-FIPS:46025,Census TIGER/Line 2024 County,46025,Clark,EXACT_CURRENT_FIPS,Exact Census FIPS; historical Census vintage used only where the i-Tree configuration refers to a retired county/county-equivalent.,2505.808985882765
ITC-2456,USA,South Dakota,Clay,Clay,US-FIPS:46027,Census TIGER/Line 2024 County,46027,Clay,EXACT_CURRENT_FIPS,Exact Census FIPS; historical Census vintage used only where the i-Tree configuration refers to a retired county/county-equivalent.,1081.1103106454566
ITC-2457,USA,South Dakota,Codington,Codington,US-FIPS:46029,Census TIGER/Line 2024 County,46029,Codington,EXACT_CURRENT_FIPS,Exact Census FIPS; historical Census vintage used only where the i-Tree configuration refers to a retired county/county-equivalent.,1857.4457651596006
ITC-2458,USA,South Dakota,Corson,Corson,US-FIPS:46031,Census TIGER/Line 2024 County,46031,Corson,EXACT_CURRENT_FIPS,Exact Census FIPS; historical Census vintage used only where the i-Tree configuration refers to a retired county/county-equivalent.,6551.765846514283
ITC-2459,USA,South Dakota,Custer,Custer,US-FIPS:46033,Census TIGER/Line 2024 County,46033,Custer,EXACT_CURRENT_FIPS,Exact Census FIPS; historical Census vintage used only where the i-Tree configuration refers to a retired county/county-equivalent.,4037.9522140732547
ITC-2460,USA,South Dakota,Davison,Davison,US-FIPS:46035,Census TIGER/Line 2024 County,46035,Davison,EXACT_CURRENT_FIPS,Exact Census FIPS; historical Census vintage used only where the i-Tree configuration refers to a retired county/county-equivalent.,1131.6893325208011
ITC-2461,USA,South Dakota,Day,Day,US-FIPS:46037,Census TIGER/Line 2024 County,46037,Day,EXACT_CURRENT_FIPS,Exact Census FIPS; historical Census vintage used only where the i-Tree configuration refers to a retired county/county-equivalent.,2825.9170376376705
ITC-2462,USA,South Dakota,Deuel,Deuel,US-FIPS:46039,Census TIGER/Line 2024 County,46039,Deuel,EXACT_CURRENT_FIPS,Exact Census FIPS; historical Census vintage used only where the i-Tree configuration refers to a retired county/county-equivalent.,1648.821090980328
ITC-2463,USA,South Dakota,Dewey,Dewey,US-FIPS:46041,Census TIGER/Line 2024 County,46041,Dewey,EXACT_CURRENT_FIPS,Exact Census FIPS; historical Census vintage used only where the i-Tree configuration refers to a retired county/county-equivalent.,6333.218236344665
ITC-2464,USA,South Dakota,Douglas,Douglas,US-FIPS:46043,Census TIGER/Line 2024 County,46043,Douglas,EXACT_CURRENT_FIPS,Exact Census FIPS; historical Census vintage used only where the i-Tree configuration refers to a retired county/county-equivalent.,1123.192868449089
ITC-2465,USA,South Dakota,Edmunds,Edmunds,US-FIPS:46045,Census TIGER/Line 2024 County,46045,Edmunds,EXACT_CURRENT_FIPS,Exact Census FIPS; historical Census vintage used only where the i-Tree configuration refers to a retired county/county-equivalent.,2981.245142013847
ITC-2466,USA,South Dakota,Fall River,Fall River,US-FIPS:46047,Census TIGER/Line 2024 County,46047,Fall River,EXACT_CURRENT_FIPS,Exact Census FIPS; historical Census vintage used only where the i-Tree configuration refers to a retired county/county-equivalent.,4530.314691690855
ITC-2467,USA,South Dakota,Faulk,Faulk,US-FIPS:46049,Census TIGER/Line 2024 County,46049,Faulk,EXACT_CURRENT_FIPS,Exact Census FIPS; historical Census vintage used only where the i-Tree configuration refers to a retired county/county-equivalent.,2605.2485669950215
ITC-2468,USA,South Dakota,Grant,Grant,US-FIPS:46051,Census TIGER/Line 2024 County,46051,Grant,EXACT_CURRENT_FIPS,Exact Census FIPS; historical Census vintage used only where the i-Tree configuration refers to a retired county/county-equivalent.,1780.7026311715838
ITC-2469,USA,South Dakota,Gregory,Gregory,US-FIPS:46053,Census TIGER/Line 2024 County,46053,Gregory,EXACT_CURRENT_FIPS,Exact Census FIPS; historical Census vintage used only where the i-Tree configuration refers to a retired county/county-equivalent.,2728.6085821510815
ITC-2470,USA,South Dakota,Haakon,Haakon,US-FIPS:46055,Census TIGER/Line 2024 County,46055,Haakon,EXACT_CURRENT_FIPS,Exact Census FIPS; historical Census vintage used only where the i-Tree configuration refers to a retired county/county-equivalent.,4731.734080928905
ITC-2471,USA,South Dakota,Hamlin,Hamlin,US-FIPS:46057,Census TIGER/Line 2024 County,46057,Hamlin,EXACT_CURRENT_FIPS,Exact Census FIPS; historical Census vintage used only where the i-Tree configuration refers to a retired county/county-equivalent.,1393.5989743853188
ITC-2472,USA,South Dakota,Hand,Hand,US-FIPS:46059,Census TIGER/Line 2024 County,46059,Hand,EXACT_CURRENT_FIPS,Exact Census FIPS; historical Census vintage used only where the i-Tree configuration refers to a retired county/county-equivalent.,3730.1486268123845
ITC-2473,USA,South Dakota,Hanson,Hanson,US-FIPS:46061,Census TIGER/Line 2024 County,46061,Hanson,EXACT_CURRENT_FIPS,Exact Census FIPS; historical Census vintage used only where the i-Tree configuration refers to a retired county/county-equivalent.,1127.5660282506535
ITC-2474,USA,South Dakota,Harding,Harding,US-FIPS:46063,Census TIGER/Line 2024 County,46063,Harding,EXACT_CURRENT_FIPS,Exact Census FIPS; historical Census vintage used only where the i-Tree configuration refers to a retired county/county-equivalent.,6936.287312604167
ITC-2475,USA,South Dakota,Hughes,Hughes,US-FIPS:46065,Census TIGER/Line 2024 County,46065,Hughes,EXACT_CURRENT_FIPS,Exact Census FIPS; historical Census vintage used only where the i-Tree configuration refers to a retired county/county-equivalent.,2073.8687875288138
ITC-2476,USA,South Dakota,Hutchinson,Hutchinson,US-FIPS:46067,Census TIGER/Line 2024 County,46067,Hutchinson,EXACT_CURRENT_FIPS,Exact Census FIPS; historical Census vintage used only where the i-Tree configuration refers to a retired county/county-equivalent.,2109.3391556763454
ITC-2477,USA,South Dakota,Hyde,Hyde,US-FIPS:46069,Census TIGER/Line 2024 County,46069,Hyde,EXACT_CURRENT_FIPS,Exact Census FIPS; historical Census vintage used only where the i-Tree configuration refers to a retired county/county-equivalent.,2243.560901716681
ITC-2478,USA,South Dakota,Jackson,Jackson,US-FIPS:46071,Census TIGER/Line 2024 County,46071,Jackson,EXACT_CURRENT_FIPS,Exact Census FIPS; historical Census vintage used only where the i-Tree configuration refers to a retired county/county-equivalent.,4846.539217401274
ITC-2479,USA,South Dakota,Jerauld,Jerauld,US-FIPS:46073,Census TIGER/Line 2024 County,46073,Jerauld,EXACT_CURRENT_FIPS,Exact Census FIPS; historical Census vintage used only where the i-Tree configuration refers to a retired county/county-equivalent.,1379.4052467155593
ITC-2480,USA,South Dakota,Jones,Jones,US-FIPS:46075,Census TIGER/Line 2024 County,46075,Jones,EXACT_CURRENT_FIPS,Exact Census FIPS; historical Census vintage used only where the i-Tree configuration refers to a retired county/county-equivalent.,2514.5743536446666
ITC-2481,USA,South Dakota,Kingsbury,Kingsbury,US-FIPS:46077,Census TIGER/Line 2024 County,46077,Kingsbury,EXACT_CURRENT_FIPS,Exact Census FIPS; historical Census vintage used only where the i-Tree configuration refers to a retired county/county-equivalent.,2237.1386428725004
ITC-2482,USA,South Dakota,Lake,Lake,US-FIPS:46079,Census TIGER/Line 2024 County,46079,Lake,EXACT_CURRENT_FIPS,Exact Census FIPS; historical Census vintage used only where the i-Tree configuration refers to a retired county/county-equivalent.,1489.6628995136236
ITC-2483,USA,South Dakota,Lawrence,Lawrence,US-FIPS:46081,Census TIGER/Line 2024 County,46081,Lawrence,EXACT_CURRENT_FIPS,Exact Census FIPS; historical Census vintage used only where the i-Tree configuration refers to a retired county/county-equivalent.,2072.7959822905605
ITC-2484,USA,South Dakota,Lincoln,Lincoln,US-FIPS:46083,Census TIGER/Line 2024 County,46083,Lincoln,EXACT_CURRENT_FIPS,Exact Census FIPS; historical Census vintage used only where the i-Tree configuration refers to a retired county/county-equivalent.,1496.3617051373021
ITC-2485,USA,South Dakota,Lyman,Lyman,US-FIPS:46085,Census TIGER/Line 2024 County,46085,Lyman,EXACT_CURRENT_FIPS,Exact Census FIPS; historical Census vintage used only where the i-Tree configuration refers to a retired county/county-equivalent.,4420.798963261025
ITC-2486,USA,South Dakota,Marshall,Marshall,US-FIPS:46091,Census TIGER/Line 2024 County,46091,Marshall,EXACT_CURRENT_FIPS,Exact Census FIPS; historical Census vintage used only where the i-Tree configuration refers to a retired county/county-equivalent.,2295.310064142424
ITC-2487,USA,South Dakota,McCook,McCook,US-FIPS:46087,Census TIGER/Line 2024 County,46087,McCook,EXACT_CURRENT_FIPS,Exact Census FIPS; historical Census vintage used only where the i-Tree configuration refers to a retired county/county-equivalent.,1494.0807151861077
ITC-2488,USA,South Dakota,McPherson,McPherson,US-FIPS:46089,Census TIGER/Line 2024 County,46089,McPherson,EXACT_CURRENT_FIPS,Exact Census FIPS; historical Census vintage used only where the i-Tree configuration refers to a retired county/county-equivalent.,2982.463341103904
ITC-2489,USA,South Dakota,Meade,Meade,US-FIPS:46093,Census TIGER/Line 2024 County,46093,Meade,EXACT_CURRENT_FIPS,Exact Census FIPS; historical Census vintage used only where the i-Tree configuration refers to a retired county/county-equivalent.,9020.421331648095
ITC-2490,USA,South Dakota,Mellette,Mellette,US-FIPS:46095,Census TIGER/Line 2024 County,46095,Mellette,EXACT_CURRENT_FIPS,Exact Census FIPS; historical Census vintage used only where the i-Tree configuration refers to a retired county/county-equivalent.,3395.131420897275
ITC-2491,USA,South Dakota,Miner,Miner,US-FIPS:46097,Census TIGER/Line 2024 County,46097,Miner,EXACT_CURRENT_FIPS,Exact Census FIPS; historical Census vintage used only where the i-Tree configuration refers to a retired county/county-equivalent.,1481.2719911761978
ITC-2492,USA,South Dakota,Minnehaha,Minnehaha,US-FIPS:46099,Census TIGER/Line 2024 County,46099,Minnehaha,EXACT_CURRENT_FIPS,Exact Census FIPS; historical Census vintage used only where the i-Tree configuration refers to a retired county/county-equivalent.,2107.8902331467984
ITC-2493,USA,South Dakota,Moody,Moody,US-FIPS:46101,Census TIGER/Line 2024 County,46101,Moody,EXACT_CURRENT_FIPS,Exact Census FIPS; historical Census vintage used only where the i-Tree configuration refers to a retired county/county-equivalent.,1348.8762098276059
ITC-2494,USA,South Dakota,Pennington,Pennington,US-FIPS:46103,Census TIGER/Line 2024 County,46103,Pennington,EXACT_CURRENT_FIPS,Exact Census FIPS; historical Census vintage used only where the i-Tree configuration refers to a retired county/county-equivalent.,7211.716318696517
ITC-2495,USA,South Dakota,Perkins,Perkins,US-FIPS:46105,Census TIGER/Line 2024 County,46105,Perkins,EXACT_CURRENT_FIPS,Exact Census FIPS; historical Census vintage used only where the i-Tree configuration refers to a retired county/county-equivalent.,7484.997218797808
ITC-2496,USA,South Dakota,Potter,Potter,US-FIPS:46107,Census TIGER/Line 2024 County,46107,Potter,EXACT_CURRENT_FIPS,Exact Census FIPS; historical Census vintage used only where the i-Tree configuration refers to a retired county/county-equivalent.,2327.509862897983
ITC-2497,USA,South Dakota,Roberts,Roberts,US-FIPS:46109,Census TIGER/Line 2024 County,46109,Roberts,EXACT_CURRENT_FIPS,Exact Census FIPS; historical Census vintage used only where the i-Tree configuration refers to a retired county/county-equivalent.,2941.651258354993
ITC-2498,USA,South Dakota,Sanborn,Sanborn,US-FIPS:46111,Census TIGER/Line 2024 County,46111,Sanborn,EXACT_CURRENT_FIPS,Exact Census FIPS; historical Census vintage used only where the i-Tree configuration refers to a retired county/county-equivalent.,1477.4616989576755
ITC-2499,USA,South Dakota,Shannon,Shannon,US-FIPS:46113,Census TIGER/Line 2010 County,46113,Shannon,EXACT_HISTORICAL_FIPS_2010,Exact Census FIPS; historical Census vintage used only where the i-Tree configuration refers to a retired county/county-equivalent.,5429.976300609916
ITC-2500,USA,South Dakota,Spink,Spink,US-FIPS:46115,Census TIGER/Line 2024 County,46115,Spink,EXACT_CURRENT_FIPS,Exact Census FIPS; historical Census vintage used only where the i-Tree configuration refers to a retired county/county-equivalent.,3910.2097621935286
ITC-2501,USA,South Dakota,Stanley,Stanley,US-FIPS:46117,Census TIGER/Line 2024 County,46117,Stanley,EXACT_CURRENT_FIPS,Exact Census FIPS; historical Census vintage used only where the i-Tree configuration refers to a retired county/county-equivalent.,3929.4579724935174
ITC-2502,USA,South Dakota,Sully,Sully,US-FIPS:46119,Census TIGER/Line 2024 County,46119,Sully,EXACT_CURRENT_FIPS,Exact Census FIPS; historical Census vintage used only where the i-Tree configuration refers to a retired county/county-equivalent.,2771.786323234292
ITC-2503,USA,South Dakota,Todd,Todd,US-FIPS:46121,Census TIGER/Line 2024 County,46121,Todd,EXACT_CURRENT_FIPS,Exact Census FIPS; historical Census vintage used only where the i-Tree configuration refers to a retired county/county-equivalent.,3602.2973411007592
ITC-2504,USA,South Dakota,Tripp,Tripp,US-FIPS:46123,Census TIGER/Line 2024 County,46123,Tripp,EXACT_CURRENT_FIPS,Exact Census FIPS; historical Census vintage used only where the i-Tree configuration refers to a retired county/county-equivalent.,4189.151110241179
ITC-2505,USA,South Dakota,Turner,Turner,US-FIPS:46125,Census TIGER/Line 2024 County,46125,Turner,EXACT_CURRENT_FIPS,Exact Census FIPS; historical Census vintage used only where the i-Tree configuration refers to a retired county/county-equivalent.,1599.8249373402848
ITC-2506,USA,South Dakota,Union,Union,US-FIPS:46127,Census TIGER/Line 2024 County,46127,Union,EXACT_CURRENT_FIPS,Exact Census FIPS; historical Census vintage used only where the i-Tree configuration refers to a retired county/county-equivalent.,1209.85753527183
ITC-2507,USA,South Dakota,Walworth,Walworth,US-FIPS:46129,Census TIGER/Line 2024 County,46129,Walworth,EXACT_CURRENT_FIPS,Exact Census FIPS; historical Census vintage used only where the i-Tree configuration refers to a retired county/county-equivalent.,1928.5893700919346
ITC-2508,USA,South Dakota,Yankton,Yankton,US-FIPS:46135,Census TIGER/Line 2024 County,46135,Yankton,EXACT_CURRENT_FIPS,Exact Census FIPS; historical Census vintage used only where the i-Tree configuration refers to a retired county/county-equivalent.,1378.550074031328
ITC-2509,USA,South Dakota,Ziebach,Ziebach,US-FIPS:46137,Census TIGER/Line 2024 County,46137,Ziebach,EXACT_CURRENT_FIPS,Exact Census FIPS; historical Census vintage used only where the i-Tree configuration refers to a retired county/county-equivalent.,5103.8197480886365
ITC-2510,USA,Tennessee,Anderson,Anderson,US-FIPS:47001,Census TIGER/Line 2024 County,47001,Anderson,EXACT_CURRENT_FIPS,Exact Census FIPS; historical Census vintage used only where the i-Tree configuration refers to a retired county/county-equivalent.,893.0177328773867
ITC-2511,USA,Tennessee,Bedford,Bedford,US-FIPS:47003,Census TIGER/Line 2024 County,47003,Bedford,EXACT_CURRENT_FIPS,Exact Census FIPS; historical Census vintage used only where the i-Tree configuration refers to a retired county/county-equivalent.,1229.700580646532
ITC-2512,USA,Tennessee,Benton,Benton,US-FIPS:47005,Census TIGER/Line 2024 County,47005,Benton,EXACT_CURRENT_FIPS,Exact Census FIPS; historical Census vintage used only where the i-Tree configuration refers to a retired county/county-equivalent.,1129.831932507413
ITC-2513,USA,Tennessee,Bledsoe,Bledsoe,US-FIPS:47007,Census TIGER/Line 2024 County,47007,Bledsoe,EXACT_CURRENT_FIPS,Exact Census FIPS; historical Census vintage used only where the i-Tree configuration refers to a retired county/county-equivalent.,1053.832118318406
ITC-2514,USA,Tennessee,Blount,Blount,US-FIPS:47009,Census TIGER/Line 2024 County,47009,Blount,EXACT_CURRENT_FIPS,Exact Census FIPS; historical Census vintage used only where the i-Tree configuration refers to a retired county/county-equivalent.,1467.5324963736525
ITC-2515,USA,Tennessee,Bradley,Bradley,US-FIPS:47011,Census TIGER/Line 2024 County,47011,Bradley,EXACT_CURRENT_FIPS,Exact Census FIPS; historical Census vintage used only where the i-Tree configuration refers to a retired county/county-equivalent.,858.4483989306967
ITC-2516,USA,Tennessee,Campbell,Campbell,US-FIPS:47013,Census TIGER/Line 2024 County,47013,Campbell,EXACT_CURRENT_FIPS,Exact Census FIPS; historical Census vintage used only where the i-Tree configuration refers to a retired county/county-equivalent.,1290.1101525590364
ITC-2517,USA,Tennessee,Cannon,Cannon,US-FIPS:47015,Census TIGER/Line 2024 County,47015,Cannon,EXACT_CURRENT_FIPS,Exact Census FIPS; historical Census vintage used only where the i-Tree configuration refers to a retired county/county-equivalent.,688.148335195914
ITC-2518,USA,Tennessee,Carroll,Carroll,US-FIPS:47017,Census TIGER/Line 2024 County,47017,Carroll,EXACT_CURRENT_FIPS,Exact Census FIPS; historical Census vintage used only where the i-Tree configuration refers to a retired county/county-equivalent.,1554.2346678237607
ITC-2519,USA,Tennessee,Carter,Carter,US-FIPS:47019,Census TIGER/Line 2024 County,47019,Carter,EXACT_CURRENT_FIPS,Exact Census FIPS; historical Census vintage used only where the i-Tree configuration refers to a retired county/county-equivalent.,900.5251855014959
ITC-2520,USA,Tennessee,Cheatham,Cheatham,US-FIPS:47021,Census TIGER/Line 2024 County,47021,Cheatham,EXACT_CURRENT_FIPS,Exact Census FIPS; historical Census vintage used only where the i-Tree configuration refers to a retired county/county-equivalent.,795.2883475855776
ITC-2521,USA,Tennessee,Chester,Chester,US-FIPS:47023,Census TIGER/Line 2024 County,47023,Chester,EXACT_CURRENT_FIPS,Exact Census FIPS; historical Census vintage used only where the i-Tree configuration refers to a retired county/county-equivalent.,740.6290311648156
ITC-2522,USA,Tennessee,Claiborne,Claiborne,US-FIPS:47025,Census TIGER/Line 2024 County,47025,Claiborne,EXACT_CURRENT_FIPS,Exact Census FIPS; historical Census vintage used only where the i-Tree configuration refers to a retired county/county-equivalent.,1143.6718187438553
ITC-2523,USA,Tennessee,Clay,Clay,US-FIPS:47027,Census TIGER/Line 2024 County,47027,Clay,EXACT_CURRENT_FIPS,Exact Census FIPS; historical Census vintage used only where the i-Tree configuration refers to a retired county/county-equivalent.,671.6975217143548
ITC-2524,USA,Tennessee,Cocke,Cocke,US-FIPS:47029,Census TIGER/Line 2024 County,47029,Cocke,EXACT_CURRENT_FIPS,Exact Census FIPS; historical Census vintage used only where the i-Tree configuration refers to a retired county/county-equivalent.,1147.5172500706112
ITC-2525,USA,Tennessee,Coffee,Coffee,US-FIPS:47031,Census TIGER/Line 2024 County,47031,Coffee,EXACT_CURRENT_FIPS,Exact Census FIPS; historical Census vintage used only where the i-Tree configuration refers to a retired county/county-equivalent.,1125.4899041469691
ITC-2526,USA,Tennessee,Crockett,Crockett,US-FIPS:47033,Census TIGER/Line 2024 County,47033,Crockett,EXACT_CURRENT_FIPS,Exact Census FIPS; historical Census vintage used only where the i-Tree configuration refers to a retired county/county-equivalent.,688.2606207477928
ITC-2527,USA,Tennessee,Cumberland,Cumberland,US-FIPS:47035,Census TIGER/Line 2024 County,47035,Cumberland,EXACT_CURRENT_FIPS,Exact Census FIPS; historical Census vintage used only where the i-Tree configuration refers to a retired county/county-equivalent.,1773.673590889876
ITC-2528,USA,Tennessee,Davidson,Davidson,US-FIPS:47037,Census TIGER/Line 2024 County,47037,Davidson,EXACT_CURRENT_FIPS,Exact Census FIPS; historical Census vintage used only where the i-Tree configuration refers to a retired county/county-equivalent.,1360.4236778705354
ITC-2529,USA,Tennessee,Decatur,Decatur,US-FIPS:47039,Census TIGER/Line 2024 County,47039,Decatur,EXACT_CURRENT_FIPS,Exact Census FIPS; historical Census vintage used only where the i-Tree configuration refers to a retired county/county-equivalent.,893.2427593384682
ITC-2530,USA,Tennessee,DeKalb,DeKalb,US-FIPS:47041,Census TIGER/Line 2024 County,47041,DeKalb,EXACT_CURRENT_FIPS,Exact Census FIPS; historical Census vintage used only where the i-Tree configuration refers to a retired county/county-equivalent.,852.1150144793378
ITC-2531,USA,Tennessee,Dickson,Dickson,US-FIPS:47043,Census TIGER/Line 2024 County,47043,Dickson,EXACT_CURRENT_FIPS,Exact Census FIPS; historical Census vintage used only where the i-Tree configuration refers to a retired county/county-equivalent.,1272.5133615255584
ITC-2532,USA,Tennessee,Dyer,Dyer,US-FIPS:47045,Census TIGER/Line 2024 County,47045,Dyer,EXACT_CURRENT_FIPS,Exact Census FIPS; historical Census vintage used only where the i-Tree configuration refers to a retired county/county-equivalent.,1362.8218971792166
ITC-2533,USA,Tennessee,Fayette,Fayette,US-FIPS:47047,Census TIGER/Line 2024 County,47047,Fayette,EXACT_CURRENT_FIPS,Exact Census FIPS; historical Census vintage used only where the i-Tree configuration refers to a retired county/county-equivalent.,1827.3665327626213
ITC-2534,USA,Tennessee,Fentress,Fentress,US-FIPS:47049,Census TIGER/Line 2024 County,47049,Fentress,EXACT_CURRENT_FIPS,Exact Census FIPS; historical Census vintage used only where the i-Tree configuration refers to a retired county/county-equivalent.,1292.2265581269705
ITC-2535,USA,Tennessee,Franklin,Franklin,US-FIPS:47051,Census TIGER/Line 2024 County,47051,Franklin,EXACT_CURRENT_FIPS,Exact Census FIPS; historical Census vintage used only where the i-Tree configuration refers to a retired county/county-equivalent.,1481.0278549490338
ITC-2536,USA,Tennessee,Gibson,Gibson,US-FIPS:47053,Census TIGER/Line 2024 County,47053,Gibson,EXACT_CURRENT_FIPS,Exact Census FIPS; historical Census vintage used only where the i-Tree configuration refers to a retired county/county-equivalent.,1563.447951847961
ITC-2537,USA,Tennessee,Giles,Giles,US-FIPS:47055,Census TIGER/Line 2024 County,47055,Giles,EXACT_CURRENT_FIPS,Exact Census FIPS; historical Census vintage used only where the i-Tree configuration refers to a retired county/county-equivalent.,1582.9476803535408
ITC-2538,USA,Tennessee,Grainger,Grainger,US-FIPS:47057,Census TIGER/Line 2024 County,47057,Grainger,EXACT_CURRENT_FIPS,Exact Census FIPS; historical Census vintage used only where the i-Tree configuration refers to a retired county/county-equivalent.,783.3161741339047
ITC-2539,USA,Tennessee,Greene,Greene,US-FIPS:47059,Census TIGER/Line 2024 County,47059,Greene,EXACT_CURRENT_FIPS,Exact Census FIPS; historical Census vintage used only where the i-Tree configuration refers to a retired county/county-equivalent.,1616.5095660039933
ITC-2540,USA,Tennessee,Grundy,Grundy,US-FIPS:47061,Census TIGER/Line 2024 County,47061,Grundy,EXACT_CURRENT_FIPS,Exact Census FIPS; historical Census vintage used only where the i-Tree configuration refers to a retired county/county-equivalent.,935.3010301898152
ITC-2541,USA,Tennessee,Hamblen,Hamblen,US-FIPS:47063,Census TIGER/Line 2024 County,47063,Hamblen,EXACT_CURRENT_FIPS,Exact Census FIPS; historical Census vintage used only where the i-Tree configuration refers to a retired county/county-equivalent.,455.3285305326405
ITC-2542,USA,Tennessee,Hamilton,Hamilton,US-FIPS:47065,Census TIGER/Line 2024 County,47065,Hamilton,EXACT_CURRENT_FIPS,Exact Census FIPS; historical Census vintage used only where the i-Tree configuration refers to a retired county/county-equivalent.,1490.9818603608996
ITC-2543,USA,Tennessee,Hancock,Hancock,US-FIPS:47067,Census TIGER/Line 2024 County,47067,Hancock,EXACT_CURRENT_FIPS,Exact Census FIPS; historical Census vintage used only where the i-Tree configuration refers to a retired county/county-equivalent.,578.8046035508162
ITC-2544,USA,Tennessee,Hardeman,Hardeman,US-FIPS:47069,Census TIGER/Line 2024 County,47069,Hardeman,EXACT_CURRENT_FIPS,Exact Census FIPS; historical Census vintage used only where the i-Tree configuration refers to a retired county/county-equivalent.,1736.2786818216407
ITC-2545,USA,Tennessee,Hardin,Hardin,US-FIPS:47071,Census TIGER/Line 2024 County,47071,Hardin,EXACT_CURRENT_FIPS,Exact Census FIPS; historical Census vintage used only where the i-Tree configuration refers to a retired county/county-equivalent.,1544.3906050714093
ITC-2546,USA,Tennessee,Hawkins,Hawkins,US-FIPS:47073,Census TIGER/Line 2024 County,47073,Hawkins,EXACT_CURRENT_FIPS,Exact Census FIPS; historical Census vintage used only where the i-Tree configuration refers to a retired county/county-equivalent.,1294.0098776637435
ITC-2547,USA,Tennessee,Haywood,Haywood,US-FIPS:47075,Census TIGER/Line 2024 County,47075,Haywood,EXACT_CURRENT_FIPS,Exact Census FIPS; historical Census vintage used only where the i-Tree configuration refers to a retired county/county-equivalent.,1383.2140776888082
ITC-2548,USA,Tennessee,Henderson,Henderson,US-FIPS:47077,Census TIGER/Line 2024 County,47077,Henderson,EXACT_CURRENT_FIPS,Exact Census FIPS; historical Census vintage used only where the i-Tree configuration refers to a retired county/county-equivalent.,1362.036132345755
ITC-2549,USA,Tennessee,Henry,Henry,US-FIPS:47079,Census TIGER/Line 2024 County,47079,Henry,EXACT_CURRENT_FIPS,Exact Census FIPS; historical Census vintage used only where the i-Tree configuration refers to a retired county/county-equivalent.,1536.9026042010505
ITC-2550,USA,Tennessee,Hickman,Hickman,US-FIPS:47081,Census TIGER/Line 2024 County,47081,Hickman,EXACT_CURRENT_FIPS,Exact Census FIPS; historical Census vintage used only where the i-Tree configuration refers to a retired county/county-equivalent.,1586.6985027578528
ITC-2551,USA,Tennessee,Houston,Houston,US-FIPS:47083,Census TIGER/Line 2024 County,47083,Houston,EXACT_CURRENT_FIPS,Exact Census FIPS; historical Census vintage used only where the i-Tree configuration refers to a retired county/county-equivalent.,536.0617365849813
ITC-2552,USA,Tennessee,Humphreys,Humphreys,US-FIPS:47085,Census TIGER/Line 2024 County,47085,Humphreys,EXACT_CURRENT_FIPS,Exact Census FIPS; historical Census vintage used only where the i-Tree configuration refers to a retired county/county-equivalent.,1441.852909953534
ITC-2553,USA,Tennessee,Jackson,Jackson,US-FIPS:47087,Census TIGER/Line 2024 County,47087,Jackson,EXACT_CURRENT_FIPS,Exact Census FIPS; historical Census vintage used only where the i-Tree configuration refers to a retired county/county-equivalent.,827.5652635226955
ITC-2554,USA,Tennessee,Jefferson,Jefferson,US-FIPS:47089,Census TIGER/Line 2024 County,47089,Jefferson,EXACT_CURRENT_FIPS,Exact Census FIPS; historical Census vintage used only where the i-Tree configuration refers to a retired county/county-equivalent.,814.0755194496245
ITC-2555,USA,Tennessee,Johnson,Johnson,US-FIPS:47091,Census TIGER/Line 2024 County,47091,Johnson,EXACT_CURRENT_FIPS,Exact Census FIPS; historical Census vintage used only where the i-Tree configuration refers to a retired county/county-equivalent.,783.9639970173681
ITC-2556,USA,Tennessee,Knox,Knox,US-FIPS:47093,Census TIGER/Line 2024 County,47093,Knox,EXACT_CURRENT_FIPS,Exact Census FIPS; historical Census vintage used only where the i-Tree configuration refers to a retired county/county-equivalent.,1362.0937086142542
ITC-2557,USA,Tennessee,Lake,Lake,US-FIPS:47095,Census TIGER/Line 2024 County,47095,Lake,EXACT_CURRENT_FIPS,Exact Census FIPS; historical Census vintage used only where the i-Tree configuration refers to a retired county/county-equivalent.,502.18116522225836
ITC-2558,USA,Tennessee,Lauderdale,Lauderdale,US-FIPS:47097,Census TIGER/Line 2024 County,47097,Lauderdale,EXACT_CURRENT_FIPS,Exact Census FIPS; historical Census vintage used only where the i-Tree configuration refers to a retired county/county-equivalent.,1302.4546426859201
ITC-2559,USA,Tennessee,Lawrence,Lawrence,US-FIPS:47099,Census TIGER/Line 2024 County,47099,Lawrence,EXACT_CURRENT_FIPS,Exact Census FIPS; historical Census vintage used only where the i-Tree configuration refers to a retired county/county-equivalent.,1600.5775680872123
ITC-2560,USA,Tennessee,Lewis,Lewis,US-FIPS:47101,Census TIGER/Line 2024 County,47101,Lewis,EXACT_CURRENT_FIPS,Exact Census FIPS; historical Census vintage used only where the i-Tree configuration refers to a retired county/county-equivalent.,731.639751873553
ITC-2561,USA,Tennessee,Lincoln,Lincoln,US-FIPS:47103,Census TIGER/Line 2024 County,47103,Lincoln,EXACT_CURRENT_FIPS,Exact Census FIPS; historical Census vintage used only where the i-Tree configuration refers to a retired county/county-equivalent.,1478.1503772814683
ITC-2562,USA,Tennessee,Loudon,Loudon,US-FIPS:47105,Census TIGER/Line 2024 County,47105,Loudon,EXACT_CURRENT_FIPS,Exact Census FIPS; historical Census vintage used only where the i-Tree configuration refers to a retired county/county-equivalent.,640.681411942886
ITC-2563,USA,Tennessee,Macon,Macon,US-FIPS:47111,Census TIGER/Line 2024 County,47111,Macon,EXACT_CURRENT_FIPS,Exact Census FIPS; historical Census vintage used only where the i-Tree configuration refers to a retired county/county-equivalent.,795.7448156623651
ITC-2564,USA,Tennessee,Madison,Madison,US-FIPS:47113,Census TIGER/Line 2024 County,47113,Madison,EXACT_CURRENT_FIPS,Exact Census FIPS; historical Census vintage used only where the i-Tree configuration refers to a retired county/county-equivalent.,1446.8315966135006
ITC-2565,USA,Tennessee,Marion,Marion,US-FIPS:47115,Census TIGER/Line 2024 County,47115,Marion,EXACT_CURRENT_FIPS,Exact Census FIPS; historical Census vintage used only where the i-Tree configuration refers to a retired county/county-equivalent.,1337.1185760588216
ITC-2566,USA,Tennessee,Marshall,Marshall,US-FIPS:47117,Census TIGER/Line 2024 County,47117,Marshall,EXACT_CURRENT_FIPS,Exact Census FIPS; historical Census vintage used only where the i-Tree configuration refers to a retired county/county-equivalent.,974.2441584801087
ITC-2567,USA,Tennessee,Maury,Maury,US-FIPS:47119,Census TIGER/Line 2024 County,47119,Maury,EXACT_CURRENT_FIPS,Exact Census FIPS; historical Census vintage used only where the i-Tree configuration refers to a retired county/county-equivalent.,1594.2211914634531
ITC-2568,USA,Tennessee,McMinn,McMinn,US-FIPS:47107,Census TIGER/Line 2024 County,47107,McMinn,EXACT_CURRENT_FIPS,Exact Census FIPS; historical Census vintage used only where the i-Tree configuration refers to a retired county/county-equivalent.,1119.3379891667673
ITC-2569,USA,Tennessee,McNairy,McNairy,US-FIPS:47109,Census TIGER/Line 2024 County,47109,McNairy,EXACT_CURRENT_FIPS,Exact Census FIPS; historical Census vintage used only where the i-Tree configuration refers to a retired county/county-equivalent.,1459.7483984317942
ITC-2570,USA,Tennessee,Meigs,Meigs,US-FIPS:47121,Census TIGER/Line 2024 County,47121,Meigs,EXACT_CURRENT_FIPS,Exact Census FIPS; historical Census vintage used only where the i-Tree configuration refers to a retired county/county-equivalent.,561.1361016169878
ITC-2571,USA,Tennessee,Monroe,Monroe,US-FIPS:47123,Census TIGER/Line 2024 County,47123,Monroe,EXACT_CURRENT_FIPS,Exact Census FIPS; historical Census vintage used only where the i-Tree configuration refers to a retired county/county-equivalent.,1690.192338467166
ITC-2572,USA,Tennessee,Montgomery,Montgomery,US-FIPS:47125,Census TIGER/Line 2024 County,47125,Montgomery,EXACT_CURRENT_FIPS,Exact Census FIPS; historical Census vintage used only where the i-Tree configuration refers to a retired county/county-equivalent.,1408.510306141511
ITC-2573,USA,Tennessee,Moore,Moore,US-FIPS:47127,Census TIGER/Line 2024 County,47127,Moore,EXACT_CURRENT_FIPS,Exact Census FIPS; historical Census vintage used only where the i-Tree configuration refers to a retired county/county-equivalent.,337.77832306350626
ITC-2574,USA,Tennessee,Morgan,Morgan,US-FIPS:47129,Census TIGER/Line 2024 County,47129,Morgan,EXACT_CURRENT_FIPS,Exact Census FIPS; historical Census vintage used only where the i-Tree configuration refers to a retired county/county-equivalent.,1353.2628291466845
ITC-2575,USA,Tennessee,Obion,Obion,US-FIPS:47131,Census TIGER/Line 2024 County,47131,Obion,EXACT_CURRENT_FIPS,Exact Census FIPS; historical Census vintage used only where the i-Tree configuration refers to a retired county/county-equivalent.,1438.5973202119644
ITC-2576,USA,Tennessee,Overton,Overton,US-FIPS:47133,Census TIGER/Line 2024 County,47133,Overton,EXACT_CURRENT_FIPS,Exact Census FIPS; historical Census vintage used only where the i-Tree configuration refers to a retired county/county-equivalent.,1126.214507070226
ITC-2577,USA,Tennessee,Perry,Perry,US-FIPS:47135,Census TIGER/Line 2024 County,47135,Perry,EXACT_CURRENT_FIPS,Exact Census FIPS; historical Census vintage used only where the i-Tree configuration refers to a retired county/county-equivalent.,1095.2209334414083
ITC-2578,USA,Tennessee,Pickett,Pickett,US-FIPS:47137,Census TIGER/Line 2024 County,47137,Pickett,EXACT_CURRENT_FIPS,Exact Census FIPS; historical Census vintage used only where the i-Tree configuration refers to a retired county/county-equivalent.,451.9357544790204
ITC-2579,USA,Tennessee,Polk,Polk,US-FIPS:47139,Census TIGER/Line 2024 County,47139,Polk,EXACT_CURRENT_FIPS,Exact Census FIPS; historical Census vintage used only where the i-Tree configuration refers to a retired county/county-equivalent.,1145.5295608248748
ITC-2580,USA,Tennessee,Putnam,Putnam,US-FIPS:47141,Census TIGER/Line 2024 County,47141,Putnam,EXACT_CURRENT_FIPS,Exact Census FIPS; historical Census vintage used only where the i-Tree configuration refers to a retired county/county-equivalent.,1042.6383940957032
ITC-2581,USA,Tennessee,Rhea,Rhea,US-FIPS:47143,Census TIGER/Line 2024 County,47143,Rhea,EXACT_CURRENT_FIPS,Exact Census FIPS; historical Census vintage used only where the i-Tree configuration refers to a retired county/county-equivalent.,871.4807159224828
ITC-2582,USA,Tennessee,Roane,Roane,US-FIPS:47145,Census TIGER/Line 2024 County,47145,Roane,EXACT_CURRENT_FIPS,Exact Census FIPS; historical Census vintage used only where the i-Tree configuration refers to a retired county/county-equivalent.,1022.9855454737336
ITC-2583,USA,Tennessee,Robertson,Robertson,US-FIPS:47147,Census TIGER/Line 2024 County,47147,Robertson,EXACT_CURRENT_FIPS,Exact Census FIPS; historical Census vintage used only where the i-Tree configuration refers to a retired county/county-equivalent.,1234.1612044532408
ITC-2584,USA,Tennessee,Rutherford,Rutherford,US-FIPS:47149,Census TIGER/Line 2024 County,47149,Rutherford,EXACT_CURRENT_FIPS,Exact Census FIPS; historical Census vintage used only where the i-Tree configuration refers to a retired county/county-equivalent.,1616.2993971103272
ITC-2585,USA,Tennessee,Scott,Scott,US-FIPS:47151,Census TIGER/Line 2024 County,47151,Scott,EXACT_CURRENT_FIPS,Exact Census FIPS; historical Census vintage used only where the i-Tree configuration refers to a retired county/county-equivalent.,1381.070553436238
ITC-2586,USA,Tennessee,Sequatchie,Sequatchie,US-FIPS:47153,Census TIGER/Line 2024 County,47153,Sequatchie,EXACT_CURRENT_FIPS,Exact Census FIPS; historical Census vintage used only where the i-Tree configuration refers to a retired county/county-equivalent.,689.0492048811151
ITC-2587,USA,Tennessee,Sevier,Sevier,US-FIPS:47155,Census TIGER/Line 2024 County,47155,Sevier,EXACT_CURRENT_FIPS,Exact Census FIPS; historical Census vintage used only where the i-Tree configuration refers to a retired county/county-equivalent.,1548.0277836172738
ITC-2588,USA,Tennessee,Shelby,Shelby,US-FIPS:47157,Census TIGER/Line 2024 County,47157,Shelby,EXACT_CURRENT_FIPS,Exact Census FIPS; historical Census vintage used only where the i-Tree configuration refers to a retired county/county-equivalent.,2024.2474497263227
ITC-2589,USA,Tennessee,Smith,Smith,US-FIPS:47159,Census TIGER/Line 2024 County,47159,Smith,EXACT_CURRENT_FIPS,Exact Census FIPS; historical Census vintage used only where the i-Tree configuration refers to a retired county/county-equivalent.,842.6667067020891
ITC-2590,USA,Tennessee,Stewart,Stewart,US-FIPS:47161,Census TIGER/Line 2024 County,47161,Stewart,EXACT_CURRENT_FIPS,Exact Census FIPS; historical Census vintage used only where the i-Tree configuration refers to a retired county/county-equivalent.,1276.8972232664048
ITC-2591,USA,Tennessee,Sullivan,Sullivan,US-FIPS:47163,Census TIGER/Line 2024 County,47163,Sullivan,EXACT_CURRENT_FIPS,Exact Census FIPS; historical Census vintage used only where the i-Tree configuration refers to a retired county/county-equivalent.,1112.934187236644
ITC-2592,USA,Tennessee,Sumner,Sumner,US-FIPS:47165,Census TIGER/Line 2024 County,47165,Sumner,EXACT_CURRENT_FIPS,Exact Census FIPS; historical Census vintage used only where the i-Tree configuration refers to a retired county/county-equivalent.,1409.3325916263698
ITC-2593,USA,Tennessee,Tipton,Tipton,US-FIPS:47167,Census TIGER/Line 2024 County,47167,Tipton,EXACT_CURRENT_FIPS,Exact Census FIPS; historical Census vintage used only where the i-Tree configuration refers to a retired county/county-equivalent.,1212.7303031653935
ITC-2594,USA,Tennessee,Trousdale,Trousdale,US-FIPS:47169,Census TIGER/Line 2024 County,47169,Trousdale,EXACT_CURRENT_FIPS,Exact Census FIPS; historical Census vintage used only where the i-Tree configuration refers to a retired county/county-equivalent.,302.10424826453914
ITC-2595,USA,Tennessee,Unicoi,Unicoi,US-FIPS:47171,Census TIGER/Line 2024 County,47171,Unicoi,EXACT_CURRENT_FIPS,Exact Census FIPS; historical Census vintage used only where the i-Tree configuration refers to a retired county/county-equivalent.,482.72849507352106
ITC-2596,USA,Tennessee,Union,Union,US-FIPS:47173,Census TIGER/Line 2024 County,47173,Union,EXACT_CURRENT_FIPS,Exact Census FIPS; historical Census vintage used only where the i-Tree configuration refers to a retired county/county-equivalent.,640.0831733782613
ITC-2597,USA,Tennessee,Van Buren,Van Buren,US-FIPS:47175,Census TIGER/Line 2024 County,47175,Van Buren,EXACT_CURRENT_FIPS,Exact Census FIPS; historical Census vintage used only where the i-Tree configuration refers to a retired county/county-equivalent.,711.0354457325016
ITC-2598,USA,Tennessee,Warren,Warren,US-FIPS:47177,Census TIGER/Line 2024 County,47177,Warren,EXACT_CURRENT_FIPS,Exact Census FIPS; historical Census vintage used only where the i-Tree configuration refers to a retired county/county-equivalent.,1124.144228492341
ITC-2599,USA,Tennessee,Washington,Washington,US-FIPS:47179,Census TIGER/Line 2024 County,47179,Washington,EXACT_CURRENT_FIPS,Exact Census FIPS; historical Census vintage used only where the i-Tree configuration refers to a retired county/county-equivalent.,854.2415064546058
ITC-2600,USA,Tennessee,Wayne,Wayne,US-FIPS:47181,Census TIGER/Line 2024 County,47181,Wayne,EXACT_CURRENT_FIPS,Exact Census FIPS; historical Census vintage used only where the i-Tree configuration refers to a retired county/county-equivalent.,1905.357661055995
ITC-2601,USA,Tennessee,Weakley,Weakley,US-FIPS:47183,Census TIGER/Line 2024 County,47183,Weakley,EXACT_CURRENT_FIPS,Exact Census FIPS; historical Census vintage used only where the i-Tree configuration refers to a retired county/county-equivalent.,1506.8149318035569
ITC-2602,USA,Tennessee,White,White,US-FIPS:47185,Census TIGER/Line 2024 County,47185,White,EXACT_CURRENT_FIPS,Exact Census FIPS; historical Census vintage used only where the i-Tree configuration refers to a retired county/county-equivalent.,982.7062501127715
ITC-2603,USA,Tennessee,Williamson,Williamson,US-FIPS:47187,Census TIGER/Line 2024 County,47187,Williamson,EXACT_CURRENT_FIPS,Exact Census FIPS; historical Census vintage used only where the i-Tree configuration refers to a retired county/county-equivalent.,1512.7442141678569
ITC-2604,USA,Tennessee,Wilson,Wilson,US-FIPS:47189,Census TIGER/Line 2024 County,47189,Wilson,EXACT_CURRENT_FIPS,Exact Census FIPS; historical Census vintage used only where the i-Tree configuration refers to a retired county/county-equivalent.,1508.9882680560054
ITC-2605,USA,Texas,Anderson,Anderson,US-FIPS:48001,Census TIGER/Line 2024 County,48001,Anderson,EXACT_CURRENT_FIPS,Exact Census FIPS; historical Census vintage used only where the i-Tree configuration refers to a retired county/county-equivalent.,2792.009983215935
ITC-2606,USA,Texas,Andrews,Andrews,US-FIPS:48003,Census TIGER/Line 2024 County,48003,Andrews,EXACT_CURRENT_FIPS,Exact Census FIPS; historical Census vintage used only where the i-Tree configuration refers to a retired county/county-equivalent.,3887.8088166001676
ITC-2607,USA,Texas,Angelina,Angelina,US-FIPS:48005,Census TIGER/Line 2024 County,48005,Angelina,EXACT_CURRENT_FIPS,Exact Census FIPS; historical Census vintage used only where the i-Tree configuration refers to a retired county/county-equivalent.,2239.7610637071807
ITC-2608,USA,Texas,Aransas,Aransas,US-FIPS:48007,Census TIGER/Line 2024 County,48007,Aransas,EXACT_CURRENT_FIPS,Exact Census FIPS; historical Census vintage used only where the i-Tree configuration refers to a retired county/county-equivalent.,1367.3970197113583
ITC-2609,USA,Texas,Archer,Archer,US-FIPS:48009,Census TIGER/Line 2024 County,48009,Archer,EXACT_CURRENT_FIPS,Exact Census FIPS; historical Census vintage used only where the i-Tree configuration refers to a retired county/county-equivalent.,2397.275987556032
ITC-2610,USA,Texas,Armstrong,Armstrong,US-FIPS:48011,Census TIGER/Line 2024 County,48011,Armstrong,EXACT_CURRENT_FIPS,Exact Census FIPS; historical Census vintage used only where the i-Tree configuration refers to a retired county/county-equivalent.,2366.8009895444607
ITC-2611,USA,Texas,Atascosa,Atascosa,US-FIPS:48013,Census TIGER/Line 2024 County,48013,Atascosa,EXACT_CURRENT_FIPS,Exact Census FIPS; historical Census vintage used only where the i-Tree configuration refers to a retired county/county-equivalent.,3163.5924504456048
ITC-2612,USA,Texas,Austin,Austin,US-FIPS:48015,Census TIGER/Line 2024 County,48015,Austin,EXACT_CURRENT_FIPS,Exact Census FIPS; historical Census vintage used only where the i-Tree configuration refers to a retired county/county-equivalent.,1700.0119931156075
ITC-2613,USA,Texas,Bailey,Bailey,US-FIPS:48017,Census TIGER/Line 2024 County,48017,Bailey,EXACT_CURRENT_FIPS,Exact Census FIPS; historical Census vintage used only where the i-Tree configuration refers to a retired county/county-equivalent.,2143.6227003427794
ITC-2614,USA,Texas,Bandera,Bandera,US-FIPS:48019,Census TIGER/Line 2024 County,48019,Bandera,EXACT_CURRENT_FIPS,Exact Census FIPS; historical Census vintage used only where the i-Tree configuration refers to a retired county/county-equivalent.,2065.955630017581
ITC-2615,USA,Texas,Bastrop,Bastrop,US-FIPS:48021,Census TIGER/Line 2024 County,48021,Bastrop,EXACT_CURRENT_FIPS,Exact Census FIPS; historical Census vintage used only where the i-Tree configuration refers to a retired county/county-equivalent.,2319.5101686562366
ITC-2616,USA,Texas,Baylor,Baylor,US-FIPS:48023,Census TIGER/Line 2024 County,48023,Baylor,EXACT_CURRENT_FIPS,Exact Census FIPS; historical Census vintage used only where the i-Tree configuration refers to a retired county/county-equivalent.,2333.7557455526767
ITC-2617,USA,Texas,Bee,Bee,US-FIPS:48025,Census TIGER/Line 2024 County,48025,Bee,EXACT_CURRENT_FIPS,Exact Census FIPS; historical Census vintage used only where the i-Tree configuration refers to a retired county/county-equivalent.,2280.0573810719393
ITC-2618,USA,Texas,Bell,Bell,US-FIPS:48027,Census TIGER/Line 2024 County,48027,Bell,EXACT_CURRENT_FIPS,Exact Census FIPS; historical Census vintage used only where the i-Tree configuration refers to a retired county/county-equivalent.,2823.7934373467406
ITC-2619,USA,Texas,Bexar,Bexar,US-FIPS:48029,Census TIGER/Line 2024 County,48029,Bexar,EXACT_CURRENT_FIPS,Exact Census FIPS; historical Census vintage used only where the i-Tree configuration refers to a retired county/county-equivalent.,3253.2157517696282
ITC-2620,USA,Texas,Blanco,Blanco,US-FIPS:48031,Census TIGER/Line 2024 County,48031,Blanco,EXACT_CURRENT_FIPS,Exact Census FIPS; historical Census vintage used only where the i-Tree configuration refers to a retired county/county-equivalent.,1847.7672325192973
ITC-2621,USA,Texas,Borden,Borden,US-FIPS:48033,Census TIGER/Line 2024 County,48033,Borden,EXACT_CURRENT_FIPS,Exact Census FIPS; historical Census vintage used only where the i-Tree configuration refers to a retired county/county-equivalent.,2346.6638007101906
ITC-2622,USA,Texas,Bosque,Bosque,US-FIPS:48035,Census TIGER/Line 2024 County,48035,Bosque,EXACT_CURRENT_FIPS,Exact Census FIPS; historical Census vintage used only where the i-Tree configuration refers to a retired county/county-equivalent.,2596.723265912485
ITC-2623,USA,Texas,Bowie,Bowie,US-FIPS:48037,Census TIGER/Line 2024 County,48037,Bowie,EXACT_CURRENT_FIPS,Exact Census FIPS; historical Census vintage used only where the i-Tree configuration refers to a retired county/county-equivalent.,2390.3678447795874
ITC-2624,USA,Texas,Brazoria,Brazoria,US-FIPS:48039,Census TIGER/Line 2024 County,48039,Brazoria,EXACT_CURRENT_FIPS,Exact Census FIPS; historical Census vintage used only where the i-Tree configuration refers to a retired county/county-equivalent.,4166.404356900045
ITC-2625,USA,Texas,Brazos,Brazos,US-FIPS:48041,Census TIGER/Line 2024 County,48041,Brazos,EXACT_CURRENT_FIPS,Exact Census FIPS; historical Census vintage used only where the i-Tree configuration refers to a retired county/county-equivalent.,1531.3011908590843
ITC-2626,USA,Texas,Brewster,Brewster,US-FIPS:48043,Census TIGER/Line 2024 County,48043,Brewster,EXACT_CURRENT_FIPS,Exact Census FIPS; historical Census vintage used only where the i-Tree configuration refers to a retired county/county-equivalent.,16037.932308255924
ITC-2627,USA,Texas,Briscoe,Briscoe,US-FIPS:48045,Census TIGER/Line 2024 County,48045,Briscoe,EXACT_CURRENT_FIPS,Exact Census FIPS; historical Census vintage used only where the i-Tree configuration refers to a retired county/county-equivalent.,2335.059837765452
ITC-2628,USA,Texas,Brooks,Brooks,US-FIPS:48047,Census TIGER/Line 2024 County,48047,Brooks,EXACT_CURRENT_FIPS,Exact Census FIPS; historical Census vintage used only where the i-Tree configuration refers to a retired county/county-equivalent.,2444.0190647921027
ITC-2629,USA,Texas,Brown,Brown,US-FIPS:48049,Census TIGER/Line 2024 County,48049,Brown,EXACT_CURRENT_FIPS,Exact Census FIPS; historical Census vintage used only where the i-Tree configuration refers to a retired county/county-equivalent.,2478.4957895678385
ITC-2630,USA,Texas,Burleson,Burleson,US-FIPS:48051,Census TIGER/Line 2024 County,48051,Burleson,EXACT_CURRENT_FIPS,Exact Census FIPS; historical Census vintage used only where the i-Tree configuration refers to a retired county/county-equivalent.,1753.0587834644366
ITC-2631,USA,Texas,Burnet,Burnet,US-FIPS:48053,Census TIGER/Line 2024 County,48053,Burnet,EXACT_CURRENT_FIPS,Exact Census FIPS; historical Census vintage used only where the i-Tree configuration refers to a retired county/county-equivalent.,2646.3822657105693
ITC-2632,USA,Texas,Caldwell,Caldwell,US-FIPS:48055,Census TIGER/Line 2024 County,48055,Caldwell,EXACT_CURRENT_FIPS,Exact Census FIPS; historical Census vintage used only where the i-Tree configuration refers to a retired county/county-equivalent.,1415.3050222008853
ITC-2633,USA,Texas,Calhoun,Calhoun,US-FIPS:48057,Census TIGER/Line 2024 County,48057,Calhoun,EXACT_CURRENT_FIPS,Exact Census FIPS; historical Census vintage used only where the i-Tree configuration refers to a retired county/county-equivalent.,2674.6012333767094
ITC-2634,USA,Texas,Callahan,Callahan,US-FIPS:48059,Census TIGER/Line 2024 County,48059,Callahan,EXACT_CURRENT_FIPS,Exact Census FIPS; historical Census vintage used only where the i-Tree configuration refers to a retired county/county-equivalent.,2334.2622063742356
ITC-2635,USA,Texas,Cameron,Cameron,US-FIPS:48061,Census TIGER/Line 2024 County,48061,Cameron,EXACT_CURRENT_FIPS,Exact Census FIPS; historical Census vintage used only where the i-Tree configuration refers to a retired county/county-equivalent.,3314.3604046254386
ITC-2636,USA,Texas,Camp,Camp,US-FIPS:48063,Census TIGER/Line 2024 County,48063,Camp,EXACT_CURRENT_FIPS,Exact Census FIPS; historical Census vintage used only where the i-Tree configuration refers to a retired county/county-equivalent.,526.3718866567756
ITC-2637,USA,Texas,Carson,Carson,US-FIPS:48065,Census TIGER/Line 2024 County,48065,Carson,EXACT_CURRENT_FIPS,Exact Census FIPS; historical Census vintage used only where the i-Tree configuration refers to a retired county/county-equivalent.,2393.424788493318
ITC-2638,USA,Texas,Cass,Cass,US-FIPS:48067,Census TIGER/Line 2024 County,48067,Cass,EXACT_CURRENT_FIPS,Exact Census FIPS; historical Census vintage used only where the i-Tree configuration refers to a retired county/county-equivalent.,2487.178403562319
ITC-2639,USA,Texas,Castro,Castro,US-FIPS:48069,Census TIGER/Line 2024 County,48069,Castro,EXACT_CURRENT_FIPS,Exact Census FIPS; historical Census vintage used only where the i-Tree configuration refers to a retired county/county-equivalent.,2329.157004940709
ITC-2640,USA,Texas,Chambers,Chambers,US-FIPS:48071,Census TIGER/Line 2024 County,48071,Chambers,EXACT_CURRENT_FIPS,Exact Census FIPS; historical Census vintage used only where the i-Tree configuration refers to a retired county/county-equivalent.,2256.262430894071
ITC-2641,USA,Texas,Cherokee,Cherokee,US-FIPS:48073,Census TIGER/Line 2024 County,48073,Cherokee,EXACT_CURRENT_FIPS,Exact Census FIPS; historical Census vintage used only where the i-Tree configuration refers to a retired county/county-equivalent.,2751.0148015587515
ITC-2642,USA,Texas,Childress,Childress,US-FIPS:48075,Census TIGER/Line 2024 County,48075,Childress,EXACT_CURRENT_FIPS,Exact Census FIPS; historical Census vintage used only where the i-Tree configuration refers to a retired county/county-equivalent.,1848.5153645986863
ITC-2643,USA,Texas,Clay,Clay,US-FIPS:48077,Census TIGER/Line 2024 County,48077,Clay,EXACT_CURRENT_FIPS,Exact Census FIPS; historical Census vintage used only where the i-Tree configuration refers to a retired county/county-equivalent.,2892.3792363450193
ITC-2644,USA,Texas,Cochran,Cochran,US-FIPS:48079,Census TIGER/Line 2024 County,48079,Cochran,EXACT_CURRENT_FIPS,Exact Census FIPS; historical Census vintage used only where the i-Tree configuration refers to a retired county/county-equivalent.,2007.683173311188
ITC-2645,USA,Texas,Coke,Coke,US-FIPS:48081,Census TIGER/Line 2024 County,48081,Coke,EXACT_CURRENT_FIPS,Exact Census FIPS; historical Census vintage used only where the i-Tree configuration refers to a retired county/county-equivalent.,2403.485304005171
ITC-2646,USA,Texas,Coleman,Coleman,US-FIPS:48083,Census TIGER/Line 2024 County,48083,Coleman,EXACT_CURRENT_FIPS,Exact Census FIPS; historical Census vintage used only where the i-Tree configuration refers to a retired county/county-equivalent.,3318.8966787396726
ITC-2647,USA,Texas,Collin,Collin,US-FIPS:48085,Census TIGER/Line 2024 County,48085,Collin,EXACT_CURRENT_FIPS,Exact Census FIPS; historical Census vintage used only where the i-Tree configuration refers to a retired county/county-equivalent.,2294.379253223434
ITC-2648,USA,Texas,Collingsworth,Collingsworth,US-FIPS:48087,Census TIGER/Line 2024 County,48087,Collingsworth,EXACT_CURRENT_FIPS,Exact Census FIPS; historical Census vintage used only where the i-Tree configuration refers to a retired county/county-equivalent.,2381.029034949457
ITC-2649,USA,Texas,Colorado,Colorado,US-FIPS:48089,Census TIGER/Line 2024 County,48089,Colorado,EXACT_CURRENT_FIPS,Exact Census FIPS; historical Census vintage used only where the i-Tree configuration refers to a retired county/county-equivalent.,2521.8341400752597
ITC-2650,USA,Texas,Comal,Comal,US-FIPS:48091,Census TIGER/Line 2024 County,48091,Comal,EXACT_CURRENT_FIPS,Exact Census FIPS; historical Census vintage used only where the i-Tree configuration refers to a retired county/county-equivalent.,1488.9375934448235
ITC-2651,USA,Texas,Comanche,Comanche,US-FIPS:48093,Census TIGER/Line 2024 County,48093,Comanche,EXACT_CURRENT_FIPS,Exact Census FIPS; historical Census vintage used only where the i-Tree configuration refers to a retired county/county-equivalent.,2454.4883260011034
ITC-2652,USA,Texas,Concho,Concho,US-FIPS:48095,Census TIGER/Line 2024 County,48095,Concho,EXACT_CURRENT_FIPS,Exact Census FIPS; historical Census vintage used only where the i-Tree configuration refers to a retired county/county-equivalent.,2573.6543664105643
ITC-2653,USA,Texas,Cooke,Cooke,US-FIPS:48097,Census TIGER/Line 2024 County,48097,Cooke,EXACT_CURRENT_FIPS,Exact Census FIPS; historical Census vintage used only where the i-Tree configuration refers to a retired county/county-equivalent.,2327.109518804555
ITC-2654,USA,Texas,Coryell,Coryell,US-FIPS:48099,Census TIGER/Line 2024 County,48099,Coryell,EXACT_CURRENT_FIPS,Exact Census FIPS; historical Census vintage used only where the i-Tree configuration refers to a retired county/county-equivalent.,2737.141479974324
ITC-2655,USA,Texas,Cottle,Cottle,US-FIPS:48101,Census TIGER/Line 2024 County,48101,Cottle,EXACT_CURRENT_FIPS,Exact Census FIPS; historical Census vintage used only where the i-Tree configuration refers to a retired county/county-equivalent.,2335.1732121854902
ITC-2656,USA,Texas,Crane,Crane,US-FIPS:48103,Census TIGER/Line 2024 County,48103,Crane,EXACT_CURRENT_FIPS,Exact Census FIPS; historical Census vintage used only where the i-Tree configuration refers to a retired county/county-equivalent.,2035.0143583476884
ITC-2657,USA,Texas,Crockett,Crockett,US-FIPS:48105,Census TIGER/Line 2024 County,48105,Crockett,EXACT_CURRENT_FIPS,Exact Census FIPS; historical Census vintage used only where the i-Tree configuration refers to a retired county/county-equivalent.,7270.985845234821
ITC-2658,USA,Texas,Crosby,Crosby,US-FIPS:48107,Census TIGER/Line 2024 County,48107,Crosby,EXACT_CURRENT_FIPS,Exact Census FIPS; historical Census vintage used only where the i-Tree configuration refers to a retired county/county-equivalent.,2335.376500367888
ITC-2659,USA,Texas,Culberson,Culberson,US-FIPS:48109,Census TIGER/Line 2024 County,48109,Culberson,EXACT_CURRENT_FIPS,Exact Census FIPS; historical Census vintage used only where the i-Tree configuration refers to a retired county/county-equivalent.,9873.996759935708
ITC-2660,USA,Texas,Dallam,Dallam,US-FIPS:48111,Census TIGER/Line 2024 County,48111,Dallam,EXACT_CURRENT_FIPS,Exact Census FIPS; historical Census vintage used only where the i-Tree configuration refers to a retired county/county-equivalent.,3898.2762908349437
ITC-2661,USA,Texas,Dallas,Dallas,US-FIPS:48113,Census TIGER/Line 2024 County,48113,Dallas,EXACT_CURRENT_FIPS,Exact Census FIPS; historical Census vintage used only where the i-Tree configuration refers to a retired county/county-equivalent.,2353.3754621187163
ITC-2662,USA,Texas,Dawson,Dawson,US-FIPS:48115,Census TIGER/Line 2024 County,48115,Dawson,EXACT_CURRENT_FIPS,Exact Census FIPS; historical Census vintage used only where the i-Tree configuration refers to a retired county/county-equivalent.,2336.5023154453334
ITC-2663,USA,Texas,Deaf Smith,Deaf Smith,US-FIPS:48117,Census TIGER/Line 2024 County,48117,Deaf Smith,EXACT_CURRENT_FIPS,Exact Census FIPS; historical Census vintage used only where the i-Tree configuration refers to a retired county/county-equivalent.,3880.6797616165636
ITC-2664,USA,Texas,Delta,Delta,US-FIPS:48119,Census TIGER/Line 2024 County,48119,Delta,EXACT_CURRENT_FIPS,Exact Census FIPS; historical Census vintage used only where the i-Tree configuration refers to a retired county/county-equivalent.,719.8403377223514
ITC-2665,USA,Texas,Denton,Denton,US-FIPS:48121,Census TIGER/Line 2024 County,48121,Denton,EXACT_CURRENT_FIPS,Exact Census FIPS; historical Census vintage used only where the i-Tree configuration refers to a retired county/county-equivalent.,2464.791013974266
ITC-2666,USA,Texas,DeWitt,DeWitt,US-FIPS:48123,Census TIGER/Line 2024 County,48123,DeWitt,EXACT_CURRENT_FIPS,Exact Census FIPS; historical Census vintage used only where the i-Tree configuration refers to a retired county/county-equivalent.,2358.1580336559286
ITC-2667,USA,Texas,Dickens,Dickens,US-FIPS:48125,Census TIGER/Line 2024 County,48125,Dickens,EXACT_CURRENT_FIPS,Exact Census FIPS; historical Census vintage used only where the i-Tree configuration refers to a retired county/county-equivalent.,2344.5129972717023
ITC-2668,USA,Texas,Dimmit,Dimmit,US-FIPS:48127,Census TIGER/Line 2024 County,48127,Dimmit,EXACT_CURRENT_FIPS,Exact Census FIPS; historical Census vintage used only where the i-Tree configuration refers to a retired county/county-equivalent.,3456.371450148509
ITC-2669,USA,Texas,Donley,Donley,US-FIPS:48129,Census TIGER/Line 2024 County,48129,Donley,EXACT_CURRENT_FIPS,Exact Census FIPS; historical Census vintage used only where the i-Tree configuration refers to a retired county/county-equivalent.,2416.5778317456957
ITC-2670,USA,Texas,Duval,Duval,US-FIPS:48131,Census TIGER/Line 2024 County,48131,Duval,EXACT_CURRENT_FIPS,Exact Census FIPS; historical Census vintage used only where the i-Tree configuration refers to a retired county/county-equivalent.,4650.563525614337
ITC-2671,USA,Texas,Eastland,Eastland,US-FIPS:48133,Census TIGER/Line 2024 County,48133,Eastland,EXACT_CURRENT_FIPS,Exact Census FIPS; historical Census vintage used only where the i-Tree configuration refers to a retired county/county-equivalent.,2413.647311736139
ITC-2672,USA,Texas,Ector,Ector,US-FIPS:48135,Census TIGER/Line 2024 County,48135,Ector,EXACT_CURRENT_FIPS,Exact Census FIPS; historical Census vintage used only where the i-Tree configuration refers to a retired county/county-equivalent.,2335.698381495577
ITC-2673,USA,Texas,Edwards,Edwards,US-FIPS:48137,Census TIGER/Line 2024 County,48137,Edwards,EXACT_CURRENT_FIPS,Exact Census FIPS; historical Census vintage used only where the i-Tree configuration refers to a retired county/county-equivalent.,5490.460104882513
ITC-2674,USA,Texas,El Paso,El Paso,US-FIPS:48141,Census TIGER/Line 2024 County,48141,El Paso,EXACT_CURRENT_FIPS,Exact Census FIPS; historical Census vintage used only where the i-Tree configuration refers to a retired county/county-equivalent.,2629.565755676177
ITC-2675,USA,Texas,Ellis,Ellis,US-FIPS:48139,Census TIGER/Line 2024 County,48139,Ellis,EXACT_CURRENT_FIPS,Exact Census FIPS; historical Census vintage used only where the i-Tree configuration refers to a retired county/county-equivalent.,2465.557104918256
ITC-2676,USA,Texas,Erath,Erath,US-FIPS:48143,Census TIGER/Line 2024 County,48143,Erath,EXACT_CURRENT_FIPS,Exact Census FIPS; historical Census vintage used only where the i-Tree configuration refers to a retired county/county-equivalent.,2822.586928636252
ITC-2677,USA,Texas,Falls,Falls,US-FIPS:48145,Census TIGER/Line 2024 County,48145,Falls,EXACT_CURRENT_FIPS,Exact Census FIPS; historical Census vintage used only where the i-Tree configuration refers to a retired county/county-equivalent.,2004.3159790132522
ITC-2678,USA,Texas,Fannin,Fannin,US-FIPS:48147,Census TIGER/Line 2024 County,48147,Fannin,EXACT_CURRENT_FIPS,Exact Census FIPS; historical Census vintage used only where the i-Tree configuration refers to a retired county/county-equivalent.,2328.0986806944843
ITC-2679,USA,Texas,Fayette,Fayette,US-FIPS:48149,Census TIGER/Line 2024 County,48149,Fayette,EXACT_CURRENT_FIPS,Exact Census FIPS; historical Census vintage used only where the i-Tree configuration refers to a retired county/county-equivalent.,2485.8921716431105
ITC-2680,USA,Texas,Fisher,Fisher,US-FIPS:48151,Census TIGER/Line 2024 County,48151,Fisher,EXACT_CURRENT_FIPS,Exact Census FIPS; historical Census vintage used only where the i-Tree configuration refers to a retired county/county-equivalent.,2335.5304934434457
ITC-2681,USA,Texas,Floyd,Floyd,US-FIPS:48153,Census TIGER/Line 2024 County,48153,Floyd,EXACT_CURRENT_FIPS,Exact Census FIPS; historical Census vintage used only where the i-Tree configuration refers to a retired county/county-equivalent.,2570.621874622231
ITC-2682,USA,Texas,Foard,Foard,US-FIPS:48155,Census TIGER/Line 2024 County,48155,Foard,EXACT_CURRENT_FIPS,Exact Census FIPS; historical Census vintage used only where the i-Tree configuration refers to a retired county/county-equivalent.,1832.8930552644247
ITC-2683,USA,Texas,Fort Bend,Fort Bend,US-FIPS:48157,Census TIGER/Line 2024 County,48157,Fort Bend,EXACT_CURRENT_FIPS,Exact Census FIPS; historical Census vintage used only where the i-Tree configuration refers to a retired county/county-equivalent.,2292.787791569784
ITC-2684,USA,Texas,Franklin,Franklin,US-FIPS:48159,Census TIGER/Line 2024 County,48159,Franklin,EXACT_CURRENT_FIPS,Exact Census FIPS; historical Census vintage used only where the i-Tree configuration refers to a retired county/county-equivalent.,763.4451929395998
ITC-2685,USA,Texas,Freestone,Freestone,US-FIPS:48161,Census TIGER/Line 2024 County,48161,Freestone,EXACT_CURRENT_FIPS,Exact Census FIPS; historical Census vintage used only where the i-Tree configuration refers to a retired county/county-equivalent.,2310.2494997617255
ITC-2686,USA,Texas,Frio,Frio,US-FIPS:48163,Census TIGER/Line 2024 County,48163,Frio,EXACT_CURRENT_FIPS,Exact Census FIPS; historical Census vintage used only where the i-Tree configuration refers to a retired county/county-equivalent.,2937.9474112989988
ITC-2687,USA,Texas,Gaines,Gaines,US-FIPS:48165,Census TIGER/Line 2024 County,48165,Gaines,EXACT_CURRENT_FIPS,Exact Census FIPS; historical Census vintage used only where the i-Tree configuration refers to a retired county/county-equivalent.,3892.3657504494304
ITC-2688,USA,Texas,Galveston,Galveston,US-FIPS:48167,Census TIGER/Line 2024 County,48167,Galveston,EXACT_CURRENT_FIPS,Exact Census FIPS; historical Census vintage used only where the i-Tree configuration refers to a retired county/county-equivalent.,2263.520395004534
ITC-2689,USA,Texas,Garza,Garza,US-FIPS:48169,Census TIGER/Line 2024 County,48169,Garza,EXACT_CURRENT_FIPS,Exact Census FIPS; historical Census vintage used only where the i-Tree configuration refers to a retired county/county-equivalent.,2321.146364662142
ITC-2690,USA,Texas,Gillespie,Gillespie,US-FIPS:48171,Census TIGER/Line 2024 County,48171,Gillespie,EXACT_CURRENT_FIPS,Exact Census FIPS; historical Census vintage used only where the i-Tree configuration refers to a retired county/county-equivalent.,2749.731718056816
ITC-2691,USA,Texas,Glasscock,Glasscock,US-FIPS:48173,Census TIGER/Line 2024 County,48173,Glasscock,EXACT_CURRENT_FIPS,Exact Census FIPS; historical Census vintage used only where the i-Tree configuration refers to a retired county/county-equivalent.,2333.7983749457
ITC-2692,USA,Texas,Goliad,Goliad,US-FIPS:48175,Census TIGER/Line 2024 County,48175,Goliad,EXACT_CURRENT_FIPS,Exact Census FIPS; historical Census vintage used only where the i-Tree configuration refers to a retired county/county-equivalent.,2225.7489438965276
ITC-2693,USA,Texas,Gonzales,Gonzales,US-FIPS:48177,Census TIGER/Line 2024 County,48177,Gonzales,EXACT_CURRENT_FIPS,Exact Census FIPS; historical Census vintage used only where the i-Tree configuration refers to a retired county/county-equivalent.,2770.909380224999
ITC-2694,USA,Texas,Gray,Gray,US-FIPS:48179,Census TIGER/Line 2024 County,48179,Gray,EXACT_CURRENT_FIPS,Exact Census FIPS; historical Census vintage used only where the i-Tree configuration refers to a retired county/county-equivalent.,2406.962154634904
ITC-2695,USA,Texas,Grayson,Grayson,US-FIPS:48181,Census TIGER/Line 2024 County,48181,Grayson,EXACT_CURRENT_FIPS,Exact Census FIPS; historical Census vintage used only where the i-Tree configuration refers to a retired county/county-equivalent.,2536.118428831185
ITC-2696,USA,Texas,Gregg,Gregg,US-FIPS:48183,Census TIGER/Line 2024 County,48183,Gregg,EXACT_CURRENT_FIPS,Exact Census FIPS; historical Census vintage used only where the i-Tree configuration refers to a retired county/county-equivalent.,714.2586152161289
ITC-2697,USA,Texas,Grimes,Grimes,US-FIPS:48185,Census TIGER/Line 2024 County,48185,Grimes,EXACT_CURRENT_FIPS,Exact Census FIPS; historical Census vintage used only where the i-Tree configuration refers to a retired county/county-equivalent.,2076.137746238093
ITC-2698,USA,Texas,Guadalupe,Guadalupe,US-FIPS:48187,Census TIGER/Line 2024 County,48187,Guadalupe,EXACT_CURRENT_FIPS,Exact Census FIPS; historical Census vintage used only where the i-Tree configuration refers to a retired county/county-equivalent.,1851.2936354584049
ITC-2699,USA,Texas,Hale,Hale,US-FIPS:48189,Census TIGER/Line 2024 County,48189,Hale,EXACT_CURRENT_FIPS,Exact Census FIPS; historical Census vintage used only where the i-Tree configuration refers to a retired county/county-equivalent.,2602.356233114307
ITC-2700,USA,Texas,Hall,Hall,US-FIPS:48191,Census TIGER/Line 2024 County,48191,Hall,EXACT_CURRENT_FIPS,Exact Census FIPS; historical Census vintage used only where the i-Tree configuration refers to a retired county/county-equivalent.,2341.600216533394
ITC-2701,USA,Texas,Hamilton,Hamilton,US-FIPS:48193,Census TIGER/Line 2024 County,48193,Hamilton,EXACT_CURRENT_FIPS,Exact Census FIPS; historical Census vintage used only where the i-Tree configuration refers to a retired county/county-equivalent.,2166.247073025503
ITC-2702,USA,Texas,Hansford,Hansford,US-FIPS:48195,Census TIGER/Line 2024 County,48195,Hansford,EXACT_CURRENT_FIPS,Exact Census FIPS; historical Census vintage used only where the i-Tree configuration refers to a retired county/county-equivalent.,2383.8445671820045
ITC-2703,USA,Texas,Hardeman,Hardeman,US-FIPS:48197,Census TIGER/Line 2024 County,48197,Hardeman,EXACT_CURRENT_FIPS,Exact Census FIPS; historical Census vintage used only where the i-Tree configuration refers to a retired county/county-equivalent.,1804.8869049896482
ITC-2704,USA,Texas,Hardin,Hardin,US-FIPS:48199,Census TIGER/Line 2024 County,48199,Hardin,EXACT_CURRENT_FIPS,Exact Census FIPS; historical Census vintage used only where the i-Tree configuration refers to a retired county/county-equivalent.,2324.582861303203
ITC-2705,USA,Texas,Harris,Harris,US-FIPS:48201,Census TIGER/Line 2024 County,48201,Harris,EXACT_CURRENT_FIPS,Exact Census FIPS; historical Census vintage used only where the i-Tree configuration refers to a retired county/county-equivalent.,4603.338025743693
ITC-2706,USA,Texas,Harrison,Harrison,US-FIPS:48203,Census TIGER/Line 2024 County,48203,Harrison,EXACT_CURRENT_FIPS,Exact Census FIPS; historical Census vintage used only where the i-Tree configuration refers to a retired county/county-equivalent.,2371.790542140579
ITC-2707,USA,Texas,Hartley,Hartley,US-FIPS:48205,Census TIGER/Line 2024 County,48205,Hartley,EXACT_CURRENT_FIPS,Exact Census FIPS; historical Census vintage used only where the i-Tree configuration refers to a retired county/county-equivalent.,3789.4566559137684
ITC-2708,USA,Texas,Haskell,Haskell,US-FIPS:48207,Census TIGER/Line 2024 County,48207,Haskell,EXACT_CURRENT_FIPS,Exact Census FIPS; historical Census vintage used only where the i-Tree configuration refers to a retired county/county-equivalent.,2357.5692558434835
ITC-2709,USA,Texas,Hays,Hays,US-FIPS:48209,Census TIGER/Line 2024 County,48209,Hays,EXACT_CURRENT_FIPS,Exact Census FIPS; historical Census vintage used only where the i-Tree configuration refers to a retired county/county-equivalent.,1758.0821828050448
ITC-2710,USA,Texas,Hemphill,Hemphill,US-FIPS:48211,Census TIGER/Line 2024 County,48211,Hemphill,EXACT_CURRENT_FIPS,Exact Census FIPS; historical Census vintage used only where the i-Tree configuration refers to a retired county/county-equivalent.,2362.4747186730483
ITC-2711,USA,Texas,Henderson,Henderson,US-FIPS:48213,Census TIGER/Line 2024 County,48213,Henderson,EXACT_CURRENT_FIPS,Exact Census FIPS; historical Census vintage used only where the i-Tree configuration refers to a retired county/county-equivalent.,2456.4155077052183
ITC-2712,USA,Texas,Hidalgo,Hidalgo,US-FIPS:48215,Census TIGER/Line 2024 County,48215,Hidalgo,EXACT_CURRENT_FIPS,Exact Census FIPS; historical Census vintage used only where the i-Tree configuration refers to a retired county/county-equivalent.,4099.513602571816
ITC-2713,USA,Texas,Hill,Hill,US-FIPS:48217,Census TIGER/Line 2024 County,48217,Hill,EXACT_CURRENT_FIPS,Exact Census FIPS; historical Census vintage used only where the i-Tree configuration refers to a retired county/county-equivalent.,2552.9751058281195
ITC-2714,USA,Texas,Hockley,Hockley,US-FIPS:48219,Census TIGER/Line 2024 County,48219,Hockley,EXACT_CURRENT_FIPS,Exact Census FIPS; historical Census vintage used only where the i-Tree configuration refers to a retired county/county-equivalent.,2353.1701764433856
ITC-2715,USA,Texas,Hood,Hood,US-FIPS:48221,Census TIGER/Line 2024 County,48221,Hood,EXACT_CURRENT_FIPS,Exact Census FIPS; historical Census vintage used only where the i-Tree configuration refers to a retired county/county-equivalent.,1131.4610280701415
ITC-2716,USA,Texas,Hopkins,Hopkins,US-FIPS:48223,Census TIGER/Line 2024 County,48223,Hopkins,EXACT_CURRENT_FIPS,Exact Census FIPS; historical Census vintage used only where the i-Tree configuration refers to a retired county/county-equivalent.,2053.2692072380437
ITC-2717,USA,Texas,Houston,Houston,US-FIPS:48225,Census TIGER/Line 2024 County,48225,Houston,EXACT_CURRENT_FIPS,Exact Census FIPS; historical Census vintage used only where the i-Tree configuration refers to a retired county/county-equivalent.,3202.7145470854252
ITC-2718,USA,Texas,Howard,Howard,US-FIPS:48227,Census TIGER/Line 2024 County,48227,Howard,EXACT_CURRENT_FIPS,Exact Census FIPS; historical Census vintage used only where the i-Tree configuration refers to a retired county/county-equivalent.,2341.8810881388104
ITC-2719,USA,Texas,Hudspeth,Hudspeth,US-FIPS:48229,Census TIGER/Line 2024 County,48229,Hudspeth,EXACT_CURRENT_FIPS,Exact Census FIPS; historical Census vintage used only where the i-Tree configuration refers to a retired county/county-equivalent.,11839.697474018869
ITC-2720,USA,Texas,Hunt,Hunt,US-FIPS:48231,Census TIGER/Line 2024 County,48231,Hunt,EXACT_CURRENT_FIPS,Exact Census FIPS; historical Census vintage used only where the i-Tree configuration refers to a retired county/county-equivalent.,2284.4413318500883
ITC-2721,USA,Texas,Hutchinson,Hutchinson,US-FIPS:48233,Census TIGER/Line 2024 County,48233,Hutchinson,EXACT_CURRENT_FIPS,Exact Census FIPS; historical Census vintage used only where the i-Tree configuration refers to a retired county/county-equivalent.,2317.915566195575
ITC-2722,USA,Texas,Irion,Irion,US-FIPS:48235,Census TIGER/Line 2024 County,48235,Irion,EXACT_CURRENT_FIPS,Exact Census FIPS; historical Census vintage used only where the i-Tree configuration refers to a retired county/county-equivalent.,2723.663438913709
ITC-2723,USA,Texas,Jack,Jack,US-FIPS:48237,Census TIGER/Line 2024 County,48237,Jack,EXACT_CURRENT_FIPS,Exact Census FIPS; historical Census vintage used only where the i-Tree configuration refers to a retired county/county-equivalent.,2383.110252990947
ITC-2724,USA,Texas,Jackson,Jackson,US-FIPS:48239,Census TIGER/Line 2024 County,48239,Jackson,EXACT_CURRENT_FIPS,Exact Census FIPS; historical Census vintage used only where the i-Tree configuration refers to a retired county/county-equivalent.,2219.285315178758
ITC-2725,USA,Texas,Jasper,Jasper,US-FIPS:48241,Census TIGER/Line 2024 County,48241,Jasper,EXACT_CURRENT_FIPS,Exact Census FIPS; historical Census vintage used only where the i-Tree configuration refers to a retired county/county-equivalent.,2511.5052753930845
ITC-2726,USA,Texas,Jeff Davis,Jeff Davis,US-FIPS:48243,Census TIGER/Line 2024 County,48243,Jeff Davis,EXACT_CURRENT_FIPS,Exact Census FIPS; historical Census vintage used only where the i-Tree configuration refers to a retired county/county-equivalent.,5865.3797609355415
ITC-2727,USA,Texas,Jefferson,Jefferson,US-FIPS:48245,Census TIGER/Line 2024 County,48245,Jefferson,EXACT_CURRENT_FIPS,Exact Census FIPS; historical Census vintage used only where the i-Tree configuration refers to a retired county/county-equivalent.,2881.984238657773
ITC-2728,USA,Texas,Jim Hogg,Jim Hogg,US-FIPS:48247,Census TIGER/Line 2024 County,48247,Jim Hogg,EXACT_CURRENT_FIPS,Exact Census FIPS; historical Census vintage used only where the i-Tree configuration refers to a retired county/county-equivalent.,2942.7671805374453
ITC-2729,USA,Texas,Jim Wells,Jim Wells,US-FIPS:48249,Census TIGER/Line 2024 County,48249,Jim Wells,EXACT_CURRENT_FIPS,Exact Census FIPS; historical Census vintage used only where the i-Tree configuration refers to a retired county/county-equivalent.,2249.5192412456345
ITC-2730,USA,Texas,Johnson,Johnson,US-FIPS:48251,Census TIGER/Line 2024 County,48251,Johnson,EXACT_CURRENT_FIPS,Exact Census FIPS; historical Census vintage used only where the i-Tree configuration refers to a retired county/county-equivalent.,1901.6823129041502
ITC-2731,USA,Texas,Jones,Jones,US-FIPS:48253,Census TIGER/Line 2024 County,48253,Jones,EXACT_CURRENT_FIPS,Exact Census FIPS; historical Census vintage used only where the i-Tree configuration refers to a retired county/county-equivalent.,2427.1744023835636
ITC-2732,USA,Texas,Karnes,Karnes,US-FIPS:48255,Census TIGER/Line 2024 County,48255,Karnes,EXACT_CURRENT_FIPS,Exact Census FIPS; historical Census vintage used only where the i-Tree configuration refers to a retired county/county-equivalent.,1951.679644822726
ITC-2733,USA,Texas,Kaufman,Kaufman,US-FIPS:48257,Census TIGER/Line 2024 County,48257,Kaufman,EXACT_CURRENT_FIPS,Exact Census FIPS; historical Census vintage used only where the i-Tree configuration refers to a retired county/county-equivalent.,2091.4525106958918
ITC-2734,USA,Texas,Kendall,Kendall,US-FIPS:48259,Census TIGER/Line 2024 County,48259,Kendall,EXACT_CURRENT_FIPS,Exact Census FIPS; historical Census vintage used only where the i-Tree configuration refers to a retired county/county-equivalent.,1717.2444584409955
ITC-2735,USA,Texas,Kenedy,Kenedy,US-FIPS:48261,Census TIGER/Line 2024 County,48261,Kenedy,EXACT_CURRENT_FIPS,Exact Census FIPS; historical Census vintage used only where the i-Tree configuration refers to a retired county/county-equivalent.,5039.565261657174
ITC-2736,USA,Texas,Kent,Kent,US-FIPS:48263,Census TIGER/Line 2024 County,48263,Kent,EXACT_CURRENT_FIPS,Exact Census FIPS; historical Census vintage used only where the i-Tree configuration refers to a retired county/county-equivalent.,2338.5472621367294
ITC-2737,USA,Texas,Kerr,Kerr,US-FIPS:48265,Census TIGER/Line 2024 County,48265,Kerr,EXACT_CURRENT_FIPS,Exact Census FIPS; historical Census vintage used only where the i-Tree configuration refers to a retired county/county-equivalent.,2867.849661872494
ITC-2738,USA,Texas,Kimble,Kimble,US-FIPS:48267,Census TIGER/Line 2024 County,48267,Kimble,EXACT_CURRENT_FIPS,Exact Census FIPS; historical Census vintage used only where the i-Tree configuration refers to a retired county/county-equivalent.,3240.5305654345175
ITC-2739,USA,Texas,King,King,US-FIPS:48269,Census TIGER/Line 2024 County,48269,King,EXACT_CURRENT_FIPS,Exact Census FIPS; historical Census vintage used only where the i-Tree configuration refers to a retired county/county-equivalent.,2365.54716451892
ITC-2740,USA,Texas,Kinney,Kinney,US-FIPS:48271,Census TIGER/Line 2024 County,48271,Kinney,EXACT_CURRENT_FIPS,Exact Census FIPS; historical Census vintage used only where the i-Tree configuration refers to a retired county/county-equivalent.,3535.6517835493537
ITC-2741,USA,Texas,Kleberg,Kleberg,US-FIPS:48273,Census TIGER/Line 2024 County,48273,Kleberg,EXACT_CURRENT_FIPS,Exact Census FIPS; historical Census vintage used only where the i-Tree configuration refers to a retired county/county-equivalent.,2823.635498485967
ITC-2742,USA,Texas,Knox,Knox,US-FIPS:48275,Census TIGER/Line 2024 County,48275,Knox,EXACT_CURRENT_FIPS,Exact Census FIPS; historical Census vintage used only where the i-Tree configuration refers to a retired county/county-equivalent.,2215.68659494393
ITC-2743,USA,Texas,La Salle,La Salle,US-FIPS:48283,Census TIGER/Line 2024 County,48283,La Salle,EXACT_CURRENT_FIPS,Exact Census FIPS; historical Census vintage used only where the i-Tree configuration refers to a retired county/county-equivalent.,3870.049567494525
ITC-2744,USA,Texas,Lamar,Lamar,US-FIPS:48277,Census TIGER/Line 2024 County,48277,Lamar,EXACT_CURRENT_FIPS,Exact Census FIPS; historical Census vintage used only where the i-Tree configuration refers to a retired county/county-equivalent.,2416.725416980342
ITC-2745,USA,Texas,Lamb,Lamb,US-FIPS:48279,Census TIGER/Line 2024 County,48279,Lamb,EXACT_CURRENT_FIPS,Exact Census FIPS; historical Census vintage used only where the i-Tree configuration refers to a retired county/county-equivalent.,2635.871272153334
ITC-2746,USA,Texas,Lampasas,Lampasas,US-FIPS:48281,Census TIGER/Line 2024 County,48281,Lampasas,EXACT_CURRENT_FIPS,Exact Census FIPS; historical Census vintage used only where the i-Tree configuration refers to a retired county/county-equivalent.,1848.1897528945108
ITC-2747,USA,Texas,Lavaca,Lavaca,US-FIPS:48285,Census TIGER/Line 2024 County,48285,Lavaca,EXACT_CURRENT_FIPS,Exact Census FIPS; historical Census vintage used only where the i-Tree configuration refers to a retired county/county-equivalent.,2513.418712791976
ITC-2748,USA,Texas,Lee,Lee,US-FIPS:48287,Census TIGER/Line 2024 County,48287,Lee,EXACT_CURRENT_FIPS,Exact Census FIPS; historical Census vintage used only where the i-Tree configuration refers to a retired county/county-equivalent.,1642.3275541294613
ITC-2749,USA,Texas,Leon,Leon,US-FIPS:48289,Census TIGER/Line 2024 County,48289,Leon,EXACT_CURRENT_FIPS,Exact Census FIPS; historical Census vintage used only where the i-Tree configuration refers to a retired county/county-equivalent.,2798.790463063629
ITC-2750,USA,Texas,Liberty,Liberty,US-FIPS:48291,Census TIGER/Line 2024 County,48291,Liberty,EXACT_CURRENT_FIPS,Exact Census FIPS; historical Census vintage used only where the i-Tree configuration refers to a retired county/county-equivalent.,3046.7419260559586
ITC-2751,USA,Texas,Limestone,Limestone,US-FIPS:48293,Census TIGER/Line 2024 County,48293,Limestone,EXACT_CURRENT_FIPS,Exact Census FIPS; historical Census vintage used only where the i-Tree configuration refers to a retired county/county-equivalent.,2416.8832171855533
ITC-2752,USA,Texas,Lipscomb,Lipscomb,US-FIPS:48295,Census TIGER/Line 2024 County,48295,Lipscomb,EXACT_CURRENT_FIPS,Exact Census FIPS; historical Census vintage used only where the i-Tree configuration refers to a retired county/county-equivalent.,2414.722159569591
ITC-2753,USA,Texas,Live Oak,Live Oak,US-FIPS:48297,Census TIGER/Line 2024 County,48297,Live Oak,EXACT_CURRENT_FIPS,Exact Census FIPS; historical Census vintage used only where the i-Tree configuration refers to a retired county/county-equivalent.,2794.2804558539706
ITC-2754,USA,Texas,Llano,Llano,US-FIPS:48299,Census TIGER/Line 2024 County,48299,Llano,EXACT_CURRENT_FIPS,Exact Census FIPS; historical Census vintage used only where the i-Tree configuration refers to a retired county/county-equivalent.,2501.5561931503007
ITC-2755,USA,Texas,Loving,Loving,US-FIPS:48301,Census TIGER/Line 2024 County,48301,Loving,EXACT_CURRENT_FIPS,Exact Census FIPS; historical Census vintage used only where the i-Tree configuration refers to a retired county/county-equivalent.,1752.2073783602775
ITC-2756,USA,Texas,Lubbock,Lubbock,US-FIPS:48303,Census TIGER/Line 2024 County,48303,Lubbock,EXACT_CURRENT_FIPS,Exact Census FIPS; historical Census vintage used only where the i-Tree configuration refers to a retired county/county-equivalent.,2332.808901318522
ITC-2757,USA,Texas,Lynn,Lynn,US-FIPS:48305,Census TIGER/Line 2024 County,48305,Lynn,EXACT_CURRENT_FIPS,Exact Census FIPS; historical Census vintage used only where the i-Tree configuration refers to a retired county/county-equivalent.,2314.094401435868
ITC-2758,USA,Texas,Madison,Madison,US-FIPS:48313,Census TIGER/Line 2024 County,48313,Madison,EXACT_CURRENT_FIPS,Exact Census FIPS; historical Census vintage used only where the i-Tree configuration refers to a retired county/county-equivalent.,1223.5969152784307
ITC-2759,USA,Texas,Marion,Marion,US-FIPS:48315,Census TIGER/Line 2024 County,48315,Marion,EXACT_CURRENT_FIPS,Exact Census FIPS; historical Census vintage used only where the i-Tree configuration refers to a retired county/county-equivalent.,1088.629300317703
ITC-2760,USA,Texas,Martin,Martin,US-FIPS:48317,Census TIGER/Line 2024 County,48317,Martin,EXACT_CURRENT_FIPS,Exact Census FIPS; historical Census vintage used only where the i-Tree configuration refers to a retired county/county-equivalent.,2371.6566149703385
ITC-2761,USA,Texas,Mason,Mason,US-FIPS:48319,Census TIGER/Line 2024 County,48319,Mason,EXACT_CURRENT_FIPS,Exact Census FIPS; historical Census vintage used only where the i-Tree configuration refers to a retired county/county-equivalent.,2414.4298768523345
ITC-2762,USA,Texas,Matagorda,Matagorda,US-FIPS:48321,Census TIGER/Line 2024 County,48321,Matagorda,EXACT_CURRENT_FIPS,Exact Census FIPS; historical Census vintage used only where the i-Tree configuration refers to a retired county/county-equivalent.,4176.399005329861
ITC-2763,USA,Texas,Maverick,Maverick,US-FIPS:48323,Census TIGER/Line 2024 County,48323,Maverick,EXACT_CURRENT_FIPS,Exact Census FIPS; historical Census vintage used only where the i-Tree configuration refers to a retired county/county-equivalent.,3345.6899170278843
ITC-2764,USA,Texas,McCulloch,McCulloch,US-FIPS:48307,Census TIGER/Line 2024 County,48307,McCulloch,EXACT_CURRENT_FIPS,Exact Census FIPS; historical Census vintage used only where the i-Tree configuration refers to a retired county/county-equivalent.,2780.1802152395603
ITC-2765,USA,Texas,McLennan,McLennan,US-FIPS:48309,Census TIGER/Line 2024 County,48309,McLennan,EXACT_CURRENT_FIPS,Exact Census FIPS; historical Census vintage used only where the i-Tree configuration refers to a retired county/county-equivalent.,2746.017880733405
ITC-2766,USA,Texas,McMullen,McMullen,US-FIPS:48311,Census TIGER/Line 2024 County,48311,McMullen,EXACT_CURRENT_FIPS,Exact Census FIPS; historical Census vintage used only where the i-Tree configuration refers to a retired county/county-equivalent.,2996.052140289936
ITC-2767,USA,Texas,Medina,Medina,US-FIPS:48325,Census TIGER/Line 2024 County,48325,Medina,EXACT_CURRENT_FIPS,Exact Census FIPS; historical Census vintage used only where the i-Tree configuration refers to a retired county/county-equivalent.,3456.425913778047
ITC-2768,USA,Texas,Menard,Menard,US-FIPS:48327,Census TIGER/Line 2024 County,48327,Menard,EXACT_CURRENT_FIPS,Exact Census FIPS; historical Census vintage used only where the i-Tree configuration refers to a retired county/county-equivalent.,2336.8515430957705
ITC-2769,USA,Texas,Midland,Midland,US-FIPS:48329,Census TIGER/Line 2024 County,48329,Midland,EXACT_CURRENT_FIPS,Exact Census FIPS; historical Census vintage used only where the i-Tree configuration refers to a retired county/county-equivalent.,2336.168769033666
ITC-2770,USA,Texas,Milam,Milam,US-FIPS:48331,Census TIGER/Line 2024 County,48331,Milam,EXACT_CURRENT_FIPS,Exact Census FIPS; historical Census vintage used only where the i-Tree configuration refers to a retired county/county-equivalent.,2644.1811738657675
ITC-2771,USA,Texas,Mills,Mills,US-FIPS:48333,Census TIGER/Line 2024 County,48333,Mills,EXACT_CURRENT_FIPS,Exact Census FIPS; historical Census vintage used only where the i-Tree configuration refers to a retired county/county-equivalent.,1941.9163998666406
ITC-2772,USA,Texas,Mitchell,Mitchell,US-FIPS:48335,Census TIGER/Line 2024 County,48335,Mitchell,EXACT_CURRENT_FIPS,Exact Census FIPS; historical Census vintage used only where the i-Tree configuration refers to a retired county/county-equivalent.,2372.200950735946
ITC-2773,USA,Texas,Montague,Montague,US-FIPS:48337,Census TIGER/Line 2024 County,48337,Montague,EXACT_CURRENT_FIPS,Exact Census FIPS; historical Census vintage used only where the i-Tree configuration refers to a retired county/county-equivalent.,2430.1222106841033
ITC-2774,USA,Texas,Montgomery,Montgomery,US-FIPS:48339,Census TIGER/Line 2024 County,48339,Montgomery,EXACT_CURRENT_FIPS,Exact Census FIPS; historical Census vintage used only where the i-Tree configuration refers to a retired county/county-equivalent.,2789.1171657581726
ITC-2775,USA,Texas,Moore,Moore,US-FIPS:48341,Census TIGER/Line 2024 County,48341,Moore,EXACT_CURRENT_FIPS,Exact Census FIPS; historical Census vintage used only where the i-Tree configuration refers to a retired county/county-equivalent.,2355.9073466072164
ITC-2776,USA,Texas,Morris,Morris,US-FIPS:48343,Census TIGER/Line 2024 County,48343,Morris,EXACT_CURRENT_FIPS,Exact Census FIPS; historical Census vintage used only where the i-Tree configuration refers to a retired county/county-equivalent.,670.0314990458617
ITC-2777,USA,Texas,Motley,Motley,US-FIPS:48345,Census TIGER/Line 2024 County,48345,Motley,EXACT_CURRENT_FIPS,Exact Census FIPS; historical Census vintage used only where the i-Tree configuration refers to a retired county/county-equivalent.,2563.608273360791
ITC-2778,USA,Texas,Nacogdoches,Nacogdoches,US-FIPS:48347,Census TIGER/Line 2024 County,48347,Nacogdoches,EXACT_CURRENT_FIPS,Exact Census FIPS; historical Census vintage used only where the i-Tree configuration refers to a retired county/county-equivalent.,2540.6980706170248
ITC-2779,USA,Texas,Navarro,Navarro,US-FIPS:48349,Census TIGER/Line 2024 County,48349,Navarro,EXACT_CURRENT_FIPS,Exact Census FIPS; historical Census vintage used only where the i-Tree configuration refers to a retired county/county-equivalent.,2812.731714058058
ITC-2780,USA,Texas,Newton,Newton,US-FIPS:48351,Census TIGER/Line 2024 County,48351,Newton,EXACT_CURRENT_FIPS,Exact Census FIPS; historical Census vintage used only where the i-Tree configuration refers to a retired county/county-equivalent.,2433.88532949663
ITC-2781,USA,Texas,Nolan,Nolan,US-FIPS:48353,Census TIGER/Line 2024 County,48353,Nolan,EXACT_CURRENT_FIPS,Exact Census FIPS; historical Census vintage used only where the i-Tree configuration refers to a retired county/county-equivalent.,2367.113983129097
ITC-2782,USA,Texas,Nueces,Nueces,US-FIPS:48355,Census TIGER/Line 2024 County,48355,Nueces,EXACT_CURRENT_FIPS,Exact Census FIPS; historical Census vintage used only where the i-Tree configuration refers to a retired county/county-equivalent.,3018.844655229536
ITC-2783,USA,Texas,Ochiltree,Ochiltree,US-FIPS:48357,Census TIGER/Line 2024 County,48357,Ochiltree,EXACT_CURRENT_FIPS,Exact Census FIPS; historical Census vintage used only where the i-Tree configuration refers to a retired county/county-equivalent.,2378.1231865251857
ITC-2784,USA,Texas,Oldham,Oldham,US-FIPS:48359,Census TIGER/Line 2024 County,48359,Oldham,EXACT_CURRENT_FIPS,Exact Census FIPS; historical Census vintage used only where the i-Tree configuration refers to a retired county/county-equivalent.,3888.678863671319
ITC-2785,USA,Texas,Orange,Orange,US-FIPS:48361,Census TIGER/Line 2024 County,48361,Orange,EXACT_CURRENT_FIPS,Exact Census FIPS; historical Census vintage used only where the i-Tree configuration refers to a retired county/county-equivalent.,982.8607861029859
ITC-2786,USA,Texas,Palo Pinto,Palo Pinto,US-FIPS:48363,Census TIGER/Line 2024 County,48363,Palo Pinto,EXACT_CURRENT_FIPS,Exact Census FIPS; historical Census vintage used only where the i-Tree configuration refers to a retired county/county-equivalent.,2552.4549960684403
ITC-2787,USA,Texas,Panola,Panola,US-FIPS:48365,Census TIGER/Line 2024 County,48365,Panola,EXACT_CURRENT_FIPS,Exact Census FIPS; historical Census vintage used only where the i-Tree configuration refers to a retired county/county-equivalent.,2127.2116046823494
ITC-2788,USA,Texas,Parker,Parker,US-FIPS:48367,Census TIGER/Line 2024 County,48367,Parker,EXACT_CURRENT_FIPS,Exact Census FIPS; historical Census vintage used only where the i-Tree configuration refers to a retired county/county-equivalent.,2357.1342586499213
ITC-2789,USA,Texas,Parmer,Parmer,US-FIPS:48369,Census TIGER/Line 2024 County,48369,Parmer,EXACT_CURRENT_FIPS,Exact Census FIPS; historical Census vintage used only where the i-Tree configuration refers to a retired county/county-equivalent.,2292.668934410537
ITC-2790,USA,Texas,Pecos,Pecos,US-FIPS:48371,Census TIGER/Line 2024 County,48371,Pecos,EXACT_CURRENT_FIPS,Exact Census FIPS; historical Census vintage used only where the i-Tree configuration refers to a retired county/county-equivalent.,12340.810790482536
ITC-2791,USA,Texas,Polk,Polk,US-FIPS:48373,Census TIGER/Line 2024 County,48373,Polk,EXACT_CURRENT_FIPS,Exact Census FIPS; historical Census vintage used only where the i-Tree configuration refers to a retired county/county-equivalent.,2874.0049580474342
ITC-2792,USA,Texas,Potter,Potter,US-FIPS:48375,Census TIGER/Line 2024 County,48375,Potter,EXACT_CURRENT_FIPS,Exact Census FIPS; historical Census vintage used only where the i-Tree configuration refers to a retired county/county-equivalent.,2387.9088560340265
ITC-2793,USA,Texas,Presidio,Presidio,US-FIPS:48377,Census TIGER/Line 2024 County,48377,Presidio,EXACT_CURRENT_FIPS,Exact Census FIPS; historical Census vintage used only where the i-Tree configuration refers to a retired county/county-equivalent.,9986.830198296024
ITC-2794,USA,Texas,Rains,Rains,US-FIPS:48379,Census TIGER/Line 2024 County,48379,Rains,EXACT_CURRENT_FIPS,Exact Census FIPS; historical Census vintage used only where the i-Tree configuration refers to a retired county/county-equivalent.,670.3604223333523
ITC-2795,USA,Texas,Randall,Randall,US-FIPS:48381,Census TIGER/Line 2024 County,48381,Randall,EXACT_CURRENT_FIPS,Exact Census FIPS; historical Census vintage used only where the i-Tree configuration refers to a retired county/county-equivalent.,2389.11310660886
ITC-2796,USA,Texas,Reagan,Reagan,US-FIPS:48383,Census TIGER/Line 2024 County,48383,Reagan,EXACT_CURRENT_FIPS,Exact Census FIPS; historical Census vintage used only where the i-Tree configuration refers to a retired county/county-equivalent.,3045.843652959057
ITC-2797,USA,Texas,Real,Real,US-FIPS:48385,Census TIGER/Line 2024 County,48385,Real,EXACT_CURRENT_FIPS,Exact Census FIPS; historical Census vintage used only where the i-Tree configuration refers to a retired county/county-equivalent.,1813.1592767234654
ITC-2798,USA,Texas,Red River,Red River,US-FIPS:48387,Census TIGER/Line 2024 County,48387,Red River,EXACT_CURRENT_FIPS,Exact Census FIPS; historical Census vintage used only where the i-Tree configuration refers to a retired county/county-equivalent.,2736.932514372121
ITC-2799,USA,Texas,Reeves,Reeves,US-FIPS:48389,Census TIGER/Line 2024 County,48389,Reeves,EXACT_CURRENT_FIPS,Exact Census FIPS; historical Census vintage used only where the i-Tree configuration refers to a retired county/county-equivalent.,6842.932949768232
ITC-2800,USA,Texas,Refugio,Refugio,US-FIPS:48391,Census TIGER/Line 2024 County,48391,Refugio,EXACT_CURRENT_FIPS,Exact Census FIPS; historical Census vintage used only where the i-Tree configuration refers to a retired county/county-equivalent.,2119.2351722657695
ITC-2801,USA,Texas,Roberts,Roberts,US-FIPS:48393,Census TIGER/Line 2024 County,48393,Roberts,EXACT_CURRENT_FIPS,Exact Census FIPS; historical Census vintage used only where the i-Tree configuration refers to a retired county/county-equivalent.,2393.6460023820136
ITC-2802,USA,Texas,Robertson,Robertson,US-FIPS:48395,Census TIGER/Line 2024 County,48395,Robertson,EXACT_CURRENT_FIPS,Exact Census FIPS; historical Census vintage used only where the i-Tree configuration refers to a retired county/county-equivalent.,2242.1733333674256
ITC-2803,USA,Texas,Rockwall,Rockwall,US-FIPS:48397,Census TIGER/Line 2024 County,48397,Rockwall,EXACT_CURRENT_FIPS,Exact Census FIPS; historical Census vintage used only where the i-Tree configuration refers to a retired county/county-equivalent.,385.7337998788003
ITC-2804,USA,Texas,Runnels,Runnels,US-FIPS:48399,Census TIGER/Line 2024 County,48399,Runnels,EXACT_CURRENT_FIPS,Exact Census FIPS; historical Census vintage used only where the i-Tree configuration refers to a retired county/county-equivalent.,2737.864416330558
ITC-2805,USA,Texas,Rusk,Rusk,US-FIPS:48401,Census TIGER/Line 2024 County,48401,Rusk,EXACT_CURRENT_FIPS,Exact Census FIPS; historical Census vintage used only where the i-Tree configuration refers to a retired county/county-equivalent.,2430.8807394456085
ITC-2806,USA,Texas,Sabine,Sabine,US-FIPS:48403,Census TIGER/Line 2024 County,48403,Sabine,EXACT_CURRENT_FIPS,Exact Census FIPS; historical Census vintage used only where the i-Tree configuration refers to a retired county/county-equivalent.,1493.4596964180175
ITC-2807,USA,Texas,San Augustine,San Augustine,US-FIPS:48405,Census TIGER/Line 2024 County,48405,San Augustine,EXACT_CURRENT_FIPS,Exact Census FIPS; historical Census vintage used only where the i-Tree configuration refers to a retired county/county-equivalent.,1534.0451235603523
ITC-2808,USA,Texas,San Jacinto,San Jacinto,US-FIPS:48407,Census TIGER/Line 2024 County,48407,San Jacinto,EXACT_CURRENT_FIPS,Exact Census FIPS; historical Census vintage used only where the i-Tree configuration refers to a retired county/county-equivalent.,1626.2819139568805
ITC-2809,USA,Texas,San Patricio,San Patricio,US-FIPS:48409,Census TIGER/Line 2024 County,48409,San Patricio,EXACT_CURRENT_FIPS,Exact Census FIPS; historical Census vintage used only where the i-Tree configuration refers to a retired county/county-equivalent.,1833.225379723492
ITC-2810,USA,Texas,San Saba,San Saba,US-FIPS:48411,Census TIGER/Line 2024 County,48411,San Saba,EXACT_CURRENT_FIPS,Exact Census FIPS; historical Census vintage used only where the i-Tree configuration refers to a retired county/county-equivalent.,2948.7486253927486
ITC-2811,USA,Texas,Schleicher,Schleicher,US-FIPS:48413,Census TIGER/Line 2024 County,48413,Schleicher,EXACT_CURRENT_FIPS,Exact Census FIPS; historical Census vintage used only where the i-Tree configuration refers to a retired county/county-equivalent.,3394.634828775288
ITC-2812,USA,Texas,Scurry,Scurry,US-FIPS:48415,Census TIGER/Line 2024 County,48415,Scurry,EXACT_CURRENT_FIPS,Exact Census FIPS; historical Census vintage used only where the i-Tree configuration refers to a retired county/county-equivalent.,2350.5274667885838
ITC-2813,USA,Texas,Shackelford,Shackelford,US-FIPS:48417,Census TIGER/Line 2024 County,48417,Shackelford,EXACT_CURRENT_FIPS,Exact Census FIPS; historical Census vintage used only where the i-Tree configuration refers to a retired county/county-equivalent.,2371.257654943395
ITC-2814,USA,Texas,Shelby,Shelby,US-FIPS:48419,Census TIGER/Line 2024 County,48419,Shelby,EXACT_CURRENT_FIPS,Exact Census FIPS; historical Census vintage used only where the i-Tree configuration refers to a retired county/county-equivalent.,2161.648363246903
ITC-2815,USA,Texas,Sherman,Sherman,US-FIPS:48421,Census TIGER/Line 2024 County,48421,Sherman,EXACT_CURRENT_FIPS,Exact Census FIPS; historical Census vintage used only where the i-Tree configuration refers to a retired county/county-equivalent.,2390.621047155233
ITC-2816,USA,Texas,Smith,Smith,US-FIPS:48423,Census TIGER/Line 2024 County,48423,Smith,EXACT_CURRENT_FIPS,Exact Census FIPS; historical Census vintage used only where the i-Tree configuration refers to a retired county/county-equivalent.,2459.7681194874913
ITC-2817,USA,Texas,Somervell,Somervell,US-FIPS:48425,Census TIGER/Line 2024 County,48425,Somervell,EXACT_CURRENT_FIPS,Exact Census FIPS; historical Census vintage used only where the i-Tree configuration refers to a retired county/county-equivalent.,496.4806832576882
ITC-2818,USA,Texas,Starr,Starr,US-FIPS:48427,Census TIGER/Line 2024 County,48427,Starr,EXACT_CURRENT_FIPS,Exact Census FIPS; historical Census vintage used only where the i-Tree configuration refers to a retired county/county-equivalent.,3183.4060740923414
ITC-2819,USA,Texas,Stephens,Stephens,US-FIPS:48429,Census TIGER/Line 2024 County,48429,Stephens,EXACT_CURRENT_FIPS,Exact Census FIPS; historical Census vintage used only where the i-Tree configuration refers to a retired county/county-equivalent.,2386.645184441332
ITC-2820,USA,Texas,Sterling,Sterling,US-FIPS:48431,Census TIGER/Line 2024 County,48431,Sterling,EXACT_CURRENT_FIPS,Exact Census FIPS; historical Census vintage used only where the i-Tree configuration refers to a retired county/county-equivalent.,2391.890811688176
ITC-2821,USA,Texas,Stonewall,Stonewall,US-FIPS:48433,Census TIGER/Line 2024 County,48433,Stonewall,EXACT_CURRENT_FIPS,Exact Census FIPS; historical Census vintage used only where the i-Tree configuration refers to a retired county/county-equivalent.,2383.4161667711255
ITC-2822,USA,Texas,Sutton,Sutton,US-FIPS:48435,Census TIGER/Line 2024 County,48435,Sutton,EXACT_CURRENT_FIPS,Exact Census FIPS; historical Census vintage used only where the i-Tree configuration refers to a retired county/county-equivalent.,3766.9511477664255
ITC-2823,USA,Texas,Swisher,Swisher,US-FIPS:48437,Census TIGER/Line 2024 County,48437,Swisher,EXACT_CURRENT_FIPS,Exact Census FIPS; historical Census vintage used only where the i-Tree configuration refers to a retired county/county-equivalent.,2332.7807227387007
ITC-2824,USA,Texas,Tarrant,Tarrant,US-FIPS:48439,Census TIGER/Line 2024 County,48439,Tarrant,EXACT_CURRENT_FIPS,Exact Census FIPS; historical Census vintage used only where the i-Tree configuration refers to a retired county/county-equivalent.,2340.7687097221947
ITC-2825,USA,Texas,Taylor,Taylor,US-FIPS:48441,Census TIGER/Line 2024 County,48441,Taylor,EXACT_CURRENT_FIPS,Exact Census FIPS; historical Census vintage used only where the i-Tree configuration refers to a retired county/county-equivalent.,2380.988089273637
ITC-2826,USA,Texas,Terrell,Terrell,US-FIPS:48443,Census TIGER/Line 2024 County,48443,Terrell,EXACT_CURRENT_FIPS,Exact Census FIPS; historical Census vintage used only where the i-Tree configuration refers to a retired county/county-equivalent.,6107.342063331847
ITC-2827,USA,Texas,Terry,Terry,US-FIPS:48445,Census TIGER/Line 2024 County,48445,Terry,EXACT_CURRENT_FIPS,Exact Census FIPS; historical Census vintage used only where the i-Tree configuration refers to a retired county/county-equivalent.,2307.5276715034315
ITC-2828,USA,Texas,Throckmorton,Throckmorton,US-FIPS:48447,Census TIGER/Line 2024 County,48447,Throckmorton,EXACT_CURRENT_FIPS,Exact Census FIPS; historical Census vintage used only where the i-Tree configuration refers to a retired county/county-equivalent.,2371.0853630734223
ITC-2829,USA,Texas,Titus,Titus,US-FIPS:48449,Census TIGER/Line 2024 County,48449,Titus,EXACT_CURRENT_FIPS,Exact Census FIPS; historical Census vintage used only where the i-Tree configuration refers to a retired county/county-equivalent.,1102.4114989719717
ITC-2830,USA,Texas,Tom Green,Tom Green,US-FIPS:48451,Census TIGER/Line 2024 County,48451,Tom Green,EXACT_CURRENT_FIPS,Exact Census FIPS; historical Census vintage used only where the i-Tree configuration refers to a retired county/county-equivalent.,3990.0425733540383
ITC-2831,USA,Texas,Travis,Travis,US-FIPS:48453,Census TIGER/Line 2024 County,48453,Travis,EXACT_CURRENT_FIPS,Exact Census FIPS; historical Census vintage used only where the i-Tree configuration refers to a retired county/county-equivalent.,2654.807048013015
ITC-2832,USA,Texas,Trinity,Trinity,US-FIPS:48455,Census TIGER/Line 2024 County,48455,Trinity,EXACT_CURRENT_FIPS,Exact Census FIPS; historical Census vintage used only where the i-Tree configuration refers to a retired county/county-equivalent.,1849.1815632634505
ITC-2833,USA,Texas,Tyler,Tyler,US-FIPS:48457,Census TIGER/Line 2024 County,48457,Tyler,EXACT_CURRENT_FIPS,Exact Census FIPS; historical Census vintage used only where the i-Tree configuration refers to a retired county/county-equivalent.,2423.2524801243326
ITC-2834,USA,Texas,Upshur,Upshur,US-FIPS:48459,Census TIGER/Line 2024 County,48459,Upshur,EXACT_CURRENT_FIPS,Exact Census FIPS; historical Census vintage used only where the i-Tree configuration refers to a retired county/county-equivalent.,1534.7888321760606
ITC-2835,USA,Texas,Upton,Upton,US-FIPS:48461,Census TIGER/Line 2024 County,48461,Upton,EXACT_CURRENT_FIPS,Exact Census FIPS; historical Census vintage used only where the i-Tree configuration refers to a retired county/county-equivalent.,3215.475654559756
ITC-2836,USA,Texas,Uvalde,Uvalde,US-FIPS:48463,Census TIGER/Line 2024 County,48463,Uvalde,EXACT_CURRENT_FIPS,Exact Census FIPS; historical Census vintage used only where the i-Tree configuration refers to a retired county/county-equivalent.,4036.8417711321395
ITC-2837,USA,Texas,Val Verde,Val Verde,US-FIPS:48465,Census TIGER/Line 2024 County,48465,Val Verde,EXACT_CURRENT_FIPS,Exact Census FIPS; historical Census vintage used only where the i-Tree configuration refers to a retired county/county-equivalent.,8372.575684380123
ITC-2838,USA,Texas,Van Zandt,Van Zandt,US-FIPS:48467,Census TIGER/Line 2024 County,48467,Van Zandt,EXACT_CURRENT_FIPS,Exact Census FIPS; historical Census vintage used only where the i-Tree configuration refers to a retired county/county-equivalent.,2226.400242366481
ITC-2839,USA,Texas,Victoria,Victoria,US-FIPS:48469,Census TIGER/Line 2024 County,48469,Victoria,EXACT_CURRENT_FIPS,Exact Census FIPS; historical Census vintage used only where the i-Tree configuration refers to a retired county/county-equivalent.,2302.070738320305
ITC-2840,USA,Texas,Walker,Walker,US-FIPS:48471,Census TIGER/Line 2024 County,48471,Walker,EXACT_CURRENT_FIPS,Exact Census FIPS; historical Census vintage used only where the i-Tree configuration refers to a retired county/county-equivalent.,2075.872356640453
ITC-2841,USA,Texas,Waller,Waller,US-FIPS:48473,Census TIGER/Line 2024 County,48473,Waller,EXACT_CURRENT_FIPS,Exact Census FIPS; historical Census vintage used only where the i-Tree configuration refers to a retired county/county-equivalent.,1341.2597742493742
ITC-2842,USA,Texas,Ward,Ward,US-FIPS:48475,Census TIGER/Line 2024 County,48475,Ward,EXACT_CURRENT_FIPS,Exact Census FIPS; historical Census vintage used only where the i-Tree configuration refers to a retired county/county-equivalent.,2164.824611311995
ITC-2843,USA,Texas,Washington,Washington,US-FIPS:48477,Census TIGER/Line 2024 County,48477,Washington,EXACT_CURRENT_FIPS,Exact Census FIPS; historical Census vintage used only where the i-Tree configuration refers to a retired county/county-equivalent.,1610.3269728117448
ITC-2844,USA,Texas,Webb,Webb,US-FIPS:48479,Census TIGER/Line 2024 County,48479,Webb,EXACT_CURRENT_FIPS,Exact Census FIPS; historical Census vintage used only where the i-Tree configuration refers to a retired county/county-equivalent.,8742.743276094654
ITC-2845,USA,Texas,Wharton,Wharton,US-FIPS:48481,Census TIGER/Line 2024 County,48481,Wharton,EXACT_CURRENT_FIPS,Exact Census FIPS; historical Census vintage used only where the i-Tree configuration refers to a retired county/county-equivalent.,2834.4060683179077
ITC-2846,USA,Texas,Wheeler,Wheeler,US-FIPS:48483,Census TIGER/Line 2024 County,48483,Wheeler,EXACT_CURRENT_FIPS,Exact Census FIPS; historical Census vintage used only where the i-Tree configuration refers to a retired county/county-equivalent.,2371.0856931849225
ITC-2847,USA,Texas,Wichita,Wichita,US-FIPS:48485,Census TIGER/Line 2024 County,48485,Wichita,EXACT_CURRENT_FIPS,Exact Census FIPS; historical Census vintage used only where the i-Tree configuration refers to a retired county/county-equivalent.,1639.1046437777002
ITC-2848,USA,Texas,Wilbarger,Wilbarger,US-FIPS:48487,Census TIGER/Line 2024 County,48487,Wilbarger,EXACT_CURRENT_FIPS,Exact Census FIPS; historical Census vintage used only where the i-Tree configuration refers to a retired county/county-equivalent.,2532.9414207306177
ITC-2849,USA,Texas,Willacy,Willacy,US-FIPS:48489,Census TIGER/Line 2024 County,48489,Willacy,EXACT_CURRENT_FIPS,Exact Census FIPS; historical Census vintage used only where the i-Tree configuration refers to a retired county/county-equivalent.,2032.5356896263756
ITC-2850,USA,Texas,Williamson,Williamson,US-FIPS:48491,Census TIGER/Line 2024 County,48491,Williamson,EXACT_CURRENT_FIPS,Exact Census FIPS; historical Census vintage used only where the i-Tree configuration refers to a retired county/county-equivalent.,2931.5643549907254
ITC-2851,USA,Texas,Wilson,Wilson,US-FIPS:48493,Census TIGER/Line 2024 County,48493,Wilson,EXACT_CURRENT_FIPS,Exact Census FIPS; historical Census vintage used only where the i-Tree configuration refers to a retired county/county-equivalent.,2093.7743733036855
ITC-2852,USA,Texas,Winkler,Winkler,US-FIPS:48495,Census TIGER/Line 2024 County,48495,Winkler,EXACT_CURRENT_FIPS,Exact Census FIPS; historical Census vintage used only where the i-Tree configuration refers to a retired county/county-equivalent.,2178.8942900222323
ITC-2853,USA,Texas,Wise,Wise,US-FIPS:48497,Census TIGER/Line 2024 County,48497,Wise,EXACT_CURRENT_FIPS,Exact Census FIPS; historical Census vintage used only where the i-Tree configuration refers to a retired county/county-equivalent.,2389.408270838238
ITC-2854,USA,Texas,Wood,Wood,US-FIPS:48499,Census TIGER/Line 2024 County,48499,Wood,EXACT_CURRENT_FIPS,Exact Census FIPS; historical Census vintage used only where the i-Tree configuration refers to a retired county/county-equivalent.,1801.9032077706177
ITC-2855,USA,Texas,Yoakum,Yoakum,US-FIPS:48501,Census TIGER/Line 2024 County,48501,Yoakum,EXACT_CURRENT_FIPS,Exact Census FIPS; historical Census vintage used only where the i-Tree configuration refers to a retired county/county-equivalent.,2071.286746382003
ITC-2856,USA,Texas,Young,Young,US-FIPS:48503,Census TIGER/Line 2024 County,48503,Young,EXACT_CURRENT_FIPS,Exact Census FIPS; historical Census vintage used only where the i-Tree configuration refers to a retired county/county-equivalent.,2410.9116340613637
ITC-2857,USA,Texas,Zapata,Zapata,US-FIPS:48505,Census TIGER/Line 2024 County,48505,Zapata,EXACT_CURRENT_FIPS,Exact Census FIPS; historical Census vintage used only where the i-Tree configuration refers to a retired county/county-equivalent.,2740.2474623973144
ITC-2858,USA,Texas,Zavala,Zavala,US-FIPS:48507,Census TIGER/Line 2024 County,48507,Zavala,EXACT_CURRENT_FIPS,Exact Census FIPS; historical Census vintage used only where the i-Tree configuration refers to a retired county/county-equivalent.,3371.4781493546084
ITC-2859,USA,Utah,Beaver,Beaver,US-FIPS:49001,Census TIGER/Line 2024 County,49001,Beaver,EXACT_CURRENT_FIPS,Exact Census FIPS; historical Census vintage used only where the i-Tree configuration refers to a retired county/county-equivalent.,6695.007990165309
ITC-2860,USA,Utah,Box Elder,Box Elder,US-FIPS:49003,Census TIGER/Line 2024 County,49003,Box Elder,EXACT_CURRENT_FIPS,Exact Census FIPS; historical Census vintage used only where the i-Tree configuration refers to a retired county/county-equivalent.,17428.68920882727
ITC-2861,USA,Utah,Cache,Cache,US-FIPS:49005,Census TIGER/Line 2024 County,49005,Cache,EXACT_CURRENT_FIPS,Exact Census FIPS; historical Census vintage used only where the i-Tree configuration refers to a retired county/county-equivalent.,3037.639594364771
ITC-2862,USA,Utah,Carbon,Carbon,US-FIPS:49007,Census TIGER/Line 2024 County,49007,Carbon,EXACT_CURRENT_FIPS,Exact Census FIPS; historical Census vintage used only where the i-Tree configuration refers to a retired county/county-equivalent.,3846.9657098366006
ITC-2863,USA,Utah,Daggett,Daggett,US-FIPS:49009,Census TIGER/Line 2024 County,49009,Daggett,EXACT_CURRENT_FIPS,Exact Census FIPS; historical Census vintage used only where the i-Tree configuration refers to a retired county/county-equivalent.,1865.1953081245792
ITC-2864,USA,Utah,Davis,Davis,US-FIPS:49011,Census TIGER/Line 2024 County,49011,Davis,EXACT_CURRENT_FIPS,Exact Census FIPS; historical Census vintage used only where the i-Tree configuration refers to a retired county/county-equivalent.,1645.2579620194078
ITC-2865,USA,Utah,Duchesne,Duchesne,US-FIPS:49013,Census TIGER/Line 2024 County,49013,Duchesne,EXACT_CURRENT_FIPS,Exact Census FIPS; historical Census vintage used only where the i-Tree configuration refers to a retired county/county-equivalent.,8418.778449682117
ITC-2866,USA,Utah,Emery,Emery,US-FIPS:49015,Census TIGER/Line 2024 County,49015,Emery,EXACT_CURRENT_FIPS,Exact Census FIPS; historical Census vintage used only where the i-Tree configuration refers to a retired county/county-equivalent.,11582.869900874668
ITC-2867,USA,Utah,Garfield,Garfield,US-FIPS:49017,Census TIGER/Line 2024 County,49017,Garfield,EXACT_CURRENT_FIPS,Exact Census FIPS; historical Census vintage used only where the i-Tree configuration refers to a retired county/county-equivalent.,13490.966831301119
ITC-2868,USA,Utah,Grand,Grand,US-FIPS:49019,Census TIGER/Line 2024 County,49019,Grand,EXACT_CURRENT_FIPS,Exact Census FIPS; historical Census vintage used only where the i-Tree configuration refers to a retired county/county-equivalent.,9543.293683775173
ITC-2869,USA,Utah,Iron,Iron,US-FIPS:49021,Census TIGER/Line 2024 County,49021,Iron,EXACT_CURRENT_FIPS,Exact Census FIPS; historical Census vintage used only where the i-Tree configuration refers to a retired county/county-equivalent.,8548.422940397817
ITC-2870,USA,Utah,Juab,Juab,US-FIPS:49023,Census TIGER/Line 2024 County,49023,Juab,EXACT_CURRENT_FIPS,Exact Census FIPS; historical Census vintage used only where the i-Tree configuration refers to a retired county/county-equivalent.,8821.029303709576
ITC-2871,USA,Utah,Kane,Kane,US-FIPS:49025,Census TIGER/Line 2024 County,49025,Kane,EXACT_CURRENT_FIPS,Exact Census FIPS; historical Census vintage used only where the i-Tree configuration refers to a retired county/county-equivalent.,10637.623950157498
ITC-2872,USA,Utah,Millard,Millard,US-FIPS:49027,Census TIGER/Line 2024 County,49027,Millard,EXACT_CURRENT_FIPS,Exact Census FIPS; historical Census vintage used only where the i-Tree configuration refers to a retired county/county-equivalent.,17707.606088181445
ITC-2873,USA,Utah,Morgan,Morgan,US-FIPS:49029,Census TIGER/Line 2024 County,49029,Morgan,EXACT_CURRENT_FIPS,Exact Census FIPS; historical Census vintage used only where the i-Tree configuration refers to a retired county/county-equivalent.,1582.2516251779782
ITC-2874,USA,Utah,Piute,Piute,US-FIPS:49031,Census TIGER/Line 2024 County,49031,Piute,EXACT_CURRENT_FIPS,Exact Census FIPS; historical Census vintage used only where the i-Tree configuration refers to a retired county/county-equivalent.,1984.0402468593702
ITC-2875,USA,Utah,Rich,Rich,US-FIPS:49033,Census TIGER/Line 2024 County,49033,Rich,EXACT_CURRENT_FIPS,Exact Census FIPS; historical Census vintage used only where the i-Tree configuration refers to a retired county/county-equivalent.,2813.5776719912624
ITC-2876,USA,Utah,Salt Lake,Salt Lake,US-FIPS:49035,Census TIGER/Line 2024 County,49035,Salt Lake,EXACT_CURRENT_FIPS,Exact Census FIPS; historical Census vintage used only where the i-Tree configuration refers to a retired county/county-equivalent.,2086.729648813429
ITC-2877,USA,Utah,San Juan,San Juan,US-FIPS:49037,Census TIGER/Line 2024 County,49037,San Juan,EXACT_CURRENT_FIPS,Exact Census FIPS; historical Census vintage used only where the i-Tree configuration refers to a retired county/county-equivalent.,20548.473174289604
ITC-2878,USA,Utah,Sanpete,Sanpete,US-FIPS:49039,Census TIGER/Line 2024 County,49039,Sanpete,EXACT_CURRENT_FIPS,Exact Census FIPS; historical Census vintage used only where the i-Tree configuration refers to a retired county/county-equivalent.,4149.7711404387155
ITC-2879,USA,Utah,Sevier,Sevier,US-FIPS:49041,Census TIGER/Line 2024 County,49041,Sevier,EXACT_CURRENT_FIPS,Exact Census FIPS; historical Census vintage used only where the i-Tree configuration refers to a retired county/county-equivalent.,4968.2508555795
ITC-2880,USA,Utah,Summit,Summit,US-FIPS:49043,Census TIGER/Line 2024 County,49043,Summit,EXACT_CURRENT_FIPS,Exact Census FIPS; historical Census vintage used only where the i-Tree configuration refers to a retired county/county-equivalent.,4871.0543366587635
ITC-2881,USA,Utah,Tooele,Tooele,US-FIPS:49045,Census TIGER/Line 2024 County,49045,Tooele,EXACT_CURRENT_FIPS,Exact Census FIPS; historical Census vintage used only where the i-Tree configuration refers to a retired county/county-equivalent.,18870.669909420336
ITC-2882,USA,Utah,Uintah,Uintah,US-FIPS:49047,Census TIGER/Line 2024 County,49047,Uintah,EXACT_CURRENT_FIPS,Exact Census FIPS; historical Census vintage used only where the i-Tree configuration refers to a retired county/county-equivalent.,11666.576950713712
ITC-2883,USA,Utah,Utah,Utah,US-FIPS:49049,Census TIGER/Line 2024 County,49049,Utah,EXACT_CURRENT_FIPS,Exact Census FIPS; historical Census vintage used only where the i-Tree configuration refers to a retired county/county-equivalent.,5553.706084809621
ITC-2884,USA,Utah,Wasatch,Wasatch,US-FIPS:49051,Census TIGER/Line 2024 County,49051,Wasatch,EXACT_CURRENT_FIPS,Exact Census FIPS; historical Census vintage used only where the i-Tree configuration refers to a retired county/county-equivalent.,3127.399202795277
ITC-2885,USA,Utah,Washington,Washington,US-FIPS:49053,Census TIGER/Line 2024 County,49053,Washington,EXACT_CURRENT_FIPS,Exact Census FIPS; historical Census vintage used only where the i-Tree configuration refers to a retired county/county-equivalent.,6295.211578122591
ITC-2886,USA,Utah,Wayne,Wayne,US-FIPS:49055,Census TIGER/Line 2024 County,49055,Wayne,EXACT_CURRENT_FIPS,Exact Census FIPS; historical Census vintage used only where the i-Tree configuration refers to a retired county/county-equivalent.,6388.862881174071
ITC-2887,USA,Utah,Weber,Weber,US-FIPS:49057,Census TIGER/Line 2024 County,49057,Weber,EXACT_CURRENT_FIPS,Exact Census FIPS; historical Census vintage used only where the i-Tree configuration refers to a retired county/county-equivalent.,1709.1464101966233
ITC-2888,USA,Vermont,Addison,Addison,US-FIPS:50001,Census TIGER/Line 2024 County,50001,Addison,EXACT_CURRENT_FIPS,Exact Census FIPS; historical Census vintage used only where the i-Tree configuration refers to a retired county/county-equivalent.,2092.100291816068
ITC-2889,USA,Vermont,Bennington,Bennington,US-FIPS:50003,Census TIGER/Line 2024 County,50003,Bennington,EXACT_CURRENT_FIPS,Exact Census FIPS; historical Census vintage used only where the i-Tree configuration refers to a retired county/county-equivalent.,1753.162946997883
ITC-2890,USA,Vermont,Caledonia,Caledonia,US-FIPS:50005,Census TIGER/Line 2024 County,50005,Caledonia,EXACT_CURRENT_FIPS,Exact Census FIPS; historical Census vintage used only where the i-Tree configuration refers to a retired county/county-equivalent.,1703.805558214094
ITC-2891,USA,Vermont,Chittenden,Chittenden,US-FIPS:50007,Census TIGER/Line 2024 County,50007,Chittenden,EXACT_CURRENT_FIPS,Exact Census FIPS; historical Census vintage used only where the i-Tree configuration refers to a retired county/county-equivalent.,1607.5053561522864
ITC-2892,USA,Vermont,Essex,Essex,US-FIPS:50009,Census TIGER/Line 2024 County,50009,Essex,EXACT_CURRENT_FIPS,Exact Census FIPS; historical Census vintage used only where the i-Tree configuration refers to a retired county/county-equivalent.,1744.2187937883539
ITC-2893,USA,Vermont,Franklin,Franklin,US-FIPS:50011,Census TIGER/Line 2024 County,50011,Franklin,EXACT_CURRENT_FIPS,Exact Census FIPS; historical Census vintage used only where the i-Tree configuration refers to a retired county/county-equivalent.,1784.834312182535
ITC-2894,USA,Vermont,Grand Isle,Grand Isle,US-FIPS:50013,Census TIGER/Line 2024 County,50013,Grand Isle,EXACT_CURRENT_FIPS,Exact Census FIPS; historical Census vintage used only where the i-Tree configuration refers to a retired county/county-equivalent.,500.7365260953368
ITC-2895,USA,Vermont,Lamoille,Lamoille,US-FIPS:50015,Census TIGER/Line 2024 County,50015,Lamoille,EXACT_CURRENT_FIPS,Exact Census FIPS; historical Census vintage used only where the i-Tree configuration refers to a retired county/county-equivalent.,1207.387784454384
ITC-2896,USA,Vermont,Orange,Orange,US-FIPS:50017,Census TIGER/Line 2024 County,50017,Orange,EXACT_CURRENT_FIPS,Exact Census FIPS; historical Census vintage used only where the i-Tree configuration refers to a retired county/county-equivalent.,1791.3483789632369
ITC-2897,USA,Vermont,Orleans,Orleans,US-FIPS:50019,Census TIGER/Line 2024 County,50019,Orleans,EXACT_CURRENT_FIPS,Exact Census FIPS; historical Census vintage used only where the i-Tree configuration refers to a retired county/county-equivalent.,1870.2897555674888
ITC-2898,USA,Vermont,Rutland,Rutland,US-FIPS:50021,Census TIGER/Line 2024 County,50021,Rutland,EXACT_CURRENT_FIPS,Exact Census FIPS; historical Census vintage used only where the i-Tree configuration refers to a retired county/county-equivalent.,2448.875332282846
ITC-2899,USA,Vermont,Washington,Washington,US-FIPS:50023,Census TIGER/Line 2024 County,50023,Washington,EXACT_CURRENT_FIPS,Exact Census FIPS; historical Census vintage used only where the i-Tree configuration refers to a retired county/county-equivalent.,1800.995571202913
ITC-2900,USA,Vermont,Windham,Windham,US-FIPS:50025,Census TIGER/Line 2024 County,50025,Windham,EXACT_CURRENT_FIPS,Exact Census FIPS; historical Census vintage used only where the i-Tree configuration refers to a retired county/county-equivalent.,2068.5406233517533
ITC-2901,USA,Vermont,Windsor,Windsor,US-FIPS:50027,Census TIGER/Line 2024 County,50027,Windsor,EXACT_CURRENT_FIPS,Exact Census FIPS; historical Census vintage used only where the i-Tree configuration refers to a retired county/county-equivalent.,2529.4380319772445
ITC-2902,USA,"Virgin Islands, US",St. Croix,St. Croix,US-FIPS:78010,Census TIGER/Line 2024 VI county subdivisions dissolved by COUNTYFP,78010,St. Croix,EXACT_FIPS_VI_DISSOLVE,Exact Census FIPS; historical Census vintage used only where the i-Tree configuration refers to a retired county/county-equivalent.,861.5598813077078
ITC-2903,USA,"Virgin Islands, US",St. John,St. John,US-FIPS:78020,Census TIGER/Line 2024 VI county subdivisions dissolved by COUNTYFP,78020,St. John,EXACT_FIPS_VI_DISSOLVE,Exact Census FIPS; historical Census vintage used only where the i-Tree configuration refers to a retired county/county-equivalent.,237.66875086506195
ITC-2904,USA,"Virgin Islands, US",St. Thomas,St. Thomas,US-FIPS:78030,Census TIGER/Line 2024 VI county subdivisions dissolved by COUNTYFP,78030,St. Thomas,EXACT_FIPS_VI_DISSOLVE,Exact Census FIPS; historical Census vintage used only where the i-Tree configuration refers to a retired county/county-equivalent.,799.0286876266165
ITC-2905,USA,Virginia,Accomack,Accomack,US-FIPS:51001,Census TIGER/Line 2024 County,51001,Accomack,EXACT_CURRENT_FIPS,Exact Census FIPS; historical Census vintage used only where the i-Tree configuration refers to a retired county/county-equivalent.,3392.9913524917874
ITC-2906,USA,Virginia,Albemarle,Albemarle,US-FIPS:51003,Census TIGER/Line 2024 County,51003,Albemarle,EXACT_CURRENT_FIPS,Exact Census FIPS; historical Census vintage used only where the i-Tree configuration refers to a retired county/county-equivalent.,1880.2374929289088
ITC-2907,USA,Virginia,Alexandria,Alexandria,US-FIPS:51510,Census TIGER/Line 2024 County,51510,Alexandria,EXACT_CURRENT_FIPS,Exact Census FIPS; historical Census vintage used only where the i-Tree configuration refers to a retired county/county-equivalent.,39.75134521362474
ITC-2908,USA,Virginia,Alleghany,Alleghany,US-FIPS:51005,Census TIGER/Line 2024 County,51005,Alleghany,EXACT_CURRENT_FIPS,Exact Census FIPS; historical Census vintage used only where the i-Tree configuration refers to a retired county/county-equivalent.,1164.7790106198968
ITC-2909,USA,Virginia,Amelia,Amelia,US-FIPS:51007,Census TIGER/Line 2024 County,51007,Amelia,EXACT_CURRENT_FIPS,Exact Census FIPS; historical Census vintage used only where the i-Tree configuration refers to a retired county/county-equivalent.,928.5677150398856
ITC-2910,USA,Virginia,Amherst,Amherst,US-FIPS:51009,Census TIGER/Line 2024 County,51009,Amherst,EXACT_CURRENT_FIPS,Exact Census FIPS; historical Census vintage used only where the i-Tree configuration refers to a retired county/county-equivalent.,1240.4533539999136
ITC-2911,USA,Virginia,Appomattox,Appomattox,US-FIPS:51011,Census TIGER/Line 2024 County,51011,Appomattox,EXACT_CURRENT_FIPS,Exact Census FIPS; historical Census vintage used only where the i-Tree configuration refers to a retired county/county-equivalent.,868.8417761310492
ITC-2912,USA,Virginia,Arlington,Arlington,US-FIPS:51013,Census TIGER/Line 2024 County,51013,Arlington,EXACT_CURRENT_FIPS,Exact Census FIPS; historical Census vintage used only where the i-Tree configuration refers to a retired county/county-equivalent.,67.60655512624714
ITC-2913,USA,Virginia,Augusta,Augusta,US-FIPS:51015,Census TIGER/Line 2024 County,51015,Augusta,EXACT_CURRENT_FIPS,Exact Census FIPS; historical Census vintage used only where the i-Tree configuration refers to a retired county/county-equivalent.,2514.2468177141045
ITC-2914,USA,Virginia,Bath,Bath,US-FIPS:51017,Census TIGER/Line 2024 County,51017,Bath,EXACT_CURRENT_FIPS,Exact Census FIPS; historical Census vintage used only where the i-Tree configuration refers to a retired county/county-equivalent.,1384.6664316033819
ITC-2915,USA,Virginia,Bedford,Bedford,US-FIPS:51019,Census TIGER/Line 2024 County,51019,Bedford,EXACT_CURRENT_FIPS,Exact Census FIPS; historical Census vintage used only where the i-Tree configuration refers to a retired county/county-equivalent.,2010.7504384616618
ITC-2916,USA,Virginia,Bedford City,Bedford City,US-FIPS:51515,Census TIGER/Line 2010 County,51515,Bedford,EXACT_HISTORICAL_FIPS_2010,Exact Census FIPS; historical Census vintage used only where the i-Tree configuration refers to a retired county/county-equivalent.,17.87550124615884
ITC-2917,USA,Virginia,Bland,Bland,US-FIPS:51021,Census TIGER/Line 2024 County,51021,Bland,EXACT_CURRENT_FIPS,Exact Census FIPS; historical Census vintage used only where the i-Tree configuration refers to a retired county/county-equivalent.,928.858610452983
ITC-2918,USA,Virginia,Botetourt,Botetourt,US-FIPS:51023,Census TIGER/Line 2024 County,51023,Botetourt,EXACT_CURRENT_FIPS,Exact Census FIPS; historical Census vintage used only where the i-Tree configuration refers to a retired county/county-equivalent.,1414.0252713456337
ITC-2919,USA,Virginia,Bristol,Bristol,US-FIPS:51520,Census TIGER/Line 2024 County,51520,Bristol,EXACT_CURRENT_FIPS,Exact Census FIPS; historical Census vintage used only where the i-Tree configuration refers to a retired county/county-equivalent.,33.65867035521219
ITC-2920,USA,Virginia,Brunswick,Brunswick,US-FIPS:51025,Census TIGER/Line 2024 County,51025,Brunswick,EXACT_CURRENT_FIPS,Exact Census FIPS; historical Census vintage used only where the i-Tree configuration refers to a retired county/county-equivalent.,1475.2108119791874
ITC-2921,USA,Virginia,Buchanan,Buchanan,US-FIPS:51027,Census TIGER/Line 2024 County,51027,Buchanan,EXACT_CURRENT_FIPS,Exact Census FIPS; historical Census vintage used only where the i-Tree configuration refers to a retired county/county-equivalent.,1305.191098338162
ITC-2922,USA,Virginia,Buckingham,Buckingham,US-FIPS:51029,Census TIGER/Line 2024 County,51029,Buckingham,EXACT_CURRENT_FIPS,Exact Census FIPS; historical Census vintage used only where the i-Tree configuration refers to a retired county/county-equivalent.,1511.1275304652438
ITC-2923,USA,Virginia,Buena Vista,Buena Vista,US-FIPS:51530,Census TIGER/Line 2024 County,51530,Buena Vista,EXACT_CURRENT_FIPS,Exact Census FIPS; historical Census vintage used only where the i-Tree configuration refers to a retired county/county-equivalent.,16.894337677235555
ITC-2924,USA,Virginia,Campbell,Campbell,US-FIPS:51031,Census TIGER/Line 2024 County,51031,Campbell,EXACT_CURRENT_FIPS,Exact Census FIPS; historical Census vintage used only where the i-Tree configuration refers to a retired county/county-equivalent.,1312.3187229608122
ITC-2925,USA,Virginia,Caroline,Caroline,US-FIPS:51033,Census TIGER/Line 2024 County,51033,Caroline,EXACT_CURRENT_FIPS,Exact Census FIPS; historical Census vintage used only where the i-Tree configuration refers to a retired county/county-equivalent.,1390.788959899014
ITC-2926,USA,Virginia,Carroll,Carroll,US-FIPS:51035,Census TIGER/Line 2024 County,51035,Carroll,EXACT_CURRENT_FIPS,Exact Census FIPS; historical Census vintage used only where the i-Tree configuration refers to a retired county/county-equivalent.,1237.1615264911497
ITC-2927,USA,Virginia,Charles City,Charles City,US-FIPS:51036,Census TIGER/Line 2024 County,51036,Charles City,EXACT_CURRENT_FIPS,Exact Census FIPS; historical Census vintage used only where the i-Tree configuration refers to a retired county/county-equivalent.,528.98718514085
ITC-2928,USA,Virginia,Charlotte,Charlotte,US-FIPS:51037,Census TIGER/Line 2024 County,51037,Charlotte,EXACT_CURRENT_FIPS,Exact Census FIPS; historical Census vintage used only where the i-Tree configuration refers to a retired county/county-equivalent.,1236.819666292833
ITC-2929,USA,Virginia,Charlottesville,Charlottesville,US-FIPS:51540,Census TIGER/Line 2024 County,51540,Charlottesville,EXACT_CURRENT_FIPS,Exact Census FIPS; historical Census vintage used only where the i-Tree configuration refers to a retired county/county-equivalent.,26.581348469511855
ITC-2930,USA,Virginia,Chesapeake,Chesapeake,US-FIPS:51550,Census TIGER/Line 2024 County,51550,Chesapeake,EXACT_CURRENT_FIPS,Exact Census FIPS; historical Census vintage used only where the i-Tree configuration refers to a retired county/county-equivalent.,908.9471053959287
ITC-2931,USA,Virginia,Chesterfield,Chesterfield,US-FIPS:51041,Census TIGER/Line 2024 County,51041,Chesterfield,EXACT_CURRENT_FIPS,Exact Census FIPS; historical Census vintage used only where the i-Tree configuration refers to a retired county/county-equivalent.,1131.8418739843148
ITC-2932,USA,Virginia,Clarke,Clarke,US-FIPS:51043,Census TIGER/Line 2024 County,51043,Clarke,EXACT_CURRENT_FIPS,Exact Census FIPS; historical Census vintage used only where the i-Tree configuration refers to a retired county/county-equivalent.,461.4154651203365
ITC-2933,USA,Virginia,Colonial Heights,Colonial Heights,US-FIPS:51570,Census TIGER/Line 2024 County,51570,Colonial Heights,EXACT_CURRENT_FIPS,Exact Census FIPS; historical Census vintage used only where the i-Tree configuration refers to a retired county/county-equivalent.,20.185238616563126
ITC-2934,USA,Virginia,Covington,Covington,US-FIPS:51580,Census TIGER/Line 2024 County,51580,Covington,EXACT_CURRENT_FIPS,Exact Census FIPS; historical Census vintage used only where the i-Tree configuration refers to a retired county/county-equivalent.,14.685339828041968
ITC-2935,USA,Virginia,Craig,Craig,US-FIPS:51045,Census TIGER/Line 2024 County,51045,Craig,EXACT_CURRENT_FIPS,Exact Census FIPS; historical Census vintage used only where the i-Tree configuration refers to a retired county/county-equivalent.,852.5637552582306
ITC-2936,USA,Virginia,Culpeper,Culpeper,US-FIPS:51047,Census TIGER/Line 2024 County,51047,Culpeper,EXACT_CURRENT_FIPS,Exact Census FIPS; historical Census vintage used only where the i-Tree configuration refers to a retired county/county-equivalent.,991.0817716511851
ITC-2937,USA,Virginia,Cumberland,Cumberland,US-FIPS:51049,Census TIGER/Line 2024 County,51049,Cumberland,EXACT_CURRENT_FIPS,Exact Census FIPS; historical Census vintage used only where the i-Tree configuration refers to a retired county/county-equivalent.,776.372070754716
ITC-2938,USA,Virginia,Danville,Danville,US-FIPS:51590,Census TIGER/Line 2024 County,51590,Danville,EXACT_CURRENT_FIPS,Exact Census FIPS; historical Census vintage used only where the i-Tree configuration refers to a retired county/county-equivalent.,113.18591754130054
ITC-2939,USA,Virginia,Dickenson,Dickenson,US-FIPS:51051,Census TIGER/Line 2024 County,51051,Dickenson,EXACT_CURRENT_FIPS,Exact Census FIPS; historical Census vintage used only where the i-Tree configuration refers to a retired county/county-equivalent.,863.9424335726034
ITC-2940,USA,Virginia,Dinwiddie,Dinwiddie,US-FIPS:51053,Census TIGER/Line 2024 County,51053,Dinwiddie,EXACT_CURRENT_FIPS,Exact Census FIPS; historical Census vintage used only where the i-Tree configuration refers to a retired county/county-equivalent.,1313.8920638683549
ITC-2941,USA,Virginia,Emporia,Emporia,US-FIPS:51595,Census TIGER/Line 2024 County,51595,Emporia,EXACT_CURRENT_FIPS,Exact Census FIPS; historical Census vintage used only where the i-Tree configuration refers to a retired county/county-equivalent.,17.2927369414128
ITC-2942,USA,Virginia,Essex,Essex,US-FIPS:51057,Census TIGER/Line 2024 County,51057,Essex,EXACT_CURRENT_FIPS,Exact Census FIPS; historical Census vintage used only where the i-Tree configuration refers to a retired county/county-equivalent.,741.3392159359041
ITC-2943,USA,Virginia,Fairfax,Fairfax,US-FIPS:51059,Census TIGER/Line 2024 County,51059,Fairfax,EXACT_CURRENT_FIPS,Exact Census FIPS; historical Census vintage used only where the i-Tree configuration refers to a retired county/county-equivalent.,1052.7541327016788
ITC-2944,USA,Virginia,Fairfax City,Fairfax City,US-FIPS:51600,Census TIGER/Line 2024 County,51600,Fairfax,EXACT_CURRENT_FIPS,Exact Census FIPS; historical Census vintage used only where the i-Tree configuration refers to a retired county/county-equivalent.,16.24807712319401
ITC-2945,USA,Virginia,Falls Church,Falls Church,US-FIPS:51610,Census TIGER/Line 2024 County,51610,Falls Church,EXACT_CURRENT_FIPS,Exact Census FIPS; historical Census vintage used only where the i-Tree configuration refers to a retired county/county-equivalent.,5.300290521641856
ITC-2946,USA,Virginia,Fauquier,Fauquier,US-FIPS:51061,Census TIGER/Line 2024 County,51061,Fauquier,EXACT_CURRENT_FIPS,Exact Census FIPS; historical Census vintage used only where the i-Tree configuration refers to a retired county/county-equivalent.,1687.9615790009732
ITC-2947,USA,Virginia,Floyd,Floyd,US-FIPS:51063,Census TIGER/Line 2024 County,51063,Floyd,EXACT_CURRENT_FIPS,Exact Census FIPS; historical Census vintage used only where the i-Tree configuration refers to a retired county/county-equivalent.,988.7767510505336
ITC-2948,USA,Virginia,Fluvanna,Fluvanna,US-FIPS:51065,Census TIGER/Line 2024 County,51065,Fluvanna,EXACT_CURRENT_FIPS,Exact Census FIPS; historical Census vintage used only where the i-Tree configuration refers to a retired county/county-equivalent.,754.3773455098733
ITC-2949,USA,Virginia,Franklin,Franklin,US-FIPS:51067,Census TIGER/Line 2024 County,51067,Franklin,EXACT_CURRENT_FIPS,Exact Census FIPS; historical Census vintage used only where the i-Tree configuration refers to a retired county/county-equivalent.,1843.0765684187088
ITC-2950,USA,Virginia,Franklin City,Franklin City,US-FIPS:51620,Census TIGER/Line 2024 County,51620,Franklin,EXACT_CURRENT_FIPS,Exact Census FIPS; historical Census vintage used only where the i-Tree configuration refers to a retired county/county-equivalent.,21.66565342490473
ITC-2951,USA,Virginia,Frederick,Frederick,US-FIPS:51069,Census TIGER/Line 2024 County,51069,Frederick,EXACT_CURRENT_FIPS,Exact Census FIPS; historical Census vintage used only where the i-Tree configuration refers to a retired county/county-equivalent.,1075.8740410657635
ITC-2952,USA,Virginia,Fredericksburg,Fredericksburg,US-FIPS:51630,Census TIGER/Line 2024 County,51630,Fredericksburg,EXACT_CURRENT_FIPS,Exact Census FIPS; historical Census vintage used only where the i-Tree configuration refers to a retired county/county-equivalent.,27.244841025673306
ITC-2953,USA,Virginia,Galax,Galax,US-FIPS:51640,Census TIGER/Line 2024 County,51640,Galax,EXACT_CURRENT_FIPS,Exact Census FIPS; historical Census vintage used only where the i-Tree configuration refers to a retired county/county-equivalent.,21.437374908043267
ITC-2954,USA,Virginia,Giles,Giles,US-FIPS:51071,Census TIGER/Line 2024 County,51071,Giles,EXACT_CURRENT_FIPS,Exact Census FIPS; historical Census vintage used only where the i-Tree configuration refers to a retired county/county-equivalent.,936.4398850463848
ITC-2955,USA,Virginia,Gloucester,Gloucester,US-FIPS:51073,Census TIGER/Line 2024 County,51073,Gloucester,EXACT_CURRENT_FIPS,Exact Census FIPS; historical Census vintage used only where the i-Tree configuration refers to a retired county/county-equivalent.,745.8739360045583
ITC-2956,USA,Virginia,Goochland,Goochland,US-FIPS:51075,Census TIGER/Line 2024 County,51075,Goochland,EXACT_CURRENT_FIPS,Exact Census FIPS; historical Census vintage used only where the i-Tree configuration refers to a retired county/county-equivalent.,752.5928590907581
ITC-2957,USA,Virginia,Grayson,Grayson,US-FIPS:51077,Census TIGER/Line 2024 County,51077,Grayson,EXACT_CURRENT_FIPS,Exact Census FIPS; historical Census vintage used only where the i-Tree configuration refers to a retired county/county-equivalent.,1154.0117501486297
ITC-2958,USA,Virginia,Greene,Greene,US-FIPS:51079,Census TIGER/Line 2024 County,51079,Greene,EXACT_CURRENT_FIPS,Exact Census FIPS; historical Census vintage used only where the i-Tree configuration refers to a retired county/county-equivalent.,405.58114708731233
ITC-2959,USA,Virginia,Greensville,Greensville,US-FIPS:51081,Census TIGER/Line 2024 County,51081,Greensville,EXACT_CURRENT_FIPS,Exact Census FIPS; historical Census vintage used only where the i-Tree configuration refers to a retired county/county-equivalent.,769.1567241324846
ITC-2960,USA,Virginia,Halifax,Halifax,US-FIPS:51083,Census TIGER/Line 2024 County,51083,Halifax,EXACT_CURRENT_FIPS,Exact Census FIPS; historical Census vintage used only where the i-Tree configuration refers to a retired county/county-equivalent.,2148.437867192859
ITC-2961,USA,Virginia,Hampton,Hampton,US-FIPS:51650,Census TIGER/Line 2024 County,51650,Hampton,EXACT_CURRENT_FIPS,Exact Census FIPS; historical Census vintage used only where the i-Tree configuration refers to a retired county/county-equivalent.,352.94986763920207
ITC-2962,USA,Virginia,Hanover,Hanover,US-FIPS:51085,Census TIGER/Line 2024 County,51085,Hanover,EXACT_CURRENT_FIPS,Exact Census FIPS; historical Census vintage used only where the i-Tree configuration refers to a retired county/county-equivalent.,1223.7113835338791
ITC-2963,USA,Virginia,Harrisonburg,Harrisonburg,US-FIPS:51660,Census TIGER/Line 2024 County,51660,Harrisonburg,EXACT_CURRENT_FIPS,Exact Census FIPS; historical Census vintage used only where the i-Tree configuration refers to a retired county/county-equivalent.,45.02992690647266
ITC-2964,USA,Virginia,Henrico,Henrico,US-FIPS:51087,Census TIGER/Line 2024 County,51087,Henrico,EXACT_CURRENT_FIPS,Exact Census FIPS; historical Census vintage used only where the i-Tree configuration refers to a retired county/county-equivalent.,634.1593028210991
ITC-2965,USA,Virginia,Henry,Henry,US-FIPS:51089,Census TIGER/Line 2024 County,51089,Henry,EXACT_CURRENT_FIPS,Exact Census FIPS; historical Census vintage used only where the i-Tree configuration refers to a retired county/county-equivalent.,995.5543859445737
ITC-2966,USA,Virginia,Highland,Highland,US-FIPS:51091,Census TIGER/Line 2024 County,51091,Highland,EXACT_CURRENT_FIPS,Exact Census FIPS; historical Census vintage used only where the i-Tree configuration refers to a retired county/county-equivalent.,1077.0592020836384
ITC-2967,USA,Virginia,Hopewell,Hopewell,US-FIPS:51670,Census TIGER/Line 2024 County,51670,Hopewell,EXACT_CURRENT_FIPS,Exact Census FIPS; historical Census vintage used only where the i-Tree configuration refers to a retired county/county-equivalent.,28.045804792747266
ITC-2968,USA,Virginia,Isle of Wight,Isle of Wight,US-FIPS:51093,Census TIGER/Line 2024 County,51093,Isle of Wight,EXACT_CURRENT_FIPS,Exact Census FIPS; historical Census vintage used only where the i-Tree configuration refers to a retired county/county-equivalent.,939.7171433296704
ITC-2969,USA,Virginia,James City,James City,US-FIPS:51095,Census TIGER/Line 2024 County,51095,James City,EXACT_CURRENT_FIPS,Exact Census FIPS; historical Census vintage used only where the i-Tree configuration refers to a retired county/county-equivalent.,463.79043627242623
ITC-2970,USA,Virginia,King and Queen,King and Queen,US-FIPS:51097,Census TIGER/Line 2024 County,51097,King and Queen,EXACT_CURRENT_FIPS,Exact Census FIPS; historical Census vintage used only where the i-Tree configuration refers to a retired county/county-equivalent.,845.1146143285675
ITC-2971,USA,Virginia,King George,King George,US-FIPS:51099,Census TIGER/Line 2024 County,51099,King George,EXACT_CURRENT_FIPS,Exact Census FIPS; historical Census vintage used only where the i-Tree configuration refers to a retired county/county-equivalent.,486.321183277654
ITC-2972,USA,Virginia,King William,King William,US-FIPS:51101,Census TIGER/Line 2024 County,51101,King William,EXACT_CURRENT_FIPS,Exact Census FIPS; historical Census vintage used only where the i-Tree configuration refers to a retired county/county-equivalent.,740.5149854892555
ITC-2973,USA,Virginia,Lancaster,Lancaster,US-FIPS:51103,Census TIGER/Line 2024 County,51103,Lancaster,EXACT_CURRENT_FIPS,Exact Census FIPS; historical Census vintage used only where the i-Tree configuration refers to a retired county/county-equivalent.,599.3788011430966
ITC-2974,USA,Virginia,Lee,Lee,US-FIPS:51105,Census TIGER/Line 2024 County,51105,Lee,EXACT_CURRENT_FIPS,Exact Census FIPS; historical Census vintage used only where the i-Tree configuration refers to a retired county/county-equivalent.,1132.5199309417153
ITC-2975,USA,Virginia,Lexington,Lexington,US-FIPS:51678,Census TIGER/Line 2024 County,51678,Lexington,EXACT_CURRENT_FIPS,Exact Census FIPS; historical Census vintage used only where the i-Tree configuration refers to a retired county/county-equivalent.,6.540783337904391
ITC-2976,USA,Virginia,Loudoun,Loudoun,US-FIPS:51107,Census TIGER/Line 2024 County,51107,Loudoun,EXACT_CURRENT_FIPS,Exact Census FIPS; historical Census vintage used only where the i-Tree configuration refers to a retired county/county-equivalent.,1350.2498068968928
ITC-2977,USA,Virginia,Louisa,Louisa,US-FIPS:51109,Census TIGER/Line 2024 County,51109,Louisa,EXACT_CURRENT_FIPS,Exact Census FIPS; historical Census vintage used only where the i-Tree configuration refers to a retired county/county-equivalent.,1319.86203667849
ITC-2978,USA,Virginia,Lunenburg,Lunenburg,US-FIPS:51111,Census TIGER/Line 2024 County,51111,Lunenburg,EXACT_CURRENT_FIPS,Exact Census FIPS; historical Census vintage used only where the i-Tree configuration refers to a retired county/county-equivalent.,1119.8413631803403
ITC-2979,USA,Virginia,Lynchburg,Lynchburg,US-FIPS:51680,Census TIGER/Line 2024 County,51680,Lynchburg,EXACT_CURRENT_FIPS,Exact Census FIPS; historical Census vintage used only where the i-Tree configuration refers to a retired county/county-equivalent.,128.12226857006786
ITC-2980,USA,Virginia,Madison,Madison,US-FIPS:51113,Census TIGER/Line 2024 County,51113,Madison,EXACT_CURRENT_FIPS,Exact Census FIPS; historical Census vintage used only where the i-Tree configuration refers to a retired county/county-equivalent.,833.6572384858297
ITC-2981,USA,Virginia,Manassas,Manassas,US-FIPS:51683,Census TIGER/Line 2024 County,51683,Manassas,EXACT_CURRENT_FIPS,Exact Census FIPS; historical Census vintage used only where the i-Tree configuration refers to a retired county/county-equivalent.,25.63953187594171
ITC-2982,USA,Virginia,Manassas Park,Manassas Park,US-FIPS:51685,Census TIGER/Line 2024 County,51685,Manassas Park,EXACT_CURRENT_FIPS,Exact Census FIPS; historical Census vintage used only where the i-Tree configuration refers to a retired county/county-equivalent.,7.859157000050248
ITC-2983,USA,Virginia,Martinsville,Martinsville,US-FIPS:51690,Census TIGER/Line 2024 County,51690,Martinsville,EXACT_CURRENT_FIPS,Exact Census FIPS; historical Census vintage used only where the i-Tree configuration refers to a retired county/county-equivalent.,28.510213311111833
ITC-2984,USA,Virginia,Mathews,Mathews,US-FIPS:51115,Census TIGER/Line 2024 County,51115,Mathews,EXACT_CURRENT_FIPS,Exact Census FIPS; historical Census vintage used only where the i-Tree configuration refers to a retired county/county-equivalent.,652.5879699788801
ITC-2985,USA,Virginia,Mecklenburg,Mecklenburg,US-FIPS:51117,Census TIGER/Line 2024 County,51117,Mecklenburg,EXACT_CURRENT_FIPS,Exact Census FIPS; historical Census vintage used only where the i-Tree configuration refers to a retired county/county-equivalent.,1759.200142784344
ITC-2986,USA,Virginia,Middlesex,Middlesex,US-FIPS:51119,Census TIGER/Line 2024 County,51119,Middlesex,EXACT_CURRENT_FIPS,Exact Census FIPS; historical Census vintage used only where the i-Tree configuration refers to a retired county/county-equivalent.,545.8602046660476
ITC-2987,USA,Virginia,Montgomery,Montgomery,US-FIPS:51121,Census TIGER/Line 2024 County,51121,Montgomery,EXACT_CURRENT_FIPS,Exact Census FIPS; historical Census vintage used only where the i-Tree configuration refers to a retired county/county-equivalent.,1008.2114875805099
ITC-2988,USA,Virginia,Nelson,Nelson,US-FIPS:51125,Census TIGER/Line 2024 County,51125,Nelson,EXACT_CURRENT_FIPS,Exact Census FIPS; historical Census vintage used only where the i-Tree configuration refers to a retired county/county-equivalent.,1228.208574585073
ITC-2989,USA,Virginia,New Kent,New Kent,US-FIPS:51127,Census TIGER/Line 2024 County,51127,New Kent,EXACT_CURRENT_FIPS,Exact Census FIPS; historical Census vintage used only where the i-Tree configuration refers to a retired county/county-equivalent.,579.5847047274449
ITC-2990,USA,Virginia,Newport News,Newport News,US-FIPS:51700,Census TIGER/Line 2024 County,51700,Newport News,EXACT_CURRENT_FIPS,Exact Census FIPS; historical Census vintage used only where the i-Tree configuration refers to a retired county/county-equivalent.,309.83311842264783
ITC-2991,USA,Virginia,Norfolk,Norfolk,US-FIPS:51710,Census TIGER/Line 2024 County,51710,Norfolk,EXACT_CURRENT_FIPS,Exact Census FIPS; historical Census vintage used only where the i-Tree configuration refers to a retired county/county-equivalent.,249.67714670368267
ITC-2992,USA,Virginia,Northampton,Northampton,US-FIPS:51131,Census TIGER/Line 2024 County,51131,Northampton,EXACT_CURRENT_FIPS,Exact Census FIPS; historical Census vintage used only where the i-Tree configuration refers to a retired county/county-equivalent.,2059.6955041927604
ITC-2993,USA,Virginia,Northumberland,Northumberland,US-FIPS:51133,Census TIGER/Line 2024 County,51133,Northumberland,EXACT_CURRENT_FIPS,Exact Census FIPS; historical Census vintage used only where the i-Tree configuration refers to a retired county/county-equivalent.,739.6919975790696
ITC-2994,USA,Virginia,Norton,Norton,US-FIPS:51720,Census TIGER/Line 2024 County,51720,Norton,EXACT_CURRENT_FIPS,Exact Census FIPS; historical Census vintage used only where the i-Tree configuration refers to a retired county/county-equivalent.,19.455520007140013
ITC-2995,USA,Virginia,Nottoway,Nottoway,US-FIPS:51135,Census TIGER/Line 2024 County,51135,Nottoway,EXACT_CURRENT_FIPS,Exact Census FIPS; historical Census vintage used only where the i-Tree configuration refers to a retired county/county-equivalent.,818.5632805972355
ITC-2996,USA,Virginia,Orange,Orange,US-FIPS:51137,Census TIGER/Line 2024 County,51137,Orange,EXACT_CURRENT_FIPS,Exact Census FIPS; historical Census vintage used only where the i-Tree configuration refers to a retired county/county-equivalent.,888.9451806583486
ITC-2997,USA,Virginia,Page,Page,US-FIPS:51139,Census TIGER/Line 2024 County,51139,Page,EXACT_CURRENT_FIPS,Exact Census FIPS; historical Census vintage used only where the i-Tree configuration refers to a retired county/county-equivalent.,811.3196691418267
ITC-2998,USA,Virginia,Patrick,Patrick,US-FIPS:51141,Census TIGER/Line 2024 County,51141,Patrick,EXACT_CURRENT_FIPS,Exact Census FIPS; historical Census vintage used only where the i-Tree configuration refers to a retired county/county-equivalent.,1257.9936638101997
ITC-2999,USA,Virginia,Petersburg,Petersburg,US-FIPS:51730,Census TIGER/Line 2024 County,51730,Petersburg,EXACT_CURRENT_FIPS,Exact Census FIPS; historical Census vintage used only where the i-Tree configuration refers to a retired county/county-equivalent.,59.42341727524158
ITC-3000,USA,Virginia,Pittsylvania,Pittsylvania,US-FIPS:51143,Census TIGER/Line 2024 County,51143,Pittsylvania,EXACT_CURRENT_FIPS,Exact Census FIPS; historical Census vintage used only where the i-Tree configuration refers to a retired county/county-equivalent.,2533.6095985813813
ITC-3001,USA,Virginia,Poquoson,Poquoson,US-FIPS:51735,Census TIGER/Line 2024 County,51735,Poquoson,EXACT_CURRENT_FIPS,Exact Census FIPS; historical Census vintage used only where the i-Tree configuration refers to a retired county/county-equivalent.,203.1969856176424
ITC-3002,USA,Virginia,Portsmouth,Portsmouth,US-FIPS:51740,Census TIGER/Line 2024 County,51740,Portsmouth,EXACT_CURRENT_FIPS,Exact Census FIPS; historical Census vintage used only where the i-Tree configuration refers to a retired county/county-equivalent.,120.90619784423556
ITC-3003,USA,Virginia,Powhatan,Powhatan,US-FIPS:51145,Census TIGER/Line 2024 County,51145,Powhatan,EXACT_CURRENT_FIPS,Exact Census FIPS; historical Census vintage used only where the i-Tree configuration refers to a retired county/county-equivalent.,679.3654253556024
ITC-3004,USA,Virginia,Prince Edward,Prince Edward,US-FIPS:51147,Census TIGER/Line 2024 County,51147,Prince Edward,EXACT_CURRENT_FIPS,Exact Census FIPS; historical Census vintage used only where the i-Tree configuration refers to a retired county/county-equivalent.,916.4361145056522
ITC-3005,USA,Virginia,Prince George,Prince George,US-FIPS:51149,Census TIGER/Line 2024 County,51149,Prince George,EXACT_CURRENT_FIPS,Exact Census FIPS; historical Census vintage used only where the i-Tree configuration refers to a retired county/county-equivalent.,729.9766874858257
ITC-3006,USA,Virginia,Prince William,Prince William,US-FIPS:51153,Census TIGER/Line 2024 County,51153,Prince William,EXACT_CURRENT_FIPS,Exact Census FIPS; historical Census vintage used only where the i-Tree configuration refers to a retired county/county-equivalent.,899.2035227995152
ITC-3007,USA,Virginia,Pulaski,Pulaski,US-FIPS:51155,Census TIGER/Line 2024 County,51155,Pulaski,EXACT_CURRENT_FIPS,Exact Census FIPS; historical Census vintage used only where the i-Tree configuration refers to a retired county/county-equivalent.,853.2553871363859
ITC-3008,USA,Virginia,Radford,Radford,US-FIPS:51750,Census TIGER/Line 2024 County,51750,Radford,EXACT_CURRENT_FIPS,Exact Census FIPS; historical Census vintage used only where the i-Tree configuration refers to a retired county/county-equivalent.,25.920012268403415
ITC-3009,USA,Virginia,Rappahannock,Rappahannock,US-FIPS:51157,Census TIGER/Line 2024 County,51157,Rappahannock,EXACT_CURRENT_FIPS,Exact Census FIPS; historical Census vintage used only where the i-Tree configuration refers to a retired county/county-equivalent.,692.0436343076731
ITC-3010,USA,Virginia,Richmond,Richmond,US-FIPS:51159,Census TIGER/Line 2024 County,51159,Richmond,EXACT_CURRENT_FIPS,Exact Census FIPS; historical Census vintage used only where the i-Tree configuration refers to a retired county/county-equivalent.,560.3843163773573
ITC-3011,USA,Virginia,Richmond City,Richmond City,US-FIPS:51760,Census TIGER/Line 2024 County,51760,Richmond,EXACT_CURRENT_FIPS,Exact Census FIPS; historical Census vintage used only where the i-Tree configuration refers to a retired county/county-equivalent.,162.0542227163524
ITC-3012,USA,Virginia,Roanoke,Roanoke,US-FIPS:51161,Census TIGER/Line 2024 County,51161,Roanoke,EXACT_CURRENT_FIPS,Exact Census FIPS; historical Census vintage used only where the i-Tree configuration refers to a retired county/county-equivalent.,650.6719340198333
ITC-3013,USA,Virginia,Roanoke City,Roanoke City,US-FIPS:51770,Census TIGER/Line 2024 County,51770,Roanoke,EXACT_CURRENT_FIPS,Exact Census FIPS; historical Census vintage used only where the i-Tree configuration refers to a retired county/county-equivalent.,110.98563262347467
ITC-3014,USA,Virginia,Rockbridge,Rockbridge,US-FIPS:51163,Census TIGER/Line 2024 County,51163,Rockbridge,EXACT_CURRENT_FIPS,Exact Census FIPS; historical Census vintage used only where the i-Tree configuration refers to a retired county/county-equivalent.,1553.8745410154859
ITC-3015,USA,Virginia,Rockingham,Rockingham,US-FIPS:51165,Census TIGER/Line 2024 County,51165,Rockingham,EXACT_CURRENT_FIPS,Exact Census FIPS; historical Census vintage used only where the i-Tree configuration refers to a retired county/county-equivalent.,2211.600482323296
ITC-3016,USA,Virginia,Russell,Russell,US-FIPS:51167,Census TIGER/Line 2024 County,51167,Russell,EXACT_CURRENT_FIPS,Exact Census FIPS; historical Census vintage used only where the i-Tree configuration refers to a retired county/county-equivalent.,1233.9802006196305
ITC-3017,USA,Virginia,Salem,Salem,US-FIPS:51775,Census TIGER/Line 2024 County,51775,Salem,EXACT_CURRENT_FIPS,Exact Census FIPS; historical Census vintage used only where the i-Tree configuration refers to a retired county/county-equivalent.,37.87312025688192
ITC-3018,USA,Virginia,Scott,Scott,US-FIPS:51169,Census TIGER/Line 2024 County,51169,Scott,EXACT_CURRENT_FIPS,Exact Census FIPS; historical Census vintage used only where the i-Tree configuration refers to a retired county/county-equivalent.,1395.8914123050752
ITC-3019,USA,Virginia,Shenandoah,Shenandoah,US-FIPS:51171,Census TIGER/Line 2024 County,51171,Shenandoah,EXACT_CURRENT_FIPS,Exact Census FIPS; historical Census vintage used only where the i-Tree configuration refers to a retired county/county-equivalent.,1325.6364359823267
ITC-3020,USA,Virginia,Smyth,Smyth,US-FIPS:51173,Census TIGER/Line 2024 County,51173,Smyth,EXACT_CURRENT_FIPS,Exact Census FIPS; historical Census vintage used only where the i-Tree configuration refers to a retired county/county-equivalent.,1172.5113816590817
ITC-3021,USA,Virginia,Southampton,Southampton,US-FIPS:51175,Census TIGER/Line 2024 County,51175,Southampton,EXACT_CURRENT_FIPS,Exact Census FIPS; historical Census vintage used only where the i-Tree configuration refers to a retired county/county-equivalent.,1560.137805613312
ITC-3022,USA,Virginia,Spotsylvania,Spotsylvania,US-FIPS:51177,Census TIGER/Line 2024 County,51177,Spotsylvania,EXACT_CURRENT_FIPS,Exact Census FIPS; historical Census vintage used only where the i-Tree configuration refers to a retired county/county-equivalent.,1074.0116524132147
ITC-3023,USA,Virginia,Stafford,Stafford,US-FIPS:51179,Census TIGER/Line 2024 County,51179,Stafford,EXACT_CURRENT_FIPS,Exact Census FIPS; historical Census vintage used only where the i-Tree configuration refers to a retired county/county-equivalent.,725.3251131575488
ITC-3024,USA,Virginia,Staunton,Staunton,US-FIPS:51790,Census TIGER/Line 2024 County,51790,Staunton,EXACT_CURRENT_FIPS,Exact Census FIPS; historical Census vintage used only where the i-Tree configuration refers to a retired county/county-equivalent.,51.74151167713962
ITC-3025,USA,Virginia,Suffolk,Suffolk,US-FIPS:51800,Census TIGER/Line 2024 County,51800,Suffolk,EXACT_CURRENT_FIPS,Exact Census FIPS; historical Census vintage used only where the i-Tree configuration refers to a retired county/county-equivalent.,1110.8650400787851
ITC-3026,USA,Virginia,Surry,Surry,US-FIPS:51181,Census TIGER/Line 2024 County,51181,Surry,EXACT_CURRENT_FIPS,Exact Census FIPS; historical Census vintage used only where the i-Tree configuration refers to a retired county/county-equivalent.,803.6932080785815
ITC-3027,USA,Virginia,Sussex,Sussex,US-FIPS:51183,Census TIGER/Line 2024 County,51183,Sussex,EXACT_CURRENT_FIPS,Exact Census FIPS; historical Census vintage used only where the i-Tree configuration refers to a retired county/county-equivalent.,1276.464625123751
ITC-3028,USA,Virginia,Tazewell,Tazewell,US-FIPS:51185,Census TIGER/Line 2024 County,51185,Tazewell,EXACT_CURRENT_FIPS,Exact Census FIPS; historical Census vintage used only where the i-Tree configuration refers to a retired county/county-equivalent.,1346.5831071924492
ITC-3029,USA,Virginia,Virginia Beach,Virginia Beach,US-FIPS:51810,Census TIGER/Line 2024 County,51810,Virginia Beach,EXACT_CURRENT_FIPS,Exact Census FIPS; historical Census vintage used only where the i-Tree configuration refers to a retired county/county-equivalent.,1288.5086784510174
ITC-3030,USA,Virginia,Warren,Warren,US-FIPS:51187,Census TIGER/Line 2024 County,51187,Warren,EXACT_CURRENT_FIPS,Exact Census FIPS; historical Census vintage used only where the i-Tree configuration refers to a retired county/county-equivalent.,564.32179325929
ITC-3031,USA,Virginia,Washington,Washington,US-FIPS:51191,Census TIGER/Line 2024 County,51191,Washington,EXACT_CURRENT_FIPS,Exact Census FIPS; historical Census vintage used only where the i-Tree configuration refers to a retired county/county-equivalent.,1466.4679572813457
ITC-3032,USA,Virginia,Waynesboro,Waynesboro,US-FIPS:51820,Census TIGER/Line 2024 County,51820,Waynesboro,EXACT_CURRENT_FIPS,Exact Census FIPS; historical Census vintage used only where the i-Tree configuration refers to a retired county/county-equivalent.,39.13621234862464
ITC-3033,USA,Virginia,Westmoreland,Westmoreland,US-FIPS:51193,Census TIGER/Line 2024 County,51193,Westmoreland,EXACT_CURRENT_FIPS,Exact Census FIPS; historical Census vintage used only where the i-Tree configuration refers to a retired county/county-equivalent.,655.060641128621
ITC-3034,USA,Virginia,Williamsburg,Williamsburg,US-FIPS:51830,Census TIGER/Line 2024 County,51830,Williamsburg,EXACT_CURRENT_FIPS,Exact Census FIPS; historical Census vintage used only where the i-Tree configuration refers to a retired county/county-equivalent.,23.566674458671354
ITC-3035,USA,Virginia,Winchester,Winchester,US-FIPS:51840,Census TIGER/Line 2024 County,51840,Winchester,EXACT_CURRENT_FIPS,Exact Census FIPS; historical Census vintage used only where the i-Tree configuration refers to a retired county/county-equivalent.,23.86395345711677
ITC-3036,USA,Virginia,Wise,Wise,US-FIPS:51195,Census TIGER/Line 2024 County,51195,Wise,EXACT_CURRENT_FIPS,Exact Census FIPS; historical Census vintage used only where the i-Tree configuration refers to a retired county/county-equivalent.,1050.1521112644934
ITC-3037,USA,Virginia,Wythe,Wythe,US-FIPS:51197,Census TIGER/Line 2024 County,51197,Wythe,EXACT_CURRENT_FIPS,Exact Census FIPS; historical Census vintage used only where the i-Tree configuration refers to a retired county/county-equivalent.,1203.6830601149259
ITC-3038,USA,Virginia,York,York,US-FIPS:51199,Census TIGER/Line 2024 County,51199,York,EXACT_CURRENT_FIPS,Exact Census FIPS; historical Census vintage used only where the i-Tree configuration refers to a retired county/county-equivalent.,556.8118186626899
ITC-3039,USA,Washington,Adams,Adams,US-FIPS:53001,Census TIGER/Line 2024 County,53001,Adams,EXACT_CURRENT_FIPS,Exact Census FIPS; historical Census vintage used only where the i-Tree configuration refers to a retired county/county-equivalent.,4998.164726327973
ITC-3040,USA,Washington,Asotin,Asotin,US-FIPS:53003,Census TIGER/Line 2024 County,53003,Asotin,EXACT_CURRENT_FIPS,Exact Census FIPS; historical Census vintage used only where the i-Tree configuration refers to a retired county/county-equivalent.,1658.7199551387498
ITC-3041,USA,Washington,Benton,Benton,US-FIPS:53005,Census TIGER/Line 2024 County,53005,Benton,EXACT_CURRENT_FIPS,Exact Census FIPS; historical Census vintage used only where the i-Tree configuration refers to a retired county/county-equivalent.,4557.607639760105
ITC-3042,USA,Washington,Chelan,Chelan,US-FIPS:53007,Census TIGER/Line 2024 County,53007,Chelan,EXACT_CURRENT_FIPS,Exact Census FIPS; historical Census vintage used only where the i-Tree configuration refers to a retired county/county-equivalent.,7755.4690398729035
ITC-3043,USA,Washington,Clallam,Clallam,US-FIPS:53009,Census TIGER/Line 2024 County,53009,Clallam,EXACT_CURRENT_FIPS,Exact Census FIPS; historical Census vintage used only where the i-Tree configuration refers to a retired county/county-equivalent.,6912.722333142737
ITC-3044,USA,Washington,Clark,Clark,US-FIPS:53011,Census TIGER/Line 2024 County,53011,Clark,EXACT_CURRENT_FIPS,Exact Census FIPS; historical Census vintage used only where the i-Tree configuration refers to a retired county/county-equivalent.,1697.9938918182513
ITC-3045,USA,Washington,Columbia,Columbia,US-FIPS:53013,Census TIGER/Line 2024 County,53013,Columbia,EXACT_CURRENT_FIPS,Exact Census FIPS; historical Census vintage used only where the i-Tree configuration refers to a retired county/county-equivalent.,2262.1867759529623
ITC-3046,USA,Washington,Cowlitz,Cowlitz,US-FIPS:53015,Census TIGER/Line 2024 County,53015,Cowlitz,EXACT_CURRENT_FIPS,Exact Census FIPS; historical Census vintage used only where the i-Tree configuration refers to a retired county/county-equivalent.,3021.2407530552296
ITC-3047,USA,Washington,Douglas,Douglas,US-FIPS:53017,Census TIGER/Line 2024 County,53017,Douglas,EXACT_CURRENT_FIPS,Exact Census FIPS; historical Census vintage used only where the i-Tree configuration refers to a retired county/county-equivalent.,4788.378129366301
ITC-3048,USA,Washington,Ferry,Ferry,US-FIPS:53019,Census TIGER/Line 2024 County,53019,Ferry,EXACT_CURRENT_FIPS,Exact Census FIPS; historical Census vintage used only where the i-Tree configuration refers to a retired county/county-equivalent.,5846.663338392815
ITC-3049,USA,Washington,Franklin,Franklin,US-FIPS:53021,Census TIGER/Line 2024 County,53021,Franklin,EXACT_CURRENT_FIPS,Exact Census FIPS; historical Census vintage used only where the i-Tree configuration refers to a retired county/county-equivalent.,3276.2265440132924
ITC-3050,USA,Washington,Garfield,Garfield,US-FIPS:53023,Census TIGER/Line 2024 County,53023,Garfield,EXACT_CURRENT_FIPS,Exact Census FIPS; historical Census vintage used only where the i-Tree configuration refers to a retired county/county-equivalent.,1860.3507465479745
ITC-3051,USA,Washington,Grant,Grant,US-FIPS:53025,Census TIGER/Line 2024 County,53025,Grant,EXACT_CURRENT_FIPS,Exact Census FIPS; historical Census vintage used only where the i-Tree configuration refers to a retired county/county-equivalent.,7229.8158473669455
ITC-3052,USA,Washington,Grays Harbor,Grays Harbor,US-FIPS:53027,Census TIGER/Line 2024 County,53027,Grays Harbor,EXACT_CURRENT_FIPS,Exact Census FIPS; historical Census vintage used only where the i-Tree configuration refers to a retired county/county-equivalent.,5759.106129699232
ITC-3053,USA,Washington,Island,Island,US-FIPS:53029,Census TIGER/Line 2024 County,53029,Island,EXACT_CURRENT_FIPS,Exact Census FIPS; historical Census vintage used only where the i-Tree configuration refers to a retired county/county-equivalent.,1339.8656399997712
ITC-3054,USA,Washington,Jefferson,Jefferson,US-FIPS:53031,Census TIGER/Line 2024 County,53031,Jefferson,EXACT_CURRENT_FIPS,Exact Census FIPS; historical Census vintage used only where the i-Tree configuration refers to a retired county/county-equivalent.,5666.624568506675
ITC-3055,USA,Washington,King,King,US-FIPS:53033,Census TIGER/Line 2024 County,53033,King,EXACT_CURRENT_FIPS,Exact Census FIPS; historical Census vintage used only where the i-Tree configuration refers to a retired county/county-equivalent.,5976.144819434675
ITC-3056,USA,Washington,Kitsap,Kitsap,US-FIPS:53035,Census TIGER/Line 2024 County,53035,Kitsap,EXACT_CURRENT_FIPS,Exact Census FIPS; historical Census vintage used only where the i-Tree configuration refers to a retired county/county-equivalent.,1465.495283358072
ITC-3057,USA,Washington,Kittitas,Kittitas,US-FIPS:53037,Census TIGER/Line 2024 County,53037,Kittitas,EXACT_CURRENT_FIPS,Exact Census FIPS; historical Census vintage used only where the i-Tree configuration refers to a retired county/county-equivalent.,6042.466576696112
ITC-3058,USA,Washington,Klickitat,Klickitat,US-FIPS:53039,Census TIGER/Line 2024 County,53039,Klickitat,EXACT_CURRENT_FIPS,Exact Census FIPS; historical Census vintage used only where the i-Tree configuration refers to a retired county/county-equivalent.,4932.448853875103
ITC-3059,USA,Washington,Lewis,Lewis,US-FIPS:53041,Census TIGER/Line 2024 County,53041,Lewis,EXACT_CURRENT_FIPS,Exact Census FIPS; historical Census vintage used only where the i-Tree configuration refers to a retired county/county-equivalent.,6310.104449491078
ITC-3060,USA,Washington,Lincoln,Lincoln,US-FIPS:53043,Census TIGER/Line 2024 County,53043,Lincoln,EXACT_CURRENT_FIPS,Exact Census FIPS; historical Census vintage used only where the i-Tree configuration refers to a retired county/county-equivalent.,6059.687849370801
ITC-3061,USA,Washington,Mason,Mason,US-FIPS:53045,Census TIGER/Line 2024 County,53045,Mason,EXACT_CURRENT_FIPS,Exact Census FIPS; historical Census vintage used only where the i-Tree configuration refers to a retired county/county-equivalent.,2722.1887395760527
ITC-3062,USA,Washington,Okanogan,Okanogan,US-FIPS:53047,Census TIGER/Line 2024 County,53047,Okanogan,EXACT_CURRENT_FIPS,Exact Census FIPS; historical Census vintage used only where the i-Tree configuration refers to a retired county/county-equivalent.,13759.81222192768
ITC-3063,USA,Washington,Pacific,Pacific,US-FIPS:53049,Census TIGER/Line 2024 County,53049,Pacific,EXACT_CURRENT_FIPS,Exact Census FIPS; historical Census vintage used only where the i-Tree configuration refers to a retired county/county-equivalent.,3176.7186708106906
ITC-3064,USA,Washington,Pend Oreille,Pend Oreille,US-FIPS:53051,Census TIGER/Line 2024 County,53051,Pend Oreille,EXACT_CURRENT_FIPS,Exact Census FIPS; historical Census vintage used only where the i-Tree configuration refers to a retired county/county-equivalent.,3692.0240842508415
ITC-3065,USA,Washington,Pierce,Pierce,US-FIPS:53053,Census TIGER/Line 2024 County,53053,Pierce,EXACT_CURRENT_FIPS,Exact Census FIPS; historical Census vintage used only where the i-Tree configuration refers to a retired county/county-equivalent.,4676.201921457238
ITC-3066,USA,Washington,San Juan,San Juan,US-FIPS:53055,Census TIGER/Line 2024 County,53055,San Juan,EXACT_CURRENT_FIPS,Exact Census FIPS; historical Census vintage used only where the i-Tree configuration refers to a retired county/county-equivalent.,1607.9129424450668
ITC-3067,USA,Washington,Skagit,Skagit,US-FIPS:53057,Census TIGER/Line 2024 County,53057,Skagit,EXACT_CURRENT_FIPS,Exact Census FIPS; historical Census vintage used only where the i-Tree configuration refers to a retired county/county-equivalent.,4965.09893952331
ITC-3068,USA,Washington,Skamania,Skamania,US-FIPS:53059,Census TIGER/Line 2024 County,53059,Skamania,EXACT_CURRENT_FIPS,Exact Census FIPS; historical Census vintage used only where the i-Tree configuration refers to a retired county/county-equivalent.,4368.221805939937
ITC-3069,USA,Washington,Snohomish,Snohomish,US-FIPS:53061,Census TIGER/Line 2024 County,53061,Snohomish,EXACT_CURRENT_FIPS,Exact Census FIPS; historical Census vintage used only where the i-Tree configuration refers to a retired county/county-equivalent.,5686.971977066971
ITC-3070,USA,Washington,Spokane,Spokane,US-FIPS:53063,Census TIGER/Line 2024 County,53063,Spokane,EXACT_CURRENT_FIPS,Exact Census FIPS; historical Census vintage used only where the i-Tree configuration refers to a retired county/county-equivalent.,4612.726457403788
ITC-3071,USA,Washington,Stevens,Stevens,US-FIPS:53065,Census TIGER/Line 2024 County,53065,Stevens,EXACT_CURRENT_FIPS,Exact Census FIPS; historical Census vintage used only where the i-Tree configuration refers to a retired county/county-equivalent.,6578.60001137986
ITC-3072,USA,Washington,Thurston,Thurston,US-FIPS:53067,Census TIGER/Line 2024 County,53067,Thurston,EXACT_CURRENT_FIPS,Exact Census FIPS; historical Census vintage used only where the i-Tree configuration refers to a retired county/county-equivalent.,2004.884834082093
ITC-3073,USA,Washington,Wahkiakum,Wahkiakum,US-FIPS:53069,Census TIGER/Line 2024 County,53069,Wahkiakum,EXACT_CURRENT_FIPS,Exact Census FIPS; historical Census vintage used only where the i-Tree configuration refers to a retired county/county-equivalent.,742.5456270552274
ITC-3074,USA,Washington,Walla Walla,Walla Walla,US-FIPS:53071,Census TIGER/Line 2024 County,53071,Walla Walla,EXACT_CURRENT_FIPS,Exact Census FIPS; historical Census vintage used only where the i-Tree configuration refers to a retired county/county-equivalent.,3364.3031285969496
ITC-3075,USA,Washington,Whatcom,Whatcom,US-FIPS:53073,Census TIGER/Line 2024 County,53073,Whatcom,EXACT_CURRENT_FIPS,Exact Census FIPS; historical Census vintage used only where the i-Tree configuration refers to a retired county/county-equivalent.,6487.595962074064
ITC-3076,USA,Washington,Whitman,Whitman,US-FIPS:53075,Census TIGER/Line 2024 County,53075,Whitman,EXACT_CURRENT_FIPS,Exact Census FIPS; historical Census vintage used only where the i-Tree configuration refers to a retired county/county-equivalent.,5640.710584374936
ITC-3077,USA,Washington,Yakima,Yakima,US-FIPS:53077,Census TIGER/Line 2024 County,53077,Yakima,EXACT_CURRENT_FIPS,Exact Census FIPS; historical Census vintage used only where the i-Tree configuration refers to a retired county/county-equivalent.,11163.923626743988
ITC-3078,USA,West Virginia,Barbour,Barbour,US-FIPS:54001,Census TIGER/Line 2024 County,54001,Barbour,EXACT_CURRENT_FIPS,Exact Census FIPS; historical Census vintage used only where the i-Tree configuration refers to a retired county/county-equivalent.,887.9779510231464
ITC-3079,USA,West Virginia,Berkeley,Berkeley,US-FIPS:54003,Census TIGER/Line 2024 County,54003,Berkeley,EXACT_CURRENT_FIPS,Exact Census FIPS; historical Census vintage used only where the i-Tree configuration refers to a retired county/county-equivalent.,832.8285911476738
ITC-3080,USA,West Virginia,Boone,Boone,US-FIPS:54005,Census TIGER/Line 2024 County,54005,Boone,EXACT_CURRENT_FIPS,Exact Census FIPS; historical Census vintage used only where the i-Tree configuration refers to a retired county/county-equivalent.,1305.4393778527606
ITC-3081,USA,West Virginia,Braxton,Braxton,US-FIPS:54007,Census TIGER/Line 2024 County,54007,Braxton,EXACT_CURRENT_FIPS,Exact Census FIPS; historical Census vintage used only where the i-Tree configuration refers to a retired county/county-equivalent.,1337.1411082847371
ITC-3082,USA,West Virginia,Brooke,Brooke,US-FIPS:54009,Census TIGER/Line 2024 County,54009,Brooke,EXACT_CURRENT_FIPS,Exact Census FIPS; historical Census vintage used only where the i-Tree configuration refers to a retired county/county-equivalent.,239.74829133216136
ITC-3083,USA,West Virginia,Cabell,Cabell,US-FIPS:54011,Census TIGER/Line 2024 County,54011,Cabell,EXACT_CURRENT_FIPS,Exact Census FIPS; historical Census vintage used only where the i-Tree configuration refers to a retired county/county-equivalent.,745.9598422396721
ITC-3084,USA,West Virginia,Calhoun,Calhoun,US-FIPS:54013,Census TIGER/Line 2024 County,54013,Calhoun,EXACT_CURRENT_FIPS,Exact Census FIPS; historical Census vintage used only where the i-Tree configuration refers to a retired county/county-equivalent.,726.9571565129229
ITC-3085,USA,West Virginia,Clay,Clay,US-FIPS:54015,Census TIGER/Line 2024 County,54015,Clay,EXACT_CURRENT_FIPS,Exact Census FIPS; historical Census vintage used only where the i-Tree configuration refers to a retired county/county-equivalent.,890.4797893748901
ITC-3086,USA,West Virginia,Doddridge,Doddridge,US-FIPS:54017,Census TIGER/Line 2024 County,54017,Doddridge,EXACT_CURRENT_FIPS,Exact Census FIPS; historical Census vintage used only where the i-Tree configuration refers to a retired county/county-equivalent.,830.02904467633
ITC-3087,USA,West Virginia,Fayette,Fayette,US-FIPS:54019,Census TIGER/Line 2024 County,54019,Fayette,EXACT_CURRENT_FIPS,Exact Census FIPS; historical Census vintage used only where the i-Tree configuration refers to a retired county/county-equivalent.,1731.928281573572
ITC-3088,USA,West Virginia,Gilmer,Gilmer,US-FIPS:54021,Census TIGER/Line 2024 County,54021,Gilmer,EXACT_CURRENT_FIPS,Exact Census FIPS; historical Census vintage used only where the i-Tree configuration refers to a retired county/county-equivalent.,880.7998535195692
ITC-3089,USA,West Virginia,Grant,Grant,US-FIPS:54023,Census TIGER/Line 2024 County,54023,Grant,EXACT_CURRENT_FIPS,Exact Census FIPS; historical Census vintage used only where the i-Tree configuration refers to a retired county/county-equivalent.,1243.9339057126772
ITC-3090,USA,West Virginia,Greenbrier,Greenbrier,US-FIPS:54025,Census TIGER/Line 2024 County,54025,Greenbrier,EXACT_CURRENT_FIPS,Exact Census FIPS; historical Census vintage used only where the i-Tree configuration refers to a retired county/county-equivalent.,2653.454746485415
ITC-3091,USA,West Virginia,Hampshire,Hampshire,US-FIPS:54027,Census TIGER/Line 2024 County,54027,Hampshire,EXACT_CURRENT_FIPS,Exact Census FIPS; historical Census vintage used only where the i-Tree configuration refers to a retired county/county-equivalent.,1669.536636659589
ITC-3092,USA,West Virginia,Hancock,Hancock,US-FIPS:54029,Census TIGER/Line 2024 County,54029,Hancock,EXACT_CURRENT_FIPS,Exact Census FIPS; historical Census vintage used only where the i-Tree configuration refers to a retired county/county-equivalent.,227.836469855991
ITC-3093,USA,West Virginia,Hardy,Hardy,US-FIPS:54031,Census TIGER/Line 2024 County,54031,Hardy,EXACT_CURRENT_FIPS,Exact Census FIPS; historical Census vintage used only where the i-Tree configuration refers to a retired county/county-equivalent.,1513.8148000004983
ITC-3094,USA,West Virginia,Harrison,Harrison,US-FIPS:54033,Census TIGER/Line 2024 County,54033,Harrison,EXACT_CURRENT_FIPS,Exact Census FIPS; historical Census vintage used only where the i-Tree configuration refers to a retired county/county-equivalent.,1078.775296146196
ITC-3095,USA,West Virginia,Jackson,Jackson,US-FIPS:54035,Census TIGER/Line 2024 County,54035,Jackson,EXACT_CURRENT_FIPS,Exact Census FIPS; historical Census vintage used only where the i-Tree configuration refers to a retired county/county-equivalent.,1221.5143882599737
ITC-3096,USA,West Virginia,Jefferson,Jefferson,US-FIPS:54037,Census TIGER/Line 2024 County,54037,Jefferson,EXACT_CURRENT_FIPS,Exact Census FIPS; historical Census vintage used only where the i-Tree configuration refers to a retired county/county-equivalent.,548.223247578042
ITC-3097,USA,West Virginia,Kanawha,Kanawha,US-FIPS:54039,Census TIGER/Line 2024 County,54039,Kanawha,EXACT_CURRENT_FIPS,Exact Census FIPS; historical Census vintage used only where the i-Tree configuration refers to a retired county/county-equivalent.,2359.540884978789
ITC-3098,USA,West Virginia,Lewis,Lewis,US-FIPS:54041,Census TIGER/Line 2024 County,54041,Lewis,EXACT_CURRENT_FIPS,Exact Census FIPS; historical Census vintage used only where the i-Tree configuration refers to a retired county/county-equivalent.,1009.1806415740223
ITC-3099,USA,West Virginia,Lincoln,Lincoln,US-FIPS:54043,Census TIGER/Line 2024 County,54043,Lincoln,EXACT_CURRENT_FIPS,Exact Census FIPS; historical Census vintage used only where the i-Tree configuration refers to a retired county/county-equivalent.,1136.1192165677144
ITC-3100,USA,West Virginia,Logan,Logan,US-FIPS:54045,Census TIGER/Line 2024 County,54045,Logan,EXACT_CURRENT_FIPS,Exact Census FIPS; historical Census vintage used only where the i-Tree configuration refers to a retired county/county-equivalent.,1177.7030230987143
ITC-3101,USA,West Virginia,Marion,Marion,US-FIPS:54049,Census TIGER/Line 2024 County,54049,Marion,EXACT_CURRENT_FIPS,Exact Census FIPS; historical Census vintage used only where the i-Tree configuration refers to a retired county/county-equivalent.,806.8292583433278
ITC-3102,USA,West Virginia,Marshall,Marshall,US-FIPS:54051,Census TIGER/Line 2024 County,54051,Marshall,EXACT_CURRENT_FIPS,Exact Census FIPS; historical Census vintage used only where the i-Tree configuration refers to a retired county/county-equivalent.,808.4872127751207
ITC-3103,USA,West Virginia,Mason,Mason,US-FIPS:54053,Census TIGER/Line 2024 County,54053,Mason,EXACT_CURRENT_FIPS,Exact Census FIPS; historical Census vintage used only where the i-Tree configuration refers to a retired county/county-equivalent.,1151.8080348915862
ITC-3104,USA,West Virginia,McDowell,McDowell,US-FIPS:54047,Census TIGER/Line 2024 County,54047,McDowell,EXACT_CURRENT_FIPS,Exact Census FIPS; historical Census vintage used only where the i-Tree configuration refers to a retired county/county-equivalent.,1385.3806361348172
ITC-3105,USA,West Virginia,Mercer,Mercer,US-FIPS:54055,Census TIGER/Line 2024 County,54055,Mercer,EXACT_CURRENT_FIPS,Exact Census FIPS; historical Census vintage used only where the i-Tree configuration refers to a retired county/county-equivalent.,1089.5482940784955
ITC-3106,USA,West Virginia,Mineral,Mineral,US-FIPS:54057,Census TIGER/Line 2024 County,54057,Mineral,EXACT_CURRENT_FIPS,Exact Census FIPS; historical Census vintage used only where the i-Tree configuration refers to a retired county/county-equivalent.,852.676615209914
ITC-3107,USA,West Virginia,Mingo,Mingo,US-FIPS:54059,Census TIGER/Line 2024 County,54059,Mingo,EXACT_CURRENT_FIPS,Exact Census FIPS; historical Census vintage used only where the i-Tree configuration refers to a retired county/county-equivalent.,1098.0343252363618
ITC-3108,USA,West Virginia,Monongalia,Monongalia,US-FIPS:54061,Census TIGER/Line 2024 County,54061,Monongalia,EXACT_CURRENT_FIPS,Exact Census FIPS; historical Census vintage used only where the i-Tree configuration refers to a retired county/county-equivalent.,947.6246988339923
ITC-3109,USA,West Virginia,Monroe,Monroe,US-FIPS:54063,Census TIGER/Line 2024 County,54063,Monroe,EXACT_CURRENT_FIPS,Exact Census FIPS; historical Census vintage used only where the i-Tree configuration refers to a retired county/county-equivalent.,1226.7243513462315
ITC-3110,USA,West Virginia,Morgan,Morgan,US-FIPS:54065,Census TIGER/Line 2024 County,54065,Morgan,EXACT_CURRENT_FIPS,Exact Census FIPS; historical Census vintage used only where the i-Tree configuration refers to a retired county/county-equivalent.,594.6973835253388
ITC-3111,USA,West Virginia,Nicholas,Nicholas,US-FIPS:54067,Census TIGER/Line 2024 County,54067,Nicholas,EXACT_CURRENT_FIPS,Exact Census FIPS; historical Census vintage used only where the i-Tree configuration refers to a retired county/county-equivalent.,1694.6874381510065
ITC-3112,USA,West Virginia,Ohio,Ohio,US-FIPS:54069,Census TIGER/Line 2024 County,54069,Ohio,EXACT_CURRENT_FIPS,Exact Census FIPS; historical Census vintage used only where the i-Tree configuration refers to a retired county/county-equivalent.,282.36120547235754
ITC-3113,USA,West Virginia,Pendleton,Pendleton,US-FIPS:54071,Census TIGER/Line 2024 County,54071,Pendleton,EXACT_CURRENT_FIPS,Exact Census FIPS; historical Census vintage used only where the i-Tree configuration refers to a retired county/county-equivalent.,1808.188764495704
ITC-3114,USA,West Virginia,Pleasants,Pleasants,US-FIPS:54073,Census TIGER/Line 2024 County,54073,Pleasants,EXACT_CURRENT_FIPS,Exact Census FIPS; historical Census vintage used only where the i-Tree configuration refers to a retired county/county-equivalent.,348.4755560240865
ITC-3115,USA,West Virginia,Pocahontas,Pocahontas,US-FIPS:54075,Census TIGER/Line 2024 County,54075,Pocahontas,EXACT_CURRENT_FIPS,Exact Census FIPS; historical Census vintage used only where the i-Tree configuration refers to a retired county/county-equivalent.,2439.3009459096297
ITC-3116,USA,West Virginia,Preston,Preston,US-FIPS:54077,Census TIGER/Line 2024 County,54077,Preston,EXACT_CURRENT_FIPS,Exact Census FIPS; historical Census vintage used only where the i-Tree configuration refers to a retired county/county-equivalent.,1687.0882820550319
ITC-3117,USA,West Virginia,Putnam,Putnam,US-FIPS:54079,Census TIGER/Line 2024 County,54079,Putnam,EXACT_CURRENT_FIPS,Exact Census FIPS; historical Census vintage used only where the i-Tree configuration refers to a retired county/county-equivalent.,907.5294922907852
ITC-3118,USA,West Virginia,Raleigh,Raleigh,US-FIPS:54081,Census TIGER/Line 2024 County,54081,Raleigh,EXACT_CURRENT_FIPS,Exact Census FIPS; historical Census vintage used only where the i-Tree configuration refers to a retired county/county-equivalent.,1577.2543453679132
ITC-3119,USA,West Virginia,Randolph,Randolph,US-FIPS:54083,Census TIGER/Line 2024 County,54083,Randolph,EXACT_CURRENT_FIPS,Exact Census FIPS; historical Census vintage used only where the i-Tree configuration refers to a retired county/county-equivalent.,2693.4786203130766
ITC-3120,USA,West Virginia,Ritchie,Ritchie,US-FIPS:54085,Census TIGER/Line 2024 County,54085,Ritchie,EXACT_CURRENT_FIPS,Exact Census FIPS; historical Census vintage used only where the i-Tree configuration refers to a retired county/county-equivalent.,1175.0732319905667
ITC-3121,USA,West Virginia,Roane,Roane,US-FIPS:54087,Census TIGER/Line 2024 County,54087,Roane,EXACT_CURRENT_FIPS,Exact Census FIPS; historical Census vintage used only where the i-Tree configuration refers to a retired county/county-equivalent.,1252.827286430189
ITC-3122,USA,West Virginia,Summers,Summers,US-FIPS:54089,Census TIGER/Line 2024 County,54089,Summers,EXACT_CURRENT_FIPS,Exact Census FIPS; historical Census vintage used only where the i-Tree configuration refers to a retired county/county-equivalent.,952.4008142423016
ITC-3123,USA,West Virginia,Taylor,Taylor,US-FIPS:54091,Census TIGER/Line 2024 County,54091,Taylor,EXACT_CURRENT_FIPS,Exact Census FIPS; historical Census vintage used only where the i-Tree configuration refers to a retired county/county-equivalent.,455.00747086294734
ITC-3124,USA,West Virginia,Tucker,Tucker,US-FIPS:54093,Census TIGER/Line 2024 County,54093,Tucker,EXACT_CURRENT_FIPS,Exact Census FIPS; historical Census vintage used only where the i-Tree configuration refers to a retired county/county-equivalent.,1090.6239625593776
ITC-3125,USA,West Virginia,Tyler,Tyler,US-FIPS:54095,Census TIGER/Line 2024 County,54095,Tyler,EXACT_CURRENT_FIPS,Exact Census FIPS; historical Census vintage used only where the i-Tree configuration refers to a retired county/county-equivalent.,675.2010427564695
ITC-3126,USA,West Virginia,Upshur,Upshur,US-FIPS:54097,Census TIGER/Line 2024 County,54097,Upshur,EXACT_CURRENT_FIPS,Exact Census FIPS; historical Census vintage used only where the i-Tree configuration refers to a retired county/county-equivalent.,918.809599396876
ITC-3127,USA,West Virginia,Wayne,Wayne,US-FIPS:54099,Census TIGER/Line 2024 County,54099,Wayne,EXACT_CURRENT_FIPS,Exact Census FIPS; historical Census vintage used only where the i-Tree configuration refers to a retired county/county-equivalent.,1326.3652754013995
ITC-3128,USA,West Virginia,Webster,Webster,US-FIPS:54101,Census TIGER/Line 2024 County,54101,Webster,EXACT_CURRENT_FIPS,Exact Census FIPS; historical Census vintage used only where the i-Tree configuration refers to a retired county/county-equivalent.,1440.6270078887435
ITC-3129,USA,West Virginia,Wetzel,Wetzel,US-FIPS:54103,Census TIGER/Line 2024 County,54103,Wetzel,EXACT_CURRENT_FIPS,Exact Census FIPS; historical Census vintage used only where the i-Tree configuration refers to a retired county/county-equivalent.,935.8389948318736
ITC-3130,USA,West Virginia,Wirt,Wirt,US-FIPS:54105,Census TIGER/Line 2024 County,54105,Wirt,EXACT_CURRENT_FIPS,Exact Census FIPS; historical Census vintage used only where the i-Tree configuration refers to a retired county/county-equivalent.,608.0409380259383
ITC-3131,USA,West Virginia,Wood,Wood,US-FIPS:54107,Census TIGER/Line 2024 County,54107,Wood,EXACT_CURRENT_FIPS,Exact Census FIPS; historical Census vintage used only where the i-Tree configuration refers to a retired county/county-equivalent.,975.8209797150473
ITC-3132,USA,West Virginia,Wyoming,Wyoming,US-FIPS:54109,Census TIGER/Line 2024 County,54109,Wyoming,EXACT_CURRENT_FIPS,Exact Census FIPS; historical Census vintage used only where the i-Tree configuration refers to a retired county/county-equivalent.,1299.7042945510575
ITC-3133,USA,Wisconsin,Adams,Adams,US-FIPS:55001,Census TIGER/Line 2024 County,55001,Adams,EXACT_CURRENT_FIPS,Exact Census FIPS; historical Census vintage used only where the i-Tree configuration refers to a retired county/county-equivalent.,1780.56525842746
ITC-3134,USA,Wisconsin,Ashland,Ashland,US-FIPS:55003,Census TIGER/Line 2024 County,55003,Ashland,EXACT_CURRENT_FIPS,Exact Census FIPS; historical Census vintage used only where the i-Tree configuration refers to a retired county/county-equivalent.,5937.210549678567
ITC-3135,USA,Wisconsin,Barron,Barron,US-FIPS:55005,Census TIGER/Line 2024 County,55005,Barron,EXACT_CURRENT_FIPS,Exact Census FIPS; historical Census vintage used only where the i-Tree configuration refers to a retired county/county-equivalent.,2304.4755920175826
ITC-3136,USA,Wisconsin,Bayfield,Bayfield,US-FIPS:55007,Census TIGER/Line 2024 County,55007,Bayfield,EXACT_CURRENT_FIPS,Exact Census FIPS; historical Census vintage used only where the i-Tree configuration refers to a retired county/county-equivalent.,5287.91631624964
ITC-3137,USA,Wisconsin,Brown,Brown,US-FIPS:55009,Census TIGER/Line 2024 County,55009,Brown,EXACT_CURRENT_FIPS,Exact Census FIPS; historical Census vintage used only where the i-Tree configuration refers to a retired county/county-equivalent.,1594.7398729510735
ITC-3138,USA,Wisconsin,Buffalo,Buffalo,US-FIPS:55011,Census TIGER/Line 2024 County,55011,Buffalo,EXACT_CURRENT_FIPS,Exact Census FIPS; historical Census vintage used only where the i-Tree configuration refers to a retired county/county-equivalent.,1837.8397239490291
ITC-3139,USA,Wisconsin,Burnett,Burnett,US-FIPS:55013,Census TIGER/Line 2024 County,55013,Burnett,EXACT_CURRENT_FIPS,Exact Census FIPS; historical Census vintage used only where the i-Tree configuration refers to a retired county/county-equivalent.,2279.7719417539583
ITC-3140,USA,Wisconsin,Calumet,Calumet,US-FIPS:55015,Census TIGER/Line 2024 County,55015,Calumet,EXACT_CURRENT_FIPS,Exact Census FIPS; historical Census vintage used only where the i-Tree configuration refers to a retired county/county-equivalent.,1028.4259473037464
ITC-3141,USA,Wisconsin,Chippewa,Chippewa,US-FIPS:55017,Census TIGER/Line 2024 County,55017,Chippewa,EXACT_CURRENT_FIPS,Exact Census FIPS; historical Census vintage used only where the i-Tree configuration refers to a retired county/county-equivalent.,2696.861444185106
ITC-3142,USA,Wisconsin,Clark,Clark,US-FIPS:55019,Census TIGER/Line 2024 County,55019,Clark,EXACT_CURRENT_FIPS,Exact Census FIPS; historical Census vintage used only where the i-Tree configuration refers to a retired county/county-equivalent.,3156.3414203484504
ITC-3143,USA,Wisconsin,Columbia,Columbia,US-FIPS:55021,Census TIGER/Line 2024 County,55021,Columbia,EXACT_CURRENT_FIPS,Exact Census FIPS; historical Census vintage used only where the i-Tree configuration refers to a retired county/county-equivalent.,2061.5911723687586
ITC-3144,USA,Wisconsin,Crawford,Crawford,US-FIPS:55023,Census TIGER/Line 2024 County,55023,Crawford,EXACT_CURRENT_FIPS,Exact Census FIPS; historical Census vintage used only where the i-Tree configuration refers to a retired county/county-equivalent.,1551.9458948508932
ITC-3145,USA,Wisconsin,Dane,Dane,US-FIPS:55025,Census TIGER/Line 2024 County,55025,Dane,EXACT_CURRENT_FIPS,Exact Census FIPS; historical Census vintage used only where the i-Tree configuration refers to a retired county/county-equivalent.,3205.1164102068683
ITC-3146,USA,Wisconsin,Dodge,Dodge,US-FIPS:55027,Census TIGER/Line 2024 County,55027,Dodge,EXACT_CURRENT_FIPS,Exact Census FIPS; historical Census vintage used only where the i-Tree configuration refers to a retired county/county-equivalent.,2349.3811715833463
ITC-3147,USA,Wisconsin,Door,Door,US-FIPS:55029,Census TIGER/Line 2024 County,55029,Door,EXACT_CURRENT_FIPS,Exact Census FIPS; historical Census vintage used only where the i-Tree configuration refers to a retired county/county-equivalent.,6138.973586982525
ITC-3148,USA,Wisconsin,Douglas,Douglas,US-FIPS:55031,Census TIGER/Line 2024 County,55031,Douglas,EXACT_CURRENT_FIPS,Exact Census FIPS; historical Census vintage used only where the i-Tree configuration refers to a retired county/county-equivalent.,3832.319439941156
ITC-3149,USA,Wisconsin,Dunn,Dunn,US-FIPS:55033,Census TIGER/Line 2024 County,55033,Dunn,EXACT_CURRENT_FIPS,Exact Census FIPS; historical Census vintage used only where the i-Tree configuration refers to a retired county/county-equivalent.,2237.475630369055
ITC-3150,USA,Wisconsin,Eau Claire,Eau Claire,US-FIPS:55035,Census TIGER/Line 2024 County,55035,Eau Claire,EXACT_CURRENT_FIPS,Exact Census FIPS; historical Census vintage used only where the i-Tree configuration refers to a retired county/county-equivalent.,1671.0600331646228
ITC-3151,USA,Wisconsin,Florence,Florence,US-FIPS:55037,Census TIGER/Line 2024 County,55037,Florence,EXACT_CURRENT_FIPS,Exact Census FIPS; historical Census vintage used only where the i-Tree configuration refers to a retired county/county-equivalent.,1288.0890543445723
ITC-3152,USA,Wisconsin,Fond du Lac,Fond du Lac,US-FIPS:55039,Census TIGER/Line 2024 County,55039,Fond du Lac,EXACT_CURRENT_FIPS,Exact Census FIPS; historical Census vintage used only where the i-Tree configuration refers to a retired county/county-equivalent.,1983.5187283143673
ITC-3153,USA,Wisconsin,Forest,Forest,US-FIPS:55041,Census TIGER/Line 2024 County,55041,Forest,EXACT_CURRENT_FIPS,Exact Census FIPS; historical Census vintage used only where the i-Tree configuration refers to a retired county/county-equivalent.,2710.4737136351314
ITC-3154,USA,Wisconsin,Grant,Grant,US-FIPS:55043,Census TIGER/Line 2024 County,55043,Grant,EXACT_CURRENT_FIPS,Exact Census FIPS; historical Census vintage used only where the i-Tree configuration refers to a retired county/county-equivalent.,3064.9243222992927
ITC-3155,USA,Wisconsin,Green,Green,US-FIPS:55045,Census TIGER/Line 2024 County,55045,Green,EXACT_CURRENT_FIPS,Exact Census FIPS; historical Census vintage used only where the i-Tree configuration refers to a retired county/county-equivalent.,1513.9803871297927
ITC-3156,USA,Wisconsin,Green Lake,Green Lake,US-FIPS:55047,Census TIGER/Line 2024 County,55047,Green Lake,EXACT_CURRENT_FIPS,Exact Census FIPS; historical Census vintage used only where the i-Tree configuration refers to a retired county/county-equivalent.,984.5165783592162
ITC-3157,USA,Wisconsin,Iowa,Iowa,US-FIPS:55049,Census TIGER/Line 2024 County,55049,Iowa,EXACT_CURRENT_FIPS,Exact Census FIPS; historical Census vintage used only where the i-Tree configuration refers to a retired county/county-equivalent.,1989.250694234876
ITC-3158,USA,Wisconsin,Iron,Iron,US-FIPS:55051,Census TIGER/Line 2024 County,55051,Iron,EXACT_CURRENT_FIPS,Exact Census FIPS; historical Census vintage used only where the i-Tree configuration refers to a retired county/county-equivalent.,2380.6529745710823
ITC-3159,USA,Wisconsin,Jackson,Jackson,US-FIPS:55053,Census TIGER/Line 2024 County,55053,Jackson,EXACT_CURRENT_FIPS,Exact Census FIPS; historical Census vintage used only where the i-Tree configuration refers to a retired county/county-equivalent.,2591.2263968247144
ITC-3160,USA,Wisconsin,Jefferson,Jefferson,US-FIPS:55055,Census TIGER/Line 2024 County,55055,Jefferson,EXACT_CURRENT_FIPS,Exact Census FIPS; historical Census vintage used only where the i-Tree configuration refers to a retired county/county-equivalent.,1509.2943044649883
ITC-3161,USA,Wisconsin,Juneau,Juneau,US-FIPS:55057,Census TIGER/Line 2024 County,55057,Juneau,EXACT_CURRENT_FIPS,Exact Census FIPS; historical Census vintage used only where the i-Tree configuration refers to a retired county/county-equivalent.,2085.3683975271083
ITC-3162,USA,Wisconsin,Kenosha,Kenosha,US-FIPS:55059,Census TIGER/Line 2024 County,55059,Kenosha,EXACT_CURRENT_FIPS,Exact Census FIPS; historical Census vintage used only where the i-Tree configuration refers to a retired county/county-equivalent.,1952.9096267349903
ITC-3163,USA,Wisconsin,Kewaunee,Kewaunee,US-FIPS:55061,Census TIGER/Line 2024 County,55061,Kewaunee,EXACT_CURRENT_FIPS,Exact Census FIPS; historical Census vintage used only where the i-Tree configuration refers to a retired county/county-equivalent.,2808.2666698592598
ITC-3164,USA,Wisconsin,La Crosse,La Crosse,US-FIPS:55063,Census TIGER/Line 2024 County,55063,La Crosse,EXACT_CURRENT_FIPS,Exact Census FIPS; historical Census vintage used only where the i-Tree configuration refers to a retired county/county-equivalent.,1243.3254546169123
ITC-3165,USA,Wisconsin,Lafayette,Lafayette,US-FIPS:55065,Census TIGER/Line 2024 County,55065,Lafayette,EXACT_CURRENT_FIPS,Exact Census FIPS; historical Census vintage used only where the i-Tree configuration refers to a retired county/county-equivalent.,1643.5244787841923
ITC-3166,USA,Wisconsin,Langlade,Langlade,US-FIPS:55067,Census TIGER/Line 2024 County,55067,Langlade,EXACT_CURRENT_FIPS,Exact Census FIPS; historical Census vintage used only where the i-Tree configuration refers to a retired county/county-equivalent.,2299.3777776859342
ITC-3167,USA,Wisconsin,Lincoln,Lincoln,US-FIPS:55069,Census TIGER/Line 2024 County,55069,Lincoln,EXACT_CURRENT_FIPS,Exact Census FIPS; historical Census vintage used only where the i-Tree configuration refers to a retired county/county-equivalent.,2348.577853745211
ITC-3168,USA,Wisconsin,Manitowoc,Manitowoc,US-FIPS:55071,Census TIGER/Line 2024 County,55071,Manitowoc,EXACT_CURRENT_FIPS,Exact Census FIPS; historical Census vintage used only where the i-Tree configuration refers to a retired county/county-equivalent.,3869.6522579320135
ITC-3169,USA,Wisconsin,Marathon,Marathon,US-FIPS:55073,Census TIGER/Line 2024 County,55073,Marathon,EXACT_CURRENT_FIPS,Exact Census FIPS; historical Census vintage used only where the i-Tree configuration refers to a retired county/county-equivalent.,4082.6863027540726
ITC-3170,USA,Wisconsin,Marinette,Marinette,US-FIPS:55075,Census TIGER/Line 2024 County,55075,Marinette,EXACT_CURRENT_FIPS,Exact Census FIPS; historical Census vintage used only where the i-Tree configuration refers to a retired county/county-equivalent.,4014.4861072684757
ITC-3171,USA,Wisconsin,Marquette,Marquette,US-FIPS:55077,Census TIGER/Line 2024 County,55077,Marquette,EXACT_CURRENT_FIPS,Exact Census FIPS; historical Census vintage used only where the i-Tree configuration refers to a retired county/county-equivalent.,1202.9582858966057
ITC-3172,USA,Wisconsin,Menominee,Menominee,US-FIPS:55078,Census TIGER/Line 2024 County,55078,Menominee,EXACT_CURRENT_FIPS,Exact Census FIPS; historical Census vintage used only where the i-Tree configuration refers to a retired county/county-equivalent.,945.2386261161585
ITC-3173,USA,Wisconsin,Milwaukee,Milwaukee,US-FIPS:55079,Census TIGER/Line 2024 County,55079,Milwaukee,EXACT_CURRENT_FIPS,Exact Census FIPS; historical Census vintage used only where the i-Tree configuration refers to a retired county/county-equivalent.,3080.827781476604
ITC-3174,USA,Wisconsin,Monroe,Monroe,US-FIPS:55081,Census TIGER/Line 2024 County,55081,Monroe,EXACT_CURRENT_FIPS,Exact Census FIPS; historical Census vintage used only where the i-Tree configuration refers to a retired county/county-equivalent.,2351.9166889994303
ITC-3175,USA,Wisconsin,Oconto,Oconto,US-FIPS:55083,Census TIGER/Line 2024 County,55083,Oconto,EXACT_CURRENT_FIPS,Exact Census FIPS; historical Census vintage used only where the i-Tree configuration refers to a retired county/county-equivalent.,2975.504442784373
ITC-3176,USA,Wisconsin,Oneida,Oneida,US-FIPS:55085,Census TIGER/Line 2024 County,55085,Oneida,EXACT_CURRENT_FIPS,Exact Census FIPS; historical Census vintage used only where the i-Tree configuration refers to a retired county/county-equivalent.,3202.705980412344
ITC-3177,USA,Wisconsin,Outagamie,Outagamie,US-FIPS:55087,Census TIGER/Line 2024 County,55087,Outagamie,EXACT_CURRENT_FIPS,Exact Census FIPS; historical Census vintage used only where the i-Tree configuration refers to a retired county/county-equivalent.,1669.526909339322
ITC-3178,USA,Wisconsin,Ozaukee,Ozaukee,US-FIPS:55089,Census TIGER/Line 2024 County,55089,Ozaukee,EXACT_CURRENT_FIPS,Exact Census FIPS; historical Census vintage used only where the i-Tree configuration refers to a retired county/county-equivalent.,2890.910825077361
ITC-3179,USA,Wisconsin,Pepin,Pepin,US-FIPS:55091,Census TIGER/Line 2024 County,55091,Pepin,EXACT_CURRENT_FIPS,Exact Census FIPS; historical Census vintage used only where the i-Tree configuration refers to a retired county/county-equivalent.,644.1364568866815
ITC-3180,USA,Wisconsin,Pierce,Pierce,US-FIPS:55093,Census TIGER/Line 2024 County,55093,Pierce,EXACT_CURRENT_FIPS,Exact Census FIPS; historical Census vintage used only where the i-Tree configuration refers to a retired county/county-equivalent.,1535.1527482848237
ITC-3181,USA,Wisconsin,Polk,Polk,US-FIPS:55095,Census TIGER/Line 2024 County,55095,Polk,EXACT_CURRENT_FIPS,Exact Census FIPS; historical Census vintage used only where the i-Tree configuration refers to a retired county/county-equivalent.,2477.1035884495072
ITC-3182,USA,Wisconsin,Portage,Portage,US-FIPS:55097,Census TIGER/Line 2024 County,55097,Portage,EXACT_CURRENT_FIPS,Exact Census FIPS; historical Census vintage used only where the i-Tree configuration refers to a retired county/county-equivalent.,2131.087861131745
ITC-3183,USA,Wisconsin,Price,Price,US-FIPS:55099,Census TIGER/Line 2024 County,55099,Price,EXACT_CURRENT_FIPS,Exact Census FIPS; historical Census vintage used only where the i-Tree configuration refers to a retired county/county-equivalent.,3310.086984851631
ITC-3184,USA,Wisconsin,Racine,Racine,US-FIPS:55101,Census TIGER/Line 2024 County,55101,Racine,EXACT_CURRENT_FIPS,Exact Census FIPS; historical Census vintage used only where the i-Tree configuration refers to a retired county/county-equivalent.,2051.657191018172
ITC-3185,USA,Wisconsin,Richland,Richland,US-FIPS:55103,Census TIGER/Line 2024 County,55103,Richland,EXACT_CURRENT_FIPS,Exact Census FIPS; historical Census vintage used only where the i-Tree configuration refers to a retired county/county-equivalent.,1526.2732295925846
ITC-3186,USA,Wisconsin,Rock,Rock,US-FIPS:55105,Census TIGER/Line 2024 County,55105,Rock,EXACT_CURRENT_FIPS,Exact Census FIPS; historical Census vintage used only where the i-Tree configuration refers to a retired county/county-equivalent.,1880.7409790076701
ITC-3187,USA,Wisconsin,Rusk,Rusk,US-FIPS:55107,Census TIGER/Line 2024 County,55107,Rusk,EXACT_CURRENT_FIPS,Exact Census FIPS; historical Census vintage used only where the i-Tree configuration refers to a retired county/county-equivalent.,2410.905231015395
ITC-3188,USA,Wisconsin,Sauk,Sauk,US-FIPS:55111,Census TIGER/Line 2024 County,55111,Sauk,EXACT_CURRENT_FIPS,Exact Census FIPS; historical Census vintage used only where the i-Tree configuration refers to a retired county/county-equivalent.,2199.3786630179843
ITC-3189,USA,Wisconsin,Sawyer,Sawyer,US-FIPS:55113,Census TIGER/Line 2024 County,55113,Sawyer,EXACT_CURRENT_FIPS,Exact Census FIPS; historical Census vintage used only where the i-Tree configuration refers to a retired county/county-equivalent.,3497.10167836012
ITC-3190,USA,Wisconsin,Shawano,Shawano,US-FIPS:55115,Census TIGER/Line 2024 County,55115,Shawano,EXACT_CURRENT_FIPS,Exact Census FIPS; historical Census vintage used only where the i-Tree configuration refers to a retired county/county-equivalent.,2355.324976919821
ITC-3191,USA,Wisconsin,Sheboygan,Sheboygan,US-FIPS:55117,Census TIGER/Line 2024 County,55117,Sheboygan,EXACT_CURRENT_FIPS,Exact Census FIPS; historical Census vintage used only where the i-Tree configuration refers to a retired county/county-equivalent.,3292.517898832482
ITC-3192,USA,Wisconsin,St. Croix,St. Croix,US-FIPS:55109,Census TIGER/Line 2024 County,55109,St. Croix,EXACT_CURRENT_FIPS,Exact Census FIPS; historical Census vintage used only where the i-Tree configuration refers to a retired county/county-equivalent.,1904.1197572680735
ITC-3193,USA,Wisconsin,Taylor,Taylor,US-FIPS:55119,Census TIGER/Line 2024 County,55119,Taylor,EXACT_CURRENT_FIPS,Exact Census FIPS; historical Census vintage used only where the i-Tree configuration refers to a retired county/county-equivalent.,2550.0050474208283
ITC-3194,USA,Wisconsin,Trempealeau,Trempealeau,US-FIPS:55121,Census TIGER/Line 2024 County,55121,Trempealeau,EXACT_CURRENT_FIPS,Exact Census FIPS; historical Census vintage used only where the i-Tree configuration refers to a retired county/county-equivalent.,1921.7052746053655
ITC-3195,USA,Wisconsin,Vernon,Vernon,US-FIPS:55123,Census TIGER/Line 2024 County,55123,Vernon,EXACT_CURRENT_FIPS,Exact Census FIPS; historical Census vintage used only where the i-Tree configuration refers to a retired county/county-equivalent.,2114.426402777832
ITC-3196,USA,Wisconsin,Vilas,Vilas,US-FIPS:55125,Census TIGER/Line 2024 County,55125,Vilas,EXACT_CURRENT_FIPS,Exact Census FIPS; historical Census vintage used only where the i-Tree configuration refers to a retired county/county-equivalent.,2635.873184662959
ITC-3197,USA,Wisconsin,Walworth,Walworth,US-FIPS:55127,Census TIGER/Line 2024 County,55127,Walworth,EXACT_CURRENT_FIPS,Exact Census FIPS; historical Census vintage used only where the i-Tree configuration refers to a retired county/county-equivalent.,1493.3775114225737
ITC-3198,USA,Wisconsin,Washburn,Washburn,US-FIPS:55129,Census TIGER/Line 2024 County,55129,Washburn,EXACT_CURRENT_FIPS,Exact Census FIPS; historical Census vintage used only where the i-Tree configuration refers to a retired county/county-equivalent.,2210.0795597507304
ITC-3199,USA,Wisconsin,Washington,Washington,US-FIPS:55131,Census TIGER/Line 2024 County,55131,Washington,EXACT_CURRENT_FIPS,Exact Census FIPS; historical Census vintage used only where the i-Tree configuration refers to a retired county/county-equivalent.,1128.361546329764
ITC-3200,USA,Wisconsin,Waukesha,Waukesha,US-FIPS:55133,Census TIGER/Line 2024 County,55133,Waukesha,EXACT_CURRENT_FIPS,Exact Census FIPS; historical Census vintage used only where the i-Tree configuration refers to a retired county/county-equivalent.,1503.5874947055154
ITC-3201,USA,Wisconsin,Waupaca,Waupaca,US-FIPS:55135,Census TIGER/Line 2024 County,55135,Waupaca,EXACT_CURRENT_FIPS,Exact Census FIPS; historical Census vintage used only where the i-Tree configuration refers to a retired county/county-equivalent.,1981.7915436231951
ITC-3202,USA,Wisconsin,Waushara,Waushara,US-FIPS:55137,Census TIGER/Line 2024 County,55137,Waushara,EXACT_CURRENT_FIPS,Exact Census FIPS; historical Census vintage used only where the i-Tree configuration refers to a retired county/county-equivalent.,1650.8476398037076
ITC-3203,USA,Wisconsin,Winnebago,Winnebago,US-FIPS:55139,Census TIGER/Line 2024 County,55139,Winnebago,EXACT_CURRENT_FIPS,Exact Census FIPS; historical Census vintage used only where the i-Tree configuration refers to a retired county/county-equivalent.,1498.493235303074
ITC-3204,USA,Wisconsin,Wood,Wood,US-FIPS:55141,Census TIGER/Line 2024 County,55141,Wood,EXACT_CURRENT_FIPS,Exact Census FIPS; historical Census vintage used only where the i-Tree configuration refers to a retired county/county-equivalent.,2095.953116732929
ITC-3205,USA,Wyoming,Albany,Albany,US-FIPS:56001,Census TIGER/Line 2024 County,56001,Albany,EXACT_CURRENT_FIPS,Exact Census FIPS; historical Census vintage used only where the i-Tree configuration refers to a retired county/county-equivalent.,11159.61824189332
ITC-3206,USA,Wyoming,Big Horn,Big Horn,US-FIPS:56003,Census TIGER/Line 2024 County,56003,Big Horn,EXACT_CURRENT_FIPS,Exact Census FIPS; historical Census vintage used only where the i-Tree configuration refers to a retired county/county-equivalent.,8179.912033418038
ITC-3207,USA,Wyoming,Campbell,Campbell,US-FIPS:56005,Census TIGER/Line 2024 County,56005,Campbell,EXACT_CURRENT_FIPS,Exact Census FIPS; historical Census vintage used only where the i-Tree configuration refers to a retired county/county-equivalent.,12448.303806685592
ITC-3208,USA,Wyoming,Carbon,Carbon,US-FIPS:56007,Census TIGER/Line 2024 County,56007,Carbon,EXACT_CURRENT_FIPS,Exact Census FIPS; historical Census vintage used only where the i-Tree configuration refers to a retired county/county-equivalent.,20626.603949094748
ITC-3209,USA,Wyoming,Converse,Converse,US-FIPS:56009,Census TIGER/Line 2024 County,56009,Converse,EXACT_CURRENT_FIPS,Exact Census FIPS; historical Census vintage used only where the i-Tree configuration refers to a retired county/county-equivalent.,11046.455558949418
ITC-3210,USA,Wyoming,Crook,Crook,US-FIPS:56011,Census TIGER/Line 2024 County,56011,Crook,EXACT_CURRENT_FIPS,Exact Census FIPS; historical Census vintage used only where the i-Tree configuration refers to a retired county/county-equivalent.,7421.252846490237
ITC-3211,USA,Wyoming,Fremont,Fremont,US-FIPS:56013,Census TIGER/Line 2024 County,56013,Fremont,EXACT_CURRENT_FIPS,Exact Census FIPS; historical Census vintage used only where the i-Tree configuration refers to a retired county/county-equivalent.,23998.158289324456
ITC-3212,USA,Wyoming,Goshen,Goshen,US-FIPS:56015,Census TIGER/Line 2024 County,56015,Goshen,EXACT_CURRENT_FIPS,Exact Census FIPS; historical Census vintage used only where the i-Tree configuration refers to a retired county/county-equivalent.,5781.281595011331
ITC-3213,USA,Wyoming,Hot Springs,Hot Springs,US-FIPS:56017,Census TIGER/Line 2024 County,56017,Hot Springs,EXACT_CURRENT_FIPS,Exact Census FIPS; historical Census vintage used only where the i-Tree configuration refers to a retired county/county-equivalent.,5196.556688101951
ITC-3214,USA,Wyoming,Johnson,Johnson,US-FIPS:56019,Census TIGER/Line 2024 County,56019,Johnson,EXACT_CURRENT_FIPS,Exact Census FIPS; historical Census vintage used only where the i-Tree configuration refers to a retired county/county-equivalent.,10812.155437013384
ITC-3215,USA,Wyoming,Laramie,Laramie,US-FIPS:56021,Census TIGER/Line 2024 County,56021,Laramie,EXACT_CURRENT_FIPS,Exact Census FIPS; historical Census vintage used only where the i-Tree configuration refers to a retired county/county-equivalent.,6960.702524096914
ITC-3216,USA,Wyoming,Lincoln,Lincoln,US-FIPS:56023,Census TIGER/Line 2024 County,56023,Lincoln,EXACT_CURRENT_FIPS,Exact Census FIPS; historical Census vintage used only where the i-Tree configuration refers to a retired county/county-equivalent.,10605.021496851343
ITC-3217,USA,Wyoming,Natrona,Natrona,US-FIPS:56025,Census TIGER/Line 2024 County,56025,Natrona,EXACT_CURRENT_FIPS,Exact Census FIPS; historical Census vintage used only where the i-Tree configuration refers to a retired county/county-equivalent.,13922.899444981604
ITC-3218,USA,Wyoming,Niobrara,Niobrara,US-FIPS:56027,Census TIGER/Line 2024 County,56027,Niobrara,EXACT_CURRENT_FIPS,Exact Census FIPS; historical Census vintage used only where the i-Tree configuration refers to a retired county/county-equivalent.,6806.350708369562
ITC-3219,USA,Wyoming,Park,Park,US-FIPS:56029,Census TIGER/Line 2024 County,56029,Park,EXACT_CURRENT_FIPS,Exact Census FIPS; historical Census vintage used only where the i-Tree configuration refers to a retired county/county-equivalent.,18039.665772726938
ITC-3220,USA,Wyoming,Platte,Platte,US-FIPS:56031,Census TIGER/Line 2024 County,56031,Platte,EXACT_CURRENT_FIPS,Exact Census FIPS; historical Census vintage used only where the i-Tree configuration refers to a retired county/county-equivalent.,5467.057867462399
ITC-3221,USA,Wyoming,Sheridan,Sheridan,US-FIPS:56033,Census TIGER/Line 2024 County,56033,Sheridan,EXACT_CURRENT_FIPS,Exact Census FIPS; historical Census vintage used only where the i-Tree configuration refers to a retired county/county-equivalent.,6543.463755222638
ITC-3222,USA,Wyoming,Sublette,Sublette,US-FIPS:56035,Census TIGER/Line 2024 County,56035,Sublette,EXACT_CURRENT_FIPS,Exact Census FIPS; historical Census vintage used only where the i-Tree configuration refers to a retired county/county-equivalent.,12783.282592422485
ITC-3223,USA,Wyoming,Sweetwater,Sweetwater,US-FIPS:56037,Census TIGER/Line 2024 County,56037,Sweetwater,EXACT_CURRENT_FIPS,Exact Census FIPS; historical Census vintage used only where the i-Tree configuration refers to a retired county/county-equivalent.,27171.988167727384
ITC-3224,USA,Wyoming,Teton,Teton,US-FIPS:56039,Census TIGER/Line 2024 County,56039,Teton,EXACT_CURRENT_FIPS,Exact Census FIPS; historical Census vintage used only where the i-Tree configuration refers to a retired county/county-equivalent.,10922.648136492231
ITC-3225,USA,Wyoming,Uinta,Uinta,US-FIPS:56041,Census TIGER/Line 2024 County,56041,Uinta,EXACT_CURRENT_FIPS,Exact Census FIPS; historical Census vintage used only where the i-Tree configuration refers to a retired county/county-equivalent.,5408.257884358331
ITC-3226,USA,Wyoming,Washakie,Washakie,US-FIPS:56043,Census TIGER/Line 2024 County,56043,Washakie,EXACT_CURRENT_FIPS,Exact Census FIPS; historical Census vintage used only where the i-Tree configuration refers to a retired county/county-equivalent.,5808.568477956079
ITC-3227,USA,Wyoming,Weston,Weston,US-FIPS:56045,Census TIGER/Line 2024 County,56045,Weston,EXACT_CURRENT_FIPS,Exact Census FIPS; historical Census vintage used only where the i-Tree configuration refers to a retired county/county-equivalent.,6216.02930871566
ITC-3246,Sweden,Norra Sverige,Dalarnas lan,Dalarnas lan,SWE-ADM1-68755315:SE-W,geoBoundaries SWE ADM1 pinned 9469f09,68755315B20841454082156,Dalarnas län,EXACT_NORMALIZED_NAME,Pinned geoBoundaries snapshot.,30744.738400881026
ITC-3247,Sweden,Norra Sverige,Gavleborgs lan,Gavleborgs lan,SWE-ADM1-68755315:SE-X,geoBoundaries SWE ADM1 pinned 9469f09,68755315B40560830761561,Gävleborgs län,EXACT_NORMALIZED_NAME,Pinned geoBoundaries snapshot.,19640.511352776168
ITC-3248,Sweden,Norra Sverige,Jamtlands lan,Jamtlands lan,SWE-ADM1-68755315:SE-Z,geoBoundaries SWE ADM1 pinned 9469f09,68755315B77555777280839,Jämtlands län,EXACT_NORMALIZED_NAME,Pinned geoBoundaries snapshot.,54248.60685492983
ITC-3249,Sweden,Norra Sverige,Norrbottens lan,Norrbottens lan,SWE-ADM1-68755315:SE-BD,geoBoundaries SWE ADM1 pinned 9469f09,68755315B90281797632670,Norrbottens län,EXACT_NORMALIZED_NAME,Pinned geoBoundaries snapshot.,105655.15410618225
ITC-3250,Sweden,Norra Sverige,Varmlands lan,Varmlands lan,SWE-ADM1-68755315:SE-S,geoBoundaries SWE ADM1 pinned 9469f09,68755315B56925388039616,Värmlands län,EXACT_NORMALIZED_NAME,Pinned geoBoundaries snapshot.,21698.153472258407
ITC-3251,Sweden,Norra Sverige,Vasterbottens lan,Vasterbottens lan,SWE-ADM1-68755315:SE-AC,geoBoundaries SWE ADM1 pinned 9469f09,68755315B22015401421101,Västerbottens län,EXACT_NORMALIZED_NAME,Pinned geoBoundaries snapshot.,59527.920213687335
ITC-3252,Sweden,Norra Sverige,Vasternorrlands lan,Vasternorrlands lan,SWE-ADM1-68755315:SE-Y,geoBoundaries SWE ADM1 pinned 9469f09,68755315B42087740049136,Västernorrlands län,EXACT_NORMALIZED_NAME,Pinned geoBoundaries snapshot.,22315.16349308964
ITC-3253,Sweden,Ostra Sverige,Orebro lan,Orebro lan,SWE-ADM1-68755315:SE-T,geoBoundaries SWE ADM1 pinned 9469f09,68755315B32575645025153,Örebro län,EXACT_NORMALIZED_NAME,Pinned geoBoundaries snapshot.,9580.858905264613
ITC-3254,Sweden,Ostra Sverige,Ostergotlands lan,Ostergotlands lan,SWE-ADM1-68755315:SE-E,geoBoundaries SWE ADM1 pinned 9469f09,68755315B80953081303888,Östergötlands län,EXACT_NORMALIZED_NAME,Pinned geoBoundaries snapshot.,12025.474936446743
ITC-3255,Sweden,Ostra Sverige,Sodermanlands lan,Sodermanlands lan,SWE-ADM1-68755315:SE-D,geoBoundaries SWE ADM1 pinned 9469f09,68755315B98869091115359,Södermanlands län,EXACT_NORMALIZED_NAME,Pinned geoBoundaries snapshot.,7063.763435097118
ITC-3256,Sweden,Ostra Sverige,Stockholms lan,Stockholms lan,SWE-ADM1-68755315:SE-AB,geoBoundaries SWE ADM1 pinned 9469f09,68755315B30510620730039,Stockholms län,EXACT_NORMALIZED_NAME,Pinned geoBoundaries snapshot.,7024.1260949631305
ITC-3257,Sweden,Ostra Sverige,Uppsala lan,Uppsala lan,SWE-ADM1-68755315:SE-C,geoBoundaries SWE ADM1 pinned 9469f09,68755315B47712843770727,Uppsala län,EXACT_NORMALIZED_NAME,Pinned geoBoundaries snapshot.,8248.889057241555
ITC-3258,Sweden,Ostra Sverige,Vastmanlands lan,Vastmanlands lan,SWE-ADM1-68755315:SE-U,geoBoundaries SWE ADM1 pinned 9469f09,68755315B7109819079053,Västmanlands län,EXACT_NORMALIZED_NAME,Pinned geoBoundaries snapshot.,5607.438965659604
ITC-3259,Sweden,Sodra Sverige,Blekinge lan,Blekinge lan,SWE-ADM1-68755315:SE-K,geoBoundaries SWE ADM1 pinned 9469f09,68755315B81473328083601,Blekinge län,EXACT_NORMALIZED_NAME,Pinned geoBoundaries snapshot.,3120.3202242587913
ITC-3260,Sweden,Sodra Sverige,Gotlands lan,Gotlands lan,SWE-ADM1-68755315:SE-I,geoBoundaries SWE ADM1 pinned 9469f09,68755315B38650871956455,Gotlands län,EXACT_NORMALIZED_NAME,Pinned geoBoundaries snapshot.,3142.1098461368915
ITC-3261,Sweden,Sodra Sverige,Hallands lan,Hallands lan,SWE-ADM1-68755315:SE-N,geoBoundaries SWE ADM1 pinned 9469f09,68755315B55596512557513,Hallands län,EXACT_NORMALIZED_NAME,Pinned geoBoundaries snapshot.,5826.3173522003835
ITC-3262,Sweden,Sodra Sverige,Jonkopings lan,Jonkopings lan,SWE-ADM1-68755315:SE-F,geoBoundaries SWE ADM1 pinned 9469f09,68755315B59709318110176,Jönköpings län,EXACT_NORMALIZED_NAME,Pinned geoBoundaries snapshot.,11737.47234856708
ITC-3263,Sweden,Sodra Sverige,Kalmar lan,Kalmar lan,SWE-ADM1-68755315:SE-H,geoBoundaries SWE ADM1 pinned 9469f09,68755315B90115132982568,Kalmar län,EXACT_NORMALIZED_NAME,Pinned geoBoundaries snapshot.,11688.982908317743
ITC-3264,Sweden,Sodra Sverige,Kronobergs lan,Kronobergs lan,SWE-ADM1-68755315:SE-G,geoBoundaries SWE ADM1 pinned 9469f09,68755315B33676065986160,Kronobergs län,EXACT_NORMALIZED_NAME,Pinned geoBoundaries snapshot.,9396.977767653098
ITC-3265,Sweden,Sodra Sverige,Skane lan,Skane lan,SWE-ADM1-68755315:SE-M,geoBoundaries SWE ADM1 pinned 9469f09,68755315B47966181547850,Skåne län,EXACT_NORMALIZED_NAME,Pinned geoBoundaries snapshot.,11327.48022154711
ITC-3266,Sweden,Sodra Sverige,Vastra Gotalands lan,Vastra Gotalands lan,SWE-ADM1-68755315:SE-O,geoBoundaries SWE ADM1 pinned 9469f09,68755315B39536810599908,Västra Götalands län,EXACT_NORMALIZED_NAME,Pinned geoBoundaries snapshot.,28800.848029418572
ITC-3268,New Zealand,Bay of Plenty,Kawerau,Kawerau,NZL-ADM2-76426892:NZ-BOP|kawerau,geoBoundaries NZL ADM2 pinned 9469f09,76426892B43791511168362,Kawerau District,EXACT_TA_NORMALIZED_NAME,Territorial-authority name matched after administrative suffix normalization.,23.520321361653092
ITC-3270,New Zealand,Bay of Plenty,Rotorua,Rotorua,NZL-ADM2-76426892:NZ-BOP|rotorua,geoBoundaries NZL ADM2 pinned 9469f09,76426892B632863576138,Rotorua District,EXACT_TA_NORMALIZED_NAME,Territorial-authority name matched after administrative suffix normalization.,2615.74793136259
ITC-3271,New Zealand,Bay of Plenty,Tauranga City,Tauranga City,NZL-ADM2-76426892:NZ-BOP|tauranga-city,geoBoundaries NZL ADM2 pinned 9469f09,76426892B41625514987736,Tauranga City,EXACT_TA_NORMALIZED_NAME,Territorial-authority name matched after administrative suffix normalization.,136.97752019935118
ITC-3272,New Zealand,Bay of Plenty,Western Bay of Plenty,Western Bay of Plenty,NZL-ADM2-76426892:NZ-BOP|western-bay-of-plenty,geoBoundaries NZL ADM2 pinned 9469f09,76426892B94819834972279,Western Bay of Plenty District,EXACT_TA_NORMALIZED_NAME,Territorial-authority name matched after administrative suffix normalization.,1946.8992589576358
ITC-3273,New Zealand,Bay of Plenty,Whakatane,Whakatane,NZL-ADM2-76426892:NZ-BOP|whakatane,geoBoundaries NZL ADM2 pinned 9469f09,76426892B18513134445034,Whakatane District,EXACT_TA_NORMALIZED_NAME,Territorial-authority name matched after administrative suffix normalization.,4441.168729090816
ITC-3274,New Zealand,Canterbury,Ashburton,Ashburton,NZL-ADM2-76426892:NZ-CAN|ashburton,geoBoundaries NZL ADM2 pinned 9469f09,76426892B67490392619743,Ashburton District,EXACT_TA_NORMALIZED_NAME,Territorial-authority name matched after administrative suffix normalization.,6191.8099165954845
ITC-3275,New Zealand,Canterbury,Christchurch City,Christchurch City,NZL-ADM2-76426892:NZ-CAN|christchurch-city,geoBoundaries NZL ADM2 pinned 9469f09,76426892B12142127553015,Christchurch City,EXACT_TA_NORMALIZED_NAME,Territorial-authority name matched after administrative suffix normalization.,1486.2247977451248
ITC-3276,New Zealand,Canterbury,Hurunui,Hurunui,NZL-ADM2-76426892:NZ-CAN|hurunui,geoBoundaries NZL ADM2 pinned 9469f09,76426892B32484543258144,Hurunui District,EXACT_TA_NORMALIZED_NAME,Territorial-authority name matched after administrative suffix normalization.,8661.148919783192
ITC-3277,New Zealand,Canterbury,Kaikoura,Kaikoura,NZL-ADM2-76426892:NZ-CAN|kaikoura,geoBoundaries NZL ADM2 pinned 9469f09,76426892B84594849147158,Kaikoura District,EXACT_TA_NORMALIZED_NAME,Territorial-authority name matched after administrative suffix normalization.,2048.2973917206737
ITC-3278,New Zealand,Canterbury,Mackenzie,Mackenzie,NZL-ADM2-76426892:NZ-CAN|mackenzie,geoBoundaries NZL ADM2 pinned 9469f09,76426892B16622223508882,Mackenzie District,EXACT_TA_NORMALIZED_NAME,Territorial-authority name matched after administrative suffix normalization.,7440.557863617129
ITC-3279,New Zealand,Canterbury,Selwyn,Selwyn,NZL-ADM2-76426892:NZ-CAN|selwyn,geoBoundaries NZL ADM2 pinned 9469f09,76426892B38400120345954,Selwyn District,EXACT_TA_NORMALIZED_NAME,Territorial-authority name matched after administrative suffix normalization.,6556.612548316476
ITC-3280,New Zealand,Canterbury,Timaru,Timaru,NZL-ADM2-76426892:NZ-CAN|timaru,geoBoundaries NZL ADM2 pinned 9469f09,76426892B42496743885166,Timaru District,EXACT_TA_NORMALIZED_NAME,Territorial-authority name matched after administrative suffix normalization.,2732.99375805614
ITC-3281,New Zealand,Canterbury,Waimakariri,Waimakariri,NZL-ADM2-76426892:NZ-CAN|waimakariri,geoBoundaries NZL ADM2 pinned 9469f09,76426892B89827280876957,Waimakariri District,EXACT_TA_NORMALIZED_NAME,Territorial-authority name matched after administrative suffix normalization.,2218.7192687466277
ITC-3282,New Zealand,Canterbury,Waimate,Waimate,NZL-ADM2-76426892:NZ-CAN|waimate,geoBoundaries NZL ADM2 pinned 9469f09,76426892B45923139634861,Waimate District,EXACT_TA_NORMALIZED_NAME,Territorial-authority name matched after administrative suffix normalization.,3583.312391705
ITC-3283,New Zealand,Canterbury,Waitaki,Waitaki,NZL-ADM2-76426892:NZ-CAN|waitaki,geoBoundaries NZL ADM2 pinned 9469f09,76426892B29825208127723,Waitaki District,EXACT_TA_NORMALIZED_NAME,Territorial-authority name matched after administrative suffix normalization.,7213.699284637346
ITC-3284,New Zealand,Gisborne,Gisborne,Gisborne,NZL-ADM2-76426892:NZ-GIS|gisborne,geoBoundaries NZL ADM2 pinned 9469f09,76426892B94592608071475,Gisborne District,EXACT_TA_NORMALIZED_NAME,Territorial-authority name matched after administrative suffix normalization.,8353.62451982967
ITC-3285,New Zealand,Hawke's Bay,Central Hawke's Bay,Central Hawke's Bay,NZL-ADM2-76426892:NZ-HKB|central-hawke-s-bay,geoBoundaries NZL ADM2 pinned 9469f09,76426892B41441178851735,Central Hawke's Bay District,EXACT_TA_NORMALIZED_NAME,Territorial-authority name matched after administrative suffix normalization.,3328.4021961362632
ITC-3286,New Zealand,Hawke's Bay,Hastings,Hastings,NZL-ADM2-76426892:NZ-HKB|hastings,geoBoundaries NZL ADM2 pinned 9469f09,76426892B40769329119322,Hastings District,EXACT_TA_NORMALIZED_NAME,Territorial-authority name matched after administrative suffix normalization.,5218.219162563721
ITC-3287,New Zealand,Hawke's Bay,Napier City,Napier City,NZL-ADM2-76426892:NZ-HKB|napier-city,geoBoundaries NZL ADM2 pinned 9469f09,76426892B22916001519888,Napier City,EXACT_TA_NORMALIZED_NAME,Territorial-authority name matched after administrative suffix normalization.,104.84945900287138
ITC-3288,New Zealand,Hawke's Bay,Wairoa,Wairoa,NZL-ADM2-76426892:NZ-HKB|wairoa,geoBoundaries NZL ADM2 pinned 9469f09,76426892B8336521277252,Wairoa District,EXACT_TA_NORMALIZED_NAME,Territorial-authority name matched after administrative suffix normalization.,4119.806478235327
ITC-3289,New Zealand,Manawatū-Whanganui,Horowhenua,Horowhenua,NZL-ADM2-76426892:NZ-MWT|horowhenua,geoBoundaries NZL ADM2 pinned 9469f09,76426892B7250308358266,Horowhenua District,EXACT_TA_NORMALIZED_NAME,Territorial-authority name matched after administrative suffix normalization.,1063.7061088928403
ITC-3290,New Zealand,Manawatū-Whanganui,Manawatu,Manawatu,NZL-ADM2-76426892:NZ-MWT|manawatu,geoBoundaries NZL ADM2 pinned 9469f09,76426892B10896556014,Manawatu District,EXACT_TA_NORMALIZED_NAME,Territorial-authority name matched after administrative suffix normalization.,2565.273583605461
ITC-3291,New Zealand,Manawatū-Whanganui,Palmerston North City,Palmerston North City,NZL-ADM2-76426892:NZ-MWT|palmerston-north-city,geoBoundaries NZL ADM2 pinned 9469f09,76426892B89930780438599,Palmerston North City,EXACT_TA_NORMALIZED_NAME,Territorial-authority name matched after administrative suffix normalization.,394.5654413091332
ITC-3292,New Zealand,Manawatū-Whanganui,Rangitikei,Rangitikei,NZL-ADM2-76426892:NZ-MWT|rangitikei,geoBoundaries NZL ADM2 pinned 9469f09,76426892B73880124121288,Rangitikei District,EXACT_TA_NORMALIZED_NAME,Territorial-authority name matched after administrative suffix normalization.,4481.117952590064
ITC-3293,New Zealand,Manawatū-Whanganui,Ruapehu,Ruapehu,NZL-ADM2-76426892:NZ-MWT|ruapehu,geoBoundaries NZL ADM2 pinned 9469f09,76426892B73257627899839,Ruapehu District,EXACT_TA_NORMALIZED_NAME,Territorial-authority name matched after administrative suffix normalization.,6732.960972425453
ITC-3294,New Zealand,Manawatū-Whanganui,Tararua,Tararua,NZL-ADM2-76426892:NZ-MWT|tararua,geoBoundaries NZL ADM2 pinned 9469f09,76426892B74237617683232,Tararua District,EXACT_TA_NORMALIZED_NAME,Territorial-authority name matched after administrative suffix normalization.,4360.825516897256
ITC-3295,New Zealand,Manawatū-Whanganui,Whanganui,Whanganui,NZL-ADM2-76426892:NZ-MWT|whanganui,geoBoundaries NZL ADM2 pinned 9469f09,76426892B60533113586032,Whanganui District,EXACT_TA_NORMALIZED_NAME,Territorial-authority name matched after administrative suffix normalization.,2373.1943507872684
ITC-3296,New Zealand,Marlborough,Marlborough,Marlborough,NZL-ADM2-76426892:NZ-MBH|marlborough,geoBoundaries NZL ADM2 pinned 9469f09,76426892B14162355231744,Marlborough District,EXACT_TA_NORMALIZED_NAME,Territorial-authority name matched after administrative suffix normalization.,10478.217134563673
ITC-3297,New Zealand,Nelson,Nelson City,Nelson City,NZL-ADM2-76426892:NZ-NSN|nelson-city,geoBoundaries NZL ADM2 pinned 9469f09,76426892B89864020181471,Nelson City,EXACT_TA_NORMALIZED_NAME,Territorial-authority name matched after administrative suffix normalization.,422.518284815221
ITC-3298,New Zealand,Northland,Far North,Far North,NZL-ADM2-76426892:NZ-NTL|far-north,geoBoundaries NZL ADM2 pinned 9469f09,76426892B75799514296056,Far North District,EXACT_TA_NORMALIZED_NAME,Territorial-authority name matched after administrative suffix normalization.,6703.833797240558
ITC-3299,New Zealand,Northland,Kaipara,Kaipara,NZL-ADM2-76426892:NZ-NTL|kaipara,geoBoundaries NZL ADM2 pinned 9469f09,76426892B63494088345666,Kaipara District,EXACT_TA_NORMALIZED_NAME,Territorial-authority name matched after administrative suffix normalization.,3110.753372257816
ITC-3300,New Zealand,Northland,Whangarei,Whangarei,NZL-ADM2-76426892:NZ-NTL|whangarei,geoBoundaries NZL ADM2 pinned 9469f09,76426892B88537535922351,Whangarei District,EXACT_TA_NORMALIZED_NAME,Territorial-authority name matched after administrative suffix normalization.,2713.411865157989
ITC-3301,New Zealand,Otago,Central Otago,Central Otago,NZL-ADM2-76426892:NZ-OTA|central-otago,geoBoundaries NZL ADM2 pinned 9469f09,76426892B81213624592516,Central Otago District,EXACT_TA_NORMALIZED_NAME,Territorial-authority name matched after administrative suffix normalization.,9958.59264922184
ITC-3302,New Zealand,Otago,Clutha,Clutha,NZL-ADM2-76426892:NZ-OTA|clutha,geoBoundaries NZL ADM2 pinned 9469f09,76426892B1616776897166,Clutha District,EXACT_TA_NORMALIZED_NAME,Territorial-authority name matched after administrative suffix normalization.,6356.137164297663
ITC-3303,New Zealand,Otago,Dunedin City,Dunedin City,NZL-ADM2-76426892:NZ-OTA|dunedin-city,geoBoundaries NZL ADM2 pinned 9469f09,76426892B14381320629181,Dunedin City,EXACT_TA_NORMALIZED_NAME,Territorial-authority name matched after administrative suffix normalization.,3285.181812162317
ITC-3304,New Zealand,Otago,Queenstown-Lakes,Queenstown-Lakes,NZL-ADM2-76426892:NZ-OTA|queenstown-lakes,geoBoundaries NZL ADM2 pinned 9469f09,76426892B58919482239418,Queenstown-Lakes District,EXACT_TA_NORMALIZED_NAME,Territorial-authority name matched after administrative suffix normalization.,9357.646832683351
ITC-3305,New Zealand,Southland,Gore,Gore,NZL-ADM2-76426892:NZ-STL|gore,geoBoundaries NZL ADM2 pinned 9469f09,76426892B13163294507058,Gore District,EXACT_TA_NORMALIZED_NAME,Territorial-authority name matched after administrative suffix normalization.,1251.849491880418
ITC-3306,New Zealand,Southland,Invercargill City,Invercargill City,NZL-ADM2-76426892:NZ-STL|invercargill-city,geoBoundaries NZL ADM2 pinned 9469f09,76426892B89444897674661,Invercargill City,EXACT_TA_NORMALIZED_NAME,Territorial-authority name matched after administrative suffix normalization.,388.9776359155888
ITC-3307,New Zealand,Southland,Southland,Southland,NZL-ADM2-76426892:NZ-STL|southland,geoBoundaries NZL ADM2 pinned 9469f09,76426892B99609638104575,Southland District,EXACT_TA_NORMALIZED_NAME,Territorial-authority name matched after administrative suffix normalization.,30103.27215461396
ITC-3308,New Zealand,Taranaki,New Plymouth,New Plymouth,NZL-ADM2-76426892:NZ-TKI|new-plymouth,geoBoundaries NZL ADM2 pinned 9469f09,76426892B38653513639865,New Plymouth District,EXACT_TA_NORMALIZED_NAME,Territorial-authority name matched after administrative suffix normalization.,2206.5434374994575
ITC-3309,New Zealand,Taranaki,South Taranaki,South Taranaki,NZL-ADM2-76426892:NZ-TKI|south-taranaki,geoBoundaries NZL ADM2 pinned 9469f09,76426892B20989652719934,South Taranaki District,EXACT_TA_NORMALIZED_NAME,Territorial-authority name matched after administrative suffix normalization.,3576.5487607260357
ITC-3310,New Zealand,Taranaki,Stratford,Stratford,NZL-ADM2-76426892:NZ-TKI|stratford,geoBoundaries NZL ADM2 pinned 9469f09,76426892B63659956028788,Stratford District,EXACT_TA_NORMALIZED_NAME,Territorial-authority name matched after administrative suffix normalization.,2164.08245864562
ITC-3311,New Zealand,Tasman,Tasman,Tasman,NZL-ADM2-76426892:NZ-TAS|tasman,geoBoundaries NZL ADM2 pinned 9469f09,76426892B40420864534448,Tasman District,EXACT_TA_NORMALIZED_NAME,Territorial-authority name matched after administrative suffix normalization.,9657.344212998467
ITC-3312,New Zealand,Waikato,Hamilton City,Hamilton City,NZL-ADM2-76426892:NZ-WKO|hamilton-city,geoBoundaries NZL ADM2 pinned 9469f09,76426892B9049934298416,Hamilton City,EXACT_TA_NORMALIZED_NAME,Territorial-authority name matched after administrative suffix normalization.,110.91512892714593
ITC-3313,New Zealand,Waikato,Hauraki,Hauraki,NZL-ADM2-76426892:NZ-WKO|hauraki,geoBoundaries NZL ADM2 pinned 9469f09,76426892B20926799897700,Hauraki District,EXACT_TA_NORMALIZED_NAME,Territorial-authority name matched after administrative suffix normalization.,1269.4644203242096
ITC-3314,New Zealand,Waikato,Matamata-Piako,Matamata-Piako,NZL-ADM2-76426892:NZ-WKO|matamata-piako,geoBoundaries NZL ADM2 pinned 9469f09,76426892B60758051011646,Matamata-Piako District,EXACT_TA_NORMALIZED_NAME,Territorial-authority name matched after administrative suffix normalization.,1754.3690413778982
ITC-3315,New Zealand,Waikato,Ōtorohanga,Ōtorohanga,NZL-ADM2-76426892:NZ-WKO|otorohanga,geoBoundaries NZL ADM2 pinned 9469f09,76426892B74267582170982,Åtorohanga District,EXACT_TA_NORMALIZED_NAME,Territorial-authority name matched after administrative suffix normalization.,1998.773855208593
ITC-3316,New Zealand,Waikato,South Waikato,South Waikato,NZL-ADM2-76426892:NZ-WKO|south-waikato,geoBoundaries NZL ADM2 pinned 9469f09,76426892B10420121574176,South Waikato District,EXACT_TA_NORMALIZED_NAME,Territorial-authority name matched after administrative suffix normalization.,1817.500368919807
ITC-3317,New Zealand,Waikato,Taupo,Taupo,NZL-ADM2-76426892:NZ-WKO|taupo,geoBoundaries NZL ADM2 pinned 9469f09,76426892B49452595685205,Taupo District,EXACT_TA_NORMALIZED_NAME,Territorial-authority name matched after administrative suffix normalization.,6957.263486481941
ITC-3318,New Zealand,Waikato,Thames-Coromandel,Thames-Coromandel,NZL-ADM2-76426892:NZ-WKO|thames-coromandel,geoBoundaries NZL ADM2 pinned 9469f09,76426892B50034078290765,Thames-Coromandel District,EXACT_TA_NORMALIZED_NAME,Territorial-authority name matched after administrative suffix normalization.,2206.511649668938
ITC-3319,New Zealand,Waikato,Waikato,Waikato,NZL-ADM2-76426892:NZ-WKO|waikato,geoBoundaries NZL ADM2 pinned 9469f09,76426892B94157809900768,Waikato District,EXACT_TA_NORMALIZED_NAME,Territorial-authority name matched after administrative suffix normalization.,4450.970638563614
ITC-3320,New Zealand,Waikato,Waipa,Waipa,NZL-ADM2-76426892:NZ-WKO|waipa,geoBoundaries NZL ADM2 pinned 9469f09,76426892B28277932455235,Waipa District,EXACT_TA_NORMALIZED_NAME,Territorial-authority name matched after administrative suffix normalization.,1469.6259126224377
ITC-3321,New Zealand,Waikato,Waitomo,Waitomo,NZL-ADM2-76426892:NZ-WKO|waitomo,geoBoundaries NZL ADM2 pinned 9469f09,76426892B29950050378985,Waitomo District,EXACT_TA_NORMALIZED_NAME,Territorial-authority name matched after administrative suffix normalization.,3534.9518480080683
ITC-3322,New Zealand,Wellington,Carterton,Carterton,NZL-ADM2-76426892:NZ-WGN|carterton,geoBoundaries NZL ADM2 pinned 9469f09,76426892B89020441057678,Carterton District,EXACT_TA_NORMALIZED_NAME,Territorial-authority name matched after administrative suffix normalization.,1179.4415889508455
ITC-3323,New Zealand,Wellington,Kapiti Coast,Kapiti Coast,NZL-ADM2-76426892:NZ-WGN|kapiti-coast,geoBoundaries NZL ADM2 pinned 9469f09,76426892B40296921759207,Kapiti Coast District,EXACT_TA_NORMALIZED_NAME,Territorial-authority name matched after administrative suffix normalization.,731.5004909756966
ITC-3324,New Zealand,Wellington,Lower Hutt City,Lower Hutt City,NZL-ADM2-76426892:NZ-WGN|lower-hutt-city,geoBoundaries NZL ADM2 pinned 9469f09,76426892B69033052068966,Lower Hutt City,EXACT_TA_NORMALIZED_NAME,Territorial-authority name matched after administrative suffix normalization.,376.4559643844615
ITC-3325,New Zealand,Wellington,Masterton,Masterton,NZL-ADM2-76426892:NZ-WGN|masterton,geoBoundaries NZL ADM2 pinned 9469f09,76426892B14950908560920,Masterton District,EXACT_TA_NORMALIZED_NAME,Territorial-authority name matched after administrative suffix normalization.,2298.6951252340605
ITC-3326,New Zealand,Wellington,Porirua City,Porirua City,NZL-ADM2-76426892:NZ-WGN|porirua-city,geoBoundaries NZL ADM2 pinned 9469f09,76426892B55441287291699,Porirua City,EXACT_TA_NORMALIZED_NAME,Territorial-authority name matched after administrative suffix normalization.,174.84468500819554
ITC-3327,New Zealand,Wellington,South Wairarapa,South Wairarapa,NZL-ADM2-76426892:NZ-WGN|south-wairarapa,geoBoundaries NZL ADM2 pinned 9469f09,76426892B24718175617028,South Wairarapa District,EXACT_TA_NORMALIZED_NAME,Territorial-authority name matched after administrative suffix normalization.,2457.3701123016067
ITC-3328,New Zealand,Wellington,Upper Hutt City,Upper Hutt City,NZL-ADM2-76426892:NZ-WGN|upper-hutt-city,geoBoundaries NZL ADM2 pinned 9469f09,76426892B70069822471948,Upper Hutt City,EXACT_TA_NORMALIZED_NAME,Territorial-authority name matched after administrative suffix normalization.,539.8877985833477
ITC-3329,New Zealand,Wellington,Wellington City,Wellington City,NZL-ADM2-76426892:NZ-WGN|wellington-city,geoBoundaries NZL ADM2 pinned 9469f09,76426892B25406189221199,Wellington City,EXACT_TA_NORMALIZED_NAME,Territorial-authority name matched after administrative suffix normalization.,289.98753253038024
ITC-3330,New Zealand,West Coast,Buller,Buller,NZL-ADM2-76426892:NZ-WTC|buller,geoBoundaries NZL ADM2 pinned 9469f09,76426892B83106555775362,Buller District,EXACT_TA_NORMALIZED_NAME,Territorial-authority name matched after administrative suffix normalization.,7948.320531766932
ITC-3331,New Zealand,West Coast,Grey,Grey,NZL-ADM2-76426892:NZ-WTC|grey,geoBoundaries NZL ADM2 pinned 9469f09,76426892B91014587529392,Grey District,EXACT_TA_NORMALIZED_NAME,Territorial-authority name matched after administrative suffix normalization.,3517.197858195397
ITC-3332,New Zealand,West Coast,Westland,Westland,NZL-ADM2-76426892:NZ-WTC|westland,geoBoundaries NZL ADM2 pinned 9469f09,76426892B53697269366586,Westland District,EXACT_TA_NORMALIZED_NAME,Territorial-authority name matched after administrative suffix normalization.,11852.569865779024
ITC-3267,New Zealand,Auckland,Auckland,Auckland,NZL-ADM2-76426892:NZ-AUK|auckland,geoBoundaries NZL ADM1 pinned 9469f09,40311993B8827335688438,Auckland Region,NZ_AUCKLAND_UNITARY_AUTHORITY_ADM1,Auckland is a unitary authority; the corresponding Auckland regional polygon is used.,4943.661769265374
ITC-3269,New Zealand,Bay of Plenty,Ōpōtiki,Ōpōtiki,NZL-ADM2-76426892:NZ-BOP|opotiki,Bay of Plenty Regional Council / Statistics NZ Territorial Authority Boundaries,19,Ōpōtiki District,EXACT_NZ_TA_OBJECTID,Official territorial-authority feature identified by exact name and fetched by OBJECTID.,3090.829429624934
ITC-3333,Korea,Busan,Buk-gu,Buk-gu,KOR-ADM2-91817680:KR-26|buk-gu,Statistics Korea SGIS 2020 administrative boundary,KR-26:21080,북구,PASS3_GEOMETRY_TO_SGIS_IOU,SGIS 2020 static mirror commit d5f8ea3208f19a73a01f865847d20cc195ae91ba; anchor IoU=0.803,39.650688795432465
ITC-3334,Korea,Busan,Busanjin-gu,Busanjin-gu,KOR-ADM2-91817680:KR-26|busanjin-gu,Statistics Korea SGIS 2020 administrative boundary,KR-26:21050,부산진구,PASS3_GEOMETRY_TO_SGIS_IOU,SGIS 2020 static mirror commit d5f8ea3208f19a73a01f865847d20cc195ae91ba; anchor IoU=0.491,29.834943493196313
ITC-3335,Korea,Busan,Dong-gu,Dong-gu,KOR-ADM2-91817680:KR-26|dong-gu,Statistics Korea SGIS 2020 administrative boundary,KR-26:21030,동구,PASS3_GEOMETRY_TO_SGIS_IOU,SGIS 2020 static mirror commit d5f8ea3208f19a73a01f865847d20cc195ae91ba; anchor IoU=0.601,10.07402526102053
ITC-3336,Korea,Busan,Dongnae-gu,Dongnae-gu,KOR-ADM2-91817680:KR-26|dongnae-gu,Statistics Korea SGIS 2020 administrative boundary,KR-26:21060,동래구,PASS3_GEOMETRY_TO_SGIS_IOU,SGIS 2020 static mirror commit d5f8ea3208f19a73a01f865847d20cc195ae91ba; anchor IoU=0.569,16.658793672267592
ITC-3337,Korea,Busan,Gangseo-gu,Gangseo-gu,KOR-ADM2-91817680:KR-26|gangseo-gu,Statistics Korea SGIS 2020 administrative boundary,KR-26:21120,강서구,EXACT_KOREAN_TITLE,SGIS 2020 static mirror commit d5f8ea3208f19a73a01f865847d20cc195ae91ba; exact/residual one-to-one assignment,185.8678347965601
ITC-3338,Korea,Busan,Geumjeong-gu,Geumjeong-gu,KOR-ADM2-91817680:KR-26|geumjeong-gu,Statistics Korea SGIS 2020 administrative boundary,KR-26:21110,금정구,PASS3_GEOMETRY_TO_SGIS_IOU,SGIS 2020 static mirror commit d5f8ea3208f19a73a01f865847d20cc195ae91ba; anchor IoU=0.809,65.75896541980524
ITC-3339,Korea,Busan,Gijang-gun,Gijang-gun,KOR-ADM2-91817680:KR-26|gijang-gun,Statistics Korea SGIS 2020 administrative boundary,KR-26:21310,기장군,EXACT_KOREAN_TITLE,SGIS 2020 static mirror commit d5f8ea3208f19a73a01f865847d20cc195ae91ba; exact/residual one-to-one assignment,219.25827276554284
ITC-3340,Korea,Busan,Haeundae-gu,Haeundae-gu,KOR-ADM2-91817680:KR-26|haeundae-gu,Statistics Korea SGIS 2020 administrative boundary,KR-26:21090,해운대구,PASS3_GEOMETRY_TO_SGIS_IOU,SGIS 2020 static mirror commit d5f8ea3208f19a73a01f865847d20cc195ae91ba; anchor IoU=0.789,52.17010293972811
ITC-3341,Korea,Busan,Jung-gu,Jung-gu,KOR-ADM2-91817680:KR-26|jung-gu,Statistics Korea SGIS 2020 administrative boundary,KR-26:21010,중구,PASS3_GEOMETRY_TO_SGIS_IOU,SGIS 2020 static mirror commit d5f8ea3208f19a73a01f865847d20cc195ae91ba; anchor IoU=0.525,3.017846080903272
ITC-3342,Korea,Busan,Nam-gu,Nam-gu,KOR-ADM2-91817680:KR-26|nam-gu,Statistics Korea SGIS 2020 administrative boundary,KR-26:21070,남구,PASS3_GEOMETRY_TO_SGIS_IOU,SGIS 2020 static mirror commit d5f8ea3208f19a73a01f865847d20cc195ae91ba; anchor IoU=0.884,27.186366024578202
ITC-3343,Korea,Busan,Saha-gu,Saha-gu,KOR-ADM2-91817680:KR-26|saha-gu,Statistics Korea SGIS 2020 administrative boundary,KR-26:21100,사하구,PASS3_GEOMETRY_TO_SGIS_IOU,SGIS 2020 static mirror commit d5f8ea3208f19a73a01f865847d20cc195ae91ba; anchor IoU=0.755,47.301217843904446
ITC-3344,Korea,Busan,Sasang-gu,Sasang-gu,KOR-ADM2-91817680:KR-26|sasang-gu,Statistics Korea SGIS 2020 administrative boundary,KR-26:21150,사상구,PASS3_GEOMETRY_TO_SGIS_IOU,SGIS 2020 static mirror commit d5f8ea3208f19a73a01f865847d20cc195ae91ba; anchor IoU=0.780,36.17671936321299
ITC-3345,Korea,Busan,Seo-gu,Seo-gu,KOR-ADM2-91817680:KR-26|seo-gu,Statistics Korea SGIS 2020 administrative boundary,KR-26:21020,서구,PASS3_GEOMETRY_TO_SGIS_IOU,SGIS 2020 static mirror commit d5f8ea3208f19a73a01f865847d20cc195ae91ba; anchor IoU=0.659,14.133059641381188
ITC-3346,Korea,Busan,Suyeong-gu,Suyeong-gu,KOR-ADM2-91817680:KR-26|suyeong-gu,Statistics Korea SGIS 2020 administrative boundary,KR-26:21140,수영구,PASS3_GEOMETRY_TO_SGIS_IOU,SGIS 2020 static mirror commit d5f8ea3208f19a73a01f865847d20cc195ae91ba; anchor IoU=0.663,10.333482170836104
ITC-3347,Korea,Busan,Yeongdo-gu,Yeongdo-gu,KOR-ADM2-91817680:KR-26|yeongdo-gu,Statistics Korea SGIS 2020 administrative boundary,KR-26:21040,영도구,EXACT_KOREAN_TITLE,SGIS 2020 static mirror commit d5f8ea3208f19a73a01f865847d20cc195ae91ba; exact/residual one-to-one assignment,14.712185377817024
ITC-3348,Korea,Busan,Yeonje-gu,Yeonje-gu,KOR-ADM2-91817680:KR-26|yeonje-gu,Statistics Korea SGIS 2020 administrative boundary,KR-26:21130,연제구,PASS3_GEOMETRY_TO_SGIS_IOU,SGIS 2020 static mirror commit d5f8ea3208f19a73a01f865847d20cc195ae91ba; anchor IoU=0.378,12.132972067974054
ITC-3349,Korea,Chungcheongbuk-do,Boeun-gun,Boeun-gun,KOR-ADM2-91817680:KR-43|boeun-gun,Statistics Korea SGIS 2020 administrative boundary,KR-43:33320,보은군,PASS3_GEOMETRY_TO_SGIS_IOU,SGIS 2020 static mirror commit d5f8ea3208f19a73a01f865847d20cc195ae91ba; anchor IoU=0.881,584.0274615977211
ITC-3350,Korea,Chungcheongbuk-do,Cheongju-si,Cheongju-si,KOR-ADM2-91817680:KR-43|cheongju-si,Statistics Korea SGIS 2020 administrative boundary,KR-43:33041,청주시 상당구,PASS3_GEOMETRY_TO_SGIS_IOU,SGIS 2020 static mirror commit d5f8ea3208f19a73a01f865847d20cc195ae91ba; anchor IoU=0.407,403.05408516000716
ITC-3351,Korea,Chungcheongbuk-do,Chungju-si,Chungju-si,KOR-ADM2-91817680:KR-43|chungju-si,Statistics Korea SGIS 2020 administrative boundary,KR-43:33020,충주시,PASS3_GEOMETRY_TO_SGIS_IOU,SGIS 2020 static mirror commit d5f8ea3208f19a73a01f865847d20cc195ae91ba; anchor IoU=0.911,981.5266444056145
ITC-3352,Korea,Chungcheongbuk-do,Danyang-gun,Danyang-gun,KOR-ADM2-91817680:KR-43|danyang-gun,Statistics Korea SGIS 2020 administrative boundary,KR-43:33380,단양군,PASS3_GEOMETRY_TO_SGIS_IOU,SGIS 2020 static mirror commit d5f8ea3208f19a73a01f865847d20cc195ae91ba; anchor IoU=0.897,780.3718102322101
ITC-3353,Korea,Chungcheongbuk-do,Eumseong-gun,Eumseong-gun,KOR-ADM2-91817680:KR-43|eumseong-gun,Statistics Korea SGIS 2020 administrative boundary,KR-43:33370,음성군,PASS3_GEOMETRY_TO_SGIS_IOU,SGIS 2020 static mirror commit d5f8ea3208f19a73a01f865847d20cc195ae91ba; anchor IoU=0.853,519.610885599993
ITC-3354,Korea,Chungcheongbuk-do,Goesan-gun,Goesan-gun,KOR-ADM2-91817680:KR-43|goesan-gun,Statistics Korea SGIS 2020 administrative boundary,KR-43:33360,괴산군,PASS3_GEOMETRY_TO_SGIS_IOU,SGIS 2020 static mirror commit d5f8ea3208f19a73a01f865847d20cc195ae91ba; anchor IoU=0.886,841.9865048686652
ITC-3355,Korea,Chungcheongbuk-do,Jecheon-si,Jecheon-si,KOR-ADM2-91817680:KR-43|jecheon-si,Statistics Korea SGIS 2020 administrative boundary,KR-43:33030,제천시,PASS3_GEOMETRY_TO_SGIS_IOU,SGIS 2020 static mirror commit d5f8ea3208f19a73a01f865847d20cc195ae91ba; anchor IoU=0.884,882.4968726167482
ITC-3356,Korea,Chungcheongbuk-do,Jeungpyeong-gun,Jeungpyeong-gun,KOR-ADM2-91817680:KR-43|jeungpyeong-gun,Statistics Korea SGIS 2020 administrative boundary,KR-43:33390,증평군,PASS3_GEOMETRY_TO_SGIS_IOU,SGIS 2020 static mirror commit d5f8ea3208f19a73a01f865847d20cc195ae91ba; anchor IoU=0.740,81.7053972140084
ITC-3357,Korea,Chungcheongbuk-do,Jincheon-gun,Jincheon-gun,KOR-ADM2-91817680:KR-43|jincheon-gun,Statistics Korea SGIS 2020 administrative boundary,KR-43:33350,진천군,PASS3_GEOMETRY_TO_SGIS_IOU,SGIS 2020 static mirror commit d5f8ea3208f19a73a01f865847d20cc195ae91ba; anchor IoU=0.867,408.26590910641636
ITC-3358,Korea,Chungcheongbuk-do,Okcheon-gun,Okcheon-gun,KOR-ADM2-91817680:KR-43|okcheon-gun,Statistics Korea SGIS 2020 administrative boundary,KR-43:33330,옥천군,PASS3_GEOMETRY_TO_SGIS_IOU,SGIS 2020 static mirror commit d5f8ea3208f19a73a01f865847d20cc195ae91ba; anchor IoU=0.887,541.6081973949322
ITC-3359,Korea,Chungcheongbuk-do,Yeongdong-gun,Yeongdong-gun,KOR-ADM2-91817680:KR-43|yeongdong-gun,Statistics Korea SGIS 2020 administrative boundary,KR-43:33340,영동군,PASS3_GEOMETRY_TO_SGIS_IOU,SGIS 2020 static mirror commit d5f8ea3208f19a73a01f865847d20cc195ae91ba; anchor IoU=0.921,852.602037861231
ITC-3360,Korea,Chungcheongnam-do,Asan-si,Asan-si,KOR-ADM2-91817680:KR-44|asan-si,Statistics Korea SGIS 2020 administrative boundary,KR-44:34040,아산시,PASS3_GEOMETRY_TO_SGIS_IOU,SGIS 2020 static mirror commit d5f8ea3208f19a73a01f865847d20cc195ae91ba; anchor IoU=0.890,543.3244952027799
ITC-3361,Korea,Chungcheongnam-do,Boryeong-si,Boryeong-si,KOR-ADM2-91817680:KR-44|boryeong-si,Statistics Korea SGIS 2020 administrative boundary,KR-44:34030,보령시,PASS3_GEOMETRY_TO_SGIS_IOU,SGIS 2020 static mirror commit d5f8ea3208f19a73a01f865847d20cc195ae91ba; anchor IoU=0.850,584.0150836198887
ITC-3362,Korea,Chungcheongnam-do,Buyeo-gun,Buyeo-gun,KOR-ADM2-91817680:KR-44|buyeo-gun,Statistics Korea SGIS 2020 administrative boundary,KR-44:34330,부여군,PASS3_GEOMETRY_TO_SGIS_IOU,SGIS 2020 static mirror commit d5f8ea3208f19a73a01f865847d20cc195ae91ba; anchor IoU=0.890,624.2626091694905
ITC-3363,Korea,Chungcheongnam-do,Cheonan-si,Cheonan-si,KOR-ADM2-91817680:KR-44|cheonan-si,Statistics Korea SGIS 2020 administrative boundary,KR-44:34011,천안시 동남구,PASS3_GEOMETRY_TO_SGIS_IOU,SGIS 2020 static mirror commit d5f8ea3208f19a73a01f865847d20cc195ae91ba; anchor IoU=0.632,438.6518681706716
ITC-3364,Korea,Chungcheongnam-do,Cheongyang-gun,Cheongyang-gun,KOR-ADM2-91817680:KR-44|cheongyang-gun,Statistics Korea SGIS 2020 administrative boundary,KR-44:34350,청양군,PASS3_GEOMETRY_TO_SGIS_IOU,SGIS 2020 static mirror commit d5f8ea3208f19a73a01f865847d20cc195ae91ba; anchor IoU=0.872,479.5760423096945
ITC-3365,Korea,Chungcheongnam-do,Dangjin-si,Dangjin-si,KOR-ADM2-91817680:KR-44|dangjin-si,Statistics Korea SGIS 2020 administrative boundary,KR-44:34080,당진시,PASS3_GEOMETRY_TO_SGIS_IOU,SGIS 2020 static mirror commit d5f8ea3208f19a73a01f865847d20cc195ae91ba; anchor IoU=0.888,709.6494411795871
ITC-3366,Korea,Chungcheongnam-do,Geumsan-gun,Geumsan-gun,KOR-ADM2-91817680:KR-44|geumsan-gun,Statistics Korea SGIS 2020 administrative boundary,KR-44:34310,금산군,PASS3_GEOMETRY_TO_SGIS_IOU,SGIS 2020 static mirror commit d5f8ea3208f19a73a01f865847d20cc195ae91ba; anchor IoU=0.898,576.6263207200461
ITC-3367,Korea,Chungcheongnam-do,Gongju-si,Gongju-si,KOR-ADM2-91817680:KR-44|gongju-si,Statistics Korea SGIS 2020 administrative boundary,KR-44:34020,공주시,PASS3_GEOMETRY_TO_SGIS_IOU,SGIS 2020 static mirror commit d5f8ea3208f19a73a01f865847d20cc195ae91ba; anchor IoU=0.912,863.96138832284
ITC-3368,Korea,Chungcheongnam-do,Gyeryong-si,Gyeryong-si,KOR-ADM2-91817680:KR-44|gyeryong-si,Statistics Korea SGIS 2020 administrative boundary,KR-44:34070,계룡시,PASS3_GEOMETRY_TO_SGIS_IOU,SGIS 2020 static mirror commit d5f8ea3208f19a73a01f865847d20cc195ae91ba; anchor IoU=0.725,60.65941684738844
ITC-3369,Korea,Chungcheongnam-do,Hongseong-gun,Hongseong-gun,KOR-ADM2-91817680:KR-44|hongseong-gun,Statistics Korea SGIS 2020 administrative boundary,KR-44:34360,홍성군,PASS3_GEOMETRY_TO_SGIS_IOU,SGIS 2020 static mirror commit d5f8ea3208f19a73a01f865847d20cc195ae91ba; anchor IoU=0.827,443.411587027917
ITC-3370,Korea,Chungcheongnam-do,Nonsan-si,Nonsan-si,KOR-ADM2-91817680:KR-44|nonsan-si,Statistics Korea SGIS 2020 administrative boundary,KR-44:34060,논산시,PASS3_GEOMETRY_TO_SGIS_IOU,SGIS 2020 static mirror commit d5f8ea3208f19a73a01f865847d20cc195ae91ba; anchor IoU=0.881,554.2895030699253
ITC-3371,Korea,Chungcheongnam-do,Seocheon-gun,Seocheon-gun,KOR-ADM2-91817680:KR-44|seocheon-gun,Statistics Korea SGIS 2020 administrative boundary,KR-44:34340,서천군,PASS3_GEOMETRY_TO_SGIS_IOU,SGIS 2020 static mirror commit d5f8ea3208f19a73a01f865847d20cc195ae91ba; anchor IoU=0.823,367.368285749301
ITC-3372,Korea,Chungcheongnam-do,Seosan-si,Seosan-si,KOR-ADM2-91817680:KR-44|seosan-si,Statistics Korea SGIS 2020 administrative boundary,KR-44:34050,서산시,PASS3_GEOMETRY_TO_SGIS_IOU,SGIS 2020 static mirror commit d5f8ea3208f19a73a01f865847d20cc195ae91ba; anchor IoU=0.833,743.5588689877407
ITC-3373,Korea,Chungcheongnam-do,Taean-gun,Taean-gun,KOR-ADM2-91817680:KR-44|taean-gun,Statistics Korea SGIS 2020 administrative boundary,KR-44:34380,태안군,PASS3_GEOMETRY_TO_SGIS_IOU,SGIS 2020 static mirror commit d5f8ea3208f19a73a01f865847d20cc195ae91ba; anchor IoU=0.854,534.460072610622
ITC-3374,Korea,Chungcheongnam-do,Yesan-gun,Yesan-gun,KOR-ADM2-91817680:KR-44|yesan-gun,Statistics Korea SGIS 2020 administrative boundary,KR-44:34370,예산군,PASS3_GEOMETRY_TO_SGIS_IOU,SGIS 2020 static mirror commit d5f8ea3208f19a73a01f865847d20cc195ae91ba; anchor IoU=0.861,543.4602454270911
ITC-3375,Korea,Daegu,Buk-gu,Buk-gu,KOR-ADM2-91817680:KR-27|buk-gu,Statistics Korea SGIS 2020 administrative boundary,KR-27:22050,북구,PASS3_GEOMETRY_TO_SGIS_IOU,SGIS 2020 static mirror commit d5f8ea3208f19a73a01f865847d20cc195ae91ba; anchor IoU=0.806,93.80027321070784
ITC-3376,Korea,Daegu,Dalseo-gu,Dalseo-gu,KOR-ADM2-91817680:KR-27|dalseo-gu,Statistics Korea SGIS 2020 administrative boundary,KR-27:22070,달서구,PASS3_GEOMETRY_TO_SGIS_IOU,SGIS 2020 static mirror commit d5f8ea3208f19a73a01f865847d20cc195ae91ba; anchor IoU=0.725,62.56842728065258
ITC-3377,Korea,Daegu,Dalseong-gun,Dalseong-gun,KOR-ADM2-91817680:KR-27|dalseong-gun,Statistics Korea SGIS 2020 administrative boundary,KR-27:22310,달성군,EXACT_KOREAN_TITLE,SGIS 2020 static mirror commit d5f8ea3208f19a73a01f865847d20cc195ae91ba; exact/residual one-to-one assignment,423.1779405379835
ITC-3378,Korea,Daegu,Dong-gu,Dong-gu,KOR-ADM2-91817680:KR-27|dong-gu,Statistics Korea SGIS 2020 administrative boundary,KR-27:22020,동구,PASS3_GEOMETRY_TO_SGIS_IOU,SGIS 2020 static mirror commit d5f8ea3208f19a73a01f865847d20cc195ae91ba; anchor IoU=0.882,181.6217525189623
ITC-3379,Korea,Daegu,Jung-gu,Jung-gu,KOR-ADM2-91817680:KR-27|jung-gu,Statistics Korea SGIS 2020 administrative boundary,KR-27:22010,중구,PASS3_GEOMETRY_TO_SGIS_IOU,SGIS 2020 static mirror commit d5f8ea3208f19a73a01f865847d20cc195ae91ba; anchor IoU=0.422,7.083907925813607
ITC-3380,Korea,Daegu,Nam-gu,Nam-gu,KOR-ADM2-91817680:KR-27|nam-gu,Statistics Korea SGIS 2020 administrative boundary,KR-27:22040,남구,PASS3_GEOMETRY_TO_SGIS_IOU,SGIS 2020 static mirror commit d5f8ea3208f19a73a01f865847d20cc195ae91ba; anchor IoU=0.613,17.800610992899387
ITC-3381,Korea,Daegu,Seo-gu,Seo-gu,KOR-ADM2-91817680:KR-27|seo-gu,Statistics Korea SGIS 2020 administrative boundary,KR-27:22030,서구,PASS3_GEOMETRY_TO_SGIS_IOU,SGIS 2020 static mirror commit d5f8ea3208f19a73a01f865847d20cc195ae91ba; anchor IoU=0.551,17.40411717579629
ITC-3382,Korea,Daegu,Suseong-gu,Suseong-gu,KOR-ADM2-91817680:KR-27|suseong-gu,Statistics Korea SGIS 2020 administrative boundary,KR-27:22060,수성구,PASS3_GEOMETRY_TO_SGIS_IOU,SGIS 2020 static mirror commit d5f8ea3208f19a73a01f865847d20cc195ae91ba; anchor IoU=0.781,76.65117862038552
ITC-3383,Korea,Daejeon,Daedeok-gu,Daedeok-gu,KOR-ADM2-91817680:KR-30|daedeok-gu,Statistics Korea SGIS 2020 administrative boundary,KR-30:25050,대덕구,PASS3_GEOMETRY_TO_SGIS_IOU,SGIS 2020 static mirror commit d5f8ea3208f19a73a01f865847d20cc195ae91ba; anchor IoU=0.662,69.17727329265
ITC-3384,Korea,Daejeon,Dong-gu,Dong-gu,KOR-ADM2-91817680:KR-30|dong-gu,Statistics Korea SGIS 2020 administrative boundary,KR-30:25010,동구,EXACT_KOREAN_TITLE,SGIS 2020 static mirror commit d5f8ea3208f19a73a01f865847d20cc195ae91ba; exact/residual one-to-one assignment,137.1855411298621
ITC-3385,Korea,Daejeon,Jung-gu,Jung-gu,KOR-ADM2-91817680:KR-30|jung-gu,Statistics Korea SGIS 2020 administrative boundary,KR-30:25020,중구,PASS3_GEOMETRY_TO_SGIS_IOU,SGIS 2020 static mirror commit d5f8ea3208f19a73a01f865847d20cc195ae91ba; anchor IoU=0.713,62.13602409838388
ITC-3386,Korea,Daejeon,Seo-gu,Seo-gu,KOR-ADM2-91817680:KR-30|seo-gu,Statistics Korea SGIS 2020 administrative boundary,KR-30:25030,서구,PASS3_GEOMETRY_TO_SGIS_IOU,SGIS 2020 static mirror commit d5f8ea3208f19a73a01f865847d20cc195ae91ba; anchor IoU=0.734,95.49723690882526
ITC-3387,Korea,Daejeon,Yuseong-gu,Yuseong-gu,KOR-ADM2-91817680:KR-30|yuseong-gu,Statistics Korea SGIS 2020 administrative boundary,KR-30:25040,유성구,PASS3_GEOMETRY_TO_SGIS_IOU,SGIS 2020 static mirror commit d5f8ea3208f19a73a01f865847d20cc195ae91ba; anchor IoU=0.827,175.86541784602355
ITC-3388,Korea,Gangwon-do,Cheorwon-gun,Cheorwon-gun,KOR-ADM2-91817680:KR-42|cheorwon-gun,Statistics Korea SGIS 2020 administrative boundary,KR-42:32360,철원군,PASS3_GEOMETRY_TO_SGIS_IOU,SGIS 2020 static mirror commit d5f8ea3208f19a73a01f865847d20cc195ae91ba; anchor IoU=0.727,890.2961377322707
ITC-3389,Korea,Gangwon-do,Chuncheon-si,Chuncheon-si,KOR-ADM2-91817680:KR-42|chuncheon-si,Statistics Korea SGIS 2020 administrative boundary,KR-42:32010,춘천시,PASS3_GEOMETRY_TO_SGIS_IOU,SGIS 2020 static mirror commit d5f8ea3208f19a73a01f865847d20cc195ae91ba; anchor IoU=0.896,1115.5121583578164
ITC-3390,Korea,Gangwon-do,Donghae-si,Donghae-si,KOR-ADM2-91817680:KR-42|donghae-si,Statistics Korea SGIS 2020 administrative boundary,KR-42:32040,동해시,PASS3_GEOMETRY_TO_SGIS_IOU,SGIS 2020 static mirror commit d5f8ea3208f19a73a01f865847d20cc195ae91ba; anchor IoU=0.811,181.18116488259892
ITC-3391,Korea,Gangwon-do,Gangneung-si,Gangneung-si,KOR-ADM2-91817680:KR-42|gangneung-si,Statistics Korea SGIS 2020 administrative boundary,KR-42:32030,강릉시,PASS3_GEOMETRY_TO_SGIS_IOU,SGIS 2020 static mirror commit d5f8ea3208f19a73a01f865847d20cc195ae91ba; anchor IoU=0.903,1040.6389154747399
ITC-3392,Korea,Gangwon-do,Goseong-gun,Goseong-gun,KOR-ADM2-91817680:KR-42|goseong-gun,Statistics Korea SGIS 2020 administrative boundary,KR-42:32400,고성군,PASS3_GEOMETRY_TO_SGIS_IOU,SGIS 2020 static mirror commit d5f8ea3208f19a73a01f865847d20cc195ae91ba; anchor IoU=0.907,660.7579273185589
ITC-3393,Korea,Gangwon-do,Hoengseong-gun,Hoengseong-gun,KOR-ADM2-91817680:KR-42|hoengseong-gun,Statistics Korea SGIS 2020 administrative boundary,KR-42:32320,횡성군,PASS3_GEOMETRY_TO_SGIS_IOU,SGIS 2020 static mirror commit d5f8ea3208f19a73a01f865847d20cc195ae91ba; anchor IoU=0.882,997.8218192597196
ITC-3394,Korea,Gangwon-do,Hongcheon-gun,Hongcheon-gun,KOR-ADM2-91817680:KR-42|hongcheon-gun,Statistics Korea SGIS 2020 administrative boundary,KR-42:32310,홍천군,PASS3_GEOMETRY_TO_SGIS_IOU,SGIS 2020 static mirror commit d5f8ea3208f19a73a01f865847d20cc195ae91ba; anchor IoU=0.895,1817.182643674672
ITC-3395,Korea,Gangwon-do,Hwacheon-gun,Hwacheon-gun,KOR-ADM2-91817680:KR-42|hwacheon-gun,Statistics Korea SGIS 2020 administrative boundary,KR-42:32370,화천군,PASS3_GEOMETRY_TO_SGIS_IOU,SGIS 2020 static mirror commit d5f8ea3208f19a73a01f865847d20cc195ae91ba; anchor IoU=0.816,907.3863655932496
ITC-3396,Korea,Gangwon-do,Inje-gun,Inje-gun,KOR-ADM2-91817680:KR-42|inje-gun,Statistics Korea SGIS 2020 administrative boundary,KR-42:32390,인제군,PASS3_GEOMETRY_TO_SGIS_IOU,SGIS 2020 static mirror commit d5f8ea3208f19a73a01f865847d20cc195ae91ba; anchor IoU=0.916,1641.3580807016308
ITC-3397,Korea,Gangwon-do,Jeongseon-gun,Jeongseon-gun,KOR-ADM2-91817680:KR-42|jeongseon-gun,Statistics Korea SGIS 2020 administrative boundary,KR-42:32350,정선군,PASS3_GEOMETRY_TO_SGIS_IOU,SGIS 2020 static mirror commit d5f8ea3208f19a73a01f865847d20cc195ae91ba; anchor IoU=0.905,1218.9193050099777
ITC-3398,Korea,Gangwon-do,Pyeongchang-gun,Pyeongchang-gun,KOR-ADM2-91817680:KR-42|pyeongchang-gun,Statistics Korea SGIS 2020 administrative boundary,KR-42:32340,평창군,PASS3_GEOMETRY_TO_SGIS_IOU,SGIS 2020 static mirror commit d5f8ea3208f19a73a01f865847d20cc195ae91ba; anchor IoU=0.909,1463.4233112930679
ITC-3399,Korea,Gangwon-do,Samcheok-si,Samcheok-si,KOR-ADM2-91817680:KR-42|samcheok-si,Statistics Korea SGIS 2020 administrative boundary,KR-42:32070,삼척시,PASS3_GEOMETRY_TO_SGIS_IOU,SGIS 2020 static mirror commit d5f8ea3208f19a73a01f865847d20cc195ae91ba; anchor IoU=0.926,1187.9731639925067
ITC-3400,Korea,Gangwon-do,Sokcho-si,Sokcho-si,KOR-ADM2-91817680:KR-42|sokcho-si,Statistics Korea SGIS 2020 administrative boundary,KR-42:32060,속초시,PASS3_GEOMETRY_TO_SGIS_IOU,SGIS 2020 static mirror commit d5f8ea3208f19a73a01f865847d20cc195ae91ba; anchor IoU=0.693,105.70416871038832
ITC-3401,Korea,Gangwon-do,Taebaek-si,Taebaek-si,KOR-ADM2-91817680:KR-42|taebaek-si,Statistics Korea SGIS 2020 administrative boundary,KR-42:32050,태백시,PASS3_GEOMETRY_TO_SGIS_IOU,SGIS 2020 static mirror commit d5f8ea3208f19a73a01f865847d20cc195ae91ba; anchor IoU=0.835,303.4189400052109
ITC-3402,Korea,Gangwon-do,Wonju-si,Wonju-si,KOR-ADM2-91817680:KR-42|wonju-si,Statistics Korea SGIS 2020 administrative boundary,KR-42:32020,원주시,PASS3_GEOMETRY_TO_SGIS_IOU,SGIS 2020 static mirror commit d5f8ea3208f19a73a01f865847d20cc195ae91ba; anchor IoU=0.888,866.8531693019614
ITC-3403,Korea,Gangwon-do,Yanggu-gun,Yanggu-gun,KOR-ADM2-91817680:KR-42|yanggu-gun,Statistics Korea SGIS 2020 administrative boundary,KR-42:32380,양구군,PASS3_GEOMETRY_TO_SGIS_IOU,SGIS 2020 static mirror commit d5f8ea3208f19a73a01f865847d20cc195ae91ba; anchor IoU=0.862,661.2950225042104
ITC-3404,Korea,Gangwon-do,Yangyang-gun,Yangyang-gun,KOR-ADM2-91817680:KR-42|yangyang-gun,Statistics Korea SGIS 2020 administrative boundary,KR-42:32410,양양군,PASS3_GEOMETRY_TO_SGIS_IOU,SGIS 2020 static mirror commit d5f8ea3208f19a73a01f865847d20cc195ae91ba; anchor IoU=0.883,630.6467843115809
ITC-3405,Korea,Gangwon-do,Yeongwol-gun,Yeongwol-gun,KOR-ADM2-91817680:KR-42|yeongwol-gun,Statistics Korea SGIS 2020 administrative boundary,KR-42:32330,영월군,PASS3_GEOMETRY_TO_SGIS_IOU,SGIS 2020 static mirror commit d5f8ea3208f19a73a01f865847d20cc195ae91ba; anchor IoU=0.860,1127.0025658984973
ITC-3406,Korea,Gwangju,Buk-gu,Buk-gu,KOR-ADM2-91817680:KR-29|buk-gu,Statistics Korea SGIS 2020 administrative boundary,KR-29:24040,북구,PASS3_GEOMETRY_TO_SGIS_IOU,SGIS 2020 static mirror commit d5f8ea3208f19a73a01f865847d20cc195ae91ba; anchor IoU=0.830,119.38237799092822
ITC-3407,Korea,Gwangju,Dong-gu,Dong-gu,KOR-ADM2-91817680:KR-29|dong-gu,Statistics Korea SGIS 2020 administrative boundary,KR-29:24010,동구,EXACT_KOREAN_TITLE,SGIS 2020 static mirror commit d5f8ea3208f19a73a01f865847d20cc195ae91ba; exact/residual one-to-one assignment,48.7412623563406
ITC-3408,Korea,Gwangju,Gwangsan-gu,Gwangsan-gu,KOR-ADM2-91817680:KR-29|gwangsan-gu,Statistics Korea SGIS 2020 administrative boundary,KR-29:24050,광산구,EXACT_KOREAN_TITLE,SGIS 2020 static mirror commit d5f8ea3208f19a73a01f865847d20cc195ae91ba; exact/residual one-to-one assignment,222.09492665191502
ITC-3409,Korea,Gwangju,Nam-gu,Nam-gu,KOR-ADM2-91817680:KR-29|nam-gu,Statistics Korea SGIS 2020 administrative boundary,KR-29:24030,남구,EXACT_KOREAN_TITLE,SGIS 2020 static mirror commit d5f8ea3208f19a73a01f865847d20cc195ae91ba; exact/residual one-to-one assignment,60.58397005640869
ITC-3410,Korea,Gwangju,Seo-gu,Seo-gu,KOR-ADM2-91817680:KR-29|seo-gu,Statistics Korea SGIS 2020 administrative boundary,KR-29:24020,서구,EXACT_KOREAN_TITLE,SGIS 2020 static mirror commit d5f8ea3208f19a73a01f865847d20cc195ae91ba; exact/residual one-to-one assignment,47.64516639155118
ITC-3411,Korea,Gyeonggi-do,Ansan-si,Ansan-si,KOR-ADM2-91817680:KR-41|ansan-si,Statistics Korea SGIS 2020 administrative boundary,KR-41:31092,안산시 단원구,PASS3_GEOMETRY_TO_SGIS_IOU,SGIS 2020 static mirror commit d5f8ea3208f19a73a01f865847d20cc195ae91ba; anchor IoU=0.492,114.00547461500602
ITC-3412,Korea,Gyeonggi-do,Anseong-si,Anseong-si,KOR-ADM2-91817680:KR-41|anseong-si,Statistics Korea SGIS 2020 administrative boundary,KR-41:31220,안성시,PASS3_GEOMETRY_TO_SGIS_IOU,SGIS 2020 static mirror commit d5f8ea3208f19a73a01f865847d20cc195ae91ba; anchor IoU=0.850,553.4911140250952
ITC-3413,Korea,Gyeonggi-do,Anyang-si,Anyang-si,KOR-ADM2-91817680:KR-41|anyang-si,Statistics Korea SGIS 2020 administrative boundary,KR-41:31041,안양시 만안구,PASS3_GEOMETRY_TO_SGIS_IOU,SGIS 2020 static mirror commit d5f8ea3208f19a73a01f865847d20cc195ae91ba; anchor IoU=0.371,36.53805283011863
ITC-3414,Korea,Gyeonggi-do,Bucheon-si,Bucheon-si,KOR-ADM2-91817680:KR-41|bucheon-si,Statistics Korea SGIS 2020 administrative boundary,KR-41:31050,부천시,PASS3_GEOMETRY_TO_SGIS_IOU,SGIS 2020 static mirror commit d5f8ea3208f19a73a01f865847d20cc195ae91ba; anchor IoU=0.664,53.74544517772071
ITC-3415,Korea,Gyeonggi-do,Dongducheon-si,Dongducheon-si,KOR-ADM2-91817680:KR-41|dongducheon-si,Statistics Korea SGIS 2020 administrative boundary,KR-41:31080,동두천시,PASS3_GEOMETRY_TO_SGIS_IOU,SGIS 2020 static mirror commit d5f8ea3208f19a73a01f865847d20cc195ae91ba; anchor IoU=0.756,95.97215384223449
ITC-3416,Korea,Gyeonggi-do,Gapyeong-gun,Gapyeong-gun,KOR-ADM2-91817680:KR-41|gapyeong-gun,Statistics Korea SGIS 2020 administrative boundary,KR-41:31370,가평군,PASS3_GEOMETRY_TO_SGIS_IOU,SGIS 2020 static mirror commit d5f8ea3208f19a73a01f865847d20cc195ae91ba; anchor IoU=0.898,840.9566227573613
ITC-3417,Korea,Gyeonggi-do,Gimpo-si,Gimpo-si,KOR-ADM2-91817680:KR-41|gimpo-si,Statistics Korea SGIS 2020 administrative boundary,KR-41:31230,김포시,PASS3_GEOMETRY_TO_SGIS_IOU,SGIS 2020 static mirror commit d5f8ea3208f19a73a01f865847d20cc195ae91ba; anchor IoU=0.759,281.0862943467828
ITC-3418,Korea,Gyeonggi-do,Goyang-si,Goyang-si,KOR-ADM2-91817680:KR-41|goyang-si,Statistics Korea SGIS 2020 administrative boundary,KR-41:31101,고양시 덕양구,PASS3_GEOMETRY_TO_SGIS_IOU,SGIS 2020 static mirror commit d5f8ea3208f19a73a01f865847d20cc195ae91ba; anchor IoU=0.513,165.19714467216204
ITC-3419,Korea,Gyeonggi-do,Gunpo-si,Gunpo-si,KOR-ADM2-91817680:KR-41|gunpo-si,Statistics Korea SGIS 2020 administrative boundary,KR-41:31160,군포시,PASS3_GEOMETRY_TO_SGIS_IOU,SGIS 2020 static mirror commit d5f8ea3208f19a73a01f865847d20cc195ae91ba; anchor IoU=0.560,36.474614199128695
ITC-3420,Korea,Gyeonggi-do,Guri-si,Guri-si,KOR-ADM2-91817680:KR-41|guri-si,Statistics Korea SGIS 2020 administrative boundary,KR-41:31120,구리시,PASS3_GEOMETRY_TO_SGIS_IOU,SGIS 2020 static mirror commit d5f8ea3208f19a73a01f865847d20cc195ae91ba; anchor IoU=0.610,33.195930984469825
ITC-3421,Korea,Gyeonggi-do,Gwacheon-si,Gwacheon-si,KOR-ADM2-91817680:KR-41|gwacheon-si,Statistics Korea SGIS 2020 administrative boundary,KR-41:31110,과천시,PASS3_GEOMETRY_TO_SGIS_IOU,SGIS 2020 static mirror commit d5f8ea3208f19a73a01f865847d20cc195ae91ba; anchor IoU=0.522,35.83849560168264
ITC-3422,Korea,Gyeonggi-do,Gwangju-si,Gwangju-si,KOR-ADM2-91817680:KR-41|gwangju-si,Statistics Korea SGIS 2020 administrative boundary,KR-41:31250,광주시,PASS3_GEOMETRY_TO_SGIS_IOU,SGIS 2020 static mirror commit d5f8ea3208f19a73a01f865847d20cc195ae91ba; anchor IoU=0.828,429.89543396535026
ITC-3423,Korea,Gyeonggi-do,Gwangmyeong-si,Gwangmyeong-si,KOR-ADM2-91817680:KR-41|gwangmyeong-si,Statistics Korea SGIS 2020 administrative boundary,KR-41:31060,광명시,PASS3_GEOMETRY_TO_SGIS_IOU,SGIS 2020 static mirror commit d5f8ea3208f19a73a01f865847d20cc195ae91ba; anchor IoU=0.657,38.49146938895082
ITC-3424,Korea,Gyeonggi-do,Hanam-si,Hanam-si,KOR-ADM2-91817680:KR-41|hanam-si,Statistics Korea SGIS 2020 administrative boundary,KR-41:31180,하남시,PASS3_GEOMETRY_TO_SGIS_IOU,SGIS 2020 static mirror commit d5f8ea3208f19a73a01f865847d20cc195ae91ba; anchor IoU=0.687,92.87559866937451
ITC-3425,Korea,Gyeonggi-do,Hwaseong-si,Hwaseong-si,KOR-ADM2-91817680:KR-41|hwaseong-si,Statistics Korea SGIS 2020 administrative boundary,KR-41:31240,화성시,PASS3_GEOMETRY_TO_SGIS_IOU,SGIS 2020 static mirror commit d5f8ea3208f19a73a01f865847d20cc195ae91ba; anchor IoU=0.766,754.5904058729006
ITC-3426,Korea,Gyeonggi-do,Icheon-si,Icheon-si,KOR-ADM2-91817680:KR-41|icheon-si,Statistics Korea SGIS 2020 administrative boundary,KR-41:31210,이천시,PASS3_GEOMETRY_TO_SGIS_IOU,SGIS 2020 static mirror commit d5f8ea3208f19a73a01f865847d20cc195ae91ba; anchor IoU=0.853,461.8176096601364
ITC-3427,Korea,Gyeonggi-do,Namyangju-si,Namyangju-si,KOR-ADM2-91817680:KR-41|namyangju-si,Statistics Korea SGIS 2020 administrative boundary,KR-41:31130,남양주시,PASS3_GEOMETRY_TO_SGIS_IOU,SGIS 2020 static mirror commit d5f8ea3208f19a73a01f865847d20cc195ae91ba; anchor IoU=0.880,459.651088465056
ITC-3428,Korea,Gyeonggi-do,Osan-si,Osan-si,KOR-ADM2-91817680:KR-41|osan-si,Statistics Korea SGIS 2020 administrative boundary,KR-41:31140,오산시,PASS3_GEOMETRY_TO_SGIS_IOU,SGIS 2020 static mirror commit d5f8ea3208f19a73a01f865847d20cc195ae91ba; anchor IoU=0.684,42.69604707776414
ITC-3429,Korea,Gyeonggi-do,Paju-si,Paju-si,KOR-ADM2-91817680:KR-41|paju-si,Statistics Korea SGIS 2020 administrative boundary,KR-41:31200,파주시,PASS3_GEOMETRY_TO_SGIS_IOU,SGIS 2020 static mirror commit d5f8ea3208f19a73a01f865847d20cc195ae91ba; anchor IoU=0.727,689.2386628208471
ITC-3430,Korea,Gyeonggi-do,Pocheon-si,Pocheon-si,KOR-ADM2-91817680:KR-41|pocheon-si,Statistics Korea SGIS 2020 administrative boundary,KR-41:31270,포천시,PASS3_GEOMETRY_TO_SGIS_IOU,SGIS 2020 static mirror commit d5f8ea3208f19a73a01f865847d20cc195ae91ba; anchor IoU=0.872,825.6948161568732
ITC-3431,Korea,Gyeonggi-do,Pyeongtaek-si,Pyeongtaek-si,KOR-ADM2-91817680:KR-41|pyeongtaek-si,Statistics Korea SGIS 2020 administrative boundary,KR-41:31070,평택시,PASS3_GEOMETRY_TO_SGIS_IOU,SGIS 2020 static mirror commit d5f8ea3208f19a73a01f865847d20cc195ae91ba; anchor IoU=0.826,459.21328632718786
ITC-3432,Korea,Gyeonggi-do,Seongnam-si,Seongnam-si,KOR-ADM2-91817680:KR-41|seongnam-si,Statistics Korea SGIS 2020 administrative boundary,KR-41:31023,성남시 분당구,PASS3_GEOMETRY_TO_SGIS_IOU,SGIS 2020 static mirror commit d5f8ea3208f19a73a01f865847d20cc195ae91ba; anchor IoU=0.461,69.81605512511209
ITC-3433,Korea,Gyeonggi-do,Siheung-si,Siheung-si,KOR-ADM2-91817680:KR-41|siheung-si,Statistics Korea SGIS 2020 administrative boundary,KR-41:31150,시흥시,PASS3_GEOMETRY_TO_SGIS_IOU,SGIS 2020 static mirror commit d5f8ea3208f19a73a01f865847d20cc195ae91ba; anchor IoU=0.712,141.53280069068057
ITC-3434,Korea,Gyeonggi-do,Suwon-si,Suwon-si,KOR-ADM2-91817680:KR-41|suwon-si,Statistics Korea SGIS 2020 administrative boundary,KR-41:31012,수원시 권선구,PASS3_GEOMETRY_TO_SGIS_IOU,SGIS 2020 static mirror commit d5f8ea3208f19a73a01f865847d20cc195ae91ba; anchor IoU=0.322,47.0933514538738
ITC-3435,Korea,Gyeonggi-do,Uijeongbu-si,Uijeongbu-si,KOR-ADM2-91817680:KR-41|uijeongbu-si,Statistics Korea SGIS 2020 administrative boundary,KR-41:31030,의정부시,PASS3_GEOMETRY_TO_SGIS_IOU,SGIS 2020 static mirror commit d5f8ea3208f19a73a01f865847d20cc195ae91ba; anchor IoU=0.717,81.94190732247452
ITC-3436,Korea,Gyeonggi-do,Uiwang-si,Uiwang-si,KOR-ADM2-91817680:KR-41|uiwang-si,Statistics Korea SGIS 2020 administrative boundary,KR-41:31170,의왕시,PASS3_GEOMETRY_TO_SGIS_IOU,SGIS 2020 static mirror commit d5f8ea3208f19a73a01f865847d20cc195ae91ba; anchor IoU=0.571,53.931073820586676
ITC-3437,Korea,Gyeonggi-do,Yangju-si,Yangju-si,KOR-ADM2-91817680:KR-41|yangju-si,Statistics Korea SGIS 2020 administrative boundary,KR-41:31260,양주시,PASS3_GEOMETRY_TO_SGIS_IOU,SGIS 2020 static mirror commit d5f8ea3208f19a73a01f865847d20cc195ae91ba; anchor IoU=0.817,310.55687786521753
ITC-3438,Korea,Gyeonggi-do,Yangpyeong-gun,Yangpyeong-gun,KOR-ADM2-91817680:KR-41|yangpyeong-gun,Statistics Korea SGIS 2020 administrative boundary,KR-41:31380,양평군,PASS3_GEOMETRY_TO_SGIS_IOU,SGIS 2020 static mirror commit d5f8ea3208f19a73a01f865847d20cc195ae91ba; anchor IoU=0.870,876.734164851711
ITC-3439,Korea,Gyeonggi-do,Yeoju-si,Yeoju-si,KOR-ADM2-91817680:KR-41|yeoju-si,Statistics Korea SGIS 2020 administrative boundary,KR-41:31280,여주시,PASS3_GEOMETRY_TO_SGIS_IOU,SGIS 2020 static mirror commit d5f8ea3208f19a73a01f865847d20cc195ae91ba; anchor IoU=0.868,607.5417539977959
ITC-3440,Korea,Gyeonggi-do,Yeoncheon-gun,Yeoncheon-gun,KOR-ADM2-91817680:KR-41|yeoncheon-gun,Statistics Korea SGIS 2020 administrative boundary,KR-41:31350,연천군,PASS3_GEOMETRY_TO_SGIS_IOU,SGIS 2020 static mirror commit d5f8ea3208f19a73a01f865847d20cc195ae91ba; anchor IoU=0.703,696.6585292201277
ITC-3441,Korea,Gyeonggi-do,Yongin-si,Yongin-si,KOR-ADM2-91817680:KR-41|yongin-si,Statistics Korea SGIS 2020 administrative boundary,KR-41:31191,용인시 처인구,PASS3_GEOMETRY_TO_SGIS_IOU,SGIS 2020 static mirror commit d5f8ea3208f19a73a01f865847d20cc195ae91ba; anchor IoU=0.712,467.59692315912037
ITC-3442,Korea,Gyeongsangbuk-do,Andong-si,Andong-si,KOR-ADM2-91817680:KR-47|andong-si,Statistics Korea SGIS 2020 administrative boundary,KR-47:37040,안동시,PASS3_GEOMETRY_TO_SGIS_IOU,SGIS 2020 static mirror commit d5f8ea3208f19a73a01f865847d20cc195ae91ba; anchor IoU=0.915,1527.382770485166
ITC-3443,Korea,Gyeongsangbuk-do,Bonghwa-gun,Bonghwa-gun,KOR-ADM2-91817680:KR-47|bonghwa-gun,Statistics Korea SGIS 2020 administrative boundary,KR-47:37410,봉화군,PASS3_GEOMETRY_TO_SGIS_IOU,SGIS 2020 static mirror commit d5f8ea3208f19a73a01f865847d20cc195ae91ba; anchor IoU=0.906,1201.528967523985
ITC-3444,Korea,Gyeongsangbuk-do,Cheongdo-gun,Cheongdo-gun,KOR-ADM2-91817680:KR-47|cheongdo-gun,Statistics Korea SGIS 2020 administrative boundary,KR-47:37360,청도군,PASS3_GEOMETRY_TO_SGIS_IOU,SGIS 2020 static mirror commit d5f8ea3208f19a73a01f865847d20cc195ae91ba; anchor IoU=0.893,693.2842657971113
ITC-3445,Korea,Gyeongsangbuk-do,Cheongsong-gun,Cheongsong-gun,KOR-ADM2-91817680:KR-47|cheongsong-gun,Statistics Korea SGIS 2020 administrative boundary,KR-47:37330,청송군,PASS3_GEOMETRY_TO_SGIS_IOU,SGIS 2020 static mirror commit d5f8ea3208f19a73a01f865847d20cc195ae91ba; anchor IoU=0.908,846.9037720164304
ITC-3446,Korea,Gyeongsangbuk-do,Chilgok-gun,Chilgok-gun,KOR-ADM2-91817680:KR-47|chilgok-gun,Statistics Korea SGIS 2020 administrative boundary,KR-47:37390,칠곡군,PASS3_GEOMETRY_TO_SGIS_IOU,SGIS 2020 static mirror commit d5f8ea3208f19a73a01f865847d20cc195ae91ba; anchor IoU=0.875,450.08166568375105
ITC-3447,Korea,Gyeongsangbuk-do,Gimcheon-si,Gimcheon-si,KOR-ADM2-91817680:KR-47|gimcheon-si,Statistics Korea SGIS 2020 administrative boundary,KR-47:37030,김천시,PASS3_GEOMETRY_TO_SGIS_IOU,SGIS 2020 static mirror commit d5f8ea3208f19a73a01f865847d20cc195ae91ba; anchor IoU=0.923,1005.3132183224444
ITC-3448,Korea,Gyeongsangbuk-do,Goryeong-gun,Goryeong-gun,KOR-ADM2-91817680:KR-47|goryeong-gun,Statistics Korea SGIS 2020 administrative boundary,KR-47:37370,고령군,PASS3_GEOMETRY_TO_SGIS_IOU,SGIS 2020 static mirror commit d5f8ea3208f19a73a01f865847d20cc195ae91ba; anchor IoU=0.818,386.7421945880794
ITC-3449,Korea,Gyeongsangbuk-do,Gumi-si,Gumi-si,KOR-ADM2-91817680:KR-47|gumi-si,Statistics Korea SGIS 2020 administrative boundary,KR-47:37050,구미시,PASS3_GEOMETRY_TO_SGIS_IOU,SGIS 2020 static mirror commit d5f8ea3208f19a73a01f865847d20cc195ae91ba; anchor IoU=0.898,613.9449530182256
ITC-3450,Korea,Gyeongsangbuk-do,Gunwi-gun,Gunwi-gun,KOR-ADM2-91817680:KR-47|gunwi-gun,Statistics Korea SGIS 2020 administrative boundary,KR-47:37310,군위군,PASS3_GEOMETRY_TO_SGIS_IOU,SGIS 2020 static mirror commit d5f8ea3208f19a73a01f865847d20cc195ae91ba; anchor IoU=0.873,613.3900499723683
ITC-3451,Korea,Gyeongsangbuk-do,Gyeongju-si,Gyeongju-si,KOR-ADM2-91817680:KR-47|gyeongju-si,Statistics Korea SGIS 2020 administrative boundary,KR-47:37020,경주시,PASS3_GEOMETRY_TO_SGIS_IOU,SGIS 2020 static mirror commit d5f8ea3208f19a73a01f865847d20cc195ae91ba; anchor IoU=0.938,1319.4225679635624
ITC-3452,Korea,Gyeongsangbuk-do,Gyeongsan-si,Gyeongsan-si,KOR-ADM2-91817680:KR-47|gyeongsan-si,Statistics Korea SGIS 2020 administrative boundary,KR-47:37100,경산시,PASS3_GEOMETRY_TO_SGIS_IOU,SGIS 2020 static mirror commit d5f8ea3208f19a73a01f865847d20cc195ae91ba; anchor IoU=0.890,411.23390525421325
ITC-3453,Korea,Gyeongsangbuk-do,Mungyeong-si,Mungyeong-si,KOR-ADM2-91817680:KR-47|mungyeong-si,Statistics Korea SGIS 2020 administrative boundary,KR-47:37090,문경시,PASS3_GEOMETRY_TO_SGIS_IOU,SGIS 2020 static mirror commit d5f8ea3208f19a73a01f865847d20cc195ae91ba; anchor IoU=0.879,914.8804108967179
ITC-3454,Korea,Gyeongsangbuk-do,Pohang-si,Pohang-si,KOR-ADM2-91817680:KR-47|pohang-si,Statistics Korea SGIS 2020 administrative boundary,KR-47:37012,포항시 북구,PASS3_GEOMETRY_TO_SGIS_IOU,SGIS 2020 static mirror commit d5f8ea3208f19a73a01f865847d20cc195ae91ba; anchor IoU=0.603,736.2804201526798
ITC-3455,Korea,Gyeongsangbuk-do,Sangju-si,Sangju-si,KOR-ADM2-91817680:KR-47|sangju-si,Statistics Korea SGIS 2020 administrative boundary,KR-47:37080,상주시,PASS3_GEOMETRY_TO_SGIS_IOU,SGIS 2020 static mirror commit d5f8ea3208f19a73a01f865847d20cc195ae91ba; anchor IoU=0.922,1252.1756194063116
ITC-3456,Korea,Gyeongsangbuk-do,Seongju-gun,Seongju-gun,KOR-ADM2-91817680:KR-47|seongju-gun,Statistics Korea SGIS 2020 administrative boundary,KR-47:37380,성주군,PASS3_GEOMETRY_TO_SGIS_IOU,SGIS 2020 static mirror commit d5f8ea3208f19a73a01f865847d20cc195ae91ba; anchor IoU=0.905,612.878152601065
ITC-3457,Korea,Gyeongsangbuk-do,Uiseong-gun,Uiseong-gun,KOR-ADM2-91817680:KR-47|uiseong-gun,Statistics Korea SGIS 2020 administrative boundary,KR-47:37320,의성군,PASS3_GEOMETRY_TO_SGIS_IOU,SGIS 2020 static mirror commit d5f8ea3208f19a73a01f865847d20cc195ae91ba; anchor IoU=0.898,1169.8096154991524
ITC-3458,Korea,Gyeongsangbuk-do,Uljin-gun,Uljin-gun,KOR-ADM2-91817680:KR-47|uljin-gun,Statistics Korea SGIS 2020 administrative boundary,KR-47:37420,울진군,EXACT_KOREAN_TITLE,SGIS 2020 static mirror commit d5f8ea3208f19a73a01f865847d20cc195ae91ba; exact/residual one-to-one assignment,993.4512955404676
ITC-3459,Korea,Gyeongsangbuk-do,Ulleung-gun,Ulleung-gun,KOR-ADM2-91817680:KR-47|ulleung-gun,Statistics Korea SGIS 2020 administrative boundary,KR-47:37430,울릉군,PASS3_GEOMETRY_TO_SGIS_IOU,SGIS 2020 static mirror commit d5f8ea3208f19a73a01f865847d20cc195ae91ba; anchor IoU=0.767,73.69584440940714
ITC-3460,Korea,Gyeongsangbuk-do,Yecheon-gun,Yecheon-gun,KOR-ADM2-91817680:KR-47|yecheon-gun,Statistics Korea SGIS 2020 administrative boundary,KR-47:37400,예천군,PASS3_GEOMETRY_TO_SGIS_IOU,SGIS 2020 static mirror commit d5f8ea3208f19a73a01f865847d20cc195ae91ba; anchor IoU=0.889,664.3555415094099
ITC-3461,Korea,Gyeongsangbuk-do,Yeongcheon-si,Yeongcheon-si,KOR-ADM2-91817680:KR-47|yeongcheon-si,Statistics Korea SGIS 2020 administrative boundary,KR-47:37070,영천시,PASS3_GEOMETRY_TO_SGIS_IOU,SGIS 2020 static mirror commit d5f8ea3208f19a73a01f865847d20cc195ae91ba; anchor IoU=0.927,915.4627811467475
ITC-3462,Korea,Gyeongsangbuk-do,Yeongdeok-gun,Yeongdeok-gun,KOR-ADM2-91817680:KR-47|yeongdeok-gun,Statistics Korea SGIS 2020 administrative boundary,KR-47:37350,영덕군,PASS3_GEOMETRY_TO_SGIS_IOU,SGIS 2020 static mirror commit d5f8ea3208f19a73a01f865847d20cc195ae91ba; anchor IoU=0.921,744.8085670726019
ITC-3463,Korea,Gyeongsangbuk-do,Yeongju-si,Yeongju-si,KOR-ADM2-91817680:KR-47|yeongju-si,Statistics Korea SGIS 2020 administrative boundary,KR-47:37060,영주시,PASS3_GEOMETRY_TO_SGIS_IOU,SGIS 2020 static mirror commit d5f8ea3208f19a73a01f865847d20cc195ae91ba; anchor IoU=0.898,673.1152631974169
ITC-3464,Korea,Gyeongsangbuk-do,Yeongyang-gun,Yeongyang-gun,KOR-ADM2-91817680:KR-47|yeongyang-gun,Statistics Korea SGIS 2020 administrative boundary,KR-47:37340,영양군,PASS3_GEOMETRY_TO_SGIS_IOU,SGIS 2020 static mirror commit d5f8ea3208f19a73a01f865847d20cc195ae91ba; anchor IoU=0.926,819.2749446995351
ITC-3465,Korea,Gyeongsangnam-do,Changnyeong-gun,Changnyeong-gun,KOR-ADM2-91817680:KR-48|changnyeong-gun,Statistics Korea SGIS 2020 administrative boundary,KR-48:38330,창녕군,PASS3_GEOMETRY_TO_SGIS_IOU,SGIS 2020 static mirror commit d5f8ea3208f19a73a01f865847d20cc195ae91ba; anchor IoU=0.921,530.1814844582818
ITC-3466,Korea,Gyeongsangnam-do,Changwon-si,Changwon-si,KOR-ADM2-91817680:KR-48|changwon-si,Statistics Korea SGIS 2020 administrative boundary,KR-48:38113,창원시 마산합포구,PASS3_GEOMETRY_TO_SGIS_IOU,SGIS 2020 static mirror commit d5f8ea3208f19a73a01f865847d20cc195ae91ba; anchor IoU=0.305,243.11220105857203
ITC-3467,Korea,Gyeongsangnam-do,Geochang-gun,Geochang-gun,KOR-ADM2-91817680:KR-48|geochang-gun,Statistics Korea SGIS 2020 administrative boundary,KR-48:38390,거창군,PASS3_GEOMETRY_TO_SGIS_IOU,SGIS 2020 static mirror commit d5f8ea3208f19a73a01f865847d20cc195ae91ba; anchor IoU=0.913,799.5852307069421
ITC-3468,Korea,Gyeongsangnam-do,Geoje-si,Geoje-si,KOR-ADM2-91817680:KR-48|geoje-si,Statistics Korea SGIS 2020 administrative boundary,KR-48:38090,거제시,PASS3_GEOMETRY_TO_SGIS_IOU,SGIS 2020 static mirror commit d5f8ea3208f19a73a01f865847d20cc195ae91ba; anchor IoU=0.942,407.69889515677795
ITC-3469,Korea,Gyeongsangnam-do,Gimhae-si,Gimhae-si,KOR-ADM2-91817680:KR-48|gimhae-si,Statistics Korea SGIS 2020 administrative boundary,KR-48:38070,김해시,PASS3_GEOMETRY_TO_SGIS_IOU,SGIS 2020 static mirror commit d5f8ea3208f19a73a01f865847d20cc195ae91ba; anchor IoU=0.926,461.78881618003675
ITC-3470,Korea,Gyeongsangnam-do,Goseong-gun,Goseong-gun,KOR-ADM2-91817680:KR-48|goseong-gun,Statistics Korea SGIS 2020 administrative boundary,KR-48:38340,고성군,PASS3_GEOMETRY_TO_SGIS_IOU,SGIS 2020 static mirror commit d5f8ea3208f19a73a01f865847d20cc195ae91ba; anchor IoU=0.901,520.1686196128999
ITC-3471,Korea,Gyeongsangnam-do,Hadong-gun,Hadong-gun,KOR-ADM2-91817680:KR-48|hadong-gun,Statistics Korea SGIS 2020 administrative boundary,KR-48:38360,하동군,PASS3_GEOMETRY_TO_SGIS_IOU,SGIS 2020 static mirror commit d5f8ea3208f19a73a01f865847d20cc195ae91ba; anchor IoU=0.938,676.7259270455738
ITC-3472,Korea,Gyeongsangnam-do,Haman-gun,Haman-gun,KOR-ADM2-91817680:KR-48|haman-gun,Statistics Korea SGIS 2020 administrative boundary,KR-48:38320,함안군,PASS3_GEOMETRY_TO_SGIS_IOU,SGIS 2020 static mirror commit d5f8ea3208f19a73a01f865847d20cc195ae91ba; anchor IoU=0.904,415.81013409277637
ITC-3473,Korea,Gyeongsangnam-do,Hamyang-gun,Hamyang-gun,KOR-ADM2-91817680:KR-48|hamyang-gun,Statistics Korea SGIS 2020 administrative boundary,KR-48:38380,함양군,PASS3_GEOMETRY_TO_SGIS_IOU,SGIS 2020 static mirror commit d5f8ea3208f19a73a01f865847d20cc195ae91ba; anchor IoU=0.912,720.8175408355152
ITC-3474,Korea,Gyeongsangnam-do,Hapcheon-gun,Hapcheon-gun,KOR-ADM2-91817680:KR-48|hapcheon-gun,Statistics Korea SGIS 2020 administrative boundary,KR-48:38400,합천군,PASS3_GEOMETRY_TO_SGIS_IOU,SGIS 2020 static mirror commit d5f8ea3208f19a73a01f865847d20cc195ae91ba; anchor IoU=0.924,983.8849505417186
ITC-3475,Korea,Gyeongsangnam-do,Jinju-si,Jinju-si,KOR-ADM2-91817680:KR-48|jinju-si,Statistics Korea SGIS 2020 administrative boundary,KR-48:38030,진주시,PASS3_GEOMETRY_TO_SGIS_IOU,SGIS 2020 static mirror commit d5f8ea3208f19a73a01f865847d20cc195ae91ba; anchor IoU=0.924,712.9680758382169
ITC-3476,Korea,Gyeongsangnam-do,Miryang-si,Miryang-si,KOR-ADM2-91817680:KR-48|miryang-si,Statistics Korea SGIS 2020 administrative boundary,KR-48:38080,밀양시,PASS3_GEOMETRY_TO_SGIS_IOU,SGIS 2020 static mirror commit d5f8ea3208f19a73a01f865847d20cc195ae91ba; anchor IoU=0.926,801.3260585186349
ITC-3477,Korea,Gyeongsangnam-do,Namhae-gun,Namhae-gun,KOR-ADM2-91817680:KR-48|namhae-gun,Statistics Korea SGIS 2020 administrative boundary,KR-48:38350,남해군,PASS3_GEOMETRY_TO_SGIS_IOU,SGIS 2020 static mirror commit d5f8ea3208f19a73a01f865847d20cc195ae91ba; anchor IoU=0.908,361.970777085417
ITC-3478,Korea,Gyeongsangnam-do,Sacheon-si,Sacheon-si,KOR-ADM2-91817680:KR-48|sacheon-si,Statistics Korea SGIS 2020 administrative boundary,KR-48:38060,사천시,PASS3_GEOMETRY_TO_SGIS_IOU,SGIS 2020 static mirror commit d5f8ea3208f19a73a01f865847d20cc195ae91ba; anchor IoU=0.875,401.65320987694906
ITC-3479,Korea,Gyeongsangnam-do,Sancheong-gun,Sancheong-gun,KOR-ADM2-91817680:KR-48|sancheong-gun,Statistics Korea SGIS 2020 administrative boundary,KR-48:38370,산청군,PASS3_GEOMETRY_TO_SGIS_IOU,SGIS 2020 static mirror commit d5f8ea3208f19a73a01f865847d20cc195ae91ba; anchor IoU=0.936,791.8596336882146
ITC-3480,Korea,Gyeongsangnam-do,Tongyeong-si,Tongyeong-si,KOR-ADM2-91817680:KR-48|tongyeong-si,Statistics Korea SGIS 2020 administrative boundary,KR-48:38050,통영시,PASS3_GEOMETRY_TO_SGIS_IOU,SGIS 2020 static mirror commit d5f8ea3208f19a73a01f865847d20cc195ae91ba; anchor IoU=0.793,250.11298471207016
ITC-3481,Korea,Gyeongsangnam-do,Uiryeong-gun,Uiryeong-gun,KOR-ADM2-91817680:KR-48|uiryeong-gun,Statistics Korea SGIS 2020 administrative boundary,KR-48:38310,의령군,PASS3_GEOMETRY_TO_SGIS_IOU,SGIS 2020 static mirror commit d5f8ea3208f19a73a01f865847d20cc195ae91ba; anchor IoU=0.881,481.76467099081367
ITC-3482,Korea,Gyeongsangnam-do,Yangsan-si,Yangsan-si,KOR-ADM2-91817680:KR-48|yangsan-si,Statistics Korea SGIS 2020 administrative boundary,KR-48:38100,양산시,PASS3_GEOMETRY_TO_SGIS_IOU,SGIS 2020 static mirror commit d5f8ea3208f19a73a01f865847d20cc195ae91ba; anchor IoU=0.920,486.49021284450606
ITC-3483,Korea,Incheon,Bupyeong-gu,Bupyeong-gu,KOR-ADM2-91817680:KR-28|bupyeong-gu,Statistics Korea SGIS 2020 administrative boundary,KR-28:23060,부평구,PASS3_GEOMETRY_TO_SGIS_IOU,SGIS 2020 static mirror commit d5f8ea3208f19a73a01f865847d20cc195ae91ba; anchor IoU=0.540,32.11148096281867
ITC-3484,Korea,Incheon,Dong-gu,Dong-gu,KOR-ADM2-91817680:KR-28|dong-gu,Statistics Korea SGIS 2020 administrative boundary,KR-28:23020,동구,PASS3_GEOMETRY_TO_SGIS_IOU,SGIS 2020 static mirror commit d5f8ea3208f19a73a01f865847d20cc195ae91ba; anchor IoU=0.268,7.298064543817843
ITC-3485,Korea,Incheon,Ganghwa-gun,Ganghwa-gun,KOR-ADM2-91817680:KR-28|ganghwa-gun,Statistics Korea SGIS 2020 administrative boundary,KR-28:23310,강화군,EXACT_KOREAN_TITLE,SGIS 2020 static mirror commit d5f8ea3208f19a73a01f865847d20cc195ae91ba; exact/residual one-to-one assignment,413.0759606283771
ITC-3486,Korea,Incheon,Gyeyang-gu,Gyeyang-gu,KOR-ADM2-91817680:KR-28|gyeyang-gu,Statistics Korea SGIS 2020 administrative boundary,KR-28:23070,계양구,EXACT_KOREAN_TITLE,SGIS 2020 static mirror commit d5f8ea3208f19a73a01f865847d20cc195ae91ba; exact/residual one-to-one assignment,45.41104855236765
ITC-3487,Korea,Incheon,Jung-gu,Jung-gu,KOR-ADM2-91817680:KR-28|jung-gu,Statistics Korea SGIS 2020 administrative boundary,KR-28:23010,중구,PASS3_GEOMETRY_TO_SGIS_IOU,SGIS 2020 static mirror commit d5f8ea3208f19a73a01f865847d20cc195ae91ba; anchor IoU=0.900,144.44431206856362
ITC-3488,Korea,Incheon,Michuhol-gu,Michuhol-gu,KOR-ADM2-91817680:KR-28|michuhol-gu,Statistics Korea SGIS 2020 administrative boundary,KR-28:23090,미추홀구,PASS3_GEOMETRY_TO_SGIS_IOU,SGIS 2020 static mirror commit d5f8ea3208f19a73a01f865847d20cc195ae91ba; anchor IoU=0.618,25.002866868772745
ITC-3489,Korea,Incheon,Namdong-gu,Namdong-gu,KOR-ADM2-91817680:KR-28|namdong-gu,Statistics Korea SGIS 2020 administrative boundary,KR-28:23050,남동구,PASS3_GEOMETRY_TO_SGIS_IOU,SGIS 2020 static mirror commit d5f8ea3208f19a73a01f865847d20cc195ae91ba; anchor IoU=0.680,57.662733623353375
ITC-3490,Korea,Incheon,Ongjin-gun,Ongjin-gun,KOR-ADM2-91817680:KR-28|ongjin-gun,Statistics Korea SGIS 2020 administrative boundary,KR-28:23320,옹진군,EXACT_KOREAN_TITLE,SGIS 2020 static mirror commit d5f8ea3208f19a73a01f865847d20cc195ae91ba; exact/residual one-to-one assignment,183.68904969734723
ITC-3491,Korea,Incheon,Seo-gu,Seo-gu,KOR-ADM2-91817680:KR-28|seo-gu,Statistics Korea SGIS 2020 administrative boundary,KR-28:23080,서구,PASS3_GEOMETRY_TO_SGIS_IOU,SGIS 2020 static mirror commit d5f8ea3208f19a73a01f865847d20cc195ae91ba; anchor IoU=0.733,132.63053235643696
ITC-3492,Korea,Incheon,Yeonsu-gu,Yeonsu-gu,KOR-ADM2-91817680:KR-28|yeonsu-gu,Statistics Korea SGIS 2020 administrative boundary,KR-28:23040,연수구,EXACT_KOREAN_TITLE,SGIS 2020 static mirror commit d5f8ea3208f19a73a01f865847d20cc195ae91ba; exact/residual one-to-one assignment,61.11102466179817
ITC-3493,Korea,Jeju-do,Jeju-si,Jeju-si,KOR-ADM2-91817680:KR-49|jeju-si,Statistics Korea SGIS 2020 administrative boundary,KR-49:39010,제주시,PASS3_GEOMETRY_TO_SGIS_IOU,SGIS 2020 static mirror commit d5f8ea3208f19a73a01f865847d20cc195ae91ba; anchor IoU=0.942,982.8600904237948
ITC-3494,Korea,Jeju-do,Seogwipo-si,Seogwipo-si,KOR-ADM2-91817680:KR-49|seogwipo-si,Statistics Korea SGIS 2020 administrative boundary,KR-49:39020,서귀포시,PASS3_GEOMETRY_TO_SGIS_IOU,SGIS 2020 static mirror commit d5f8ea3208f19a73a01f865847d20cc195ae91ba; anchor IoU=0.943,880.5690299203526
ITC-3495,Korea,Jellanam-do,Boseong-gun,Boseong-gun,KOR-ADM2-91817680:KR-46|boseong-gun,Statistics Korea SGIS 2020 administrative boundary,KR-46:36360,보성군,PASS3_GEOMETRY_TO_SGIS_IOU,SGIS 2020 static mirror commit d5f8ea3208f19a73a01f865847d20cc195ae91ba; anchor IoU=0.910,665.8443773223921
ITC-3496,Korea,Jellanam-do,Damyang-gun,Damyang-gun,KOR-ADM2-91817680:KR-46|damyang-gun,Statistics Korea SGIS 2020 administrative boundary,KR-46:36310,담양군,PASS3_GEOMETRY_TO_SGIS_IOU,SGIS 2020 static mirror commit d5f8ea3208f19a73a01f865847d20cc195ae91ba; anchor IoU=0.895,453.49434288879087
ITC-3497,Korea,Jellanam-do,Gangjin-gun,Gangjin-gun,KOR-ADM2-91817680:KR-46|gangjin-gun,Statistics Korea SGIS 2020 administrative boundary,KR-46:36390,강진군,PASS3_GEOMETRY_TO_SGIS_IOU,SGIS 2020 static mirror commit d5f8ea3208f19a73a01f865847d20cc195ae91ba; anchor IoU=0.876,500.9103122347705
ITC-3498,Korea,Jellanam-do,Goheung-gun,Goheung-gun,KOR-ADM2-91817680:KR-46|goheung-gun,Statistics Korea SGIS 2020 administrative boundary,KR-46:36350,고흥군,PASS3_GEOMETRY_TO_SGIS_IOU,SGIS 2020 static mirror commit d5f8ea3208f19a73a01f865847d20cc195ae91ba; anchor IoU=0.874,814.6576177939147
ITC-3499,Korea,Jellanam-do,Gokseong-gun,Gokseong-gun,KOR-ADM2-91817680:KR-46|gokseong-gun,Statistics Korea SGIS 2020 administrative boundary,KR-46:36320,곡성군,PASS3_GEOMETRY_TO_SGIS_IOU,SGIS 2020 static mirror commit d5f8ea3208f19a73a01f865847d20cc195ae91ba; anchor IoU=0.913,548.4234024946505
ITC-3500,Korea,Jellanam-do,Gurye-gun,Gurye-gun,KOR-ADM2-91817680:KR-46|gurye-gun,Statistics Korea SGIS 2020 administrative boundary,KR-46:36330,구례군,PASS3_GEOMETRY_TO_SGIS_IOU,SGIS 2020 static mirror commit d5f8ea3208f19a73a01f865847d20cc195ae91ba; anchor IoU=0.926,439.53128846701486
ITC-3501,Korea,Jellanam-do,Gwangyang-si,Gwangyang-si,KOR-ADM2-91817680:KR-46|gwangyang-si,Statistics Korea SGIS 2020 administrative boundary,KR-46:36060,광양시,PASS3_GEOMETRY_TO_SGIS_IOU,SGIS 2020 static mirror commit d5f8ea3208f19a73a01f865847d20cc195ae91ba; anchor IoU=0.929,467.2407266567452
ITC-3502,Korea,Jellanam-do,Haenam-gun,Haenam-gun,KOR-ADM2-91817680:KR-46|haenam-gun,Statistics Korea SGIS 2020 administrative boundary,KR-46:36400,해남군,PASS3_GEOMETRY_TO_SGIS_IOU,SGIS 2020 static mirror commit d5f8ea3208f19a73a01f865847d20cc195ae91ba; anchor IoU=0.879,1047.1639202739982
ITC-3503,Korea,Jellanam-do,Hampyeong-gun,Hampyeong-gun,KOR-ADM2-91817680:KR-46|hampyeong-gun,Statistics Korea SGIS 2020 administrative boundary,KR-46:36430,함평군,PASS3_GEOMETRY_TO_SGIS_IOU,SGIS 2020 static mirror commit d5f8ea3208f19a73a01f865847d20cc195ae91ba; anchor IoU=0.881,389.76893092160975
ITC-3504,Korea,Jellanam-do,Hwasun-gun,Hwasun-gun,KOR-ADM2-91817680:KR-46|hwasun-gun,Statistics Korea SGIS 2020 administrative boundary,KR-46:36370,화순군,PASS3_GEOMETRY_TO_SGIS_IOU,SGIS 2020 static mirror commit d5f8ea3208f19a73a01f865847d20cc195ae91ba; anchor IoU=0.916,788.052970453024
ITC-3505,Korea,Jellanam-do,Jangheung-gun,Jangheung-gun,KOR-ADM2-91817680:KR-46|jangheung-gun,Statistics Korea SGIS 2020 administrative boundary,KR-46:36380,장흥군,PASS3_GEOMETRY_TO_SGIS_IOU,SGIS 2020 static mirror commit d5f8ea3208f19a73a01f865847d20cc195ae91ba; anchor IoU=0.901,622.1206986370499
ITC-3506,Korea,Jellanam-do,Jangseong-gun,Jangseong-gun,KOR-ADM2-91817680:KR-46|jangseong-gun,Statistics Korea SGIS 2020 administrative boundary,KR-46:36450,장성군,PASS3_GEOMETRY_TO_SGIS_IOU,SGIS 2020 static mirror commit d5f8ea3208f19a73a01f865847d20cc195ae91ba; anchor IoU=0.903,518.0555135112306
ITC-3507,Korea,Jellanam-do,Jindo-gun,Jindo-gun,KOR-ADM2-91817680:KR-46|jindo-gun,Statistics Korea SGIS 2020 administrative boundary,KR-46:36470,진도군,PASS3_GEOMETRY_TO_SGIS_IOU,SGIS 2020 static mirror commit d5f8ea3208f19a73a01f865847d20cc195ae91ba; anchor IoU=0.742,452.8158231291635
ITC-3508,Korea,Jellanam-do,Mokpo-si,Mokpo-si,KOR-ADM2-91817680:KR-46|mokpo-si,Statistics Korea SGIS 2020 administrative boundary,KR-46:36010,목포시,PASS3_GEOMETRY_TO_SGIS_IOU,SGIS 2020 static mirror commit d5f8ea3208f19a73a01f865847d20cc195ae91ba; anchor IoU=0.793,53.65888764081447
ITC-3509,Korea,Jellanam-do,Muan-gun,Muan-gun,KOR-ADM2-91817680:KR-46|muan-gun,Statistics Korea SGIS 2020 administrative boundary,KR-46:36420,무안군,PASS3_GEOMETRY_TO_SGIS_IOU,SGIS 2020 static mirror commit d5f8ea3208f19a73a01f865847d20cc195ae91ba; anchor IoU=0.891,455.7284555567559
ITC-3510,Korea,Jellanam-do,Naju-si,Naju-si,KOR-ADM2-91817680:KR-46|naju-si,Statistics Korea SGIS 2020 administrative boundary,KR-46:36040,나주시,PASS3_GEOMETRY_TO_SGIS_IOU,SGIS 2020 static mirror commit d5f8ea3208f19a73a01f865847d20cc195ae91ba; anchor IoU=0.888,605.8942674299738
ITC-3511,Korea,Jellanam-do,Sinan-gun,Sinan-gun,KOR-ADM2-91817680:KR-46|sinan-gun,Statistics Korea SGIS 2020 administrative boundary,KR-46:36480,신안군,PASS3_GEOMETRY_TO_SGIS_IOU,SGIS 2020 static mirror commit d5f8ea3208f19a73a01f865847d20cc195ae91ba; anchor IoU=0.522,680.2362852877827
ITC-3512,Korea,Jellanam-do,Suncheon-si,Suncheon-si,KOR-ADM2-91817680:KR-46|suncheon-si,Statistics Korea SGIS 2020 administrative boundary,KR-46:36030,순천시,PASS3_GEOMETRY_TO_SGIS_IOU,SGIS 2020 static mirror commit d5f8ea3208f19a73a01f865847d20cc195ae91ba; anchor IoU=0.932,911.6690951195444
ITC-3513,Korea,Jellanam-do,Wando-gun,Wando-gun,KOR-ADM2-91817680:KR-46|wando-gun,Statistics Korea SGIS 2020 administrative boundary,KR-46:36460,완도군,PASS3_GEOMETRY_TO_SGIS_IOU,SGIS 2020 static mirror commit d5f8ea3208f19a73a01f865847d20cc195ae91ba; anchor IoU=0.798,408.12761590845236
ITC-3514,Korea,Jellanam-do,Yeongam-gun,Yeongam-gun,KOR-ADM2-91817680:KR-46|yeongam-gun,Statistics Korea SGIS 2020 administrative boundary,KR-46:36410,영암군,PASS3_GEOMETRY_TO_SGIS_IOU,SGIS 2020 static mirror commit d5f8ea3208f19a73a01f865847d20cc195ae91ba; anchor IoU=0.885,611.3033060558728
ITC-3515,Korea,Jellanam-do,Yeonggwang-gun,Yeonggwang-gun,KOR-ADM2-91817680:KR-46|yeonggwang-gun,Statistics Korea SGIS 2020 administrative boundary,KR-46:36440,영광군,EXACT_KOREAN_TITLE,SGIS 2020 static mirror commit d5f8ea3208f19a73a01f865847d20cc195ae91ba; exact/residual one-to-one assignment,481.2313226935794
ITC-3516,Korea,Jellanam-do,Yeosu-si,Yeosu-si,KOR-ADM2-91817680:KR-46|yeosu-si,Statistics Korea SGIS 2020 administrative boundary,KR-46:36020,여수시,PASS3_GEOMETRY_TO_SGIS_IOU,SGIS 2020 static mirror commit d5f8ea3208f19a73a01f865847d20cc195ae91ba; anchor IoU=0.841,529.1065781329085
ITC-3517,Korea,Jeollabuk-do,Buan-gun,Buan-gun,KOR-ADM2-91817680:KR-45|buan-gun,Statistics Korea SGIS 2020 administrative boundary,KR-45:35380,부안군,PASS3_GEOMETRY_TO_SGIS_IOU,SGIS 2020 static mirror commit d5f8ea3208f19a73a01f865847d20cc195ae91ba; anchor IoU=0.799,531.1107634194557
ITC-3518,Korea,Jeollabuk-do,Gimje-si,Gimje-si,KOR-ADM2-91817680:KR-45|gimje-si,Statistics Korea SGIS 2020 administrative boundary,KR-45:35060,김제시,PASS3_GEOMETRY_TO_SGIS_IOU,SGIS 2020 static mirror commit d5f8ea3208f19a73a01f865847d20cc195ae91ba; anchor IoU=0.849,544.301996490229
ITC-3519,Korea,Jeollabuk-do,Gochang-gun,Gochang-gun,KOR-ADM2-91817680:KR-45|gochang-gun,Statistics Korea SGIS 2020 administrative boundary,KR-45:35370,고창군,PASS3_GEOMETRY_TO_SGIS_IOU,SGIS 2020 static mirror commit d5f8ea3208f19a73a01f865847d20cc195ae91ba; anchor IoU=0.901,612.3277248960926
ITC-3520,Korea,Jeollabuk-do,Gunsan-si,Gunsan-si,KOR-ADM2-91817680:KR-45|gunsan-si,Statistics Korea SGIS 2020 administrative boundary,KR-45:35020,군산시,PASS3_GEOMETRY_TO_SGIS_IOU,SGIS 2020 static mirror commit d5f8ea3208f19a73a01f865847d20cc195ae91ba; anchor IoU=0.727,420.4230189507052
ITC-3521,Korea,Jeollabuk-do,Iksan-si,Iksan-si,KOR-ADM2-91817680:KR-45|iksan-si,Statistics Korea SGIS 2020 administrative boundary,KR-45:35030,익산시,PASS3_GEOMETRY_TO_SGIS_IOU,SGIS 2020 static mirror commit d5f8ea3208f19a73a01f865847d20cc195ae91ba; anchor IoU=0.911,507.3480060257945
ITC-3522,Korea,Jeollabuk-do,Imsil-gun,Imsil-gun,KOR-ADM2-91817680:KR-45|imsil-gun,Statistics Korea SGIS 2020 administrative boundary,KR-45:35350,임실군,PASS3_GEOMETRY_TO_SGIS_IOU,SGIS 2020 static mirror commit d5f8ea3208f19a73a01f865847d20cc195ae91ba; anchor IoU=0.890,596.7476622721265
ITC-3523,Korea,Jeollabuk-do,Jangsu-gun,Jangsu-gun,KOR-ADM2-91817680:KR-45|jangsu-gun,Statistics Korea SGIS 2020 administrative boundary,KR-45:35340,장수군,PASS3_GEOMETRY_TO_SGIS_IOU,SGIS 2020 static mirror commit d5f8ea3208f19a73a01f865847d20cc195ae91ba; anchor IoU=0.879,532.0001408435991
ITC-3524,Korea,Jeollabuk-do,Jeongeup-si,Jeongeup-si,KOR-ADM2-91817680:KR-45|jeongeup-si,Statistics Korea SGIS 2020 administrative boundary,KR-45:35040,정읍시,PASS3_GEOMETRY_TO_SGIS_IOU,SGIS 2020 static mirror commit d5f8ea3208f19a73a01f865847d20cc195ae91ba; anchor IoU=0.913,697.8295675796662
ITC-3525,Korea,Jeollabuk-do,Jeonju-si,Jeonju-si,KOR-ADM2-91817680:KR-45|jeonju-si,Statistics Korea SGIS 2020 administrative boundary,KR-45:35012,전주시 덕진구,PASS3_GEOMETRY_TO_SGIS_IOU,SGIS 2020 static mirror commit d5f8ea3208f19a73a01f865847d20cc195ae91ba; anchor IoU=0.450,113.23618056871831
ITC-3526,Korea,Jeollabuk-do,Jinan-gun,Jinan-gun,KOR-ADM2-91817680:KR-45|jinan-gun,Statistics Korea SGIS 2020 administrative boundary,KR-45:35320,진안군,PASS3_GEOMETRY_TO_SGIS_IOU,SGIS 2020 static mirror commit d5f8ea3208f19a73a01f865847d20cc195ae91ba; anchor IoU=0.918,789.0730118354975
ITC-3527,Korea,Jeollabuk-do,Muju-gun,Muju-gun,KOR-ADM2-91817680:KR-45|muju-gun,Statistics Korea SGIS 2020 administrative boundary,KR-45:35330,무주군,PASS3_GEOMETRY_TO_SGIS_IOU,SGIS 2020 static mirror commit d5f8ea3208f19a73a01f865847d20cc195ae91ba; anchor IoU=0.920,629.9466891785213
ITC-3528,Korea,Jeollabuk-do,Namwon-si,Namwon-si,KOR-ADM2-91817680:KR-45|namwon-si,Statistics Korea SGIS 2020 administrative boundary,KR-45:35050,남원시,PASS3_GEOMETRY_TO_SGIS_IOU,SGIS 2020 static mirror commit d5f8ea3208f19a73a01f865847d20cc195ae91ba; anchor IoU=0.906,750.4963755983365
ITC-3529,Korea,Jeollabuk-do,Sunchang-gun,Sunchang-gun,KOR-ADM2-91817680:KR-45|sunchang-gun,Statistics Korea SGIS 2020 administrative boundary,KR-45:35360,순창군,PASS3_GEOMETRY_TO_SGIS_IOU,SGIS 2020 static mirror commit d5f8ea3208f19a73a01f865847d20cc195ae91ba; anchor IoU=0.874,499.90235595803637
ITC-3530,Korea,Jeollabuk-do,Wanju-gun,Wanju-gun,KOR-ADM2-91817680:KR-45|wanju-gun,Statistics Korea SGIS 2020 administrative boundary,KR-45:35310,완주군,PASS3_GEOMETRY_TO_SGIS_IOU,SGIS 2020 static mirror commit d5f8ea3208f19a73a01f865847d20cc195ae91ba; anchor IoU=0.861,822.1566494203746
ITC-3531,Korea,Sejong-si,Sejong-si,Sejong-si,KOR-ADM2-91817680:KR-50|sejong-si,Statistics Korea SGIS 2020 administrative boundary,KR-50:29,세종특별자치시,EXACT_KOREAN_TITLE,SGIS 2020 static mirror commit d5f8ea3208f19a73a01f865847d20cc195ae91ba; exact/residual one-to-one assignment,465.4862183884036
ITC-3532,Korea,Seoul,Dobong-gu,Dobong-gu,KOR-ADM2-91817680:KR-11|dobong-gu,Statistics Korea SGIS 2020 administrative boundary,KR-11:11100,도봉구,PASS3_GEOMETRY_TO_SGIS_IOU,SGIS 2020 static mirror commit d5f8ea3208f19a73a01f865847d20cc195ae91ba; anchor IoU=0.580,20.68294625581065
ITC-3533,Korea,Seoul,Dongdaemun-gu,Dongdaemun-gu,KOR-ADM2-91817680:KR-11|dongdaemun-gu,Statistics Korea SGIS 2020 administrative boundary,KR-11:11060,동대문구,PASS3_GEOMETRY_TO_SGIS_IOU,SGIS 2020 static mirror commit d5f8ea3208f19a73a01f865847d20cc195ae91ba; anchor IoU=0.436,14.332869756778022
ITC-3534,Korea,Seoul,Dongjak-gu,Dongjak-gu,KOR-ADM2-91817680:KR-11|dongjak-gu,Statistics Korea SGIS 2020 administrative boundary,KR-11:11200,동작구,PASS3_GEOMETRY_TO_SGIS_IOU,SGIS 2020 static mirror commit d5f8ea3208f19a73a01f865847d20cc195ae91ba; anchor IoU=0.422,16.388752509929898
ITC-3535,Korea,Seoul,Eunpyeong-gu,Eunpyeong-gu,KOR-ADM2-91817680:KR-11|eunpyeong-gu,Statistics Korea SGIS 2020 administrative boundary,KR-11:11120,은평구,PASS3_GEOMETRY_TO_SGIS_IOU,SGIS 2020 static mirror commit d5f8ea3208f19a73a01f865847d20cc195ae91ba; anchor IoU=0.520,29.680855443433252
ITC-3536,Korea,Seoul,Gangbuk-gu,Gangbuk-gu,KOR-ADM2-91817680:KR-11|gangbuk-gu,Statistics Korea SGIS 2020 administrative boundary,KR-11:11090,강북구,PASS3_GEOMETRY_TO_SGIS_IOU,SGIS 2020 static mirror commit d5f8ea3208f19a73a01f865847d20cc195ae91ba; anchor IoU=0.583,23.573564966171972
ITC-3537,Korea,Seoul,Gangdong-gu,Gangdong-gu,KOR-ADM2-91817680:KR-11|gangdong-gu,Statistics Korea SGIS 2020 administrative boundary,KR-11:11250,강동구,PASS3_GEOMETRY_TO_SGIS_IOU,SGIS 2020 static mirror commit d5f8ea3208f19a73a01f865847d20cc195ae91ba; anchor IoU=0.559,24.558481378138477
ITC-3538,Korea,Seoul,Gangnam-gu,Gangnam-gu,KOR-ADM2-91817680:KR-11|gangnam-gu,Statistics Korea SGIS 2020 administrative boundary,KR-11:11230,강남구,PASS3_GEOMETRY_TO_SGIS_IOU,SGIS 2020 static mirror commit d5f8ea3208f19a73a01f865847d20cc195ae91ba; anchor IoU=0.580,39.43438145804772
ITC-3539,Korea,Seoul,Gangseo-gu,Gangseo-gu,KOR-ADM2-91817680:KR-11|gangseo-gu,Statistics Korea SGIS 2020 administrative boundary,KR-11:11160,강서구,PASS3_GEOMETRY_TO_SGIS_IOU,SGIS 2020 static mirror commit d5f8ea3208f19a73a01f865847d20cc195ae91ba; anchor IoU=0.648,41.591557195459956
ITC-3540,Korea,Seoul,Geumcheon-gu,Geumcheon-gu,KOR-ADM2-91817680:KR-11|geumcheon-gu,Statistics Korea SGIS 2020 administrative boundary,KR-11:11180,금천구,PASS3_GEOMETRY_TO_SGIS_IOU,SGIS 2020 static mirror commit d5f8ea3208f19a73a01f865847d20cc195ae91ba; anchor IoU=0.678,13.02071761511893
ITC-3541,Korea,Seoul,Guro-gu,Guro-gu,KOR-ADM2-91817680:KR-11|guro-gu,Statistics Korea SGIS 2020 administrative boundary,KR-11:11170,구로구,PASS3_GEOMETRY_TO_SGIS_IOU,SGIS 2020 static mirror commit d5f8ea3208f19a73a01f865847d20cc195ae91ba; anchor IoU=0.423,20.117803498300514
ITC-3542,Korea,Seoul,Gwanak-gu,Gwanak-gu,KOR-ADM2-91817680:KR-11|gwanak-gu,Statistics Korea SGIS 2020 administrative boundary,KR-11:11210,관악구,PASS3_GEOMETRY_TO_SGIS_IOU,SGIS 2020 static mirror commit d5f8ea3208f19a73a01f865847d20cc195ae91ba; anchor IoU=0.574,29.627739052325886
ITC-3543,Korea,Seoul,Gwangjin-gu,Gwangjin-gu,KOR-ADM2-91817680:KR-11|gwangjin-gu,Statistics Korea SGIS 2020 administrative boundary,KR-11:11050,광진구,PASS3_GEOMETRY_TO_SGIS_IOU,SGIS 2020 static mirror commit d5f8ea3208f19a73a01f865847d20cc195ae91ba; anchor IoU=0.520,17.061772518605686
ITC-3544,Korea,Seoul,Jongno-gu,Jongno-gu,KOR-ADM2-91817680:KR-11|jongno-gu,Statistics Korea SGIS 2020 administrative boundary,KR-11:11010,종로구,PASS3_GEOMETRY_TO_SGIS_IOU,SGIS 2020 static mirror commit d5f8ea3208f19a73a01f865847d20cc195ae91ba; anchor IoU=0.457,24.014022179517664
ITC-3545,Korea,Seoul,Jung-gu,Jung-gu,KOR-ADM2-91817680:KR-11|jung-gu,Statistics Korea SGIS 2020 administrative boundary,KR-11:11020,중구,PASS3_GEOMETRY_TO_SGIS_IOU,SGIS 2020 static mirror commit d5f8ea3208f19a73a01f865847d20cc195ae91ba; anchor IoU=0.188,9.991704051655732
ITC-3546,Korea,Seoul,Jungnang-gu,Jungnang-gu,KOR-ADM2-91817680:KR-11|jungnang-gu,Statistics Korea SGIS 2020 administrative boundary,KR-11:11070,중랑구,PASS3_GEOMETRY_TO_SGIS_IOU,SGIS 2020 static mirror commit d5f8ea3208f19a73a01f865847d20cc195ae91ba; anchor IoU=0.601,18.53728904486715
ITC-3547,Korea,Seoul,Mapo-gu,Mapo-gu,KOR-ADM2-91817680:KR-11|mapo-gu,Statistics Korea SGIS 2020 administrative boundary,KR-11:11140,마포구,PASS3_GEOMETRY_TO_SGIS_IOU,SGIS 2020 static mirror commit d5f8ea3208f19a73a01f865847d20cc195ae91ba; anchor IoU=0.462,23.890696377435393
ITC-3548,Korea,Seoul,Nowon-gu,Nowon-gu,KOR-ADM2-91817680:KR-11|nowon-gu,Statistics Korea SGIS 2020 administrative boundary,KR-11:11110,노원구,PASS3_GEOMETRY_TO_SGIS_IOU,SGIS 2020 static mirror commit d5f8ea3208f19a73a01f865847d20cc195ae91ba; anchor IoU=0.607,35.587351502229275
ITC-3549,Korea,Seoul,Seocho-gu,Seocho-gu,KOR-ADM2-91817680:KR-11|seocho-gu,Statistics Korea SGIS 2020 administrative boundary,KR-11:11220,서초구,PASS3_GEOMETRY_TO_SGIS_IOU,SGIS 2020 static mirror commit d5f8ea3208f19a73a01f865847d20cc195ae91ba; anchor IoU=0.537,46.92699097295929
ITC-3550,Korea,Seoul,Seodaemun-gu,Seodaemun-gu,KOR-ADM2-91817680:KR-11|seodaemun-gu,Statistics Korea SGIS 2020 administrative boundary,KR-11:11130,서대문구,PASS3_GEOMETRY_TO_SGIS_IOU,SGIS 2020 static mirror commit d5f8ea3208f19a73a01f865847d20cc195ae91ba; anchor IoU=0.483,17.69837294088642
ITC-3551,Korea,Seoul,Seongbuk-gu,Seongbuk-gu,KOR-ADM2-91817680:KR-11|seongbuk-gu,Statistics Korea SGIS 2020 administrative boundary,KR-11:11080,성북구,PASS3_GEOMETRY_TO_SGIS_IOU,SGIS 2020 static mirror commit d5f8ea3208f19a73a01f865847d20cc195ae91ba; anchor IoU=0.473,24.554736810526
ITC-3552,Korea,Seoul,Seongdong-gu,Seongdong-gu,KOR-ADM2-91817680:KR-11|seongdong-gu,Statistics Korea SGIS 2020 administrative boundary,KR-11:11040,성동구,PASS3_GEOMETRY_TO_SGIS_IOU,SGIS 2020 static mirror commit d5f8ea3208f19a73a01f865847d20cc195ae91ba; anchor IoU=0.434,16.805716461966295
ITC-3553,Korea,Seoul,Songpa-gu,Songpa-gu,KOR-ADM2-91817680:KR-11|songpa-gu,Statistics Korea SGIS 2020 administrative boundary,KR-11:11240,송파구,PASS3_GEOMETRY_TO_SGIS_IOU,SGIS 2020 static mirror commit d5f8ea3208f19a73a01f865847d20cc195ae91ba; anchor IoU=0.542,33.82542676460454
ITC-3554,Korea,Seoul,Yangcheon-gu,Yangcheon-gu,KOR-ADM2-91817680:KR-11|yangcheon-gu,Statistics Korea SGIS 2020 administrative boundary,KR-11:11150,양천구,PASS3_GEOMETRY_TO_SGIS_IOU,SGIS 2020 static mirror commit d5f8ea3208f19a73a01f865847d20cc195ae91ba; anchor IoU=0.403,17.413808656113194
ITC-3555,Korea,Seoul,Yeongdeungpo-gu,Yeongdeungpo-gu,KOR-ADM2-91817680:KR-11|yeongdeungpo-gu,Statistics Korea SGIS 2020 administrative boundary,KR-11:11190,영등포구,PASS3_GEOMETRY_TO_SGIS_IOU,SGIS 2020 static mirror commit d5f8ea3208f19a73a01f865847d20cc195ae91ba; anchor IoU=0.489,24.570003423893564
ITC-3556,Korea,Seoul,Yongsan-gu,Yongsan-gu,KOR-ADM2-91817680:KR-11|yongsan-gu,Statistics Korea SGIS 2020 administrative boundary,KR-11:11030,용산구,PASS3_GEOMETRY_TO_SGIS_IOU,SGIS 2020 static mirror commit d5f8ea3208f19a73a01f865847d20cc195ae91ba; anchor IoU=0.457,21.863321858800223
ITC-3557,Korea,Ulsan,Buk-gu,Buk-gu,KOR-ADM2-91817680:KR-31|buk-gu,Statistics Korea SGIS 2020 administrative boundary,KR-31:26040,북구,PASS3_GEOMETRY_TO_SGIS_IOU,SGIS 2020 static mirror commit d5f8ea3208f19a73a01f865847d20cc195ae91ba; anchor IoU=0.879,158.04044356833714
ITC-3558,Korea,Ulsan,Dong-gu,Dong-gu,KOR-ADM2-91817680:KR-31|dong-gu,Statistics Korea SGIS 2020 administrative boundary,KR-31:26030,동구,PASS3_GEOMETRY_TO_SGIS_IOU,SGIS 2020 static mirror commit d5f8ea3208f19a73a01f865847d20cc195ae91ba; anchor IoU=0.825,36.48993600744965
ITC-3559,Korea,Ulsan,Jung-gu,Jung-gu,KOR-ADM2-91817680:KR-31|jung-gu,Statistics Korea SGIS 2020 administrative boundary,KR-31:26010,중구,PASS3_GEOMETRY_TO_SGIS_IOU,SGIS 2020 static mirror commit d5f8ea3208f19a73a01f865847d20cc195ae91ba; anchor IoU=0.632,37.06233714789537
ITC-3560,Korea,Ulsan,Nam-gu,Nam-gu,KOR-ADM2-91817680:KR-31|nam-gu,Statistics Korea SGIS 2020 administrative boundary,KR-31:26020,남구,PASS3_GEOMETRY_TO_SGIS_IOU,SGIS 2020 static mirror commit d5f8ea3208f19a73a01f865847d20cc195ae91ba; anchor IoU=0.823,73.84659828763611
ITC-3561,Korea,Ulsan,Ulju-gun,Ulju-gun,KOR-ADM2-91817680:KR-31|ulju-gun,Statistics Korea SGIS 2020 administrative boundary,KR-31:26310,울주군,PASS3_GEOMETRY_TO_SGIS_IOU,SGIS 2020 static mirror commit d5f8ea3208f19a73a01f865847d20cc195ae91ba; anchor IoU=0.910,756.6284183808725
ITC-3562,Ukraine,Avtonomna Respublika Krym,Bakhchysaraiskyi,Bakhchysaraiskyi,UKR-RAION-2020:UA-43|bakhchysaraiskyi,HDX/OCHA Ukraine ADM2,UA0102,Bakhchysaraiskyi,EXACT_UA_NAME_OR_ALIAS,Exact current/legacy raion match; predefined transliteration/name-vintage aliases only.,2381.3064635206515
ITC-3563,Ukraine,Avtonomna Respublika Krym,Bilohirskyi,Bilohirskyi,UKR-RAION-2020:UA-43|bilohirskyi,HDX/OCHA Ukraine ADM2,UA0104,Bilohirskyi,EXACT_UA_NAME_OR_ALIAS,Exact current/legacy raion match; predefined transliteration/name-vintage aliases only.,2929.4807227924057
ITC-3564,Ukraine,Avtonomna Respublika Krym,Dzhankoiskyi,Dzhankoiskyi,UKR-RAION-2020:UA-43|dzhankoiskyi,HDX/OCHA Ukraine ADM2,UA0106,Dzhankoiskyi,EXACT_UA_NAME_OR_ALIAS,Exact current/legacy raion match; predefined transliteration/name-vintage aliases only.,2173.954120632148
ITC-3565,Ukraine,Avtonomna Respublika Krym,Feodosiiskyi,Feodosiiskyi,UKR-RAION-2020:UA-43|feodosiiskyi,HDX/OCHA Ukraine ADM2,UA0118,Feodosiiskyi,EXACT_UA_NAME_OR_ALIAS,Exact current/legacy raion match; predefined transliteration/name-vintage aliases only.,2709.3857728741323
ITC-3566,Ukraine,Avtonomna Respublika Krym,Ialtynskyi,Ialtynskyi,UKR-RAION-2020:UA-43|ialtynskyi,HDX/OCHA Ukraine ADM2,UA0120,Yaltynskyi,EXACT_UA_NAME_OR_ALIAS,Exact current/legacy raion match; predefined transliteration/name-vintage aliases only.,889.7033058062028
ITC-3567,Ukraine,Avtonomna Respublika Krym,Ievpatoriiskyi,Ievpatoriiskyi,UKR-RAION-2020:UA-43|ievpatoriiskyi,HDX/OCHA Ukraine ADM2,UA0108,Yevpatoriiskyi,EXACT_UA_NAME_OR_ALIAS,Exact current/legacy raion match; predefined transliteration/name-vintage aliases only.,3870.1018295645385
ITC-3568,Ukraine,Avtonomna Respublika Krym,Kerchenskyi,Kerchenskyi,UKR-RAION-2020:UA-43|kerchenskyi,HDX/OCHA Ukraine ADM2,UA0110,Kerchenskyi,EXACT_UA_NAME_OR_ALIAS,Exact current/legacy raion match; predefined transliteration/name-vintage aliases only.,3025.63393685609
ITC-3569,Ukraine,Avtonomna Respublika Krym,Kurmanskyi,Kurmanskyi,UKR-RAION-2020:UA-43|kurmanskyi,HDX/OCHA Ukraine ADM2,UA0112,Kurmanskyi,EXACT_UA_NAME_OR_ALIAS,Exact current/legacy raion match; predefined transliteration/name-vintage aliases only.,3247.5483007518023
ITC-3570,Ukraine,Avtonomna Respublika Krym,Perekopskyi,Perekopskyi,UKR-RAION-2020:UA-43|perekopskyi,HDX/OCHA Ukraine ADM2,UA0114,Perekopskyi,EXACT_UA_NAME_OR_ALIAS,Exact current/legacy raion match; predefined transliteration/name-vintage aliases only.,2476.454720219274
ITC-3571,Ukraine,Avtonomna Respublika Krym,Simferopolskyi,Simferopolskyi,UKR-RAION-2020:UA-43|simferopolskyi,HDX/OCHA Ukraine ADM2,UA0116,Simferopolskyi,EXACT_UA_NAME_OR_ALIAS,Exact current/legacy raion match; predefined transliteration/name-vintage aliases only.,1854.8823604233096
ITC-3572,Ukraine,Cherkaska,Cherkaskyi,Cherkaskyi,UKR-RAION-2020:UA-71|cherkaskyi,HDX/OCHA Ukraine ADM2,UA7108,Cherkaskyi,EXACT_UA_NAME_OR_ALIAS,Exact current/legacy raion match; predefined transliteration/name-vintage aliases only.,6884.287417980814
ITC-3573,Ukraine,Cherkaska,Umanskyi,Umanskyi,UKR-RAION-2020:UA-71|umanskyi,HDX/OCHA Ukraine ADM2,UA7106,Umanskyi,EXACT_UA_NAME_OR_ALIAS,Exact current/legacy raion match; predefined transliteration/name-vintage aliases only.,4517.669895427543
ITC-3574,Ukraine,Cherkaska,Zolotoniskyi,Zolotoniskyi,UKR-RAION-2020:UA-71|zolotoniskyi,HDX/OCHA Ukraine ADM2,UA7104,Zolotoniskyi,EXACT_UA_NAME_OR_ALIAS,Exact current/legacy raion match; predefined transliteration/name-vintage aliases only.,4256.672570957267
ITC-3575,Ukraine,Cherkaska,Zvenyhorodskyi,Zvenyhorodskyi,UKR-RAION-2020:UA-71|zvenyhorodskyi,HDX/OCHA Ukraine ADM2,UA7102,Zvenyhorodskyi,EXACT_UA_NAME_OR_ALIAS,Exact current/legacy raion match; predefined transliteration/name-vintage aliases only.,5280.538785165787
ITC-3576,Ukraine,Chernihivska,Chernihivskyi,Chernihivskyi,UKR-RAION-2020:UA-74|chernihivskyi,HDX/OCHA Ukraine ADM2,UA7410,Chernihivskyi,EXACT_UA_NAME_OR_ALIAS,Exact current/legacy raion match; predefined transliteration/name-vintage aliases only.,10229.507456472875
ITC-3577,Ukraine,Chernihivska,Koriukivskyi,Koriukivskyi,UKR-RAION-2020:UA-74|koriukivskyi,HDX/OCHA Ukraine ADM2,UA7402,Koriukivskyi,EXACT_UA_NAME_OR_ALIAS,Exact current/legacy raion match; predefined transliteration/name-vintage aliases only.,4598.251580678411
ITC-3578,Ukraine,Chernihivska,Nizhynskyi,Nizhynskyi,UKR-RAION-2020:UA-74|nizhynskyi,HDX/OCHA Ukraine ADM2,UA7404,Nizhynskyi,EXACT_UA_NAME_OR_ALIAS,Exact current/legacy raion match; predefined transliteration/name-vintage aliases only.,7222.995526117348
ITC-3579,Ukraine,Chernihivska,Novhorod-Siverskyi,Novhorod-Siverskyi,UKR-RAION-2020:UA-74|novhorod-siverskyi,HDX/OCHA Ukraine ADM2,UA7406,Novhorod-Siverskyi,EXACT_UA_NAME_OR_ALIAS,Exact current/legacy raion match; predefined transliteration/name-vintage aliases only.,4635.22228606632
ITC-3580,Ukraine,Chernihivska,Prylutskyi,Prylutskyi,UKR-RAION-2020:UA-74|prylutskyi,HDX/OCHA Ukraine ADM2,UA7408,Prylutskyi,EXACT_UA_NAME_OR_ALIAS,Exact current/legacy raion match; predefined transliteration/name-vintage aliases only.,5212.71705612315
ITC-3581,Ukraine,Chernivetska,Chernivetskyi,Chernivetskyi,UKR-RAION-2020:UA-77|chernivetskyi,HDX/OCHA Ukraine ADM2,UA7306,Chernivetskyi,EXACT_UA_NAME_OR_ALIAS,Exact current/legacy raion match; predefined transliteration/name-vintage aliases only.,4099.3347584093035
ITC-3582,Ukraine,Chernivetska,Dnistrovskyi,Dnistrovskyi,UKR-RAION-2020:UA-77|dnistrovskyi,HDX/OCHA Ukraine ADM2,UA7304,Dnistrovskyi,EXACT_UA_NAME_OR_ALIAS,Exact current/legacy raion match; predefined transliteration/name-vintage aliases only.,2116.8874352082585
ITC-3583,Ukraine,Chernivetska,Vyzhnytskyi,Vyzhnytskyi,UKR-RAION-2020:UA-77|vyzhnytskyi,HDX/OCHA Ukraine ADM2,UA7302,Vyzhnytskyi,EXACT_UA_NAME_OR_ALIAS,Exact current/legacy raion match; predefined transliteration/name-vintage aliases only.,1878.444652872727
ITC-3584,Ukraine,Dnipropetrovska,Dniprovskyi,Dniprovskyi,UKR-RAION-2020:UA-12|dniprovskyi,HDX/OCHA Ukraine ADM2,UA1202,Dniprovskyi,EXACT_UA_NAME_OR_ALIAS,Exact current/legacy raion match; predefined transliteration/name-vintage aliases only.,5604.578897397846
ITC-3585,Ukraine,Dnipropetrovska,Kamianskyi,Kamianskyi,UKR-RAION-2020:UA-12|kamianskyi,HDX/OCHA Ukraine ADM2,UA1204,Kamianskyi,EXACT_UA_NAME_OR_ALIAS,Exact current/legacy raion match; predefined transliteration/name-vintage aliases only.,4808.0423339880845
ITC-3586,Ukraine,Dnipropetrovska,Kryvorizkyi,Kryvorizkyi,UKR-RAION-2020:UA-12|kryvorizkyi,HDX/OCHA Ukraine ADM2,UA1206,Kryvorizkyi,EXACT_UA_NAME_OR_ALIAS,Exact current/legacy raion match; predefined transliteration/name-vintage aliases only.,5729.82936518178
ITC-3587,Ukraine,Dnipropetrovska,Nikopolskyi,Nikopolskyi,UKR-RAION-2020:UA-12|nikopolskyi,HDX/OCHA Ukraine ADM2,UA1208,Nikopolskyi,EXACT_UA_NAME_OR_ALIAS,Exact current/legacy raion match; predefined transliteration/name-vintage aliases only.,3232.793816198651
ITC-3588,Ukraine,Dnipropetrovska,Novomoskovskyi,Samarskyi,UKR-RAION-2020:UA-12|samarskyi,HDX/OCHA Ukraine ADM2,UA1210,Samarivskyi,EXACT_UA_ADM2_PCODE,Exact current/legacy raion match; predefined transliteration/name-vintage aliases only.,3479.3982781544073
ITC-3589,Ukraine,Dnipropetrovska,Pavlohradskyi,Pavlohradskyi,UKR-RAION-2020:UA-12|pavlohradskyi,HDX/OCHA Ukraine ADM2,UA1212,Pavlohradskyi,EXACT_UA_NAME_OR_ALIAS,Exact current/legacy raion match; predefined transliteration/name-vintage aliases only.,2429.7814627385283
ITC-3590,Ukraine,Dnipropetrovska,Synelnykivskyi,Synelnykivskyi,UKR-RAION-2020:UA-12|synelnykivskyi,HDX/OCHA Ukraine ADM2,UA1214,Synelnykivskyi,EXACT_UA_NAME_OR_ALIAS,Exact current/legacy raion match; predefined transliteration/name-vintage aliases only.,6626.26470812078
ITC-3591,Ukraine,Donetska,Bakhmutskyi,Bakhmutskyi,UKR-RAION-2020:UA-14|bakhmutskyi,HDX/OCHA Ukraine ADM2,UA1402,Bakhmutskyi,EXACT_UA_NAME_OR_ALIAS,Exact current/legacy raion match; predefined transliteration/name-vintage aliases only.,1745.6505828513257
ITC-3592,Ukraine,Donetska,Donetskyi,Donetskyi,UKR-RAION-2020:UA-14|donetskyi,HDX/OCHA Ukraine ADM2,UA1408,Donetskyi,EXACT_UA_NAME_OR_ALIAS,Exact current/legacy raion match; predefined transliteration/name-vintage aliases only.,2892.565703419886
ITC-3593,Ukraine,Donetska,Horlivskyi,Horlivskyi,UKR-RAION-2020:UA-14|horlivskyi,HDX/OCHA Ukraine ADM2,UA1406,Horlivskyi,EXACT_UA_NAME_OR_ALIAS,Exact current/legacy raion match; predefined transliteration/name-vintage aliases only.,2455.524761194687
ITC-3594,Ukraine,Donetska,Kalmiuskyi,Kalmiuskyi,UKR-RAION-2020:UA-14|kalmiuskyi,HDX/OCHA Ukraine ADM2,UA1410,Kalmiuskyi,EXACT_UA_NAME_OR_ALIAS,Exact current/legacy raion match; predefined transliteration/name-vintage aliases only.,3127.003070292406
ITC-3595,Ukraine,Donetska,Kramatorskyi,Kramatorskyi,UKR-RAION-2020:UA-14|kramatorskyi,HDX/OCHA Ukraine ADM2,UA1412,Kramatorskyi,EXACT_UA_NAME_OR_ALIAS,Exact current/legacy raion match; predefined transliteration/name-vintage aliases only.,5186.718148392735
ITC-3596,Ukraine,Donetska,Mariupolskyi,Mariupolskyi,UKR-RAION-2020:UA-14|mariupolskyi,HDX/OCHA Ukraine ADM2,UA1414,Mariupolskyi,EXACT_UA_NAME_OR_ALIAS,Exact current/legacy raion match; predefined transliteration/name-vintage aliases only.,2633.538413666229
ITC-3597,Ukraine,Donetska,Pokrovskyi,Pokrovskyi,UKR-RAION-2020:UA-14|pokrovskyi,HDX/OCHA Ukraine ADM2,UA1416,Pokrovskyi,EXACT_UA_NAME_OR_ALIAS,Exact current/legacy raion match; predefined transliteration/name-vintage aliases only.,4004.2752906288706
ITC-3598,Ukraine,Donetska,Volnovaskyi,Volnovaskyi,UKR-RAION-2020:UA-14|volnovaskyi,HDX/OCHA Ukraine ADM2,UA1404,Volnovaskyi,EXACT_UA_NAME_OR_ALIAS,Exact current/legacy raion match; predefined transliteration/name-vintage aliases only.,4454.327272527162
ITC-3599,Ukraine,Ivano-Frankivska,Ivano-Frankivskyi,Ivano-Frankivskyi,UKR-RAION-2020:UA-26|ivano-frankivskyi,HDX/OCHA Ukraine ADM2,UA2604,Ivano-Frankivskyi,EXACT_UA_NAME_OR_ALIAS,Exact current/legacy raion match; predefined transliteration/name-vintage aliases only.,3888.6238585946007
ITC-3600,Ukraine,Ivano-Frankivska,Kaluskyi,Kaluskyi,UKR-RAION-2020:UA-26|kaluskyi,HDX/OCHA Ukraine ADM2,UA2606,Kaluskyi,EXACT_UA_NAME_OR_ALIAS,Exact current/legacy raion match; predefined transliteration/name-vintage aliases only.,3567.89101722012
ITC-3601,Ukraine,Ivano-Frankivska,Kolomyiskyi,Kolomyiskyi,UKR-RAION-2020:UA-26|kolomyiskyi,HDX/OCHA Ukraine ADM2,UA2608,Kolomyiskyi,EXACT_UA_NAME_OR_ALIAS,Exact current/legacy raion match; predefined transliteration/name-vintage aliases only.,2477.1333331821183
ITC-3602,Ukraine,Ivano-Frankivska,Kosivskyi,Kosivskyi,UKR-RAION-2020:UA-26|kosivskyi,HDX/OCHA Ukraine ADM2,UA2610,Kosivskyi,EXACT_UA_NAME_OR_ALIAS,Exact current/legacy raion match; predefined transliteration/name-vintage aliases only.,874.5292620092283
ITC-3603,Ukraine,Ivano-Frankivska,Nadvirnianskyi,Nadvirnianskyi,UKR-RAION-2020:UA-26|nadvirnianskyi,HDX/OCHA Ukraine ADM2,UA2612,Nadvirnianskyi,EXACT_UA_NAME_OR_ALIAS,Exact current/legacy raion match; predefined transliteration/name-vintage aliases only.,1868.8231255078515
ITC-3604,Ukraine,Ivano-Frankivska,Verkhovynskyi,Verkhovynskyi,UKR-RAION-2020:UA-26|verkhovynskyi,HDX/OCHA Ukraine ADM2,UA2602,Verkhovynskyi,EXACT_UA_NAME_OR_ALIAS,Exact current/legacy raion match; predefined transliteration/name-vintage aliases only.,1254.4197071383433
ITC-3605,Ukraine,Kharkivska,Bohodukhivskyi,Bohodukhivskyi,UKR-RAION-2020:UA-63|bohodukhivskyi,HDX/OCHA Ukraine ADM2,UA6302,Bohodukhivskyi,EXACT_UA_NAME_OR_ALIAS,Exact current/legacy raion match; predefined transliteration/name-vintage aliases only.,4509.865952039989
ITC-3606,Ukraine,Kharkivska,Chuhuivskyi,Chuhuivskyi,UKR-RAION-2020:UA-63|chuhuivskyi,HDX/OCHA Ukraine ADM2,UA6314,Chuhuivskyi,EXACT_UA_NAME_OR_ALIAS,Exact current/legacy raion match; predefined transliteration/name-vintage aliases only.,4807.049412006981
ITC-3607,Ukraine,Kharkivska,Iziumskyi,Iziumskyi,UKR-RAION-2020:UA-63|iziumskyi,HDX/OCHA Ukraine ADM2,UA6304,Iziumskyi,EXACT_UA_NAME_OR_ALIAS,Exact current/legacy raion match; predefined transliteration/name-vintage aliases only.,5911.319341365415
ITC-3608,Ukraine,Kharkivska,Kharkivskyi,Kharkivskyi,UKR-RAION-2020:UA-63|kharkivskyi,HDX/OCHA Ukraine ADM2,UA6312,Kharkivskyi,EXACT_UA_NAME_OR_ALIAS,Exact current/legacy raion match; predefined transliteration/name-vintage aliases only.,3223.812180344582
ITC-3609,Ukraine,Kharkivska,Krasnohradskyi,Berestynskyi,UKR-RAION-2020:UA-63|berestynskyi,HDX/OCHA Ukraine ADM2,UA6306,Berestynskyi,EXACT_UA_NAME_OR_ALIAS,Exact current/legacy raion match; predefined transliteration/name-vintage aliases only.,4333.933190644783
ITC-3610,Ukraine,Kharkivska,Kupianskyi,Kupianskyi,UKR-RAION-2020:UA-63|kupianskyi,HDX/OCHA Ukraine ADM2,UA6308,Kupianskyi,EXACT_UA_NAME_OR_ALIAS,Exact current/legacy raion match; predefined transliteration/name-vintage aliases only.,4619.998672914689
ITC-3611,Ukraine,Kharkivska,Lozivskyi,Lozivskyi,UKR-RAION-2020:UA-63|lozivskyi,HDX/OCHA Ukraine ADM2,UA6310,Lozivskyi,EXACT_UA_NAME_OR_ALIAS,Exact current/legacy raion match; predefined transliteration/name-vintage aliases only.,4028.900277016573
ITC-3612,Ukraine,Khersonska,Beryslavskyi,Beryslavskyi,UKR-RAION-2020:UA-65|beryslavskyi,HDX/OCHA Ukraine ADM2,UA6502,Beryslavskyi,EXACT_UA_NAME_OR_ALIAS,Exact current/legacy raion match; predefined transliteration/name-vintage aliases only.,4760.5482937758725
ITC-3613,Ukraine,Khersonska,Henicheskyi,Henicheskyi,UKR-RAION-2020:UA-65|henicheskyi,HDX/OCHA Ukraine ADM2,UA6504,Henicheskyi,EXACT_UA_NAME_OR_ALIAS,Exact current/legacy raion match; predefined transliteration/name-vintage aliases only.,6504.658281370635
ITC-3614,Ukraine,Khersonska,Kakhovskyi,Kakhovskyi,UKR-RAION-2020:UA-65|kakhovskyi,HDX/OCHA Ukraine ADM2,UA6506,Kakhovskyi,EXACT_UA_NAME_OR_ALIAS,Exact current/legacy raion match; predefined transliteration/name-vintage aliases only.,6289.958627476197
ITC-3615,Ukraine,Khersonska,Khersonskyi,Khersonskyi,UKR-RAION-2020:UA-65|khersonskyi,HDX/OCHA Ukraine ADM2,UA6510,Khersonskyi,EXACT_UA_NAME_OR_ALIAS,Exact current/legacy raion match; predefined transliteration/name-vintage aliases only.,3854.0855012773213
ITC-3616,Ukraine,Khersonska,Skadovskyi,Skadovskyi,UKR-RAION-2020:UA-65|skadovskyi,HDX/OCHA Ukraine ADM2,UA6508,Skadovskyi,EXACT_UA_NAME_OR_ALIAS,Exact current/legacy raion match; predefined transliteration/name-vintage aliases only.,5247.681316188027
ITC-3617,Ukraine,Khmelnytska,Kamianets-Podilskyi,Kamianets-Podilskyi,UKR-RAION-2020:UA-68|kamianets-podilskyi,HDX/OCHA Ukraine ADM2,UA6802,Kamianets-Podilskyi,EXACT_UA_NAME_OR_ALIAS,Exact current/legacy raion match; predefined transliteration/name-vintage aliases only.,4522.57971846064
ITC-3618,Ukraine,Khmelnytska,Khmelnytskyi,Khmelnytskyi,UKR-RAION-2020:UA-68|khmelnytskyi,HDX/OCHA Ukraine ADM2,UA6804,Khmelnytskyi,EXACT_UA_NAME_OR_ALIAS,Exact current/legacy raion match; predefined transliteration/name-vintage aliases only.,10758.376030552827
ITC-3619,Ukraine,Khmelnytska,Shepetivskyi,Shepetivskyi,UKR-RAION-2020:UA-68|shepetivskyi,HDX/OCHA Ukraine ADM2,UA6806,Shepetivskyi,EXACT_UA_NAME_OR_ALIAS,Exact current/legacy raion match; predefined transliteration/name-vintage aliases only.,5346.395897887517
ITC-3620,Ukraine,Kirovohradska,Holovanivskyi,Holovanivskyi,UKR-RAION-2020:UA-35|holovanivskyi,HDX/OCHA Ukraine ADM2,UA3502,Holovanivskyi,EXACT_UA_NAME_OR_ALIAS,Exact current/legacy raion match; predefined transliteration/name-vintage aliases only.,4241.243085308568
ITC-3621,Ukraine,Kirovohradska,Kropyvnytskyi,Kropyvnytskyi,UKR-RAION-2020:UA-35|kropyvnytskyi,HDX/OCHA Ukraine ADM2,UA3504,Kropyvnytskyi,EXACT_UA_NAME_OR_ALIAS,Exact current/legacy raion match; predefined transliteration/name-vintage aliases only.,9716.6435099775
ITC-3622,Ukraine,Kirovohradska,Novoukrainskyi,Novoukrainskyi,UKR-RAION-2020:UA-35|novoukrainskyi,HDX/OCHA Ukraine ADM2,UA3506,Novoukrainskyi,EXACT_UA_NAME_OR_ALIAS,Exact current/legacy raion match; predefined transliteration/name-vintage aliases only.,5198.8986131209995
ITC-3623,Ukraine,Kirovohradska,Oleksandriiskyi,Oleksandriiskyi,UKR-RAION-2020:UA-35|oleksandriiskyi,HDX/OCHA Ukraine ADM2,UA3508,Oleksandriiskyi,EXACT_UA_NAME_OR_ALIAS,Exact current/legacy raion match; predefined transliteration/name-vintage aliases only.,5417.802090688704
ITC-3624,Ukraine,Kyivska,Bilotserkivskyi,Bilotserkivskyi,UKR-RAION-2020:UA-32|bilotserkivskyi,HDX/OCHA Ukraine ADM2,UA3202,Bilotserkivskyi,EXACT_UA_NAME_OR_ALIAS,Exact current/legacy raion match; predefined transliteration/name-vintage aliases only.,6511.459631451165
ITC-3625,Ukraine,Kyivska,Boryspilskyi,Boryspilskyi,UKR-RAION-2020:UA-32|boryspilskyi,HDX/OCHA Ukraine ADM2,UA3204,Boryspilskyi,EXACT_UA_NAME_OR_ALIAS,Exact current/legacy raion match; predefined transliteration/name-vintage aliases only.,3877.7891966866114
ITC-3626,Ukraine,Kyivska,Brovarskyi,Brovarskyi,UKR-RAION-2020:UA-32|brovarskyi,HDX/OCHA Ukraine ADM2,UA3206,Brovarskyi,EXACT_UA_NAME_OR_ALIAS,Exact current/legacy raion match; predefined transliteration/name-vintage aliases only.,2891.2286461490166
ITC-3627,Ukraine,Kyivska,Buchanskyi,Buchanskyi,UKR-RAION-2020:UA-32|buchanskyi,HDX/OCHA Ukraine ADM2,UA3208,Buchanskyi,EXACT_UA_NAME_OR_ALIAS,Exact current/legacy raion match; predefined transliteration/name-vintage aliases only.,2556.9654942995094
ITC-3628,Ukraine,Kyivska,Fastivskyi,Fastivskyi,UKR-RAION-2020:UA-32|fastivskyi,HDX/OCHA Ukraine ADM2,UA3214,Fastivskyi,EXACT_UA_NAME_OR_ALIAS,Exact current/legacy raion match; predefined transliteration/name-vintage aliases only.,1760.3641260891936
ITC-3629,Ukraine,Kyivska,Obukhivskyi,Obukhivskyi,UKR-RAION-2020:UA-32|obukhivskyi,HDX/OCHA Ukraine ADM2,UA3212,Obukhivskyi,EXACT_UA_NAME_OR_ALIAS,Exact current/legacy raion match; predefined transliteration/name-vintage aliases only.,3642.5149277777123
ITC-3630,Ukraine,Kyivska,Vyshhorodskyi,Vyshhorodskyi,UKR-RAION-2020:UA-32|vyshhorodskyi,HDX/OCHA Ukraine ADM2,UA3210,Vyshhorodskyi,EXACT_UA_NAME_OR_ALIAS,Exact current/legacy raion match; predefined transliteration/name-vintage aliases only.,4335.145383196155
ITC-3631,Ukraine,Luhanska,Alchevskyi,Alchevskyi,UKR-RAION-2020:UA-09|alchevskyi,HDX/OCHA Ukraine ADM2,UA4402,Alchevskyi,EXACT_UA_NAME_OR_ALIAS,Exact current/legacy raion match; predefined transliteration/name-vintage aliases only.,1992.0323973774011
ITC-3632,Ukraine,Luhanska,Dovzhanskyi,Dovzhanskyi,UKR-RAION-2020:UA-09|dovzhanskyi,HDX/OCHA Ukraine ADM2,UA4404,Dovzhanskyi,EXACT_UA_NAME_OR_ALIAS,Exact current/legacy raion match; predefined transliteration/name-vintage aliases only.,2141.334247420395
ITC-3633,Ukraine,Luhanska,Luhanskyi,Luhanskyi,UKR-RAION-2020:UA-09|luhanskyi,HDX/OCHA Ukraine ADM2,UA4406,Luhanskyi,EXACT_UA_NAME_OR_ALIAS,Exact current/legacy raion match; predefined transliteration/name-vintage aliases only.,2148.483374204446
ITC-3634,Ukraine,Luhanska,Rovenkivskyi,Rovenkivskyi,UKR-RAION-2020:UA-09|rovenkivskyi,HDX/OCHA Ukraine ADM2,UA4408,Rovenkivskyi,EXACT_UA_NAME_OR_ALIAS,Exact current/legacy raion match; predefined transliteration/name-vintage aliases only.,2085.4566023140515
ITC-3635,Ukraine,Luhanska,Shchastynskyi,Shchastynskyi,UKR-RAION-2020:UA-09|shchastynskyi,HDX/OCHA Ukraine ADM2,UA4416,Shchastynskyi,EXACT_UA_NAME_OR_ALIAS,Exact current/legacy raion match; predefined transliteration/name-vintage aliases only.,3367.7091858751464
ITC-3636,Ukraine,Luhanska,Sievierodonetskyi,Siverskodonetskyi,UKR-RAION-2020:UA-09|siverskodonetskyi,HDX/OCHA Ukraine ADM2,UA4412,Siverskodonetskyi,EXACT_UA_NAME_OR_ALIAS,Exact current/legacy raion match; predefined transliteration/name-vintage aliases only.,2696.5897490113225
ITC-3637,Ukraine,Luhanska,Starobilskyi,Starobilskyi,UKR-RAION-2020:UA-09|starobilskyi,HDX/OCHA Ukraine ADM2,UA4414,Starobilskyi,EXACT_UA_NAME_OR_ALIAS,Exact current/legacy raion match; predefined transliteration/name-vintage aliases only.,6941.489246276476
ITC-3638,Ukraine,Luhanska,Svativskyi,Svativskyi,UKR-RAION-2020:UA-09|svativskyi,HDX/OCHA Ukraine ADM2,UA4410,Svativskyi,EXACT_UA_NAME_OR_ALIAS,Exact current/legacy raion match; predefined transliteration/name-vintage aliases only.,5314.659605256625
ITC-3639,Ukraine,Lvivska,Chervonohradskyi,Sheptytskyi,UKR-RAION-2020:UA-46|sheptytskyi,HDX/OCHA Ukraine ADM2,UA4612,Sheptytskyi,EXACT_UA_NAME_OR_ALIAS,Exact current/legacy raion match; predefined transliteration/name-vintage aliases only.,2965.2671926015287
ITC-3640,Ukraine,Lvivska,Drohobytskyi,Drohobytskyi,UKR-RAION-2020:UA-46|drohobytskyi,HDX/OCHA Ukraine ADM2,UA4602,Drohobytskyi,EXACT_UA_NAME_OR_ALIAS,Exact current/legacy raion match; predefined transliteration/name-vintage aliases only.,1490.4546616116477
ITC-3641,Ukraine,Lvivska,Iavorivskyi,Iavorivskyi,UKR-RAION-2020:UA-46|iavorivskyi,HDX/OCHA Ukraine ADM2,UA4614,Yavorivskyi,EXACT_UA_NAME_OR_ALIAS,Exact current/legacy raion match; predefined transliteration/name-vintage aliases only.,2376.084766028897
ITC-3642,Ukraine,Lvivska,Lvivskyi,Lvivskyi,UKR-RAION-2020:UA-46|lvivskyi,HDX/OCHA Ukraine ADM2,UA4606,Lvivskyi,EXACT_UA_NAME_OR_ALIAS,Exact current/legacy raion match; predefined transliteration/name-vintage aliases only.,4964.8398517616215
ITC-3643,Ukraine,Lvivska,Sambirskyi,Sambirskyi,UKR-RAION-2020:UA-46|sambirskyi,HDX/OCHA Ukraine ADM2,UA4608,Sambirskyi,EXACT_UA_NAME_OR_ALIAS,Exact current/legacy raion match; predefined transliteration/name-vintage aliases only.,3251.6656183224536
ITC-3644,Ukraine,Lvivska,Stryiskyi,Stryiskyi,UKR-RAION-2020:UA-46|stryiskyi,HDX/OCHA Ukraine ADM2,UA4610,Stryiskyi,EXACT_UA_NAME_OR_ALIAS,Exact current/legacy raion match; predefined transliteration/name-vintage aliases only.,3855.4606151969674
ITC-3645,Ukraine,Lvivska,Zolochivskyi,Zolochivskyi,UKR-RAION-2020:UA-46|zolochivskyi,HDX/OCHA Ukraine ADM2,UA4604,Zolochivskyi,EXACT_UA_NAME_OR_ALIAS,Exact current/legacy raion match; predefined transliteration/name-vintage aliases only.,2921.4267594177463
ITC-3657,Ukraine,Mykolaivska,Bashtanskyi,Bashtanskyi,UKR-RAION-2020:UA-48|bashtanskyi,HDX/OCHA Ukraine ADM2,UA4802,Bashtanskyi,EXACT_UA_NAME_OR_ALIAS,Exact current/legacy raion match; predefined transliteration/name-vintage aliases only.,6711.88470304634
ITC-3658,Ukraine,Mykolaivska,Mykolaivskyi,Mykolaivskyi,UKR-RAION-2020:UA-48|mykolaivskyi,HDX/OCHA Ukraine ADM2,UA4806,Mykolaivskyi,EXACT_UA_NAME_OR_ALIAS,Exact current/legacy raion match; predefined transliteration/name-vintage aliases only.,7679.876429589889
ITC-3659,Ukraine,Mykolaivska,Pervomaiskyi,Pervomaiskyi,UKR-RAION-2020:UA-48|pervomaiskyi,HDX/OCHA Ukraine ADM2,UA4808,Pervomaiskyi,EXACT_UA_NAME_OR_ALIAS,Exact current/legacy raion match; predefined transliteration/name-vintage aliases only.,3792.8610630058315
ITC-3660,Ukraine,Mykolaivska,Voznesenskyi,Voznesenskyi,UKR-RAION-2020:UA-48|voznesenskyi,HDX/OCHA Ukraine ADM2,UA4804,Voznesenskyi,EXACT_UA_NAME_OR_ALIAS,Exact current/legacy raion match; predefined transliteration/name-vintage aliases only.,6154.138770837719
ITC-3661,Ukraine,Odeska,Berezivskyi,Berezivskyi,UKR-RAION-2020:UA-51|berezivskyi,HDX/OCHA Ukraine ADM2,UA5102,Berezivskyi,EXACT_UA_NAME_OR_ALIAS,Exact current/legacy raion match; predefined transliteration/name-vintage aliases only.,5554.0483246896565
ITC-3662,Ukraine,Odeska,Bilhorod-Dnistrovskyi,Bilhorod-Dnistrovskyi,UKR-RAION-2020:UA-51|bilhorod-dnistrovskyi,HDX/OCHA Ukraine ADM2,UA5104,Bilhorod-Dnistrovskyi,EXACT_UA_NAME_OR_ALIAS,Exact current/legacy raion match; predefined transliteration/name-vintage aliases only.,5186.4913760010695
ITC-3663,Ukraine,Odeska,Bolhradskyi,Bolhradskyi,UKR-RAION-2020:UA-51|bolhradskyi,HDX/OCHA Ukraine ADM2,UA5106,Bolhradskyi,EXACT_UA_NAME_OR_ALIAS,Exact current/legacy raion match; predefined transliteration/name-vintage aliases only.,4481.59708358466
ITC-3664,Ukraine,Odeska,Izmailskyi,Izmailskyi,UKR-RAION-2020:UA-51|izmailskyi,HDX/OCHA Ukraine ADM2,UA5108,Izmailskyi,EXACT_UA_NAME_OR_ALIAS,Exact current/legacy raion match; predefined transliteration/name-vintage aliases only.,3550.268235933725
ITC-3665,Ukraine,Odeska,Odeskyi,Odeskyi,UKR-RAION-2020:UA-51|odeskyi,HDX/OCHA Ukraine ADM2,UA5110,Odeskyi,EXACT_UA_NAME_OR_ALIAS,Exact current/legacy raion match; predefined transliteration/name-vintage aliases only.,3951.642826365533
ITC-3666,Ukraine,Odeska,Podilskyi,Podilskyi,UKR-RAION-2020:UA-51|podilskyi,HDX/OCHA Ukraine ADM2,UA5112,Podilskyi,EXACT_UA_NAME_OR_ALIAS,Exact current/legacy raion match; predefined transliteration/name-vintage aliases only.,7054.9592071529205
ITC-3667,Ukraine,Odeska,Rozdilnianskyi,Rozdilnianskyi,UKR-RAION-2020:UA-51|rozdilnianskyi,HDX/OCHA Ukraine ADM2,UA5114,Rozdilnianskyi,EXACT_UA_NAME_OR_ALIAS,Exact current/legacy raion match; predefined transliteration/name-vintage aliases only.,3569.2316140395437
ITC-3668,Ukraine,Poltavska,Kremenchutskyi,Kremenchutskyi,UKR-RAION-2020:UA-53|kremenchutskyi,HDX/OCHA Ukraine ADM2,UA5302,Kremenchutskyi,EXACT_UA_NAME_OR_ALIAS,Exact current/legacy raion match; predefined transliteration/name-vintage aliases only.,6101.583869308948
ITC-3669,Ukraine,Poltavska,Lubenskyi,Lubenskyi,UKR-RAION-2020:UA-53|lubenskyi,HDX/OCHA Ukraine ADM2,UA5304,Lubenskyi,EXACT_UA_NAME_OR_ALIAS,Exact current/legacy raion match; predefined transliteration/name-vintage aliases only.,5489.139452753047
ITC-3670,Ukraine,Poltavska,Myrhorodskyi,Myrhorodskyi,UKR-RAION-2020:UA-53|myrhorodskyi,HDX/OCHA Ukraine ADM2,UA5306,Myrhorodskyi,EXACT_UA_NAME_OR_ALIAS,Exact current/legacy raion match; predefined transliteration/name-vintage aliases only.,6274.51887377873
ITC-3671,Ukraine,Poltavska,Poltavskyi,Poltavskyi,UKR-RAION-2020:UA-53|poltavskyi,HDX/OCHA Ukraine ADM2,UA5308,Poltavskyi,EXACT_UA_NAME_OR_ALIAS,Exact current/legacy raion match; predefined transliteration/name-vintage aliases only.,10857.540666880981
ITC-3672,Ukraine,Rivnenska,Dubenskyi,Dubenskyi,UKR-RAION-2020:UA-56|dubenskyi,HDX/OCHA Ukraine ADM2,UA5604,Dubenskyi,EXACT_UA_NAME_OR_ALIAS,Exact current/legacy raion match; predefined transliteration/name-vintage aliases only.,3295.1770344092606
ITC-3673,Ukraine,Rivnenska,Rivnenskyi,Rivnenskyi,UKR-RAION-2020:UA-56|rivnenskyi,HDX/OCHA Ukraine ADM2,UA5606,Rivnenskyi,EXACT_UA_NAME_OR_ALIAS,Exact current/legacy raion match; predefined transliteration/name-vintage aliases only.,7219.034618958211
ITC-3674,Ukraine,Rivnenska,Sarnenskyi,Sarnenskyi,UKR-RAION-2020:UA-56|sarnenskyi,HDX/OCHA Ukraine ADM2,UA5608,Sarnenskyi,EXACT_UA_NAME_OR_ALIAS,Exact current/legacy raion match; predefined transliteration/name-vintage aliases only.,6216.05826024598
ITC-3675,Ukraine,Rivnenska,Varaskyi,Varaskyi,UKR-RAION-2020:UA-56|varaskyi,HDX/OCHA Ukraine ADM2,UA5602,Varaskyi,EXACT_UA_NAME_OR_ALIAS,Exact current/legacy raion match; predefined transliteration/name-vintage aliases only.,3327.0077498924793
ITC-3676,Ukraine,Sumska,Konotopskyi,Konotopskyi,UKR-RAION-2020:UA-59|konotopskyi,HDX/OCHA Ukraine ADM2,UA5902,Konotopskyi,EXACT_UA_NAME_OR_ALIAS,Exact current/legacy raion match; predefined transliteration/name-vintage aliases only.,5188.3996575747415
ITC-3677,Ukraine,Sumska,Okhtyrskyi,Okhtyrskyi,UKR-RAION-2020:UA-59|okhtyrskyi,HDX/OCHA Ukraine ADM2,UA5904,Okhtyrskyi,EXACT_UA_NAME_OR_ALIAS,Exact current/legacy raion match; predefined transliteration/name-vintage aliases only.,3201.5398084776716
ITC-3678,Ukraine,Sumska,Romenskyi,Romenskyi,UKR-RAION-2020:UA-59|romenskyi,HDX/OCHA Ukraine ADM2,UA5906,Romenskyi,EXACT_UA_NAME_OR_ALIAS,Exact current/legacy raion match; predefined transliteration/name-vintage aliases only.,3883.2438945502477
ITC-3679,Ukraine,Sumska,Shostkynskyi,Shostkynskyi,UKR-RAION-2020:UA-59|shostkynskyi,HDX/OCHA Ukraine ADM2,UA5910,Shostkynskyi,EXACT_UA_NAME_OR_ALIAS,Exact current/legacy raion match; predefined transliteration/name-vintage aliases only.,5072.673488993206
ITC-3680,Ukraine,Sumska,Sumskyi,Sumskyi,UKR-RAION-2020:UA-59|sumskyi,HDX/OCHA Ukraine ADM2,UA5908,Sumskyi,EXACT_UA_NAME_OR_ALIAS,Exact current/legacy raion match; predefined transliteration/name-vintage aliases only.,6496.156743121903
ITC-3681,Ukraine,Ternopilska,Chortkivskyi,Chortkivskyi,UKR-RAION-2020:UA-61|chortkivskyi,HDX/OCHA Ukraine ADM2,UA6106,Chortkivskyi,EXACT_UA_NAME_OR_ALIAS,Exact current/legacy raion match; predefined transliteration/name-vintage aliases only.,5035.575485515143
ITC-3682,Ukraine,Ternopilska,Kremenetskyi,Kremenetskyi,UKR-RAION-2020:UA-61|kremenetskyi,HDX/OCHA Ukraine ADM2,UA6102,Kremenetskyi,EXACT_UA_NAME_OR_ALIAS,Exact current/legacy raion match; predefined transliteration/name-vintage aliases only.,2636.021838035175
ITC-3683,Ukraine,Ternopilska,Ternopilskyi,Ternopilskyi,UKR-RAION-2020:UA-61|ternopilskyi,HDX/OCHA Ukraine ADM2,UA6104,Ternopilskyi,EXACT_UA_NAME_OR_ALIAS,Exact current/legacy raion match; predefined transliteration/name-vintage aliases only.,6161.70981326676
ITC-3684,Ukraine,Vinnytska,Haisynskyi,Haisynskyi,UKR-RAION-2020:UA-05|haisynskyi,HDX/OCHA Ukraine ADM2,UA0504,Haisynskyi,EXACT_UA_NAME_OR_ALIAS,Exact current/legacy raion match; predefined transliteration/name-vintage aliases only.,5676.626287975666
ITC-3685,Ukraine,Vinnytska,Khmilnytskyi,Khmilnytskyi,UKR-RAION-2020:UA-05|khmilnytskyi,HDX/OCHA Ukraine ADM2,UA0512,Khmilnytskyi,EXACT_UA_NAME_OR_ALIAS,Exact current/legacy raion match; predefined transliteration/name-vintage aliases only.,3700.210712875112
ITC-3686,Ukraine,Vinnytska,Mohyliv-Podilskyi,Mohyliv-Podilskyi,UKR-RAION-2020:UA-05|mohyliv-podilskyi,HDX/OCHA Ukraine ADM2,UA0508,Mohyliv-Podilskyi,EXACT_UA_NAME_OR_ALIAS,Exact current/legacy raion match; predefined transliteration/name-vintage aliases only.,3221.0800408455852
ITC-3687,Ukraine,Vinnytska,Tulchynskyi,Tulchynskyi,UKR-RAION-2020:UA-05|tulchynskyi,HDX/OCHA Ukraine ADM2,UA0510,Tulchynskyi,EXACT_UA_NAME_OR_ALIAS,Exact current/legacy raion match; predefined transliteration/name-vintage aliases only.,3856.2305724434104
ITC-3688,Ukraine,Vinnytska,Vinnytskyi,Vinnytskyi,UKR-RAION-2020:UA-05|vinnytskyi,HDX/OCHA Ukraine ADM2,UA0502,Vinnytskyi,EXACT_UA_NAME_OR_ALIAS,Exact current/legacy raion match; predefined transliteration/name-vintage aliases only.,6890.773662977601
ITC-3689,Ukraine,Vinnytska,Zhmerynskyi,Zhmerynskyi,UKR-RAION-2020:UA-05|zhmerynskyi,HDX/OCHA Ukraine ADM2,UA0506,Zhmerynskyi,EXACT_UA_NAME_OR_ALIAS,Exact current/legacy raion match; predefined transliteration/name-vintage aliases only.,3145.94611093792
ITC-3690,Ukraine,Volynska,Kamin-Kashyrskyi,Kamin-Kashyrskyi,UKR-RAION-2020:UA-07|kamin-kashyrskyi,HDX/OCHA Ukraine ADM2,UA0704,Kamin-Kashyrskyi,EXACT_UA_NAME_OR_ALIAS,Exact current/legacy raion match; predefined transliteration/name-vintage aliases only.,4688.45516094433
ITC-3691,Ukraine,Volynska,Kovelskyi,Kovelskyi,UKR-RAION-2020:UA-07|kovelskyi,HDX/OCHA Ukraine ADM2,UA0706,Kovelskyi,EXACT_UA_NAME_OR_ALIAS,Exact current/legacy raion match; predefined transliteration/name-vintage aliases only.,7651.0451573347855
ITC-3692,Ukraine,Volynska,Lutskyi,Lutskyi,UKR-RAION-2020:UA-07|lutskyi,HDX/OCHA Ukraine ADM2,UA0708,Lutskyi,EXACT_UA_NAME_OR_ALIAS,Exact current/legacy raion match; predefined transliteration/name-vintage aliases only.,5248.047509180416
ITC-3693,Ukraine,Volynska,Volodymyrskyi,Volodymyrskyi,UKR-RAION-2020:UA-07|volodymyrskyi,HDX/OCHA Ukraine ADM2,UA0702,Volodymyrskyi,EXACT_UA_NAME_OR_ALIAS,Exact current/legacy raion match; predefined transliteration/name-vintage aliases only.,2557.706240933388
ITC-3694,Ukraine,Zakarpatska,Berehivskyi,Berehivskyi,UKR-RAION-2020:UA-21|berehivskyi,HDX/OCHA Ukraine ADM2,UA2102,Berehivskyi,EXACT_UA_NAME_OR_ALIAS,Exact current/legacy raion match; predefined transliteration/name-vintage aliases only.,1458.0506935193662
ITC-3695,Ukraine,Zakarpatska,Khustskyi,Khustskyi,UKR-RAION-2020:UA-21|khustskyi,HDX/OCHA Ukraine ADM2,UA2112,Khustskyi,EXACT_UA_NAME_OR_ALIAS,Exact current/legacy raion match; predefined transliteration/name-vintage aliases only.,3175.8989348315467
ITC-3696,Ukraine,Zakarpatska,Mukachivskyi,Mukachivskyi,UKR-RAION-2020:UA-21|mukachivskyi,HDX/OCHA Ukraine ADM2,UA2104,Mukachivskyi,EXACT_UA_NAME_OR_ALIAS,Exact current/legacy raion match; predefined transliteration/name-vintage aliases only.,2053.5227634644375
ITC-3697,Ukraine,Zakarpatska,Rakhivskyi,Rakhivskyi,UKR-RAION-2020:UA-21|rakhivskyi,HDX/OCHA Ukraine ADM2,UA2106,Rakhivskyi,EXACT_UA_NAME_OR_ALIAS,Exact current/legacy raion match; predefined transliteration/name-vintage aliases only.,1844.733407310598
ITC-3698,Ukraine,Zakarpatska,Tiachivskyi,Tiachivskyi,UKR-RAION-2020:UA-21|tiachivskyi,HDX/OCHA Ukraine ADM2,UA2108,Tiachivskyi,EXACT_UA_NAME_OR_ALIAS,Exact current/legacy raion match; predefined transliteration/name-vintage aliases only.,1866.7868113506204
ITC-3699,Ukraine,Zakarpatska,Uzhhorodskyi,Uzhhorodskyi,UKR-RAION-2020:UA-21|uzhhorodskyi,HDX/OCHA Ukraine ADM2,UA2110,Uzhhorodskyi,EXACT_UA_NAME_OR_ALIAS,Exact current/legacy raion match; predefined transliteration/name-vintage aliases only.,2359.4620005337506
ITC-3700,Ukraine,Zaporizka,Berdianskyi,Berdianskyi,UKR-RAION-2020:UA-23|berdianskyi,HDX/OCHA Ukraine ADM2,UA2302,Berdianskyi,EXACT_UA_NAME_OR_ALIAS,Exact current/legacy raion match; predefined transliteration/name-vintage aliases only.,4458.457360691337
ITC-3701,Ukraine,Zaporizka,Melitopolskyi,Melitopolskyi,UKR-RAION-2020:UA-23|melitopolskyi,HDX/OCHA Ukraine ADM2,UA2308,Melitopolskyi,EXACT_UA_NAME_OR_ALIAS,Exact current/legacy raion match; predefined transliteration/name-vintage aliases only.,6959.944567118714
ITC-3702,Ukraine,Zaporizka,Polohivskyi,Polohivskyi,UKR-RAION-2020:UA-23|polohivskyi,HDX/OCHA Ukraine ADM2,UA2310,Polohivskyi,EXACT_UA_NAME_OR_ALIAS,Exact current/legacy raion match; predefined transliteration/name-vintage aliases only.,6765.650410106922
ITC-3703,Ukraine,Zaporizka,Vasylivskyi,Vasylivskyi,UKR-RAION-2020:UA-23|vasylivskyi,HDX/OCHA Ukraine ADM2,UA2304,Vasylivskyi,EXACT_UA_NAME_OR_ALIAS,Exact current/legacy raion match; predefined transliteration/name-vintage aliases only.,4307.668147885972
ITC-3704,Ukraine,Zaporizka,Zaporizkyi,Zaporizkyi,UKR-RAION-2020:UA-23|zaporizkyi,HDX/OCHA Ukraine ADM2,UA2306,Zaporizkyi,EXACT_UA_NAME_OR_ALIAS,Exact current/legacy raion match; predefined transliteration/name-vintage aliases only.,4688.34628894509
ITC-3705,Ukraine,Zhytomyrska,Berdychivskyi,Berdychivskyi,UKR-RAION-2020:UA-18|berdychivskyi,HDX/OCHA Ukraine ADM2,UA1802,Berdychivskyi,EXACT_UA_NAME_OR_ALIAS,Exact current/legacy raion match; predefined transliteration/name-vintage aliases only.,3012.178427028872
ITC-3706,Ukraine,Zhytomyrska,Korostenskyi,Korostenskyi,UKR-RAION-2020:UA-18|korostenskyi,HDX/OCHA Ukraine ADM2,UA1806,Korostenskyi,EXACT_UA_NAME_OR_ALIAS,Exact current/legacy raion match; predefined transliteration/name-vintage aliases only.,11071.829623133728
ITC-3707,Ukraine,Zhytomyrska,Zhytomyrskyi,Zhytomyrskyi,UKR-RAION-2020:UA-18|zhytomyrskyi,HDX/OCHA Ukraine ADM2,UA1804,Zhytomyrskyi,EXACT_UA_NAME_OR_ALIAS,Exact current/legacy raion match; predefined transliteration/name-vintage aliases only.,10506.872871515354
ITC-3708,Ukraine,Zhytomyrska,Zviahelskyi,Zviahelskyi,UKR-RAION-2020:UA-18|zviahelskyi,HDX/OCHA Ukraine ADM2,UA1808,Zviahelskyi,EXACT_UA_NAME_OR_ALIAS,Exact current/legacy raion match; predefined transliteration/name-vintage aliases only.,5240.62930810555
ITC-3646,Ukraine,Misto Kyiv,Darnitsky,Darnytskyi,KYIV-DISTRICT:UA-30|darnytskyi,Kyiv City official district FeatureServer,0,Дарницький,UA_OFFICIAL_KYIV_DISTRICT,Exact Ukrainian district-name match in the official Kyiv City polygon layer.,135.83907587677245
ITC-3647,Ukraine,Misto Kyiv,Desnianskyi,Desnianskyi,KYIV-DISTRICT:UA-30|desnianskyi,Kyiv City official district FeatureServer,1,Деснянський,UA_OFFICIAL_KYIV_DISTRICT,Exact Ukrainian district-name match in the official Kyiv City polygon layer.,133.3999757301903
ITC-3648,Ukraine,Misto Kyiv,Dniprovskyi,Dniprovskyi,KYIV-DISTRICT:UA-30|dniprovskyi,Kyiv City official district FeatureServer,2,Дніпровський,UA_OFFICIAL_KYIV_DISTRICT,Exact Ukrainian district-name match in the official Kyiv City polygon layer.,73.31249096585866
ITC-3649,Ukraine,Misto Kyiv,Goloseevsky,Holosiivskyi,KYIV-DISTRICT:UA-30|holosiivskyi,Kyiv City official district FeatureServer,3,Голосіївський,UA_OFFICIAL_KYIV_DISTRICT,Exact Ukrainian district-name match in the official Kyiv City polygon layer.,149.2012225056896
ITC-3650,Ukraine,Misto Kyiv,Obolonskyi,Obolonskyi,KYIV-DISTRICT:UA-30|obolonskyi,Kyiv City official district FeatureServer,4,Оболонський,UA_OFFICIAL_KYIV_DISTRICT,Exact Ukrainian district-name match in the official Kyiv City polygon layer.,112.72993194733141
ITC-3651,Ukraine,Misto Kyiv,Pecherskyi,Pecherskyi,KYIV-DISTRICT:UA-30|pecherskyi,Kyiv City official district FeatureServer,5,Печерський,UA_OFFICIAL_KYIV_DISTRICT,Exact Ukrainian district-name match in the official Kyiv City polygon layer.,17.294143465563195
ITC-3653,Ukraine,Misto Kyiv,Podilskyi,Podilskyi,KYIV-DISTRICT:UA-30|podilskyi,Kyiv City official district FeatureServer,6,Подільський,UA_OFFICIAL_KYIV_DISTRICT,Exact Ukrainian district-name match in the official Kyiv City polygon layer.,36.046004559437534
ITC-3654,Ukraine,Misto Kyiv,Shevchenkivskyi,Shevchenkivskyi,KYIV-DISTRICT:UA-30|shevchenkivskyi,Kyiv City official district FeatureServer,7,Шевченківський,UA_OFFICIAL_KYIV_DISTRICT,Exact Ukrainian district-name match in the official Kyiv City polygon layer.,27.115249953667416
ITC-3655,Ukraine,Misto Kyiv,Solomenskyi,Solomianskyi,KYIV-DISTRICT:UA-30|solomianskyi,Kyiv City official district FeatureServer,8,Солом'янський,UA_OFFICIAL_KYIV_DISTRICT,Exact Ukrainian district-name match in the official Kyiv City polygon layer.,41.05574759176038
ITC-3656,Ukraine,Misto Kyiv,Sviatoshynskyi,Sviatoshynskyi,KYIV-DISTRICT:UA-30|sviatoshynskyi,Kyiv City official district FeatureServer,9,Святошинський,UA_OFFICIAL_KYIV_DISTRICT,Exact Ukrainian district-name match in the official Kyiv City polygon layer.,138.40450960851905
